trade_id,entry_date,exit_date,symbol,company_name,sector,entry_price,exit_price,shares,capital_allocated,gross_pnl,net_pnl,return_pct,is_win,costs,holding_period,sl_or_tp_hit,actual_rank,mfe_pct,mae_pct
1,2021-09-22,2021-09-22,APARINDS,Apar Industries Ltd.,Mid-Cap Equities,641.1798244628907,646.1551121826171,1559,999599.3463376466,7756.473555053468,7354.742661838303,0.7357690547502623,True,401.73089321516494,1 Day,BREAKEVEN RATCHET,28,2.6233164075615445,-1.236755144242632
2,2021-09-23,2021-09-23,NIACL,The New India Assurance Company Ltd.,Mid-Cap Equities,164.328,162.87359695434571,6089,1000593.192,-8855.860144988983,-9253.186439269908,-0.9247700777150508,False,397.3262942809244,1 Day,INTRADAY CLOSE,50,-0.19960079840319542,-1.3862500293572553
3,2021-09-23,2021-09-23,SJVN,SJVN Ltd.,Mid-Cap Equities,27.054,26.946,36956,999807.624,-3991.247999999905,-4389.689797743905,-0.43905344311956407,False,398.4417977440001,1 Day,INTRADAY CLOSE,65,0.5396642379664915,-0.7540460506035039
4,2021-09-27,2021-09-29,BSE,BSE Ltd.,Mid-Cap Equities,131.59042959594726,137.6740969543457,7594,999297.7223516235,46199.36991967785,43914.67570974765,4.394553767860523,True,2284.694209930198,3 Days,SL HIT (Trailing Stop),2,9.337569260462804,-0.19960079840318654
5,2021-09-30,2021-09-30,JSL,Jindal Stainless Ltd.,Mid-Cap Equities,161.72279388427734,162.0462394720459,6206,1003651.6588458251,2007.3033176916651,1605.7897408287267,0.1599947279193805,True,401.5135768629383,1 Day,BREAKEVEN RATCHET,39,1.9027677506501706,-0.8797713657714936
8,2021-10-04,2021-10-04,RVNL,Rail Vikas Nigam Ltd.,Mid-Cap Equities,30.210299617767333,30.139600761413575,33231,1003918.4665980262,-2349.3936954917153,-2749.754309321237,-0.2739021544886326,False,400.36061382952175,1 Day,INTRADAY CLOSE,73,0.9589457433328057,-0.19960079840319134
6,2021-10-04,2021-10-05,JUBLFOOD,Jubilant Foodworks Ltd.,Mid-Cap Equities,815.3474106445312,815.3441492548886,1231,1003692.6625034179,-4.014770650072023,-2250.5993756063863,-0.2242319247400817,False,2246.5846049563143,2 Days,SL HIT (Trailing Stop),22,1.9933300491576502,-0.49272169166659174
10,2021-10-05,2021-10-05,TATACOMM,Tata Communications Ltd.,Mid-Cap Equities,1447.7898244628907,1450.6854041118165,693,1003318.3483527832,2006.6366967055947,1605.2407865968082,0.15999316560214835,True,401.39591010878644,1 Day,BREAKEVEN RATCHET,26,1.5202637836883393,-0.6174825051191217
7,2021-10-04,2021-10-06,POLYCAB,Polycab India Ltd.,Mid-Cap Equities,2363.517648925781,2405.4295,424,1002131.4831445311,17770.62485546898,15509.091352979969,1.5476104297526785,True,2261.5335024890123,3 Days,SL HIT (Trailing Stop),14,6.578429873154774,-0.5719292568822071
11,2021-10-06,2021-10-06,KPRMILL,K.P.R. Mill Ltd.,Mid-Cap Equities,442.884,443.8106121826172,2269,1004903.7960000001,2102.4830423583044,1700.5009043392301,0.16922026875687413,True,401.9821380190741,1 Day,BREAKEVEN RATCHET,7,2.035746131376243,-1.1027718319018105
12,2021-10-07,2021-10-07,SJVN,SJVN Ltd.,Mid-Cap Equities,28.3065,28.043800380706788,35514,1005277.041,-9329.514279579045,-9728.35583367939,-0.9677288386097133,False,398.8415541003452,1 Day,INTRADAY CLOSE,85,0.3303114780360471,-0.90615499245563
9,2021-10-05,2021-10-11,APARINDS,Apar Industries Ltd.,Mid-Cap Equities,648.7449122314454,709.5281121826172,1546,1002959.6343098145,93970.82712451159,91628.49246501255,9.135810588036934,True,2342.3346594990403,5 Days,TIME EXIT (Swing Max),8,12.509556630428623,-0.5695496594751593
14,2021-10-11,2021-10-11,JUBLFOOD,Jubilant Foodworks Ltd.,Mid-Cap Equities,808.2131755371094,811.2043570556641,1253,1012691.108947998,3747.9504427490756,3342.7526751547093,0.33008610874714023,True,405.1977675943661,1 Day,BREAKEVEN RATCHET,29,1.9532995675799636,-0.744007090218737
15,2021-10-11,2021-10-11,SJVN,SJVN Ltd.,Mid-Cap Equities,28.206299617767336,28.26271221700287,35943,1013819.0271614114,2027.6380543228006,1622.5351478319703,0.16004189153708245,True,405.1029064908304,1 Day,BREAKEVEN RATCHET,45,1.5730528526451883,-0.7313955412903081
17,2021-10-13,2021-10-13,HONAUT,Honeywell Automation India Ltd.,Mid-Cap Equities,45090.0,45180.18,22,991980.0,1983.9599999999627,1586.5668041050028,0.15993939435321305,True,397.39319589496,1 Day,BREAKEVEN RATCHET,50,1.1310711909514306,-0.3637170104235973
18,2021-10-13,2021-10-13,RVNL,Rail Vikas Nigam Ltd.,Mid-Cap Equities,30.360599235534668,30.139600761413575,33403,1014135.0962645645,-7382.01203106693,-7784.533050239964,-0.7676031604579394,False,402.5210191730341,1 Day,INTRADAY CLOSE,66,0.788525760238812,-0.6936609365664441
13,2021-10-08,2021-10-14,POLYCAB,Polycab India Ltd.,Mid-Cap Equities,2451.0923510742186,2558.0236025390627,409,1002496.7715893554,43734.881849121186,41445.631672429896,4.134240911990381,True,2289.2501766912937,5 Days,TIME EXIT (Swing Max),6,8.033465113604732,-0.39746578351888656
16,2021-10-13,2021-10-18,GVT&D,GE Vernova T&D India Ltd.,Mid-Cap Equities,132.765,132.78390304565428,7637,1013926.3049999999,144.36255966185126,-2125.1195769757564,-0.2095931002574942,False,2269.4821366376077,3 Days,SL HIT (Trailing Stop),21,2.4366361616389964,-1.3294166384212607
19,2021-10-18,2021-10-18,GODREJIND,Godrej Industries Ltd.,Mid-Cap Equities,574.146,576.9437756347656,1771,1016812.5659999999,4954.860649170121,4547.86481671412,0.4472667794227595,True,406.99583245600127,1 Day,BREAKEVEN RATCHET,34,1.1066871492616934,-0.6698665856822495
21,2021-10-19,2021-10-19,TATACOMM,Tata Communications Ltd.,Mid-Cap Equities,1482.96,1494.2055512695313,686,1017310.56,7714.448170898366,7306.486953763082,0.7182159746540999,True,407.9612171352836,1 Day,BREAKEVEN RATCHET,9,3.846361331391269,-1.2110913308518123
20,2021-10-18,2021-10-20,RVNL,Rail Vikas Nigam Ltd.,Mid-Cap Equities,31.01190076446533,32.13560076141358,32818,1017748.5592882233,36877.58649984747,34561.54566481185,3.395882543816417,True,2316.0408350356206,3 Days,SL HIT (Trailing Stop),4,13.5048155554303,-0.360832916321202
22,2021-10-21,2021-10-21,SUZLON,Suzlon Energy Ltd.,Mid-Cap Equities,6.532357695579528,6.545422410970687,156443,1021941.6349695482,2043.8832699389895,1635.9128842778807,0.160078895731323,True,407.9703856611088,1 Day,BREAKEVEN RATCHET,24,1.9088573629492664,-1.605251738668157
23,2021-10-22,2021-10-25,JSWENERGY,JSW Energy Ltd.,Mid-Cap Equities,375.85020611572264,375.8487027148982,2719,1021936.7104286499,-4.08774684171658,-2291.2187969777315,-0.22420359045685745,False,2287.131050136015,2 Days,SL HIT (Trailing Stop),12,3.232615996101513,-2.328108344714561
24,2021-10-26,2021-10-27,SUZLON,Suzlon Energy Ltd.,Mid-Cap Equities,6.394350202560425,6.394324625159615,159809,1021874.711520979,-4.087498846114613,-2291.080759642758,-0.22420368503225482,False,2286.9932607966434,2 Days,SL HIT (Trailing Stop),40,2.6723393477502784,-0.9175914278142868
26,2021-10-27,2021-10-27,SJVN,SJVN Ltd.,Mid-Cap Equities,29.007900764465333,29.065916565994264,35219,1021629.2570237046,2043.2585140473675,1635.398405439407,0.1600774835094079,True,407.86010860796046,1 Day,BREAKEVEN RATCHET,43,2.0411667214806366,-0.7167065589919056
25,2021-10-26,2021-10-28,TATAINVEST,Tata Investment Corporation Ltd.,Mid-Cap Equities,153.20579388427734,154.69,6669,1021729.4394142455,9898.170585754444,7601.239207955981,0.7439581277323035,True,2296.931377798463,3 Days,SL HIT (Trailing Stop),31,3.7819758436154585,-0.9175833347277846
27,2021-11-01,2021-11-01,BSE,BSE Ltd.,Mid-Cap Equities,148.89720611572267,149.96058618164062,6867,1022477.1143966676,7302.230912658619,6892.5667203900775,0.6741047426237182,True,409.66419226854083,1 Day,BREAKEVEN RATCHET,47,2.0614580422618514,-1.0428466125872404
29,2021-11-01,2021-11-01,SJVN,SJVN Ltd.,Mid-Cap Equities,28.707299617767333,28.542800380706787,35644,1023242.9875756989,-5863.410805786145,-6269.5765826218785,-0.6127163008931014,False,406.16577683573325,1 Day,INTRADAY CLOSE,76,0.6712578449687258,-1.2446285127998222
30,2021-11-01,2021-11-01,NMDC,NMDC Ltd.,Mid-Cap Equities,36.96862609863281,37.24295743560791,27662,1022626.1351403808,7588.553443405312,7178.754775524922,0.7019921092217597,True,409.79866788038964,1 Day,BREAKEVEN RATCHET,56,1.6370115092940463,-0.615435795076509
32,2021-11-02,2021-11-02,POLYCAB,Polycab India Ltd.,Mid-Cap Equities,2350.692,2366.1083974609373,435,1022551.02,6706.132895507733,6296.613273812543,0.6157749736353051,True,409.5196216951896,1 Day,BREAKEVEN RATCHET,35,2.5230017373607425,-0.24001235261255013
28,2021-11-01,2021-11-03,BHEL,Bharat Heavy Electricals Ltd.,Mid-Cap Equities,68.93760305786132,71.357,14843,1023240.8421878356,35911.10881216428,33583.86313132225,3.282107373618427,True,2327.2456808420334,3 Days,SL HIT (Trailing Stop),8,7.0533348683668855,-0.3446683654198228
31,2021-11-02,2021-11-03,APARINDS,Apar Industries Ltd.,Mid-Cap Equities,685.869,685.866256524,1492,1023316.5480000001,-4.093266192008741,-2294.2909333788516,-0.2242014885680175,False,2290.197667186843,2 Days,SL HIT (Trailing Stop),22,4.232736049312984,-0.6370021097323291
34,2021-11-03,2021-11-03,TATAINVEST,Tata Investment Corporation Ltd.,Mid-Cap Equities,152.805,153.1430969543457,6721,1027002.405,2272.3496301574633,1862.530172965162,0.1813559699468437,True,409.81945719230146,1 Day,BREAKEVEN RATCHET,21,1.9796484611463505,-0.5268152220149909
35,2021-11-04,2021-11-04,BSE,BSE Ltd.,Mid-Cap Equities,151.8586683654785,153.2817046813965,6764,1027172.0328240966,9625.417640869273,9213.43375876668,0.8969708543792178,True,411.983882102594,1 Day,BREAKEVEN RATCHET,11,2.8002656563800814,-0.3459401587427714
36,2021-11-04,2021-11-04,TATAINVEST,Tata Investment Corporation Ltd.,Mid-Cap Equities,155.20979388427733,156.35166329956056,6624,1028109.6746894531,7563.743006836041,7152.018755866519,0.6956474520120464,True,411.7242509695218,1 Day,BREAKEVEN RATCHET,14,1.4175714835833715,-0.45731256160712774
37,2021-11-04,2021-11-04,COCHINSHIP,Cochin Shipyard Ltd.,Mid-Cap Equities,180.66060305786132,181.76075,5695,1028862.1344145202,6265.3368354798295,5853.719016180091,0.5689507680745955,True,411.61781929973847,1 Day,BREAKEVEN RATCHET,21,1.0181505602245564,-0.36565972142235537
38,2021-11-04,2021-11-04,THERMAX,Thermax Ltd.,Mid-Cap Equities,1377.6998510742187,1379.236,747,1029141.7887524414,1147.5032475587213,737.2517205648101,0.07163752639551545,True,410.2515269939113,1 Day,INTRADAY CLOSE,16,0.6750489897004622,-0.8492307714990401
39,2021-11-04,2021-11-04,DABUR,Dabur India Ltd.,Mid-Cap Equities,617.232,611.3248878173828,1668,1029542.9759999999,-9853.063120605424,-10260.307398737817,-0.9965885483092081,False,407.2442781323935,1 Day,INTRADAY CLOSE,88,-0.17529479773204742,-0.8881587474401799
40,2021-11-04,2021-11-04,SUZLON,Suzlon Energy Ltd.,Mid-Cap Equities,6.486355038642883,6.506280419349671,158574,1028567.2638977566,3159.647320198128,2749.022357688965,0.26726714471463364,True,410.62496250916314,1 Day,BREAKEVEN RATCHET,12,1.2159972734088231,-0.9074145370861944
41,2021-11-04,2021-11-04,HINDPETRO,Hindustan Petroleum Corporation Ltd.,Mid-Cap Equities,213.09200509643554,214.1708060913086,4828,1028808.2006055908,5208.451203247067,4797.154901173124,0.4662827238691681,True,411.2963020739423,1 Day,BREAKEVEN RATCHET,9,1.036171185457208,-1.4510188193293523
43,2021-11-04,2021-11-04,GVT&D,GE Vernova T&D India Ltd.,Mid-Cap Equities,128.70689694213868,128.0434030456543,7997,1029269.054846283,-5305.9606901856605,-5714.409923199833,-0.5551910743156712,False,408.4492330141731,1 Day,INTRADAY CLOSE,69,0.1111899709937666,-0.7823201536349347
44,2021-11-04,2021-11-04,BHEL,Bharat Heavy Electricals Ltd.,Mid-Cap Equities,72.144,71.50670152282714,14259,1028701.2960000001,-9087.23898600787,-9494.405811119652,-0.9229506998812658,False,407.166825111783,1 Day,INTRADAY CLOSE,87,0.3548479788740585,-0.9619691890632873
45,2021-11-08,2021-11-08,SUZLON,Suzlon Energy Ltd.,Mid-Cap Equities,6.578359396934509,6.597917494773864,156239,1027796.2938176508,3055.737648323062,2645.414157410314,0.2573870107649617,True,410.32349091274756,1 Day,BREAKEVEN RATCHET,50,3.2899345474086807,-0.8974933704203221
46,2021-11-08,2021-11-08,BHEL,Bharat Heavy Electricals Ltd.,Mid-Cap Equities,72.29430152893066,72.854,14220,1028024.967741394,7958.912258606055,7547.104755055533,0.7341363285793321,True,411.8075035505216,1 Day,BREAKEVEN RATCHET,37,2.2210602536988047,-0.476254107733082
33,2021-11-03,2021-11-09,KPRMILL,K.P.R. Mill Ltd.,Mid-Cap Equities,467.63341223144533,514.1696121826172,2196,1026922.9732602539,102193.49509277358,99789.38252035937,9.717319128965448,True,2404.1125724142016,4 Days,SL HIT (Trailing Stop),1,17.185809582138862,-0.7769787479700131
47,2021-11-09,2021-11-09,CRISIL,CRISIL Ltd.,Mid-Cap Equities,2965.92,2971.8518400000003,350,1038072.0,2076.1440000000875,1662.4792010635435,0.16015066402557274,True,413.664798936544,1 Day,BREAKEVEN RATCHET,57,1.1052203421493136,-1.1655709642792142
42,2021-11-04,2021-11-11,SJVN,SJVN Ltd.,Mid-Cap Equities,28.957799617767336,30.039800380706787,35545,1029304.9874135399,38459.71711868292,36116.3532319647,3.5088096991270454,True,2343.363886718221,5 Days,SL HIT (Trailing Stop),6,6.879670318423585,-0.7175946394761228
49,2021-11-11,2021-11-11,SUZLON,Suzlon Energy Ltd.,Mid-Cap Equities,6.486355038642883,6.506280419349671,160734,1042577.7907812252,3202.6861425248208,2787.110822964566,0.2673288120664959,True,415.5753195602547,1 Day,INTRADAY CLOSE,18,0.5082055888913127,-0.9074145370861944
48,2021-11-11,2021-11-12,NIACL,The New India Assurance Company Ltd.,Mid-Cap Equities,159.21779388427734,159.2171570131018,6548,1042558.114354248,-4.170232457458042,-2337.1312775169868,-0.22417275788645957,False,2332.9610450595287,2 Days,SL HIT (Trailing Stop),14,2.375492100130241,-0.5136360502440824
52,2021-11-12,2021-11-12,VOLTAS,Voltas Ltd.,Mid-Cap Equities,1258.011,1261.8212756347657,828,1041633.108,3154.9082255859394,2739.6795366433466,0.26301770898043947,True,415.22868894259256,1 Day,BREAKEVEN RATCHET,36,1.3425180236152572,-0.3546035107701735
53,2021-11-12,2021-11-15,JSL,Jindal Stainless Ltd.,Mid-Cap Equities,181.31189694213867,181.3111716945509,5751,1042724.7193142396,-4.170898877433501,-2337.5022147729433,-0.22417251374938435,False,2333.3313158955098,2 Days,SL HIT (Trailing Stop),15,2.806267564433152,-0.6684011689590311
54,2021-11-15,2021-11-15,SRF,SRF Ltd.,Mid-Cap Equities,2179.2497021484373,2188.5141025390626,478,1041681.357626953,4428.383386718924,4012.773190397342,0.3852207933853028,True,415.6101963215819,1 Day,BREAKEVEN RATCHET,20,1.1655479484646296,-0.6447058803179477
50,2021-11-12,2021-11-17,ESCORTS,Escorts Kubota Ltd.,Mid-Cap Equities,1538.07,1597.798,677,1041273.39,40435.85600000003,38063.84518652829,3.6555092593433405,True,2372.0108134717357,4 Days,SL HIT (Trailing Stop),8,8.252550274044749,-0.5246835319588794
51,2021-11-12,2021-11-17,JUBLFOOD,Jubilant Foodworks Ltd.,Mid-Cap Equities,788.3735877685547,795.4558878173829,1322,1042229.8830300292,9362.800664550858,7020.862799069579,0.6736386005991435,True,2341.937865481279,4 Days,SL HIT (Trailing Stop),11,3.438267481400333,-0.9099208386505955
55,2021-11-24,2021-11-24,SJVN,SJVN Ltd.,Mid-Cap Equities,28.75740076446533,28.443,36427,1047545.8376471786,-11452.67664717848,-11865.808218922888,-1.1327244873192253,False,413.13157174440806,1 Day,INTRADAY CLOSE,34,-0.19960079840318887,-1.4166801316029114
56,2021-11-24,2021-11-25,GICRE,General Insurance Corporation of India,Mid-Cap Equities,144.68879388427735,144.6882151291018,7231,1046244.6685772095,-4.184978674398735,-2345.339198259443,-0.2241673739134915,False,2341.1542195850443,2 Days,SL HIT (Trailing Stop),10,3.152425279991431,-0.40693392000532874
57,2021-11-25,2021-11-25,SUZLON,Suzlon Energy Ltd.,Mid-Cap Equities,6.440351903915405,6.4604614057540894,162437,1046151.4422163067,3266.527150170412,2849.6740170583053,0.2723959363876779,True,416.85313311210643,1 Day,BREAKEVEN RATCHET,31,1.2261310364296438,-0.912448206071804
58,2021-11-25,2021-11-25,SJVN,SJVN Ltd.,Mid-Cap Equities,28.907700382232665,28.742399238586426,36199,1046429.8461364403,-5983.736098850262,-6398.039690132114,-0.6114160173999754,False,414.30359128185114,1 Day,INTRADAY CLOSE,41,0.6652206737110549,-1.0644222705174369
59,2021-11-25,2021-11-29,KPRMILL,K.P.R. Mill Ltd.,Mid-Cap Equities,492.984,505.986,2121,1045619.064,27577.241999999853,25208.897564806233,2.410906460367122,True,2368.34443519362,3 Days,SL HIT (Trailing Stop),6,7.1028674358599915,-9.611669728933263
61,2021-12-01,2021-12-01,OIL,Oil India Ltd.,Mid-Cap Equities,142.284,142.61419390869142,7367,1048206.2279999999,2432.5385253299028,2015.1998880868957,0.192252233792957,True,417.33863724300704,1 Day,BREAKEVEN RATCHET,48,3.337930093405844,-0.6447185198814461
60,2021-11-30,2021-12-02,CRISIL,CRISIL Ltd.,Mid-Cap Equities,3056.1,3090.806,343,1048242.2999999999,11904.15800000017,9546.224405852863,0.9106887220495552,True,2357.9335941473073,3 Days,SL HIT (Trailing Stop),19,5.297601518274929,-0.19960079840319064
63,2021-12-03,2021-12-03,JUBLFOOD,Jubilant Foodworks Ltd.,Mid-Cap Equities,757.5019702148437,759.0169741552734,1385,1049140.2287475585,2098.2804574950133,1680.7083031702518,0.16019863285355532,True,417.57215432476147,1 Day,BREAKEVEN RATCHET,21,1.649900630834212,-0.594317954521868
62,2021-12-03,2021-12-06,NMDC,NMDC Ltd.,Mid-Cap Equities,36.84026472473145,36.84011736367255,28487,1049468.6212134247,-4.197874484816566,-2352.517160691148,-0.22416269654361867,False,2348.3192862063315,2 Days,SL HIT (Trailing Stop),5,2.582291717952173,-1.5905470565808864
64,2021-12-07,2021-12-07,SUZLON,Suzlon Energy Ltd.,Mid-Cap Equities,6.486355038642883,6.499327748720169,161786,1049401.4362818776,2098.8028725637123,1681.1385055922897,0.1601997526846078,True,417.66436697142274,1 Day,BREAKEVEN RATCHET,110,1.2159972734088231,-0.9074145370861944
65,2021-12-07,2021-12-07,THERMAX,Thermax Ltd.,Mid-Cap Equities,1700.8448510742187,1705.582,617,1049421.273112793,2922.8208872070536,2504.913673324642,0.2386947680119508,True,417.90721388241184,1 Day,INTRADAY CLOSE,31,0.83224221873272,-0.8933693540924356
66,2021-12-07,2021-12-07,NMDC,NMDC Ltd.,Mid-Cap Equities,37.199681922912596,37.15346088409424,28221,1049812.2235465164,-1304.4039364929777,-1721.2389999852678,-0.16395684498419263,False,416.8350634922902,1 Day,INTRADAY CLOSE,44,0.764654216807165,-0.7850490343400013
68,2021-12-07,2021-12-07,UPL,UPL Ltd.,Mid-Cap Equities,721.44,725.4961121826171,1454,1048973.76,5897.587113525253,5478.986171096577,0.5223187061511031,True,418.6009424286758,1 Day,BREAKEVEN RATCHET,54,1.2835457151019065,-0.6154357950765211
71,2021-12-08,2021-12-08,SJVN,SJVN Ltd.,Mid-Cap Equities,28.557,28.443,36775,1050183.675,-4192.349999999977,-4608.489377049977,-0.43882698681732757,False,416.13937705000006,1 Day,INTRADAY CLOSE,91,0.15057737671929108,-0.7248647215403301
67,2021-12-07,2021-12-09,APARINDS,Apar Industries Ltd.,Mid-Cap Equities,676.2498244628906,681.135,1552,1049539.7275664061,7581.792433593888,5225.45431653818,0.4978805641454441,True,2356.3381170557077,3 Days,SL HIT (Trailing Stop),17,4.251413382612576,-0.3031146451664401
69,2021-12-08,2021-12-10,KPRMILL,K.P.R. Mill Ltd.,Mid-Cap Equities,516.9318244628906,522.2533878173828,2031,1049888.535484131,10808.09517297335,8447.638668280862,0.8046224320742236,True,2360.4565046924868,3 Days,SL HIT (Trailing Stop),10,8.776430698035886,-1.1184899618849684
70,2021-12-08,2021-12-13,SUZLON,Suzlon Energy Ltd.,Mid-Cap Equities,6.486355038642883,7.010287189483643,161909,1050199.2579516305,84829.33061047667,82391.48081130238,7.845318894245221,True,2437.8497991742893,4 Days,SL HIT (Trailing Stop),30,13.248676451861419,-0.1996007984031922
72,2021-12-09,2021-12-13,RVNL,Rail Vikas Nigam Ltd.,Mid-Cap Equities,35.22030152893066,36.127600761413575,29819,1050234.1712911834,27054.755813407945,24676.695937556007,2.349637501055396,True,2378.0598758519372,3 Days,SL HIT (Trailing Stop),6,6.188760181845107,-0.3415730405111635
73,2021-12-13,2021-12-13,SJVN,SJVN Ltd.,Mid-Cap Equities,29.058,29.116115999999998,36541,1061808.378,2123.6167559998576,1701.5724352273987,0.16025230827736026,True,422.0443207724589,1 Day,BREAKEVEN RATCHET,22,1.6931627677766778,-0.5437414187821817
74,2021-12-13,2021-12-16,JSL,Jindal Stainless Ltd.,Mid-Cap Equities,175.24979388427735,185.129,6059,1061838.5011448364,59858.10985516361,57420.26822487449,5.407627258096783,True,2437.8416302891205,4 Days,SL HIT (Trailing Stop),2,11.55505274322574,-0.3707780570576884
75,2021-12-16,2021-12-16,THERMAX,Thermax Ltd.,Mid-Cap Equities,1720.434,1723.8748679999999,620,1066669.08,2133.33815999981,1709.577892567466,0.16027256481152205,True,423.7602674323441,1 Day,BREAKEVEN RATCHET,13,3.4041410481308807,-0.9523150072525287
76,2021-12-21,2021-12-21,IDEA,Vodafone Idea Ltd.,Mid-Cap Equities,13.877700382232666,13.922099809646607,76950,1067889.0444128036,3416.5359395027626,2991.978408605561,0.28017689892593195,True,424.55753089720156,1 Day,BREAKEVEN RATCHET,38,6.645912385332939,-0.5598924127031922
78,2021-12-21,2021-12-21,JSL,Jindal Stainless Ltd.,Mid-Cap Equities,179.15760305786134,179.8395969543457,5962,1068137.6294309692,4066.047610839829,3641.2165585281646,0.3408939501989042,True,424.8310523116642,1 Day,BREAKEVEN RATCHET,54,3.707573600296061,-0.19960079840319855
79,2021-12-22,2021-12-22,PIIND,PI Industries Ltd.,Mid-Cap Equities,2916.822,2940.9563974609373,366,1067556.852,8833.189470703015,8407.19863461247,0.7875176501244049,True,425.9908360905454,1 Day,BREAKEVEN RATCHET,39,2.0579966023380885,-1.0566980089974676
80,2021-12-22,2021-12-22,BSE,BSE Ltd.,Mid-Cap Equities,208.74999490356444,209.16749489337158,5122,1069217.473896057,2138.434947792208,1713.775035001228,0.16028311141946702,True,424.6599127909799,1 Day,BREAKEVEN RATCHET,66,2.7278792740041222,-0.944777942812307
77,2021-12-21,2021-12-24,GODREJIND,Godrej Industries Ltd.,Mid-Cap Equities,596.19,613.9696121826172,1791,1067776.29,31843.285419067368,29421.27702752763,2.755378378698372,True,2422.008391539738,4 Days,SL HIT (Trailing Stop),11,7.214145189793722,-0.19960079840320274
81,2021-12-23,2021-12-27,THERMAX,Thermax Ltd.,Mid-Cap Equities,1688.3198510742188,1722.548,633,1068706.4657299805,21666.41827001958,19252.888141906787,1.8015132086579164,True,2413.5301281127954,3 Days,SL HIT (Trailing Stop),4,7.681017838134772,-0.670480245020895
82,2021-12-27,2021-12-27,SJVN,SJVN Ltd.,Mid-Cap Equities,28.857599235534668,28.6925,37232,1074426.1347374266,-6146.974737426732,-6571.098953476013,-0.6115915036897245,False,424.12421604928085,1 Day,INTRADAY CLOSE,40,-0.02633224615436523,-0.8926551788401689
83,2021-12-28,2021-12-28,TATACOMM,Tata Communications Ltd.,Mid-Cap Equities,1378.1508244628906,1380.9071261118163,779,1073579.4922565918,2147.158984513022,1720.9591725807004,0.1603010475696923,True,426.19981193232155,1 Day,BREAKEVEN RATCHET,55,1.0049100063127632,-0.5732917125358737
84,2021-12-29,2021-12-29,BSE,BSE Ltd.,Mid-Cap Equities,216.432,216.63807540893555,4962,1073935.584,1022.546179138124,596.542755383486,0.05554734979183686,True,426.003423754638,1 Day,INTRADAY CLOSE,31,0.8784875836615309,-0.3022792396254888
86,2022-01-03,2022-01-03,VOLTAS,Voltas Ltd.,Mid-Cap Equities,1227.45,1230.7335512695313,874,1072791.3,2869.8238095704,2443.694952113082,0.22778847592379634,True,426.1288574573181,1 Day,BREAKEVEN RATCHET,53,1.1568719226088602,-0.19960079840319733
87,2022-01-03,2022-01-03,RVNL,Rail Vikas Nigam Ltd.,Mid-Cap Equities,35.07,35.229399238586424,30631,1074229.17,4882.558077140944,4455.346342647917,0.41474821826407093,True,427.21173449302773,1 Day,BREAKEVEN RATCHET,41,1.3686890135744127,-0.7698909693169472
85,2021-12-31,2022-01-04,TATACOMM,Tata Communications Ltd.,Mid-Cap Equities,1410.7158244628906,1436.2717243652344,761,1073554.7424162598,19448.03982568346,17026.03337677455,1.5859492491695295,True,2422.0064489089104,3 Days,SL HIT (Trailing Stop),4,6.2581119461619625,-0.6709944199069715
89,2022-01-07,2022-01-07,GODREJIND,Godrej Industries Ltd.,Mid-Cap Equities,636.0695877685547,641.1152243652343,1692,1076229.7425043946,8537.21712158178,8108.254222868779,0.7533943639209237,True,428.96289871300075,1 Day,BREAKEVEN RATCHET,16,3.974468879430457,-0.6633884505342171
90,2022-01-07,2022-01-07,BSE,BSE Ltd.,Mid-Cap Equities,216.9886683654785,217.42264570220945,4964,1077131.7497662352,2154.2634995323606,1726.8096538393343,0.16031554674849158,True,427.4538456930263,1 Day,BREAKEVEN RATCHET,30,1.643813436142331,-1.0701004020347407
93,2022-01-11,2022-01-11,BSE,BSE Ltd.,Mid-Cap Equities,217.4284346923828,217.86329156176757,4955,1077357.8939007567,2154.7157878016587,1727.18210769947,0.16031646655930784,True,427.5336801021888,1 Day,BREAKEVEN RATCHET,33,2.1025609249705686,-0.6314157774941392
92,2022-01-10,2022-01-12,BHEL,Bharat Heavy Electricals Ltd.,Mid-Cap Equities,59.91959923553467,61.27720152282715,17980,1077354.3942549133,24409.68912551878,21974.09674277438,2.039634948346911,True,2435.5923827444003,3 Days,SL HIT (Trailing Stop),3,5.641559764507184,-0.3664885536567229
94,2022-01-12,2022-01-12,GODFRYPHLP,Godfrey Phillips India Ltd.,Mid-Cap Equities,387.42329388427737,388.6211939086914,2787,1079748.720055481,3338.547368041938,2909.8321931019786,0.2694916084690947,True,428.7151749399595,1 Day,BREAKEVEN RATCHET,30,2.2137817346327338,-1.3051938959085667
95,2022-01-12,2022-01-12,PRESTIGE,Prestige Estates Projects Ltd.,Mid-Cap Equities,468.4850877685547,470.2076939086914,2305,1079858.1273065186,3970.6071530149784,3541.6725053265623,0.3279757234554994,True,428.93464768841596,1 Day,BREAKEVEN RATCHET,28,7.079180745303487,-0.3276679667297816
88,2022-01-07,2022-01-13,JUBLFOOD,Jubilant Foodworks Ltd.,Mid-Cap Equities,721.0391755371094,782.142601928711,1492,1075790.449901367,91166.31217626971,88665.02063630435,8.241848646679614,True,2501.2915399653593,5 Days,TIME EXIT (Swing Max),5,9.70277716335955,-0.5601880832758566
91,2022-01-10,2022-01-14,TATAINVEST,Tata Investment Corporation Ltd.,Mid-Cap Equities,143.286,152.71894390869141,7519,1077367.4340000001,70926.30524945073,68442.48215943914,6.352752088053102,True,2483.823090011586,5 Days,TIME EXIT (Swing Max),9,7.896100179721413,-0.7300046807335949
98,2022-01-14,2022-01-14,ENDURANCE,Endurance Technologies Ltd.,Mid-Cap Equities,1690.8248510742187,1698.3964487304688,648,1095654.5034960937,4906.395281250123,4471.625322288147,0.40812366562814845,True,434.7699589619763,1 Day,INTRADAY CLOSE,27,0.8679283910724306,-0.637251235055378
96,2022-01-12,2022-01-17,NIACL,The New India Assurance Company Ltd.,Mid-Cap Equities,140.28,140.8178060913086,7701,1080296.28,4141.644709167536,1720.5164011585753,0.15926338292663336,True,2421.128308008961,4 Days,SL HIT (Trailing Stop),29,4.0062688169977,-0.19960079840319442
97,2022-01-13,2022-01-18,JSL,Jindal Stainless Ltd.,Mid-Cap Equities,193.0853969421387,204.59,5641,1089194.7241506043,64897.46584939561,62393.604414870395,5.72841596010551,True,2503.8614345252145,4 Days,SL HIT (Trailing Stop),2,10.98716238803727,-0.19960079840320114
99,2022-01-19,2022-01-21,INDUSTOWER,Indus Towers Ltd.,Mid-Cap Equities,263.7765,265.1686121826172,4181,1102849.5465,5820.421035522595,3347.429583596622,0.3035254984888931,True,2472.9914519259733,3 Days,SL HIT (Trailing Stop),9,3.0607374438267345,-2.3794765644399707
103,2022-01-31,2022-01-31,NMDC,NMDC Ltd.,Mid-Cap Equities,36.01873970031738,35.5297540512085,30631,1103290.0157604218,-14978.11941785412,-15409.889063280416,-1.3967215186534105,False,431.76964542629753,1 Day,INTRADAY CLOSE,79,0.5472990029280044,-1.7645392630757377
105,2022-01-31,2022-01-31,LAURUSLABS,Laurus Labs Ltd.,Mid-Cap Equities,505.3085877685547,506.3192049440918,2180,1101572.7213354493,2203.1454426709097,1767.063336383314,0.16041277186322142,True,436.0821062875957,1 Day,BREAKEVEN RATCHET,81,2.274135113190963,-0.9615066276587378
100,2022-01-28,2022-02-01,INDIANB,Indian Bank,Mid-Cap Equities,147.795,151.7459030456543,7465,1103289.6749999998,29493.491235809634,26994.990968577215,2.4467727361426834,True,2498.500267232417,3 Days,SL HIT (Trailing Stop),20,9.272979464799224,-1.0453668933319717
102,2022-01-31,2022-02-01,NIACL,The New India Assurance Company Ltd.,Mid-Cap Equities,140.73089694213868,140.73033401855093,7839,1103189.5011294251,-4.412758004385978,-2472.123898553903,-0.2240887803974737,False,2467.711140549517,2 Days,SL HIT (Trailing Stop),14,5.165250286758278,-1.4431088254425744
104,2022-01-31,2022-02-01,GICRE,General Insurance Corporation of India,Mid-Cap Equities,139.779,139.778440884,7882,1101738.078,-4.406952311983332,-2468.892380640673,-0.22409068270768007,False,2464.4854283286895,2 Days,SL HIT (Trailing Stop),22,6.1318267432988,-0.4857624510723152
101,2022-01-31,2022-02-02,THERMAX,Thermax Ltd.,Mid-Cap Equities,1983.8598244628906,2015.0119487304687,556,1103026.0624013671,17320.58109277347,14835.280577873988,1.3449619264277866,True,2485.300514899484,3 Days,SL HIT (Trailing Stop),4,9.624683256889355,-0.20968584774591478
106,2022-02-02,2022-02-02,GICRE,General Insurance Corporation of India,Mid-Cap Equities,141.282,141.56456400000002,7825,1105531.6500000001,2211.063300000038,1773.5835950901321,0.160428115747761,True,437.4797049099058,1 Day,BREAKEVEN RATCHET,62,2.0299782679211535,-0.8366203029999473
107,2022-02-02,2022-02-02,SJVN,SJVN Ltd.,Mid-Cap Equities,30.961799617767333,30.888100761413575,35715,1105800.6733485602,-2632.154654674465,-3068.342922499323,-0.27747703509782073,False,436.1882678248579,1 Day,INTRADAY CLOSE,75,0.44635895008857013,-0.5225806726490725
109,2022-02-02,2022-02-02,IRCTC,Indian Railway Catering And Tourism Corporation Ltd.,Mid-Cap Equities,864.726,859.1782243652344,1278,1105119.828,-7090.057261230424,-7524.7295961190275,-0.6808971665757705,False,434.6723348886031,1 Day,INTRADAY CLOSE,86,0.3786170416987579,-0.8934622065255351
111,2022-02-02,2022-02-02,INDUSTOWER,Indus Towers Ltd.,Mid-Cap Equities,259.3677061157227,259.2305,4259,1104647.060346863,-584.3608468628954,-1020.7286533085138,-0.09240314757077264,False,436.3678064456184,1 Day,INTRADAY CLOSE,63,0.8028393829336254,-0.8357609130121497
112,2022-02-02,2022-02-04,INDUSINDBK,IndusInd Bank Ltd.,Mid-Cap Equities,931.9601755371094,952.5411121826172,1185,1104372.8080114746,24388.409924926935,21892.79246455335,1.9823733711782845,True,2495.617460373585,3 Days,SL HIT (Trailing Stop),5,5.347847854886668,-0.19960079840319858
113,2022-02-02,2022-02-04,BANKINDIA,Bank of India,Mid-Cap Equities,55.56090076446533,57.385,19881,1104606.2680983352,36264.91690166481,33756.47384213578,3.055973410349205,True,2508.443059529026,3 Days,SL HIT (Trailing Stop),8,7.269676434473897,-0.559567537940585
108,2022-02-02,2022-02-07,BSE,BSE Ltd.,Mid-Cap Equities,222.77799490356446,241.4051077270508,4962,1105424.4107114868,92427.73383013927,89859.27511678883,8.128938916678392,True,2568.4587133504347,4 Days,SL HIT (Trailing Stop),13,12.189417298048852,-0.24448442560787115
110,2022-02-02,2022-02-07,POLICYBZR,PB Fintech Ltd.,Mid-Cap Equities,868.734,926.144,1271,1104160.914,72968.10999999987,70422.62391560589,6.377931243779372,True,2545.4860843939887,4 Days,SL HIT (Trailing Stop),12,11.9329995618984,-0.7291041430331422
114,2022-02-09,2022-02-09,SJVN,SJVN Ltd.,Mid-Cap Equities,31.362599235534667,31.1875,35910,1126230.93854805,-6287.8135480498895,-6730.156159082423,-0.597582247896601,False,442.34261103253317,1 Day,INTRADAY CLOSE,49,0.11925154134938862,-0.9967286069833641
116,2022-02-09,2022-02-09,TATAINVEST,Tata Investment Corporation Ltd.,Mid-Cap Equities,146.9633381652832,147.25726484161376,7658,1125445.2436697388,2250.8904873393476,1806.3807969368318,0.1605036590715659,True,444.50969040251596,1 Day,BREAKEVEN RATCHET,69,1.3858298676002119,-0.6520900344498904
115,2022-02-09,2022-02-10,POLICYBZR,PB Fintech Ltd.,Mid-Cap Equities,893.784,893.780424864,1259,1125274.056,-4.501096224179491,-2521.294008376556,-0.22406044064847397,False,2516.7929121523766,2 Days,SL HIT (Trailing Stop),7,4.443579209294417,-11.91384184624375
117,2022-02-09,2022-02-11,MOTILALOFS,Motilal Oswal Financial Services Ltd.,Mid-Cap Equities,916.2288244628907,920.7048878173828,1228,1125128.9964404297,5496.605799316429,2974.4348850784004,0.2643638991163341,True,2522.170914238028,3 Days,SL HIT (Trailing Stop),16,3.3584596681017915,-1.6621202101798163
118,2022-02-16,2022-02-16,SJVN,SJVN Ltd.,Mid-Cap Equities,30.26040076446533,30.33919961929321,37203,1125777.6896404037,2931.5537961616646,2486.732110975665,0.2208901574315243,True,444.82168518599974,1 Day,BREAKEVEN RATCHET,30,1.1222574996534291,-0.3648370251087387
119,2022-02-18,2022-02-18,PATANJALI,Patanjali Foods Ltd.,Mid-Cap Equities,289.92870611572266,286.2929353637695,3883,1125793.165847351,-14117.697829833953,-14557.645030544141,-1.2931012083011744,False,439.9472007101885,1 Day,INTRADAY CLOSE,21,0.5304644405755982,-1.2343379378165569
120,2022-02-25,2022-03-02,VOLTAS,Voltas Ltd.,Mid-Cap Equities,1212.6705,1218.2585512695312,927,1124145.5535,5180.123526855372,2660.4662145064513,0.23666563517714892,True,2519.6573123489206,3 Days,SL HIT (Trailing Stop),41,4.64507877448986,-0.6943765845709899
121,2022-03-02,2022-03-02,ESCORTS,Escorts Kubota Ltd.,Mid-Cap Equities,1875.7941489257812,1864.8129487304686,599,1123600.695206543,-6577.73891699221,-7019.071509319891,-0.6246944790319509,False,441.33259232768154,1 Day,INTRADAY CLOSE,35,0.33083859856225317,-1.2578244669020844
122,2022-03-08,2022-03-08,MPHASIS,MphasiS Ltd.,Mid-Cap Equities,3171.33,3168.9494487304687,354,1122650.82,-842.7151494142599,-1285.3544692385437,-0.11449280990491272,False,442.63931982428375,1 Day,INTRADAY CLOSE,52,0.9040371074596485,-1.1455761462856255
125,2022-03-10,2022-03-10,MARICO,Marico Ltd.,Mid-Cap Equities,501.0,499.79838781738283,2243,1123743.0,-2695.2161256102845,-3137.710152515516,-0.2792195504234968,False,442.49402690523107,1 Day,INTRADAY CLOSE,47,0.7784418955058633,-0.6187636933164921
126,2022-03-10,2022-03-10,SJVN,SJVN Ltd.,Mid-Cap Equities,29.158200382232668,28.892100761413573,38538,1123698.7263304826,-10254.947187126381,-10695.26181810543,-0.9517908641786541,False,440.31463097904884,1 Day,INTRADAY CLOSE,87,0.3148329340080596,-0.8855168025380843
124,2022-03-09,2022-03-11,SUZLON,Suzlon Energy Ltd.,Mid-Cap Equities,9.016493047714233,9.072137090682983,124663,1124023.0728071996,6936.753328613006,4415.547958251804,0.39283428117041774,True,2521.2053703612014,3 Days,SL HIT (Trailing Stop),45,4.892261376361138,-0.7087774965811529
123,2022-03-09,2022-03-15,BSE,BSE Ltd.,Mid-Cap Equities,239.36666326904296,325.847,4695,1123826.4840481568,406025.18095184304,403090.86668556026,35.86771378029631,True,2934.314266282798,5 Days,TIME EXIT (Swing Max),17,45.75500227694752,-0.707883584854091
127,2022-03-10,2022-03-16,COLPAL,Colgate Palmolive (India) Ltd.,Mid-Cap Equities,1467.93,1507.0797756347656,764,1121498.52,29910.428584960988,27371.02799241907,2.4405763810030767,True,2539.4005925419197,5 Days,SL HIT (Trailing Stop),17,4.609891179139158,-0.6219609362759166
130,2022-03-16,2022-03-16,DABUR,Dabur India Ltd.,Mid-Cap Equities,564.627,563.5706121826172,2065,1165954.755,-2181.440842895303,-2638.9595431178645,-0.22633464393031827,False,457.51870022256145,1 Day,INTRADAY CLOSE,82,0.24316938439005706,-0.9257395742565363
131,2022-03-16,2022-03-16,BERGEPAINT,Berger Paints India Ltd.,Mid-Cap Equities,586.3370203857422,586.9903536376953,1988,1165637.9965268555,1298.826504882658,840.423303815588,0.07209985487087073,True,458.4032010670698,1 Day,INTRADAY CLOSE,80,0.4754909748703245,-1.080781217186865
132,2022-03-17,2022-03-17,BHEL,Bharat Heavy Electricals Ltd.,Mid-Cap Equities,51.95369847106934,51.29720152282715,22442,1165944.901087738,-14733.104512451217,-15187.027127157211,-1.3025510136018321,False,453.9226147059946,1 Day,INTRADAY CLOSE,79,-0.007117314529481348,-1.4507104023587165
133,2022-03-17,2022-03-17,TATAINVEST,Tata Investment Corporation Ltd.,Mid-Cap Equities,138.276,137.8986530456543,8421,1164422.196,-3177.638702545082,-3634.3321115543995,-0.31211463711693105,False,456.69340900931735,1 Day,INTRADAY CLOSE,61,0.6429122090115436,-0.86855495657802
128,2022-03-16,2022-03-21,VOLTAS,Voltas Ltd.,Mid-Cap Equities,1232.2596489257812,1287.5197756347657,946,1165717.6278837891,52276.079866699176,49615.22856003764,4.256196129598531,True,2660.8513066615333,3 Days,SL HIT (Trailing Stop),12,7.526039755912231,-0.7270870311680437
129,2022-03-16,2022-03-21,APARINDS,Apar Industries Ltd.,Mid-Cap Equities,641.28,659.678,1818,1165847.04,33447.56400000001,30805.935678804468,2.6423651321192585,True,2641.628321195544,3 Days,SL HIT (Trailing Stop),19,7.433572262822992,-0.19960079840318934
134,2022-03-21,2022-03-21,NAUKRI,Info Edge (India) Ltd.,Mid-Cap Equities,925.6475877685547,927.4988829440917,1266,1171869.8461149903,2343.7396922297776,1882.8409819897088,0.16066980375267323,True,460.8987102400688,1 Day,BREAKEVEN RATCHET,25,2.846916318873872,-0.8261878353716237
136,2022-03-23,2022-03-23,TATAINVEST,Tata Investment Corporation Ltd.,Mid-Cap Equities,136.11669122314453,135.8278060913086,8612,1172236.9448137206,-2487.8787553710863,-2947.523915459937,-0.25144437978179623,False,459.6451600888507,1 Day,INTRADAY CLOSE,39,0.9942278095344178,-0.4310216760160969
137,2022-03-23,2022-03-23,BHEL,Bharat Heavy Electricals Ltd.,Mid-Cap Equities,51.50280152893066,51.60580713198852,22756,1171997.7515923462,2343.9955031846184,1883.0516391834983,0.16067024331958588,True,460.94386400112006,1 Day,BREAKEVEN RATCHET,43,3.101184591469728,-0.7820993088760436
135,2022-03-23,2022-03-25,KPRMILL,K.P.R. Mill Ltd.,Mid-Cap Equities,636.27,636.724,1842,1172009.3399999999,836.2680000001565,-1785.2630643460911,-0.1523249861085656,False,2621.5310643462476,3 Days,SL HIT (Trailing Stop),8,3.556670032228852,-1.1190179618617069
138,2022-03-28,2022-03-28,NLCINDIA,NLC India Ltd.,Mid-Cap Equities,64.92960305786133,65.46879847717285,18050,1171979.335194397,9732.477318573045,9269.425169872124,0.7909205300394309,True,463.05214870092146,1 Day,BREAKEVEN RATCHET,11,2.2646041231874587,-0.5076337575119795
140,2022-03-30,2022-03-30,POLYCAB,Polycab India Ltd.,Mid-Cap Equities,2384.76,2357.6253974609376,491,1170917.1600000001,-13323.089846679708,-13779.168526841573,-1.1767842335525744,False,456.07868016186427,1 Day,INTRADAY CLOSE,72,0.21972861000686783,-1.3653386012900761
141,2022-03-30,2022-03-31,APARINDS,Apar Industries Ltd.,Mid-Cap Equities,648.2439122314453,648.2413192557964,1807,1171376.7494022215,-4.6855069973971695,-2623.9392512156896,-0.22400472371973762,False,2619.2537442182925,2 Days,SL HIT (Trailing Stop),19,3.664683511917499,-0.6315350966105364
142,2022-04-01,2022-04-01,DABUR,Dabur India Ltd.,Mid-Cap Equities,540.078,541.3651121826172,2168,1170889.104,2790.459211913869,2329.7783034524714,0.19897514593768661,True,460.6809084613973,1 Day,INTRADAY CLOSE,80,0.9113498420598554,-0.7087865086154176
139,2022-03-29,2022-04-04,JSL,Jindal Stainless Ltd.,Mid-Cap Equities,189.42810305786134,200.3984030456543,6192,1172938.8141342774,67928.09752441407,65234.97845027839,5.561669344059265,True,2693.119074135686,5 Days,SL HIT (Trailing Stop),11,9.725010570383672,-0.19960079840319744
146,2022-04-04,2022-04-04,RVNL,Rail Vikas Nigam Ltd.,Mid-Cap Equities,33.76740076446533,33.732399238586424,34887,1178043.310469902,-1221.0982333372813,-1683.152444136084,-0.142876957848409,False,462.05421079880267,1 Day,INTRADAY CLOSE,69,0.8368973216695047,-1.0880293723200931
147,2022-04-04,2022-04-04,GICRE,General Insurance Corporation of India,Mid-Cap Equities,118.33619847106934,118.96159695434571,9953,1177800.183382553,6224.591104049701,5760.491434002806,0.48908902505509133,True,464.0996700468953,1 Day,BREAKEVEN RATCHET,49,1.1102292213069234,-0.7066294860517852
143,2022-04-01,2022-04-05,APARINDS,Apar Industries Ltd.,Mid-Cap Equities,653.805,676.2947243652344,1791,1170964.755,40279.09633813496,37619.015129573614,3.2126513602515403,True,2660.0812085613397,3 Days,SL HIT (Trailing Stop),15,5.528408655031898,-0.5055024051513755
148,2022-04-05,2022-04-05,AIAENG,AIA Engineering Ltd.,Mid-Cap Equities,1701.396,1704.798792,694,1180768.824,2361.537648000056,1897.4973809687715,0.1607001592861137,True,464.0402670312845,1 Day,BREAKEVEN RATCHET,43,1.8046342877224082,-1.254613927144237
149,2022-04-05,2022-04-05,RVNL,Rail Vikas Nigam Ltd.,Mid-Cap Equities,34.21830152893067,34.480899238586424,34555,1182413.4093321993,9074.063857154688,8607.522653207157,0.7279621987768639,True,466.5412039475302,1 Day,BREAKEVEN RATCHET,33,2.4305639700635107,-1.0763335360119568
151,2022-04-05,2022-04-05,NIACL,The New India Assurance Company Ltd.,Mid-Cap Equities,117.735,117.97047,10050,1183236.75,2366.47350000008,1901.5619947450691,0.16070849681985191,True,464.911505255011,1 Day,BREAKEVEN RATCHET,53,1.244317278839927,-0.4119420733002076
152,2022-04-05,2022-04-05,DABUR,Dabur India Ltd.,Mid-Cap Equities,549.096,547.8521121826171,2155,1183301.8800000001,-2680.578246460296,-3144.068109480885,-0.26570295903534646,False,463.48986302058876,1 Day,INTRADAY CLOSE,67,0.710986785552981,-0.5092028000625125
153,2022-04-05,2022-04-05,HUDCO,Housing & Urban Development Corporation Ltd.,Mid-Cap Equities,35.37059923553467,35.52879847717285,33450,1183146.5444286347,5291.7646327971015,4826.047626296353,0.40789939750252563,True,465.7170065007481,1 Day,BREAKEVEN RATCHET,44,1.0726444353935907,-0.7650443228615694
144,2022-04-01,2022-04-06,MARICO,Marico Ltd.,Mid-Cap Equities,508.5650877685547,530.7862756347656,2303,1171225.3971309816,51175.39565588371,48503.44415404025,4.14125618116322,True,2671.9515018434577,4 Days,SL HIT (Trailing Stop),40,7.724652903280131,-0.4453903797298755
145,2022-04-04,2022-04-06,KPRMILL,K.P.R. Mill Ltd.,Mid-Cap Equities,631.26,653.4903878173828,1866,1177931.16,41481.903667236445,38805.09357772264,3.2943430733017234,True,2676.8100895138055,3 Days,SL HIT (Trailing Stop),4,11.332887842247056,-0.3184107974527122
150,2022-04-05,2022-04-07,SUPREMEIND,Supreme Industries Ltd.,Mid-Cap Equities,2063.619,2114.8618974609376,573,1182453.6870000002,29362.18024511705,26687.87782894985,2.256991383456175,True,2674.3024161672,3 Days,SL HIT (Trailing Stop),4,7.5440790585919615,-0.5630399797637132
154,2022-04-08,2022-04-08,RVNL,Rail Vikas Nigam Ltd.,Mid-Cap Equities,34.36859923553467,34.53079847717285,34771,1195030.564018776,5639.829831001349,5169.824652718595,0.4326102451583295,True,470.00517828275383,1 Day,BREAKEVEN RATCHET,52,3.5829194845777947,-0.34508021325478955
155,2022-04-08,2022-04-08,INDUSTOWER,Indus Towers Ltd.,Mid-Cap Equities,220.79070611572266,221.2322875279541,5414,1195360.8829105224,2390.721765821101,1921.530145189378,0.1607489564582993,True,469.1916206317233,1 Day,BREAKEVEN RATCHET,75,1.1817923981791685,-0.9242717465893082
156,2022-04-11,2022-04-11,RVNL,Rail Vikas Nigam Ltd.,Mid-Cap Equities,34.96980152893067,34.630600761413575,34193,1195722.4236787262,-11598.291843711864,-12063.60687070102,-1.0088969339210403,False,465.31502698915614,1 Day,INTRADAY CLOSE,56,0.9442367233817617,-1.0574925754257807
157,2022-04-20,2022-04-20,GODREJIND,Godrej Industries Ltd.,Mid-Cap Equities,493.58520611572266,492.0638878173828,2420,1194476.1988000488,-3681.5902819824405,-4148.732040341864,-0.3473264720142279,False,467.14175835942416,1 Day,INTRADAY CLOSE,47,0.9552113026946554,-0.7466212871814214
158,2022-04-21,2022-04-21,KPRMILL,K.P.R. Mill Ltd.,Mid-Cap Equities,652.302,653.6066040000001,1830,1193712.6600000001,2387.425319999922,1918.8155623579596,0.16074350441738294,True,468.60975764196235,1 Day,BREAKEVEN RATCHET,59,1.640037896557113,-0.9891161477448361
160,2022-04-21,2022-04-21,BHEL,Bharat Heavy Electricals Ltd.,Mid-Cap Equities,54.20819847106934,54.590600761413576,22032,1194315.0287145996,8425.087260864442,7954.537061337596,0.6660334057672198,True,470.55019952684626,1 Day,BREAKEVEN RATCHET,47,1.645138610403564,-0.2918363614190591
159,2022-04-21,2022-04-25,JUBLFOOD,Jubilant Foodworks Ltd.,Mid-Cap Equities,557.112,569.8081121826172,2143,1193891.0159999998,27207.768407348776,24510.27953403187,2.0529746187512874,True,2697.488873316905,3 Days,SL HIT (Trailing Stop),2,7.850840690191117,-4.956274501356993
161,2022-04-26,2022-04-26,DABUR,Dabur India Ltd.,Mid-Cap Equities,555.3084122314453,558.7802243652344,2156,1197244.936770996,7485.226960449247,7013.913121422454,0.5858377768829142,True,471.31383902679266,1 Day,BREAKEVEN RATCHET,59,1.1149818068979804,-0.23561901866165427
162,2022-04-26,2022-04-26,VOLTAS,Voltas Ltd.,Mid-Cap Equities,1254.504,1260.0249487304689,955,1198051.3199999998,5272.50603759801,4801.541325448253,0.4007792692426776,True,470.9647121497575,1 Day,INTRADAY CLOSE,57,0.8645628539994766,-0.7575902508082801
163,2022-04-26,2022-04-28,PAGEIND,Page Industries Ltd.,Mid-Cap Equities,45210.24,45557.4018203125,26,1175466.24,9026.207328125136,6388.506841389862,0.5434870542423967,True,2637.7004867352744,3 Days,SL HIT (Trailing Stop),17,3.3785691444018036,-0.3952405887471466
166,2022-04-28,2022-04-28,VOLTAS,Voltas Ltd.,Mid-Cap Equities,1278.8526489257813,1283.0787243652344,937,1198284.9320434572,3959.8326867674477,3489.1613588282644,0.29117960724734593,True,470.67132793918324,1 Day,BREAKEVEN RATCHET,35,1.1844485044420303,-0.8017087307482922
164,2022-04-27,2022-04-29,ENDURANCE,Endurance Technologies Ltd.,Mid-Cap Equities,1178.352,1212.57,1017,1198383.9840000002,34799.70599999977,32084.36475784145,2.677302532928498,True,2715.341242158324,3 Days,SL HIT (Trailing Stop),2,8.456556275204683,-0.19960079840320114
167,2022-04-28,2022-04-29,DABUR,Dabur India Ltd.,Mid-Cap Equities,565.128,565.125739488,2122,1199201.6160000002,-4.796806464204565,-2685.889865771061,-0.22397316930992703,False,2681.0930593068565,2 Days,SL HIT (Trailing Stop),21,2.0742160335246984,-1.9514206363978677
168,2022-04-29,2022-04-29,JUBLFOOD,Jubilant Foodworks Ltd.,Mid-Cap Equities,547.092,548.186184,2198,1202508.216,2405.0164320000913,1933.3016280211937,0.16077242569303107,True,471.7148039788977,1 Day,BREAKEVEN RATCHET,25,2.724953024354225,-0.6474253337704142
165,2022-04-28,2022-05-02,THERMAX,Thermax Ltd.,Mid-Cap Equities,2082.957648925781,2104.6323974609377,575,1197700.6481323242,12462.980407714844,9772.3037425359,0.8159220551291075,True,2690.676665178945,3 Days,SL HIT (Trailing Stop),16,4.12837497154307,-0.8285188977704944
169,2022-05-05,2022-05-05,TATAINVEST,Tata Investment Corporation Ltd.,Mid-Cap Equities,148.20080877685547,148.60718878173827,8123,1203835.169694397,3301.0247796631884,2828.585827315475,0.23496454485820795,True,472.4389523477135,1 Day,BREAKEVEN RATCHET,26,3.818597131961058,-0.2670809318390387
170,2022-05-05,2022-05-06,HEROMOTOCO,Hero MotoCorp Ltd.,Mid-Cap Equities,2434.9602978515627,2434.9505580103714,494,1202870.387138672,-4.811481548473239,-2694.05819340331,-0.22396911772113712,False,2689.2467118548366,2 Days,SL HIT (Trailing Stop),4,6.736853257655756,-1.138018466913498
171,2022-05-17,2022-05-17,TATAINVEST,Tata Investment Corporation Ltd.,Mid-Cap Equities,147.294,147.78883670043945,8173,1203833.8620000002,4044.30035269144,3571.6491164490662,0.29668953741800175,True,472.65123624237356,1 Day,INTRADAY CLOSE,76,0.924001506712333,-1.0550290621722191
172,2022-05-17,2022-05-17,POLYCAB,Polycab India Ltd.,Mid-Cap Equities,2604.8492021484376,2597.8938974609373,462,1203440.331392578,-3213.350765625015,-3683.78597276875,-0.30610458006721486,False,470.4352071437351,1 Day,INTRADAY CLOSE,95,0.9616948334149626,-1.2226889035330295
173,2022-05-18,2022-05-18,BHARATFORG,Bharat Forge Ltd.,Mid-Cap Equities,687.372,689.1688878173828,1751,1203588.372,3146.350568237249,2674.0428720113605,0.22217254122918367,True,472.30769622588826,1 Day,BREAKEVEN RATCHET,26,1.837142042445727,-1.2616149323755852
174,2022-05-18,2022-05-19,PHOENIXLTD,Phoenix Mills Ltd.,Mid-Cap Equities,516.4809122314454,516.4788463077964,2331,1203917.006411499,-4.8156680257525295,-2696.388436638586,-0.2239679664195191,False,2691.5727686128334,2 Days,SL HIT (Trailing Stop),9,5.328190668200879,-1.6420572436653562
175,2022-05-20,2022-05-20,POLYCAB,Polycab India Ltd.,Mid-Cap Equities,2545.08,2551.436948730469,473,1203822.8399999999,3006.8367495120037,2534.486347052858,0.2105364894931598,True,472.3504024591458,1 Day,INTRADAY CLOSE,75,0.9594983261822839,-0.9539955982474001
177,2022-05-27,2022-05-27,TATAINVEST,Tata Investment Corporation Ltd.,Mid-Cap Equities,149.69379428100586,149.99318186956788,8043,1203987.18740213,2407.974374804413,1935.7374577567546,0.16077724730057455,True,472.2369170476584,1 Day,BREAKEVEN RATCHET,73,1.273407379153882,-0.3966685328154469
178,2022-05-30,2022-05-30,BHEL,Bharat Heavy Electricals Ltd.,Mid-Cap Equities,51.90359923553467,51.49679847717285,23202,1204267.3094628754,-9438.591195510933,-9907.536047062216,-0.8227023991443523,False,468.944851551283,1 Day,INTRADAY CLOSE,90,0.2820613669998565,-1.1629251292093097
176,2022-05-26,2022-06-01,AIAENG,AIA Engineering Ltd.,Mid-Cap Equities,1905.804,2272.396051269531,631,1202562.324,231319.58435107418,228391.31794136195,18.992056659623234,True,2928.266409712224,5 Days,TIME EXIT (Swing Max),1,23.307538445716343,-0.1996007984031982
179,2022-06-01,2022-06-01,BHEL,Bharat Heavy Electricals Ltd.,Mid-Cap Equities,51.603,51.706206,23760,1226087.28,2452.174559999956,1972.1357698737852,0.16084791042557633,True,480.0387901261705,1 Day,BREAKEVEN RATCHET,38,1.544486804796048,-0.7809608686714888
180,2022-06-09,2022-06-09,GLAXO,Glaxosmithkline Pharmaceuticals Ltd.,Mid-Cap Equities,1532.8095,1536.3212243652345,800,1226247.6,2809.379492187407,2329.181955617676,0.18994385437473443,True,480.19753656973086,1 Day,BREAKEVEN RATCHET,35,1.1149803295231682,-0.4507719704201709
181,2022-06-27,2022-06-27,DABUR,Dabur India Ltd.,Mid-Cap Equities,518.535,514.6686121826172,2365,1226335.275,-9144.00718811038,-9620.814255853255,-0.7845174522810049,False,476.80706774287586,1 Day,INTRADAY CLOSE,58,0.08967572102173081,-1.2120686163904015
182,2022-06-30,2022-07-01,INDUSTOWER,Indus Towers Ltd.,Mid-Cap Equities,206.01120611572264,206.01038207089817,5949,1225560.665182434,-4.902242660755292,-2744.5769142854833,-0.22394459876671483,False,2739.674671624728,2 Days,SL HIT (Trailing Stop),3,2.3730688601548953,-0.7335552974112263
183,2022-07-05,2022-07-05,M&MFIN,Mahindra & Mahindra Financial Services Ltd.,Mid-Cap Equities,181.01129388427734,182.2348060913086,6769,1225265.4483026732,8281.954129394842,7800.536361007028,0.6366405232280807,True,481.4177683878139,1 Day,BREAKEVEN RATCHET,9,1.9273416817588385,-1.0558942150778834
184,2022-07-05,2022-07-05,GLAXO,Glaxosmithkline Pharmaceuticals Ltd.,Mid-Cap Equities,1547.4386755371095,1540.6125512695312,792,1225571.4310253907,-5406.290419921977,-5883.898101048006,-0.48009426069316613,False,477.60768112602847,1 Day,INTRADAY CLOSE,34,0.08150730976965802,-0.8038234880482139
188,2022-07-07,2022-07-07,THERMAX,Thermax Ltd.,Mid-Cap Equities,2093.178,2097.364356,585,1224509.13,2449.0182600000408,1969.536595412794,0.16084294899563503,True,479.4816645872467,1 Day,BREAKEVEN RATCHET,47,3.5984517322463794,-1.1073114661056003
185,2022-07-06,2022-07-08,COROMANDEL,Coromandel International Ltd.,Mid-Cap Equities,955.7075877685547,965.1158878173828,1282,1225217.1275192872,12061.440662597539,9310.026028696004,0.7598674406018249,True,2751.4146339015356,3 Days,SL HIT (Trailing Stop),21,3.467837677711199,-0.5239652405832079
186,2022-07-07,2022-07-11,BHEL,Bharat Heavy Electricals Ltd.,Mid-Cap Equities,46.3425,46.50679847717285,26444,1225481.07,4344.708930358756,1600.703975019046,0.1306184170612318,True,2744.0049553397102,3 Days,SL HIT (Trailing Stop),33,4.008201462889253,-0.4153821527131572
189,2022-07-11,2022-07-11,GICRE,General Insurance Corporation of India,Mid-Cap Equities,115.23,115.7180969543457,10646,1226738.58,5196.280175964115,4715.22639947631,0.3843709227337017,True,481.0537764878056,1 Day,BREAKEVEN RATCHET,42,1.0587494126895631,-0.32977655634722747
190,2022-07-11,2022-07-11,INDUSTOWER,Indus Towers Ltd.,Mid-Cap Equities,211.12139694213866,212.8734030456543,5813,1227248.680424652,10184.411479736445,9701.750184463217,0.790528467393114,True,482.66129527322846,1 Day,BREAKEVEN RATCHET,28,3.258126915362604,-0.1996007984031877
187,2022-07-07,2022-07-13,INDIANB,Indian Bank,Mid-Cap Equities,152.10360305786133,173.7019030456543,8057,1225498.7298371887,174017.503001648,171097.6394374585,13.96147015674095,True,2919.8635641895053,5 Days,TIME EXIT (Swing Max),17,18.143155938181806,-0.3968367913228984
191,2022-07-18,2022-07-18,ACC,ACC Ltd.,Mid-Cap Equities,2165.271851074219,2169.652,575,1245031.314367676,2518.5856323242188,2031.850970821505,0.16319677644842512,True,486.7346615027138,1 Day,INTRADAY CLOSE,53,0.6755757371654746,-0.6129415605543709
193,2022-07-18,2022-07-18,IDEA,Vodafone Idea Ltd.,Mid-Cap Equities,8.7675,8.832300380706787,142066,1245563.655,9205.930885490263,8717.094507384572,0.699851386349626,True,488.8363781056904,1 Day,BREAKEVEN RATCHET,51,2.0815490078715326,-0.7698909693169472
195,2022-07-18,2022-07-18,TATAELXSI,Tata Elxsi Ltd.,Mid-Cap Equities,8116.600702148437,8087.841705078125,153,1241839.907428711,-4400.1265517577995,-4883.75608018846,-0.3932677675257281,False,483.6295284306606,1 Day,INTRADAY CLOSE,88,0.854415483882384,-0.6480631988526209
192,2022-07-18,2022-07-20,VOLTAS,Voltas Ltd.,Mid-Cap Equities,993.984,1025.7444487304688,1253,1245461.952,39795.84225927736,36970.69536669009,2.968432340090473,True,2825.146892587266,3 Days,SL HIT (Trailing Stop),1,7.139546629711842,-0.35050866009916026
197,2022-07-21,2022-07-21,GICRE,General Insurance Corporation of India,Mid-Cap Equities,117.38430152893066,117.61907013198852,10645,1249555.8897754669,2499.1117795510218,2010.7879963196651,0.16092021275502805,True,488.32378323135663,1 Day,BREAKEVEN RATCHET,59,1.6319912440378608,-0.5403631666831811
194,2022-07-18,2022-07-22,TATAINVEST,Tata Investment Corporation Ltd.,Mid-Cap Equities,137.274,142.42458670043945,9079,1246310.646,46762.1766532897,43927.924882200976,3.5246368971641586,True,2834.2517710887237,5 Days,SL HIT (Trailing Stop),4,7.376483453883746,-2.8949378237992542
199,2022-07-22,2022-07-22,RVNL,Rail Vikas Nigam Ltd.,Mid-Cap Equities,31.162200382232665,30.888100761413575,40248,1254216.2409841004,-11031.961538726697,-11518.054927070641,-0.9183468169757703,False,486.0933883439446,1 Day,INTRADAY CLOSE,48,0.7631015569529257,-0.8414064491154721
196,2022-07-20,2022-07-25,JUBLFOOD,Jubilant Foodworks Ltd.,Mid-Cap Equities,566.13,572.7022756347657,2207,1249448.91,14505.012325927848,11697.21162609808,0.9361896698999946,True,2807.8006998297674,4 Days,SL HIT (Trailing Stop),8,4.375324468595995,-1.2505983090511448
198,2022-07-21,2022-07-25,IDEA,Vodafone Idea Ltd.,Mid-Cap Equities,8.867700382232666,8.882199619293212,140943,1249840.2949730186,2043.565969024552,-752.1916904086415,-0.060183024457927226,False,2795.7576594331936,3 Days,SL HIT (Trailing Stop),27,3.1834548319113534,-0.7634469882794754
200,2022-07-27,2022-07-27,KPITTECH,KPIT Technologies Ltd.,Mid-Cap Equities,524.3465877685547,526.1456121826172,2391,1253712.6913546144,4301.467374023283,3811.1626367293693,0.30399011376454005,True,490.30473729391383,1 Day,BREAKEVEN RATCHET,53,3.929352248892828,-0.38078100042839236
201,2022-07-28,2022-07-28,JUBLFOOD,Jubilant Foodworks Ltd.,Mid-Cap Equities,564.126,565.254252,2223,1254052.098,2508.104195999913,2018.1931413240127,0.16093375582582956,True,489.91105467590023,1 Day,BREAKEVEN RATCHET,37,5.951509451262887,-0.33254982043018344
203,2022-07-28,2022-07-28,GICRE,General Insurance Corporation of India,Mid-Cap Equities,115.43039694213867,115.66125773602295,10870,1254728.4147610473,2509.456829522038,2019.3070184921905,0.16093578456790994,True,490.1498110298474,1 Day,BREAKEVEN RATCHET,67,1.0998836006255126,-0.7193932361107862
204,2022-07-28,2022-07-28,BSE,BSE Ltd.,Mid-Cap Equities,220.10600509643555,220.8075,5701,1254824.3350547792,3999.2224452209193,3508.6124172385867,0.27960984810558515,True,490.61002798233284,1 Day,BREAKEVEN RATCHET,34,1.769145236114009,-0.34347040762867875
205,2022-07-29,2022-07-29,IDEA,Vodafone Idea Ltd.,Mid-Cap Equities,8.717399808883666,8.734834608501433,144001,1255314.2898790569,2510.6285797581077,2020.2719404857844,0.16093754024583176,True,490.35663927232326,1 Day,BREAKEVEN RATCHET,69,1.521102341215677,-0.7731685116094712
206,2022-07-29,2022-07-29,GICRE,General Insurance Corporation of India,Mid-Cap Equities,115.731,116.0674030456543,10848,1255449.888,3649.3002392577473,3158.5698907220894,0.2515886871242518,True,490.73034853565775,1 Day,BREAKEVEN RATCHET,60,1.4421386887514251,-0.3292130249275482
207,2022-07-29,2022-07-29,OFSS,Oracle Financial Services Software Ltd.,Mid-Cap Equities,3129.246,3137.7619487304687,401,1254827.646,3414.8954409179278,2924.4514955674636,0.23305603003645198,True,490.44394535046416,1 Day,BREAKEVEN RATCHET,62,2.1012729584059517,-0.33541626321484774
208,2022-08-01,2022-08-01,RVNL,Rail Vikas Nigam Ltd.,Mid-Cap Equities,31.162200382232665,31.22452478299713,40309,1256117.1352074165,2512.234270414803,2021.594207110395,0.16093994345332924,True,490.6400633044081,1 Day,BREAKEVEN RATCHET,85,2.5280640360555453,-0.520503623759332
209,2022-08-01,2022-08-01,NIACL,The New India Assurance Company Ltd.,Mid-Cap Equities,82.96560305786133,83.13340304565429,15142,1256265.1615021362,2540.8274151610676,2050.126995591585,0.16319221916018237,True,490.70041956948285,1 Day,INTRADAY CLOSE,47,0.7646487132954704,-0.9227994269928926
210,2022-08-01,2022-08-02,ASHOKLEY,Ashok Leyland Ltd.,Mid-Cap Equities,75.35039694213867,75.35009554055091,16675,1256467.8690101623,-5.025871475925669,-2813.3901919546033,-0.22391262533207273,False,2808.3643204786777,2 Days,SL HIT (Trailing Stop),13,5.009400362893685,-2.389362184466496
211,2022-08-01,2022-08-02,INDUSTOWER,Indus Towers Ltd.,Mid-Cap Equities,224.1975,224.19660321,5604,1256402.79,-5.025611160090193,-2813.24529693222,-0.2239126910035133,False,2808.2196857721297,2 Days,SL HIT (Trailing Stop),28,2.476611023762535,-2.630491842345333
202,2022-07-28,2022-08-03,POLYCAB,Polycab India Ltd.,Mid-Cap Equities,2239.47,2351.0385,560,1254103.2,62478.3600000001,59610.504133884344,4.753237543280677,True,2867.855866115759,5 Days,TIME EXIT (Swing Max),21,6.67702626067776,-0.7332070164759877
212,2022-08-03,2022-08-05,GICRE,General Insurance Corporation of India,Mid-Cap Equities,118.63680152893066,119.5105,10636,1261821.0210617066,9292.65693829325,6462.760993664078,0.5121773124548407,True,2829.895944629172,3 Days,SL HIT (Trailing Stop),4,6.965123714105853,-0.49461758038862214
213,2022-08-05,2022-08-05,GODREJIND,Godrej Industries Ltd.,Mid-Cap Equities,454.908,452.2436939086914,2775,1262369.7,-7393.449403381208,-7883.457931436676,-0.6244967644135213,False,490.00852805546776,1 Day,INTRADAY CLOSE,36,0.45987320513158364,-1.2327794206809433
215,2022-08-08,2022-08-08,MARICO,Marico Ltd.,Mid-Cap Equities,525.2484122314453,522.3532243652344,2402,1261646.6861799315,-6954.241254638415,-7444.120667818554,-0.5900321182912297,False,489.879413180139,1 Day,INTRADAY CLOSE,36,0.5048301186389514,-0.8945147341837606
214,2022-08-05,2022-08-10,NMDC,NMDC Ltd.,Mid-Cap Equities,27.726469573974608,28.638593822479248,45508,1261776.1773724365,41508.95030094916,38645.77065846088,3.0628071247103494,True,2863.1796424882773,3 Days,SL HIT (Trailing Stop),14,8.163306463163241,-0.43061680141870523
216,2022-08-10,2022-08-10,RVNL,Rail Vikas Nigam Ltd.,Mid-Cap Equities,31.362599235534667,31.137600761413573,40331,1264884.9897683486,-9074.413459777832,-9564.827371124728,-0.7561815855587339,False,490.41391134689565,1 Day,INTRADAY CLOSE,46,0.11925154134938862,-0.8372993963058031
217,2022-08-10,2022-08-10,GODREJIND,Godrej Industries Ltd.,Mid-Cap Equities,458.415,459.33183,2757,1263850.155,2527.7003099999856,2034.3303016209954,0.1609629348521143,True,493.3700083789901,1 Day,BREAKEVEN RATCHET,30,2.0799956823034216,-0.9521966355881178
219,2022-08-11,2022-08-11,BHEL,Bharat Heavy Electricals Ltd.,Mid-Cap Equities,53.106,52.79420152282715,23804,1264135.224,-7422.050950622419,-7912.673554636274,-0.6259356914048204,False,490.62260401385515,1 Day,INTRADAY CLOSE,68,0.7419124016118674,-0.8586571651434779
220,2022-08-11,2022-08-11,THERMAX,Thermax Ltd.,Mid-Cap Equities,2129.1998510742187,2133.458250776367,593,1262615.5116870117,2525.2310233740136,2032.2968742740068,0.16095928296957202,True,492.93414910000683,1 Day,BREAKEVEN RATCHET,62,1.305661791764433,-0.43208020466360764
221,2022-08-11,2022-08-11,VOLTAS,Voltas Ltd.,Mid-Cap Equities,981.96,987.5708878173828,1286,1262800.56,7215.601733154152,6721.259857359358,0.5322503069969622,True,494.34187579479374,1 Day,BREAKEVEN RATCHET,33,1.7862234714244942,-0.44910303953636466
218,2022-08-11,2022-08-12,JUBLFOOD,Jubilant Foodworks Ltd.,Mid-Cap Equities,573.144,573.1417074240001,2205,1263782.52,-5.05513007985428,-2829.6758809616726,-0.2239052871978062,False,2824.6207508818184,2 Days,SL HIT (Trailing Stop),14,3.8133523163463274,-0.19960079840319456
222,2022-08-12,2022-08-12,VOLTAS,Voltas Ltd.,Mid-Cap Equities,996.9399122314453,1005.3852243652344,1267,1263122.8687972412,10700.21047351067,10204.757613714353,0.8078990465457592,True,495.4528597963163,1 Day,BREAKEVEN RATCHET,19,1.8065381628942945,-0.5707377306932776
223,2022-08-12,2022-08-12,ENDURANCE,Endurance Technologies Ltd.,Mid-Cap Equities,1425.5955,1428.4466909999999,887,1264503.2085,2529.0064169999678,2035.4058647670136,0.1609648635990008,True,493.60055223295427,1 Day,BREAKEVEN RATCHET,36,2.343196229224917,-0.32235651697833656
224,2022-08-16,2022-08-16,SJVN,SJVN Ltd.,Mid-Cap Equities,28.657200382232666,28.542800380706787,44148,1265158.0824748077,-5050.531267364509,-5542.193170486387,-0.4380632940071144,False,491.66190312187825,1 Day,INTRADAY CLOSE,60,0.32382653060858285,-0.8975083409119625
225,2022-08-16,2022-08-16,BHEL,Bharat Heavy Electricals Ltd.,Mid-Cap Equities,53.30640076446533,53.79220152282715,23723,1264587.745335411,11524.65139061748,11028.446255729594,0.8720981439531885,True,496.2051348878871,1 Day,BREAKEVEN RATCHET,38,1.4887475017536451,-0.7623835651221352
227,2022-08-16,2022-08-16,KPRMILL,K.P.R. Mill Ltd.,Mid-Cap Equities,581.16,584.4787243652344,2177,1265185.3199999998,7224.862943115411,6729.677903090015,0.5319124239514584,True,495.1850400253961,1 Day,BREAKEVEN RATCHET,46,3.009502445808819,-0.5953589016740172
228,2022-08-16,2022-08-16,BSE,BSE Ltd.,Mid-Cap Equities,219.80540203857421,219.89266159057618,5761,1266298.921144226,502.70227908319794,9.048805265540238,0.0007145868257838955,True,493.6534738176577,1 Day,INTRADAY CLOSE,70,0.8467806965130155,-0.36641594387788196
229,2022-08-17,2022-08-17,RVNL,Rail Vikas Nigam Ltd.,Mid-Cap Equities,31.212299617767336,31.137600761413573,40573,1266376.6323916742,-3030.756698841229,-3523.426194314057,-0.27822893317762243,False,492.6694954728278,1 Day,INTRADAY CLOSE,51,0.12078694198873968,-0.5199885387951382
226,2022-08-16,2022-08-19,HONAUT,Honeywell Automation India Ltd.,Mid-Cap Equities,40180.2,42714.4506796875,31,1245586.2,78561.77107031248,75696.17777916096,6.07715289228164,True,2865.593291151505,4 Days,SL HIT (Trailing Stop),2,10.370651309600259,-0.6956181931647853
232,2022-08-25,2022-08-25,GICRE,General Insurance Corporation of India,Mid-Cap Equities,120.24,120.48048,10592,1273582.0799999998,2547.1641600001603,2050.35854413114,0.16099147250337728,True,496.8056158690202,1 Day,BREAKEVEN RATCHET,38,2.295409181636731,-0.19960079840318934
233,2022-08-25,2022-08-25,JUBLFOOD,Jubilant Foodworks Ltd.,Mid-Cap Equities,587.8233244628906,588.9989711118163,2167,1273813.1441110838,2547.626288222149,2050.7391010719366,0.16099214477041857,True,496.88718715021236,1 Day,BREAKEVEN RATCHET,33,1.6206657215842306,-0.8205398224539284
235,2022-08-26,2022-08-26,SJVN,SJVN Ltd.,Mid-Cap Equities,28.8075,28.84219961929321,44225,1274011.6875,1534.5906632421538,1037.9234562122267,0.08146891165880507,True,496.66720702992717,1 Day,INTRADAY CLOSE,28,0.8417920231208744,-0.8938670934286352
237,2022-08-26,2022-08-26,JUBLFOOD,Jubilant Foodworks Ltd.,Mid-Cap Equities,591.1299122314454,592.3121720559083,2155,1273884.9608587648,2547.769921717467,2050.8573814992596,0.1609923536672192,True,496.91254021820697,1 Day,BREAKEVEN RATCHET,32,1.1621959279003278,-0.6478989405254589
230,2022-08-24,2022-08-29,JSL,Jindal Stainless Ltd.,Mid-Cap Equities,122.89530152893066,127.245,10363,1273564.0097443084,45075.92525569163,42182.85152938337,3.3121893526068127,True,2893.0737263082615,4 Days,SL HIT (Trailing Stop),17,5.781098530765907,-0.280969632587264
231,2022-08-25,2022-08-29,BHEL,Bharat Heavy Electricals Ltd.,Mid-Cap Equities,53.607,57.385,23758,1273595.106,89757.72399999993,86818.2807221704,6.816788185912706,True,2939.443277829536,3 Days,SL HIT (Trailing Stop),1,13.231482386515667,-0.19960079840319234
234,2022-08-25,2022-08-29,SUPREMEIND,Supreme Industries Ltd.,Mid-Cap Equities,1868.9303510742188,1892.208,681,1272741.569081543,15852.078918457031,12991.115536439262,1.020719040850856,True,2860.9633820177705,3 Days,SL HIT (Trailing Stop),14,4.281572079540723,-0.4724828554047418
236,2022-08-26,2022-08-29,GICRE,General Insurance Corporation of India,Mid-Cap Equities,121.242,121.24151503200001,10509,1274132.178,-5.096528711961582,-2852.718854816856,-0.22389504825902415,False,2847.6223261048945,2 Days,SL HIT (Trailing Stop),6,5.285298432786412,-0.9419190757979171
238,2022-08-30,2022-08-30,IDEA,Vodafone Idea Ltd.,Mid-Cap Equities,8.967899808883667,9.031900190353394,143651,1288247.7754459477,9193.718798507703,8689.841812199407,0.6745473951384297,True,503.87698630829686,1 Day,BREAKEVEN RATCHET,47,3.1456661774575436,-0.7571470667650738
239,2022-08-30,2022-08-30,AWL,AWL Agri Business Ltd.,Mid-Cap Equities,693.384,694.770768,1859,1289000.856,2578.0017119999975,2075.752891183067,0.1610358039345683,True,502.24882081693085,1 Day,BREAKEVEN RATCHET,81,1.2426015021979142,-0.9207019487037507
240,2022-08-30,2022-08-30,POLYCAB,Polycab India Ltd.,Mid-Cap Equities,2444.88,2465.2096025390624,527,1288451.76,10713.700538085774,10209.31659872004,0.7923708838521079,True,504.3839393657342,1 Day,BREAKEVEN RATCHET,49,2.375165700233749,-0.6045246533060972
241,2022-08-30,2022-08-30,GODREJIND,Godrej Industries Ltd.,Mid-Cap Equities,480.90991223144533,478.5908878173828,2683,1290281.2945169678,-6221.942502929829,-6722.123844030079,-0.5209812676193671,False,500.18134110025073,1 Day,INTRADAY CLOSE,85,0.64255023445379,-0.9065989965243847
242,2022-08-30,2022-08-30,VOLTAS,Voltas Ltd.,Mid-Cap Equities,989.7755877685547,999.1976121826171,1303,1289677.590862427,12276.897811523173,11771.634397915528,0.912757923477887,True,505.2634136076452,1 Day,BREAKEVEN RATCHET,53,1.7099254262910832,-0.5633171428377597
243,2022-09-01,2022-09-01,AUBANK,AU Small Finance Bank Ltd.,Mid-Cap Equities,641.2299122314453,646.704,2013,1290795.8133218994,11019.338678100612,10514.041090871204,0.8145394478630221,True,505.2975872294082,1 Day,BREAKEVEN RATCHET,16,2.038282262291902,-1.0339406379898826
247,2022-09-06,2022-09-06,JUBLFOOD,Jubilant Foodworks Ltd.,Mid-Cap Equities,606.21,610.1272756347656,2131,1291833.51,8347.71437768545,7842.815740523462,0.6071073152858113,True,504.89863716198744,1 Day,BREAKEVEN RATCHET,8,2.076836045754559,-0.6284910486362046
244,2022-09-05,2022-09-07,IDEA,Vodafone Idea Ltd.,Mid-Cap Equities,9.068100191116333,9.081800380706786,142467,1291905.0299277706,1951.8249103832059,-937.3245389094145,-0.07255367207307951,False,2889.1494492926204,3 Days,SL HIT (Trailing Stop),8,10.828067389247199,-0.19960079840319142
245,2022-09-05,2022-09-07,GICRE,General Insurance Corporation of India,Mid-Cap Equities,125.14980152893067,129.2909030456543,10322,1291796.2513816224,42744.449855621206,39813.27178284952,3.082008617091728,True,2931.17807277168,3 Days,SL HIT (Trailing Stop),10,6.352550685225916,-0.55917354413599
246,2022-09-06,2022-09-09,BSE,BSE Ltd.,Mid-Cap Equities,221.442,229.90593536376954,5834,1291892.628,49378.59891223139,46440.33216931111,3.5947516970668176,True,2938.266742920282,4 Days,SL HIT (Trailing Stop),6,6.875241260885325,-0.9447141447802956
248,2022-09-09,2022-09-09,AWL,AWL Agri Business Ltd.,Mid-Cap Equities,703.3539122314453,704.7606200559081,1850,1301204.7376281738,2602.4094752562232,2095.8523858152334,0.16107014716496787,True,506.5570894409897,1 Day,BREAKEVEN RATCHET,33,1.6557934158077807,-0.874936488927788
251,2022-09-12,2022-09-12,ENDURANCE,Endurance Technologies Ltd.,Mid-Cap Equities,1465.1745,1473.6467756347656,888,1301074.956,7523.380763671827,7015.460906097252,0.5392049761426083,True,507.91985757457473,1 Day,BREAKEVEN RATCHET,31,1.349699382010465,-0.29173832781949044
252,2022-09-13,2022-09-13,BDL,Bharat Dynamics Ltd.,Mid-Cap Equities,423.846,425.7468060913086,3072,1302054.912,5839.276312500006,5331.49310195396,0.4094676079186712,True,507.78321054604567,1 Day,BREAKEVEN RATCHET,23,2.6139182139193826,-0.659676440742924
249,2022-09-12,2022-09-14,JUBLFOOD,Jubilant Foodworks Ltd.,Mid-Cap Equities,608.1138244628906,619.8577756347656,2140,1301363.584350586,25132.055507812416,22197.86491769465,1.7057389022278473,True,2934.1905901177665,3 Days,SL HIT (Trailing Stop),5,4.996790784019354,-0.4791557334571349
250,2022-09-12,2022-09-14,AWL,AWL Agri Business Ltd.,Mid-Cap Equities,713.5241755371094,716.564,1823,1300754.5720041504,5541.599995849654,2629.063045792587,0.20211830135963565,True,2912.536950057067,3 Days,SL HIT (Trailing Stop),9,4.271169149938019,-0.9353852581305803
253,2022-09-15,2022-09-15,COROMANDEL,Coromandel International Ltd.,Mid-Cap Equities,1027.9518244628907,1030.0077281118165,1269,1304470.8652434084,2608.9417304866947,2101.231618134175,0.16107922945002642,True,507.71011235252,1 Day,BREAKEVEN RATCHET,32,1.1331417334788993,-0.6130442982696144
254,2022-09-20,2022-09-20,BHEL,Bharat Heavy Electricals Ltd.,Mid-Cap Equities,59.819400764465335,59.97979847717285,21821,1305319.1440813981,3500.0384889906272,2991.7743440043005,0.22919868735317783,True,508.2641449863268,1 Day,BREAKEVEN RATCHET,52,1.9736059212348025,-0.2831844458847501
255,2022-09-20,2022-09-20,JUBLFOOD,Jubilant Foodworks Ltd.,Mid-Cap Equities,621.24,623.0513878173828,2101,1305225.24,3805.725804321235,3297.4072603586874,0.2526312822726817,True,508.31854396254766,1 Day,BREAKEVEN RATCHET,50,1.8849417627698217,-0.4490998314610713
256,2022-09-20,2022-09-20,GODREJIND,Godrej Industries Ltd.,Mid-Cap Equities,466.7315877685547,467.6650509440918,2798,1305914.9825764159,2611.8299651530106,2103.6100440703817,0.1610832306954782,True,508.21992108262884,1 Day,BREAKEVEN RATCHET,78,1.6430013157224639,-0.199600798403191
257,2022-09-20,2022-09-20,IDEA,Vodafone Idea Ltd.,Mid-Cap Equities,9.168299617767333,9.186636217002869,142469,1306198.4782436942,2612.396956487559,2104.0769545023445,0.16108401514381432,True,508.3200019852141,1 Day,BREAKEVEN RATCHET,87,1.436477628984834,-0.7449498723323701
258,2022-09-29,2022-09-30,PATANJALI,Patanjali Foods Ltd.,Mid-Cap Equities,450.91669592285155,450.91489225606784,2897,1306305.6680885009,-5.2252226723358035,-2924.3514528153714,-0.22386425507090807,False,2919.1262301430356,2 Days,SL HIT (Trailing Stop),13,3.234145954010882,-1.3121483361227875
259,2022-09-29,2022-09-30,SUNDARMFIN,Sundaram Finance Ltd.,Mid-Cap Equities,2215.872851074219,2215.863987582815,589,1305149.109282715,-5.220596437109634,-2921.7764349429344,-0.22386533570472167,False,2916.555838505825,2 Days,SL HIT (Trailing Stop),25,2.645781272935384,-0.6238084572132772
260,2022-09-29,2022-09-30,UNOMINDA,UNO Minda Ltd.,Mid-Cap Equities,553.104,553.1017875840001,2361,1305878.544,-5.223514175741002,-2923.400483304429,-0.22386465393250454,False,2918.176969128688,2 Days,SL HIT (Trailing Stop),16,2.620840851980361,-0.90471672851083
261,2022-09-29,2022-09-30,POLYCAB,Polycab India Ltd.,Mid-Cap Equities,2532.003851074219,2531.9937230588143,515,1303981.9833032226,-5.215927933109924,-2919.177889809185,-0.2238664281552709,False,2913.9619618760753,2 Days,SL HIT (Trailing Stop),15,2.96192870693951,-0.474085024362269
264,2022-10-03,2022-10-03,BHEL,Bharat Heavy Electricals Ltd.,Mid-Cap Equities,60.42059923553467,60.541440434005736,21602,1305205.7846860199,2610.4115693720523,2102.44201248604,0.1610812668127887,True,507.96955688601224,1 Day,BREAKEVEN RATCHET,19,2.2829962280722054,-0.8616228839875284
266,2022-10-04,2022-10-04,INDUSTOWER,Indus Towers Ltd.,Mid-Cap Equities,200.24970611572266,200.9971939086914,6519,1305427.834168396,4872.872922363225,4364.177528429829,0.33431013298486667,True,508.69539393339585,1 Day,BREAKEVEN RATCHET,68,1.4733059487311202,-0.5991035329018404
268,2022-10-04,2022-10-04,BHEL,Bharat Heavy Electricals Ltd.,Mid-Cap Equities,61.522801528930664,61.876,21226,1305882.9852530824,7496.990746917669,6987.383843325722,0.5350696748661256,True,509.6069035919466,1 Day,BREAKEVEN RATCHET,54,1.4258128289813738,-0.6872298469872996
270,2022-10-04,2022-10-04,GICRE,General Insurance Corporation of India,Mid-Cap Equities,125.60069847106934,126.44659695434571,10402,1306498.4654960632,8799.036023040768,8288.839512995019,0.6344316301854849,True,510.19651004574933,1 Day,BREAKEVEN RATCHET,70,1.9102612948313464,-1.1152020170889287
272,2022-10-06,2022-10-06,MAHABANK,Bank of Maharashtra,Mid-Cap Equities,18.236400764465333,18.413100761413574,71692,1307404.0436060487,12667.976181213278,12156.353107085795,0.9298084373027063,True,511.623074127483,1 Day,BREAKEVEN RATCHET,22,1.9938123849136267,-0.7479567089871746
274,2022-10-06,2022-10-06,JSL,Jindal Stainless Ltd.,Mid-Cap Equities,132.264,133.233,9894,1308620.016,9587.28600000008,9076.116127598212,0.6935639082872023,True,511.169872401868,1 Day,BREAKEVEN RATCHET,30,1.5015423698058352,-0.27521177608089503
262,2022-09-30,2022-10-07,LUPIN,Lupin Ltd.,Mid-Cap Equities,661.32,719.4582243652344,1973,1304784.36,114706.71667260746,111672.10397996595,8.558663592500904,True,3034.6126926415095,5 Days,SL HIT (Trailing Stop),11,13.492709700745282,-0.19960079840320114
263,2022-10-03,2022-10-07,RVNL,Rail Vikas Nigam Ltd.,Mid-Cap Equities,34.118099235534665,35.72839923858643,38256,1305222.004354614,61603.63691674825,58623.078372458636,4.491425839962425,True,2980.5585442896145,4 Days,SL HIT (Trailing Stop),2,8.739933658088205,-0.6392434354273915
265,2022-10-04,2022-10-07,SJVN,SJVN Ltd.,Mid-Cap Equities,31.913700382232665,32.63460076141357,40905,1305429.9141352272,29488.43001039489,26540.688008989277,2.033099419708868,True,2947.742001405615,3 Days,SL HIT (Trailing Stop),17,6.223976285595748,-0.6696171761146993
267,2022-10-04,2022-10-07,JUBLFOOD,Jubilant Foodworks Ltd.,Mid-Cap Equities,623.244,633.9795,2095,1305696.1800000002,22490.872499999823,19549.78978651928,1.4972694326577012,True,2941.0827134805445,3 Days,SL HIT (Trailing Stop),38,4.670077142489534,-1.3227564164275996
269,2022-10-04,2022-10-07,POLYCAB,Polycab India Ltd.,Mid-Cap Equities,2579.148,2624.74,506,1305048.888,23069.55199999991,20129.308219175782,1.5424179434399687,True,2940.243780824128,3 Days,SL HIT (Trailing Stop),27,4.685733428248392,-0.7346631068913121
273,2022-10-06,2022-10-07,PATANJALI,Patanjali Foods Ltd.,Mid-Cap Equities,457.0622938842773,457.0604656351018,2863,1308569.347390686,-5.234277389477938,-2929.3914167422804,-0.22386214552431224,False,2924.1571393528025,2 Days,SL HIT (Trailing Stop),14,3.7057762896562845,-1.0200578893023686
271,2022-10-04,2022-10-10,APARINDS,Apar Industries Ltd.,Mid-Cap Equities,1292.9306755371094,1437.12,1011,1307152.9129680176,145775.4070319822,142703.3361593235,10.917111130885345,True,3072.0708726587186,4 Days,SL HIT (Trailing Stop),1,17.0944413197521,-0.19960079840319836
275,2022-10-12,2022-10-12,SJVN,SJVN Ltd.,Mid-Cap Equities,32.915698471069334,32.73439923858643,40927,1347140.7913254546,-7420.033687827876,-7939.912347449783,-0.5893899433954254,False,519.8786596219069,1 Day,INTRADAY CLOSE,36,0.2561134438777341,-1.4148194623279746
276,2022-10-14,2022-10-14,PATANJALI,Patanjali Foods Ltd.,Mid-Cap Equities,465.2620101928711,466.19253421325686,2893,1346002.9954879761,2692.005990976002,2169.634021103501,0.16119087612557118,True,522.3719698725013,1 Day,BREAKEVEN RATCHET,23,1.1974614713715184,-1.130977831327726
277,2022-10-14,2022-10-14,JSL,Jindal Stainless Ltd.,Mid-Cap Equities,131.21189694213868,131.8358060913086,10262,1346496.4864202272,6402.555688781664,5878.947731245305,0.43661069973342265,True,523.6079575363591,1 Day,BREAKEVEN RATCHET,11,2.5059488769614355,-0.6187724319025235
278,2022-10-14,2022-10-14,GICRE,General Insurance Corporation of India,Mid-Cap Equities,123.19589694213867,123.44228873602295,10935,1347147.1330622863,2694.294266124489,2171.5183877118043,0.16119385436211314,True,522.7758784126847,1 Day,BREAKEVEN RATCHET,43,1.1803190039869431,-0.5648702265348297
279,2022-10-18,2022-10-18,SJVN,SJVN Ltd.,Mid-Cap Equities,32.8155,32.881131,41059,1347371.6145,2694.7432290001307,2171.8881031509127,0.1611944381028752,True,522.8551258492179,1 Day,BREAKEVEN RATCHET,39,1.1717047216694947,-1.5709063184758825
281,2022-10-18,2022-10-19,TATACOMM,Tata Communications Ltd.,Mid-Cap Equities,1207.3098244628907,1207.3049952235929,1116,1347357.764100586,-5.389431056333706,-3015.751803928623,-0.22382709954855642,False,3010.362372872289,2 Days,SL HIT (Trailing Stop),11,3.3703176030404305,-0.882938234480989
282,2022-10-19,2022-10-19,BANKINDIA,Bank of India,Mid-Cap Equities,48.697198471069335,48.79459286801147,27667,1347305.3900990754,2694.610780197894,2171.779033181522,0.16119426591337382,True,522.8317470163722,1 Day,BREAKEVEN RATCHET,28,1.0325076342303954,-0.610295775776488
284,2022-10-19,2022-10-19,JUBLFOOD,Jubilant Foodworks Ltd.,Mid-Cap Equities,605.208,606.418416,2226,1347193.008,2694.386016000062,2171.5939426126306,0.16119397367096716,True,522.7920733874316,1 Day,BREAKEVEN RATCHET,37,2.369761766693233,-0.5218060909689264
280,2022-10-18,2022-10-20,JSL,Jindal Stainless Ltd.,Mid-Cap Equities,131.06160305786133,133.2829030456543,10282,1347575.4026409301,22839.40647448739,19804.88803892382,1.4696682649528112,True,3034.5184355635724,3 Days,SL HIT (Trailing Stop),10,4.759899046208322,-0.6955577683377636
285,2022-10-21,2022-10-21,RVNL,Rail Vikas Nigam Ltd.,Mid-Cap Equities,36.02190076446533,36.093944565994256,37469,1349704.5997437513,2699.409199487418,2175.730472801001,0.16120049329416783,True,523.6787266864171,1 Day,BREAKEVEN RATCHET,24,1.8824659001422055,-0.6160183740878051
283,2022-10-19,2022-10-24,SUZLON,Suzlon Energy Ltd.,Mid-Cap Equities,7.865699904441834,8.532900190353393,171317,1347528.1105292616,114302.75138151064,111173.5613543556,8.250184948697695,True,3129.1900271550358,4 Days,SL HIT (Trailing Stop),1,22.048902171420465,-0.8352685012794492
286,2022-10-24,2022-10-24,PATANJALI,Patanjali Foods Ltd.,Mid-Cap Equities,481.2605877685547,475.8297585449219,2828,1361004.9422094726,-15358.38504443341,-15880.877989207294,-1.166849399049652,False,522.492944773885,1 Day,INTRADAY CLOSE,60,0.3406483243373584,-1.3008727345787725
288,2022-10-24,2022-10-28,TATAINVEST,Tata Investment Corporation Ltd.,Mid-Cap Equities,233.15036755371094,235.528,5830,1359266.6428381347,13861.597161865328,10810.39854557578,0.7953111041556776,True,3051.198616289549,4 Days,SL HIT (Trailing Stop),6,4.569851308347522,-1.951685299894302
289,2022-10-28,2022-10-28,GICRE,General Insurance Corporation of India,Mid-Cap Equities,123.29610305786133,123.90170152282715,11034,1360449.201140442,6682.173462432809,6153.567808811,0.4523188226103971,True,528.6056536218093,1 Day,BREAKEVEN RATCHET,15,1.9091426327666825,-0.6051286193152288
290,2022-10-28,2022-10-28,HUDCO,Housing & Urban Development Corporation Ltd.,Mid-Cap Equities,36.77340076446533,36.84694756599426,37015,1361167.4292966842,2722.334858593531,2194.6094727858203,0.1612299431760409,True,527.7253858077107,1 Day,BREAKEVEN RATCHET,21,1.0241118677756127,-0.6075084783038565
287,2022-10-24,2022-10-31,RVNL,Rail Vikas Nigam Ltd.,Mid-Cap Equities,36.573,40.36910076141358,37171,1359454.983,141104.86140250415,137921.39143051417,10.14534450608683,True,3183.4699719899872,5 Days,SL HIT (Trailing Stop),8,14.975526309191334,-0.7464543869506289
292,2022-11-01,2022-11-01,JUBLFOOD,Jubilant Foodworks Ltd.,Mid-Cap Equities,615.6789122314453,618.76,2233,1374811.0110128175,6880.068987182574,6346.34484210316,0.46161579964564253,True,533.7241450794148,1 Day,BREAKEVEN RATCHET,44,1.1809889588767608,-0.8411709624218033
293,2022-11-01,2022-11-01,TATAINVEST,Tata Investment Corporation Ltd.,Mid-Cap Equities,237.07320611572266,237.5473525279541,5803,1375735.8150895385,2751.4716301790904,2218.6032479603327,0.1612666635284142,True,532.8683822187576,1 Day,BREAKEVEN RATCHET,54,2.1203577030713605,-0.7036675986114929
294,2022-11-01,2022-11-01,HUDCO,Housing & Urban Development Corporation Ltd.,Mid-Cap Equities,36.573,36.47689923858643,37624,1376022.552,-3615.695047424175,-4146.842041991034,-0.3013643952247546,False,531.1469945668599,1 Day,INTRADAY CLOSE,72,0.34725279014423954,-0.6097435974049343
291,2022-11-01,2022-11-02,SUZLON,Suzlon Energy Ltd.,Mid-Cap Equities,8.066100191116332,8.066067926715567,170489,1375181.3554832323,-5.500725422054529,-3077.699579283774,-0.22380317817807271,False,3072.1988538617193,2 Days,SL HIT (Trailing Stop),12,6.619062219700791,-1.4393620101454179
295,2022-11-04,2022-11-04,APARINDS,Apar Industries Ltd.,Mid-Cap Equities,1451.898,1461.0220512695312,947,1374947.406,8640.476552246138,8106.200460064983,0.5895644025866822,True,534.2760921811551,1 Day,BREAKEVEN RATCHET,23,1.935535416399781,-1.2327312249207527
296,2022-11-04,2022-11-04,YESBANK,Yes Bank Ltd.,Mid-Cap Equities,16.2825,16.417100761413575,84515,1376115.4874999998,11375.783350868616,10840.31265010288,0.7877473038107118,True,535.4707007657356,1 Day,BREAKEVEN RATCHET,22,1.9499486041438827,-0.8137594440026128
297,2022-11-04,2022-11-04,SUZLON,Suzlon Energy Ltd.,Mid-Cap Equities,8.116200382232666,8.133699619293212,169686,1377205.5780595322,2969.3755398557987,2435.92676697429,0.17687459343625986,True,533.448772881509,1 Day,BREAKEVEN RATCHET,31,1.6485499552258138,-0.8156549663648387
298,2022-11-07,2022-11-07,INDUSTOWER,Indus Towers Ltd.,Mid-Cap Equities,190.22970611572265,191.2168060913086,7241,1377453.3019839476,7147.590923217824,6612.858925667389,0.48007862888294506,True,534.7319975504353,1 Day,INTRADAY CLOSE,35,0.9043229197195057,-0.4098777122675785
301,2022-11-14,2022-11-14,SUZLON,Suzlon Energy Ltd.,Mid-Cap Equities,8.316600191116333,8.2335,165706,1378110.551269123,-13770.200269123306,-14299.17669979698,-1.0375928612279073,False,528.9764306736749,1 Day,INTRADAY CLOSE,55,0.4016087053105113,-1.4020198058305942
300,2022-11-14,2022-11-15,ASHOKLEY,Ashok Leyland Ltd.,Mid-Cap Equities,75.15,75.1496994,18338,1378100.7000000002,-5.512402800144628,-3084.199347621441,-0.22380072425922437,False,3078.6869448212965,2 Days,SL HIT (Trailing Stop),15,2.129075182967391,-1.1310671300627986
299,2022-11-11,2022-11-16,GODREJPROP,Godrej Properties Ltd.,Mid-Cap Equities,1249.494,1289.9649487304687,1102,1376942.3879999998,44598.985500976676,41476.652508531566,3.0122286066576938,True,3122.3329924451104,4 Days,SL HIT (Trailing Stop),9,5.634762905149011,-0.6757896534016902
302,2022-11-21,2022-11-21,AIAENG,AIA Engineering Ltd.,Mid-Cap Equities,2681.6526489257812,2698.392448730469,514,1378369.4615478516,8604.257099609356,8068.7852640553,0.5853862472398649,True,535.4718355540563,1 Day,BREAKEVEN RATCHET,17,4.040320103262465,-0.7123443114569065
303,2022-11-22,2022-11-24,APLAPOLLO,APL Apollo Tubes Ltd.,Mid-Cap Equities,1109.0136489257814,1122.5005,1245,1380721.9929125977,16791.129587402334,13689.21182776191,0.9914531598707187,True,3101.917759640424,3 Days,SL HIT (Trailing Stop),15,3.226867400325258,-1.6062649698821245
305,2022-11-24,2022-11-24,NIACL,The New India Assurance Company Ltd.,Mid-Cap Equities,95.84130152893066,96.20720152282715,14426,1382606.6158563537,5278.4733119506855,4742.460008676695,0.3430086298074979,True,536.01330327399,1 Day,BREAKEVEN RATCHET,27,2.3567052086710514,-0.4604486750615966
304,2022-11-24,2022-11-30,SJVN,SJVN Ltd.,Mid-Cap Equities,36.673198471069334,38.922,37703,1382689.6019547272,84786.56404527277,81609.8147319149,5.902251280152971,True,3176.7493133578637,5 Days,SL HIT (Trailing Stop),2,13.297996818680573,-0.6086126038500745
309,2022-11-30,2022-11-30,COLPAL,Colgate Palmolive (India) Ltd.,Mid-Cap Equities,1614.4223510742188,1628.8857243652344,861,1390017.6442749023,12452.964403564576,11912.285542615224,0.8569880815310963,True,540.6788609493526,1 Day,BREAKEVEN RATCHET,30,1.5843220275513479,-0.4566526374705075
306,2022-11-25,2022-12-01,GODREJIND,Godrej Industries Ltd.,Mid-Cap Equities,423.2447938842773,454.6388878173828,3268,1383163.9864138183,102595.8989733886,99399.64086744563,7.1863959619974525,True,3196.2581059429617,5 Days,SL HIT (Trailing Stop),23,9.971822201383906,-0.21141140864365934
311,2022-12-01,2022-12-01,BIOCON,Biocon Ltd.,Mid-Cap Equities,285.3695877685547,284.9788878173828,4914,1402306.1542946778,-1919.8995600584894,-2460.79564358048,-0.17548205404676367,False,540.8960835219905,1 Day,INTRADAY CLOSE,45,0.3961221797615299,-0.8303574978271799
312,2022-12-01,2022-12-01,TATAELXSI,Tata Elxsi Ltd.,Mid-Cap Equities,7103.979404296875,7118.187363105469,197,1399483.9426464844,2798.9678852930665,2257.715833357492,0.1613248830199548,True,541.2520519355745,1 Day,BREAKEVEN RATCHET,49,1.2812621000571964,-0.759847421069738
307,2022-11-30,2022-12-05,NAM-INDIA,Nippon Life India Asset Management Ltd.,Mid-Cap Equities,264.4779122314453,267.464,5260,1391153.8183374023,15706.821662597591,12582.843259741849,0.9044897188134001,True,3123.978402855743,4 Days,SL HIT (Trailing Stop),9,3.7515728936774955,-0.21851289209179905
308,2022-11-30,2022-12-06,JSL,Jindal Stainless Ltd.,Mid-Cap Equities,171.5925,196.9054030456543,8108,1391271.99,205237.01789416512,201916.38074334126,14.51307739928993,True,3320.6371508238785,5 Days,TIME EXIT (Swing Max),18,18.303538907586287,-0.8697897032121895
310,2022-12-01,2022-12-07,APARINDS,Apar Industries Ltd.,Mid-Cap Equities,1491.978,1633.7759487304688,940,1402459.32,133290.0718066406,130019.12464804004,9.270794724230578,True,3270.9471586005484,5 Days,TIME EXIT (Swing Max),2,12.22015665298851,-0.8061813798946811
313,2022-12-07,2022-12-07,NAM-INDIA,Nippon Life India Asset Management Ltd.,Mid-Cap Equities,268.536,268.3123060913086,5350,1436667.6,-1196.7624114991631,-1749.9762359363694,-0.12180801153560987,False,553.2138244372062,1 Day,INTRADAY CLOSE,19,0.7313730747460299,-0.8140412817962495
314,2022-12-12,2022-12-12,GICRE,General Insurance Corporation of India,Mid-Cap Equities,143.33610305786132,143.62277526397705,10023,1436657.7609489441,2873.315521897748,2318.9402031272,0.1614121516035586,True,554.3753187705479,1 Day,BREAKEVEN RATCHET,26,2.5561577746115023,-0.8623765596911163
315,2022-12-13,2022-12-13,GICRE,General Insurance Corporation of India,Mid-Cap Equities,145.23989694213867,146.4565,9893,1436858.3004485779,12035.854051422095,11478.78549535067,0.7988808285247799,True,557.0685560714246,1 Day,BREAKEVEN RATCHET,26,1.4872614204664805,-0.30287400338496895
317,2022-12-13,2022-12-13,NAM-INDIA,Nippon Life India Asset Management Ltd.,Mid-Cap Equities,270.94079388427735,269.36019390869143,5307,1437882.7931438598,-8388.244070434477,-8939.827803096312,-0.6217355020675794,False,551.5837326618356,1 Day,INTRADAY CLOSE,61,0.46475774456161273,-0.5317744381057428
316,2022-12-13,2022-12-15,SJVN,SJVN Ltd.,Mid-Cap Equities,38.3265,38.423,37522,1438086.9330000002,3620.872999999905,405.1117768348913,0.02817018690169068,True,3215.7612231650137,3 Days,SL HIT (Trailing Stop),19,3.0618501558973477,-2.5478494667629685
318,2022-12-13,2022-12-16,BHARATFORG,Bharat Forge Ltd.,Mid-Cap Equities,875.6979122314453,890.7648878173828,1641,1437020.2739718019,24724.90693652327,21489.647763178888,1.4954310772375765,True,3235.259173344384,4 Days,SL HIT (Trailing Stop),21,4.996254914448432,-0.9475742378142986
319,2022-12-14,2022-12-20,GICRE,General Insurance Corporation of India,Mid-Cap Equities,148.296,187.4244030456543,9691,1437136.5359999998,379193.35391543596,375590.5269343753,26.13464465803375,True,3602.826981060649,5 Days,TIME EXIT (Swing Max),2,35.37114959270649,-0.9413646379643533
320,2022-12-20,2022-12-21,RVNL,Rail Vikas Nigam Ltd.,Mid-Cap Equities,70.641,70.640717436,20907,1476891.387,-5.907565548084676,-3304.151660795991,-0.22372340240318506,False,3298.2440952479064,2 Days,SL HIT (Trailing Stop),1,7.09078513310811,-1.0489637379441106
323,2022-12-27,2022-12-28,HONAUT,Honeywell Automation India Ltd.,Mid-Cap Equities,41231.298,41231.133074808,35,1443095.4300000002,-5.772381720133126,-3228.9067248224733,-0.22374866261079301,False,3223.13434310234,2 Days,SL HIT (Trailing Stop),10,2.7132349798931807,-0.7389930763276056
324,2022-12-29,2022-12-29,JSWENERGY,JSW Energy Ltd.,Mid-Cap Equities,286.42170611572266,286.9945495279541,5154,1476217.4733204346,2952.4349466408603,2384.094082089089,0.16150019391970621,True,568.340864551771,1 Day,BREAKEVEN RATCHET,27,2.034864592951815,-0.8455036975250114
321,2022-12-26,2022-12-30,GICRE,General Insurance Corporation of India,Mid-Cap Equities,157.314,178.3925,9386,1476549.204,197842.8010000002,194340.30141416297,13.161789724832154,True,3502.499585837234,5 Days,TIME EXIT (Swing Max),14,17.917032177682856,-0.19960079840318912
325,2022-12-30,2022-12-30,AWL,AWL Agri Business Ltd.,Mid-Cap Equities,615.228,616.458456,2431,1495619.268,2991.238536000019,2416.048363513678,0.16154167141377576,True,575.1901724863411,1 Day,BREAKEVEN RATCHET,22,2.043468078983531,-1.0123076322924105
328,2022-12-30,2022-12-30,TATACOMM,Tata Communications Ltd.,Mid-Cap Equities,1268.4318244628905,1271.9010512695313,1179,1495481.121041748,4090.2184050295036,3514.7623661028993,0.23502552567527737,True,575.4560389266042,1 Day,BREAKEVEN RATCHET,34,1.3061936177866849,-0.3415121564603846
322,2022-12-27,2023-01-02,APARINDS,Apar Industries Ltd.,Mid-Cap Equities,1672.5885,1820.5515512695313,882,1475223.057,130503.41121972655,127073.63775845621,8.613859250334114,True,3429.773461270336,5 Days,TIME EXIT (Swing Max),11,9.710188728429014,-0.19960079840319764
326,2022-12-30,2023-01-04,SUZLON,Suzlon Energy Ltd.,Mid-Cap Equities,10.2705,10.578800380706786,145681,1496216.7105,44913.50776174525,41525.76739656718,2.7753845485852287,True,3387.7403651780687,4 Days,SL HIT (Trailing Stop),4,7.102867435859986,-1.1732669438657002
329,2023-01-02,2023-01-04,SAIL,Steel Authority of India Ltd.,Mid-Cap Equities,83.46660305786133,87.5245969543457,18082,1509243.1164922486,73376.64563623024,69930.46046549476,4.633478841237036,True,3446.185170735479,3 Days,SL HIT (Trailing Stop),1,7.4681293619433555,-0.4991217934372188
327,2022-12-30,2023-01-05,NIACL,The New India Assurance Company Ltd.,Mid-Cap Equities,116.93339694213867,135.0294030456543,12795,1496162.8138746643,231538.3980944825,227957.39194835725,15.236135388100456,True,3581.006146125229,5 Days,TIME EXIT (Swing Max),1,19.726274666659357,-0.19960079840319303
330,2023-01-03,2023-01-05,RVNL,Rail Vikas Nigam Ltd.,Mid-Cap Equities,69.33839694213867,72.20529847717285,21766,1509219.5478425904,62400.97881155391,58966.21929234207,3.907067025247156,True,3434.759519211842,3 Days,SL HIT (Trailing Stop),1,8.165177315226666,-0.848587461042222
331,2023-01-09,2023-01-09,SUZLON,Suzlon Energy Ltd.,Mid-Cap Equities,10.370700382232666,10.391441782997132,149374,1549112.9988956223,3098.2259977913927,2504.151230270189,0.1616506498916104,True,594.0747675212037,1 Day,BREAKEVEN RATCHET,91,1.7289074208466944,-1.6459888597300316
332,2023-01-09,2023-01-09,PHOENIXLTD,Phoenix Mills Ltd.,Mid-Cap Equities,716.43,717.0131121826172,2162,1548921.66,1260.6885388183873,667.2071600703555,0.04307559105799809,True,593.4813787480318,1 Day,INTRADAY CLOSE,32,0.7076755579749662,-1.0335937336428471
333,2023-01-09,2023-01-09,TATACOMM,Tata Communications Ltd.,Mid-Cap Equities,1343.8823510742188,1345.4037756347657,1152,1548152.4684375,1752.6810937500559,1159.3299970455823,0.0748847429875984,True,593.3510967044735,1 Day,INTRADAY CLOSE,23,0.678455887041977,-1.2115923298840987
334,2023-01-10,2023-01-16,TATAINVEST,Tata Investment Corporation Ltd.,Mid-Cap Equities,214.929,228.811464263916,7209,1549423.161,100078.6848785705,96515.53214024274,6.229126720808244,True,3563.1527383277544,5 Days,TIME EXIT (Swing Max),3,9.57106765489999,-0.616019370332035
335,2023-01-11,2023-01-16,RVNL,Rail Vikas Nigam Ltd.,Mid-Cap Equities,71.04180152893066,77.0455969543457,21811,1549492.7331475066,130948.78202372743,127353.48626735697,8.219043790457928,True,3595.295756370461,4 Days,SL HIT (Trailing Stop),13,15.073095333468691,-0.9737971728206282
336,2023-01-16,2023-01-16,THERMAX,Thermax Ltd.,Mid-Cap Equities,1987.968,1970.4512243652343,790,1570494.72,-13838.252751464956,-14435.015888786354,-0.9191381355797461,False,596.7631373213991,1 Day,INTRADAY CLOSE,32,-0.008448384072332882,-0.9038374863176909
337,2023-01-16,2023-01-16,POLYCAB,Polycab India Ltd.,Mid-Cap Equities,2680.149648925781,2668.202948730469,585,1567887.544621582,-6988.8196142576635,-7586.624333251719,-0.4838755406455373,False,597.8047189940553,1 Day,INTRADAY CLOSE,33,0.9272001316858954,-0.5652538443833969
338,2023-01-18,2023-01-18,NIACL,The New India Assurance Company Ltd.,Mid-Cap Equities,126.30210305786133,126.55470726397705,12428,1569682.5368031007,3139.365073606139,2538.0287562372546,0.16169057734478842,True,601.3363173688845,1 Day,BREAKEVEN RATCHET,33,2.294414598190244,-0.6350670641595512
339,2023-01-18,2023-01-19,ASTRAL,Astral Ltd.,Mid-Cap Equities,1502.5491489257813,1502.5431387291858,1044,1568661.3114785156,-6.274645245634019,-3508.4726123131395,-0.22366030108859425,False,3502.1979670675055,2 Days,SL HIT (Trailing Stop),10,1.9517398878555585,-0.7187218423771332
340,2023-01-20,2023-01-20,BHEL,Bharat Heavy Electricals Ltd.,Mid-Cap Equities,80.86139694213867,81.02311973602295,19411,1569600.5760438538,3139.201152087655,2537.8937688708893,0.16169042032767336,True,601.3073832167659,1 Day,BREAKEVEN RATCHET,17,3.0776138257457677,-0.6942668709799412
341,2023-01-27,2023-01-31,SUPREMEIND,Supreme Industries Ltd.,Mid-Cap Equities,2430.7517021484373,2491.0579487304685,645,1567834.847885742,38897.52904541022,35356.85472112425,2.2551389751799245,True,3540.6743242859725,3 Days,SL HIT (Trailing Stop),1,8.814075812934648,-0.6048192132219069
343,2023-02-01,2023-02-01,SRF,SRF Ltd.,Mid-Cap Equities,2204.4,2220.2006025390624,713,1571737.2,11265.829610351473,10661.44311739102,0.6783222486170729,True,604.3864929604524,1 Day,BREAKEVEN RATCHET,13,1.9778624569043688,-0.9798562498582422
344,2023-02-03,2023-02-03,KPRMILL,K.P.R. Mill Ltd.,Mid-Cap Equities,528.9558244628906,529.7882756347656,2976,1574172.5336015625,2477.3746874998324,1874.6453406395901,0.11908766673438098,True,602.7293468602422,1 Day,INTRADAY CLOSE,23,0.9441597035464707,-0.7194929846348883
342,2023-02-01,2023-02-07,BLUESTARCO,Blue Star Ltd.,Mid-Cap Equities,620.0375877685547,679.139,2537,1573035.3601688233,149940.28283117665,146272.9852293817,9.298772865072989,True,3667.297601794941,5 Days,SL HIT (Trailing Stop),5,12.392379711684017,-0.19960079840318892
345,2023-02-07,2023-02-07,TATAINVEST,Tata Investment Corporation Ltd.,Mid-Cap Equities,221.38188244628907,221.82464621118166,7179,1589300.5340819093,3178.6010681637563,2570.339118056183,0.16172769485294297,True,608.2619501075734,1 Day,BREAKEVEN RATCHET,27,1.1080962183855707,-0.6242075598143568
347,2023-02-09,2023-02-09,3MINDIA,3M India Ltd.,Mid-Cap Equities,23296.5,23481.29291015625,68,1584162.0,12565.917890625075,11956.780132986913,0.7547700382275874,True,609.137757638162,1 Day,BREAKEVEN RATCHET,15,2.998086488313695,-0.19960079840319359
346,2023-02-08,2023-02-10,PETRONET,Petronet LNG Ltd.,Mid-Cap Equities,220.23960305786133,221.2565969543457,7217,1589469.2152685851,7339.644950927701,3783.590383586683,0.23804112386960197,True,3556.054567341018,3 Days,SL HIT (Trailing Stop),25,2.7063224813454383,-0.38122533355473476
348,2023-02-16,2023-02-20,PIIND,PI Industries Ltd.,Mid-Cap Equities,3160.809,3266.1046025390624,503,1589886.9270000001,52963.68807714828,49359.42834582185,3.104587345652276,True,3604.259731326435,3 Days,SL HIT (Trailing Stop),3,8.037217612840566,-0.3467119444341685
349,2023-02-16,2023-02-21,ESCORTS,Escorts Kubota Ltd.,Mid-Cap Equities,2058.0077021484376,2081.378948730469,773,1590839.9537607422,18065.97360791033,14495.757739427032,0.9112015137135004,True,3570.2158684832993,4 Days,SL HIT (Trailing Stop),32,3.9354710755946765,-0.6320531324959734
350,2023-02-20,2023-02-22,CRISIL,CRISIL Ltd.,Mid-Cap Equities,3176.34,3224.538,502,1594522.6800000002,24195.39599999995,20610.643982373094,1.2925902052627494,True,3584.752017626856,3 Days,SL HIT (Trailing Stop),9,3.7357461732685997,-0.586840477660614
352,2023-03-03,2023-03-03,SJVN,SJVN Ltd.,Mid-Cap Equities,32.164198471069334,32.435,49731,1599557.754164749,13467.230835251044,12852.40883406712,0.8034976418077723,True,614.8220011839247,1 Day,BREAKEVEN RATCHET,21,1.5103844581935935,-0.6659507101429698
353,2023-03-03,2023-03-03,MCX,Multi Commodity Exchange of India Ltd.,Mid-Cap Equities,288.27541223144533,288.85196305590824,5553,1600793.364121216,3201.5867282426916,2589.267528108563,0.16174901684015836,True,612.3192001341288,1 Day,BREAKEVEN RATCHET,31,1.8297001193041968,-1.132737072698612
351,2023-02-28,2023-03-06,JSL,Jindal Stainless Ltd.,Mid-Cap Equities,260.52,298.7513060913086,6139,1599332.2799999998,234701.9880945438,230888.41456787798,14.436550643989879,True,3813.5735266658166,5 Days,TIME EXIT (Swing Max),15,16.68969752802089,-1.2167948320606314
354,2023-03-09,2023-03-09,SUZLON,Suzlon Energy Ltd.,Mid-Cap Equities,8.717399808883666,8.734834608501433,186319,1624217.2149913958,3248.434429982677,2627.846037731373,0.16179153954757794,True,620.5883922513037,1 Day,BREAKEVEN RATCHET,13,2.6682268277340473,-0.7731685116094712
355,2023-03-09,2023-03-09,FORTIS,Fortis Healthcare Ltd.,Mid-Cap Equities,273.44579388427735,273.6016939086914,5940,1624268.0156726073,926.0461450195871,306.10457587584096,0.01884569374772078,True,619.9415691437462,1 Day,INTRADAY CLOSE,17,0.6415232422614215,-0.43730564193041194
356,2023-03-15,2023-03-15,POLICYBZR,PB Fintech Ltd.,Mid-Cap Equities,564.126,565.254252,2879,1624118.754,3248.2375079998747,2627.683874886102,0.1617913633725642,True,620.5536331137729,1 Day,BREAKEVEN RATCHET,23,2.7961881590393856,-1.2631929746191413
358,2023-03-15,2023-03-16,KPRMILL,K.P.R. Mill Ltd.,Mid-Cap Equities,586.17,586.1676553199999,2771,1624277.0699999998,-6.497108280193061,-3632.2981985833076,-0.2236255295153128,False,3625.8010903031145,2 Days,SL HIT (Trailing Stop),9,4.918368391422291,-0.6687479741371888
357,2023-03-15,2023-03-20,GMRAIRPORT,GMR Airports Ltd.,Mid-Cap Equities,40.08,41.76629847717285,40538,1624763.04,68359.16766763316,64661.444252983514,3.979746132887385,True,3697.7234146496407,4 Days,SL HIT (Trailing Stop),2,7.909181636726552,-0.9481018888736157
360,2023-03-21,2023-03-22,BHEL,Bharat Heavy Electricals Ltd.,Mid-Cap Equities,74.79930152893067,74.79900233172457,21803,1630849.1712352755,-6.5233966847881675,-3646.9306392817152,-0.2236215772498062,False,3640.407242596927,2 Days,SL HIT (Trailing Stop),16,2.206832664972234,-1.0685949101028946
361,2023-03-22,2023-03-22,KPRMILL,K.P.R. Mill Ltd.,Mid-Cap Equities,594.3864122314453,599.0993878173828,2743,1630401.9287508545,12927.692032226361,12302.15337005465,0.7545472777672707,True,625.5386621717123,1 Day,BREAKEVEN RATCHET,17,1.3902760918766512,-0.5108522979366958
362,2023-03-22,2023-03-22,FLUOROCHEM,Gujarat Fluorochemicals Ltd.,Mid-Cap Equities,3136.26,3125.3866025390626,520,1630855.2000000002,-5654.166679687565,-6274.546487125905,-0.38473964378480097,False,620.3798074383399,1 Day,INTRADAY CLOSE,38,0.755356736108447,-1.0812210194228227
359,2023-03-17,2023-03-23,KPITTECH,KPIT Technologies Ltd.,Mid-Cap Equities,827.151,878.4396121826172,1963,1623697.413,100679.54571447778,96950.69938862357,5.970983177801219,True,3728.8463258542056,5 Days,SL HIT (Trailing Stop),2,9.40566017656163,-0.199600798403188
363,2023-03-23,2023-03-23,POLICYBZR,PB Fintech Ltd.,Mid-Cap Equities,580.158,581.318316,2828,1640686.824,3281.3736479999498,2654.9710810537294,0.16182071082773133,True,626.4025669462204,1 Day,BREAKEVEN RATCHET,16,2.420377243273597,-0.621901655588868
364,2023-03-28,2023-03-29,POLICYBZR,PB Fintech Ltd.,Mid-Cap Equities,587.172,587.169651312,2794,1640558.568,-6.562234271783382,-3668.5481048827487,-0.22361579625621442,False,3661.9858706109653,2 Days,SL HIT (Trailing Stop),6,7.2598808854933,-0.9659861165041972
368,2023-04-05,2023-04-05,ICICIGI,ICICI Lombard General Insurance Company Ltd.,Mid-Cap Equities,1094.184,1096.372368,1499,1640181.8159999999,3280.3636320002843,2654.1393452265193,0.1618198250544755,True,626.2242867737649,1 Day,BREAKEVEN RATCHET,32,1.719637647781363,-1.1135238680148831
369,2023-04-05,2023-04-05,NAM-INDIA,Nippon Life India Asset Management Ltd.,Mid-Cap Equities,217.23360305786133,218.9611939086914,7553,1640765.4038960265,13048.493696319638,12419.267830028952,0.756919167148404,True,629.2258662906852,1 Day,BREAKEVEN RATCHET,22,1.3885498834796917,-0.4758039709647667
365,2023-03-31,2023-04-06,APOLLOTYRE,Apollo Tyres Ltd.,Mid-Cap Equities,313.7262061157227,319.859,5229,1640474.331779114,32068.379220885923,28373.343672948227,1.7295816900820997,True,3695.035547937697,4 Days,SL HIT (Trailing Stop),27,3.1632001367144826,-0.5502269437720921
367,2023-04-03,2023-04-06,POLYCAB,Polycab India Ltd.,Mid-Cap Equities,2909.2067021484377,2911.6150512695312,563,1637883.3733095704,1355.900555175729,-2301.5516430115595,-0.14051987342425704,False,3657.4521981872886,3 Days,SL HIT (Trailing Stop),16,2.0879660760639207,-0.31646778971183304
366,2023-03-31,2023-04-10,APARINDS,Apar Industries Ltd.,Mid-Cap Equities,2303.046851074219,2689.9094487304687,712,1639769.357964844,275446.1695312497,271500.5063596333,16.557237457870226,True,3945.663171616372,5 Days,TIME EXIT (Swing Max),1,19.407036757298577,-0.7510420843653738
371,2023-04-11,2023-04-11,POLICYBZR,PB Fintech Ltd.,Mid-Cap Equities,593.2841755371094,595.5066121826172,2818,1671874.8066635742,6262.826467041159,5624.578263914614,0.33642341169905726,True,638.2482031265453,1 Day,BREAKEVEN RATCHET,28,3.4832947720563707,-0.36815408892281454
373,2023-04-11,2023-04-11,AWL,AWL Agri Business Ltd.,Mid-Cap Equities,413.0745,415.8166939086914,4048,1672125.5760000001,11100.400942382636,10460.679715510149,0.6255917537326244,True,639.7212268724865,1 Day,BREAKEVEN RATCHET,22,3.1290965673262323,-0.19960079840319372
370,2023-04-05,2023-04-12,GICRE,General Insurance Corporation of India,Mid-Cap Equities,138.276,145.8576939086914,11876,1642165.776,90040.19685961911,86281.33025338531,5.254118159955205,True,3758.8666062338075,5 Days,TIME EXIT (Swing Max),6,6.23679734479184,-1.3567112901122649
375,2023-04-12,2023-04-12,ESCORTS,Escorts Kubota Ltd.,Mid-Cap Equities,1908.7598510742187,1917.3077243652344,881,1681617.4287963866,7530.6763693848625,6888.631467996214,0.40964320124386044,True,642.0449013886478,1 Day,BREAKEVEN RATCHET,24,1.3747223838040084,-0.45892892546376424
374,2023-04-12,2023-04-13,TIINDIA,Tube Investments of India Ltd.,Mid-Cap Equities,2594.7792978515627,2594.7689187343713,648,1681416.9850078125,-6.725667939987034,-3759.5172397925826,-0.2235922007041647,False,3752.7915718525956,2 Days,SL HIT (Trailing Stop),12,2.340110474856692,-0.7160280142157398
372,2023-04-11,2023-04-17,TORNTPOWER,Torrent Power Ltd.,Mid-Cap Equities,526.05,534.429,3179,1672312.95,26636.841000000015,22876.67395244455,1.367966082690716,True,3760.1670475554656,4 Days,SL HIT (Trailing Stop),3,4.514777643373975,-2.3286783018783774
376,2023-04-18,2023-04-21,BHEL,Bharat Heavy Electricals Ltd.,Mid-Cap Equities,73.24619847106933,75.0995,23002,1684809.0572315368,42629.64176846342,38825.130566429914,2.3044231866979055,True,3804.511202033511,4 Days,SL HIT (Trailing Stop),4,5.056642603282372,-0.33612457193471607
377,2023-04-21,2023-04-21,SUZLON,Suzlon Energy Ltd.,Mid-Cap Equities,8.016,7.934099809646606,210665,1688690.64,-17253.503600797616,-17890.947592925255,-1.0594567867638123,False,637.4439921276381,1 Day,INTRADAY CLOSE,61,0.42415407603372335,-0.823355672840111
378,2023-04-24,2023-04-24,OBEROIRLTY,Oberoi Realty Ltd.,Mid-Cap Equities,879.756,875.8947243652344,1917,1686492.2519999999,-7402.0653918455355,-8041.554295478593,-0.4768213008949296,False,639.4889036330576,1 Day,INTRADAY CLOSE,58,0.5847103531050118,-0.665636333930939
379,2023-04-27,2023-04-28,JSL,Jindal Stainless Ltd.,Mid-Cap Equities,273.9969122314453,273.99581624379636,6153,1685903.000960083,-6.743612003978342,-3769.5051203876237,-0.2235896797289629,False,3762.7615083836454,2 Days,SL HIT (Trailing Stop),10,5.804109811137475,-0.6558103190944828
381,2023-04-28,2023-04-28,TATACOMM,Tata Communications Ltd.,Mid-Cap Equities,1261.518,1266.961,1336,1685388.048,7271.847999999998,6628.5482197406545,0.39329507691754173,True,643.299780259344,1 Day,BREAKEVEN RATCHET,47,1.3065211911363905,-0.5047867399385129
383,2023-05-02,2023-05-02,THERMAX,Thermax Ltd.,Mid-Cap Equities,2302.6962978515626,2307.3016904472656,732,1685573.6900273438,3371.1473800546955,2728.898651827175,0.16189732124870232,True,642.2487282275208,1 Day,BREAKEVEN RATCHET,49,1.8371377149434418,-0.3320563389349954
380,2023-04-28,2023-05-03,AWL,AWL Agri Business Ltd.,Mid-Cap Equities,405.5595,412.3736121826172,4156,1685505.2820000001,28319.45023095701,24528.22029533052,1.4552443446647423,True,3791.229935626488,3 Days,SL HIT (Trailing Stop),19,4.349673033680936,-3.762582853325163
382,2023-04-28,2023-05-03,POLICYBZR,PB Fintech Ltd.,Mid-Cap Equities,586.2200877685547,591.9637243652344,2876,1685968.9724223632,16518.698852050817,12738.666632116125,0.75556945830465,True,3780.0322199346915,3 Days,SL HIT (Trailing Stop),12,4.875285003146755,-0.208127935908666
385,2023-05-02,2023-05-03,MPHASIS,MphasiS Ltd.,Mid-Cap Equities,1827.5978510742189,1827.5905406828144,922,1685045.2186904298,-6.740180874941871,-3767.5953128932574,-0.2235901607329759,False,3760.8551320183155,2 Days,SL HIT (Trailing Stop),14,2.8125524931848753,-1.148933036660078
384,2023-05-02,2023-05-08,JUBLFOOD,Jubilant Foodworks Ltd.,Mid-Cap Equities,449.6475,465.068,3751,1686627.7725,57842.29550000001,54017.978543255056,3.2027208032503243,True,3824.3169567449527,5 Days,TIME EXIT (Swing Max),8,5.782861885473487,-0.35528101613624663
386,2023-05-04,2023-05-08,SUZLON,Suzlon Energy Ltd.,Mid-Cap Equities,8.216399808883667,8.483,205687,1690006.6274898548,54836.19351014518,51007.482211410854,3.0181823776142,True,3828.7112987343266,3 Days,SL HIT (Trailing Stop),4,8.319943351679292,-0.19960079840319034
387,2023-05-08,2023-05-08,LICI,Life Insurance Corporation of India,Mid-Cap Equities,282.063,280.7873060913086,6028,1700275.764,-7689.882881591562,-8334.147430747224,-0.4901644549199858,False,644.2645491556616,1 Day,INTRADAY CLOSE,72,0.5094606524074451,-0.3768661611058481
388,2023-05-09,2023-05-09,INDUSINDBK,IndusInd Bank Ltd.,Mid-Cap Equities,1137.27,1139.54454,1494,1699081.38,3398.1627600002103,2751.145486922306,0.16191958309391316,True,647.0172730779038,1 Day,BREAKEVEN RATCHET,18,1.1105563686778441,-0.5425294269665499
389,2023-05-09,2023-05-09,NAM-INDIA,Nippon Life India Asset Management Ltd.,Mid-Cap Equities,237.975,238.6218060913086,7143,1699855.425,4620.135910217185,3972.4960629440466,0.23369611347647679,True,647.6398472731378,1 Day,BREAKEVEN RATCHET,11,1.62832486753467,-0.7038541646148468
390,2023-05-10,2023-05-15,MOTILALOFS,Motilal Oswal Financial Services Ltd.,Mid-Cap Equities,608.7650877685547,645.8057756347656,2793,1700280.8901375735,103454.64121032692,99552.71615643609,5.855074695827526,True,3901.9250538908427,4 Days,SL HIT (Trailing Stop),1,9.730339899840917,-1.1194918530075917
391,2023-05-16,2023-05-16,KALYANKJIL,Kalyan Jewellers India Ltd.,Mid-Cap Equities,107.214,108.13329847717286,15952,1710277.728,14664.649307861459,14010.46109815961,0.8191921621141296,True,654.188209701848,1 Day,BREAKEVEN RATCHET,16,2.318724185500204,-0.47941784818942595
393,2023-05-17,2023-05-17,APARINDS,Apar Industries Ltd.,Mid-Cap Equities,2784.558,2790.127116,614,1709718.612,3419.437223999994,2768.664747924493,0.16193686659851914,True,650.7724760755007,1 Day,BREAKEVEN RATCHET,19,1.416454604285492,-0.8424282181857944
394,2023-05-17,2023-05-17,OIL,Oil India Ltd.,Mid-Cap Equities,175.55039694213866,176.7458060913086,9752,1711967.4709797362,11657.6300227053,11003.70694681267,0.6427521044261078,True,653.923075892629,1 Day,BREAKEVEN RATCHET,13,1.7181782324705093,-0.5793529982004657
395,2023-05-17,2023-05-17,AJANTPHARM,Ajanta Pharmaceuticals Ltd.,Mid-Cap Equities,1276.047,1271.7514487304688,1342,1712455.074,-5764.62980371085,-6413.738032522101,-0.3745346742172169,False,649.1082288112511,1 Day,INTRADAY CLOSE,39,0.5683998181983089,-0.6737250922673714
396,2023-05-18,2023-05-18,DIXON,Dixon Technologies (India) Ltd.,Mid-Cap Equities,2995.0782978515626,3001.0684544472656,571,1710189.7080732423,3420.3794161463156,2769.4406316377194,0.16193762706933051,True,650.9387845085963,1 Day,BREAKEVEN RATCHET,17,1.499850677715528,-0.9691983359587045
392,2023-05-17,2023-05-19,SUZLON,Suzlon Energy Ltd.,Mid-Cap Equities,8.2665,8.383199619293213,207065,1711702.8225000002,24164.40666894894,20319.259521213233,1.1870786946262237,True,3845.147147735709,3 Days,SL HIT (Trailing Stop),2,8.873162765378325,-0.8044540099783936
398,2023-05-22,2023-05-22,UNOMINDA,UNO Minda Ltd.,Mid-Cap Equities,537.0219122314453,534.2792756347657,3193,1714710.965755005,-8757.238653198117,-9406.28541310965,-0.5485639038278365,False,649.0467599115326,1 Day,INTRADAY CLOSE,68,0.7873212753993701,-0.6930675180480301
400,2023-05-23,2023-05-23,APARINDS,Apar Industries Ltd.,Mid-Cap Equities,2829.648,2814.36,605,1711937.04,-9249.23999999999,-9897.16826065383,-0.5781268837231205,False,647.9282606538401,1 Day,INTRADAY CLOSE,45,0.5319372293612089,-1.0459941014527296
397,2023-05-19,2023-05-25,TATAINVEST,Tata Investment Corporation Ltd.,Mid-Cap Equities,215.43,221.660785736084,7959,1714607.37,49590.8236734923,45712.87379396917,2.6660840606306953,True,3877.9498795231284,5 Days,TIME EXIT (Swing Max),5,5.266208929343344,-0.8471449066801022
399,2023-05-22,2023-05-26,SUZLON,Suzlon Energy Ltd.,Mid-Cap Equities,8.617200382232665,9.680599809646607,198882,1713806.046419197,211491.00492293946,207447.07076939574,12.104466033530038,True,4043.9341535437147,5 Days,SL HIT (Trailing Stop),2,19.5283820017911,-1.360074931927016
401,2023-05-29,2023-05-29,IDEA,Vodafone Idea Ltd.,Mid-Cap Equities,7.114199904441834,7.1284283042507175,244319,1738134.2064533243,3476.2684129066765,2815.4645371710367,0.16198199924481166,True,660.8038757356396,1 Day,BREAKEVEN RATCHET,45,2.611682111673909,-0.9024164989640855
402,2023-05-29,2023-05-29,VOLTAS,Voltas Ltd.,Mid-Cap Equities,819.636,824.0985,2120,1737628.3199999998,9460.5,8798.16158228636,0.50633161770098,True,662.33841771364,1 Day,INTRADAY CLOSE,26,0.9594502925689005,-0.5656169323943759
403,2023-05-30,2023-06-01,AUROPHARMA,Aurobindo Pharma Ltd.,Mid-Cap Equities,615.2780877685547,645.8557243652343,2826,1738775.8760339355,86412.40102221677,82442.58232231175,4.741415121905149,True,3969.8186999050195,3 Days,SL HIT (Trailing Stop),2,7.748028962216033,-0.41088538968181665
405,2023-06-01,2023-06-01,COLPAL,Colgate Palmolive (India) Ltd.,Mid-Cap Equities,1605.1538510742187,1608.364158776367,1088,1746407.3899687498,3492.8147799375,2829.090268125032,0.1619948635338548,True,663.7245118124682,1 Day,BREAKEVEN RATCHET,39,1.236401664083457,-0.2619001225041627
406,2023-06-01,2023-06-01,MPHASIS,MphasiS Ltd.,Mid-Cap Equities,1958.91,1973.3952756347655,892,1747347.72,12920.865866210777,12254.111379847915,0.7012978149448076,True,666.7544863628622,1 Day,BREAKEVEN RATCHET,28,3.2717174346958213,-0.1996007984031978
407,2023-06-02,2023-06-02,KPRMILL,K.P.R. Mill Ltd.,Mid-Cap Equities,579.156,578.9397756347656,3020,1749051.1199999999,-652.9975830076728,-1316.4672434677188,-0.07526751096147029,False,663.469660460046,1 Day,INTRADAY CLOSE,41,0.8191272151307336,-0.47586066378271996
408,2023-06-02,2023-06-02,BHEL,Bharat Heavy Electricals Ltd.,Mid-Cap Equities,82.61489694213867,83.0335969543457,21169,1748874.7533681334,8863.460558410501,8197.329200974604,0.4687201976692431,True,666.1313574358969,1 Day,BREAKEVEN RATCHET,25,1.5555361457877133,-0.7442930571823249
409,2023-06-02,2023-06-02,SJVN,SJVN Ltd.,Mid-Cap Equities,35.87159923553467,35.943342434005736,48777,1749708.9959116746,3499.417991823284,2834.527932382095,0.16199996336563283,True,664.8900594411891,1 Day,BREAKEVEN RATCHET,64,2.16996818355717,-0.7571470667650738
410,2023-06-02,2023-06-02,SAIL,Steel Authority of India Ltd.,Mid-Cap Equities,82.81530152893066,83.43279847717285,21131,1749970.136607834,13048.328013305552,12380.612767983912,0.707475659669408,True,667.7152453216405,1 Day,BREAKEVEN RATCHET,21,1.3097821017645113,-0.3203495879081828
404,2023-06-01,2023-06-05,INDUSTOWER,Indus Towers Ltd.,Mid-Cap Equities,156.312,157.0851939086914,11179,1747411.8480000002,8643.534705260769,4735.109093455979,0.2709784243980918,True,3908.4256118047897,3 Days,SL HIT (Trailing Stop),8,3.766823371361236,-0.29555881601181405
411,2023-06-05,2023-06-05,BIOCON,Biocon Ltd.,Mid-Cap Equities,243.18539694213868,240.91719390869142,7203,1751664.414174225,-16337.866449920693,-16997.767753862732,-0.9703780939042408,False,659.901303942039,1 Day,INTRADAY CLOSE,57,0.4994530796743048,-1.10425912735937
412,2023-06-05,2023-06-05,SJVN,SJVN Ltd.,Mid-Cap Equities,36.02190076446533,35.6785,48582,1750015.9829392545,-16683.09593925462,-17342.31743665522,-0.9909805170766373,False,659.2214974005972,1 Day,INTRADAY CLOSE,68,0.6332237630272002,-0.8936230312516483
413,2023-06-05,2023-06-07,KPRMILL,K.P.R. Mill Ltd.,Mid-Cap Equities,585.168,602.9916121826171,2987,1747896.816,53239.12958947732,49283.4150446665,2.819583775971962,True,3955.714544810818,3 Days,SL HIT (Trailing Stop),3,5.491070563149171,-0.4901177451657056
416,2023-06-07,2023-06-07,AWL,AWL Agri Business Ltd.,Mid-Cap Equities,436.872,437.745744,4013,1753167.3360000001,3506.3346719997935,2840.2237339440935,0.1620052846994232,True,666.1109380556999,1 Day,BREAKEVEN RATCHET,64,1.173799190609603,-0.8863007929095967
418,2023-06-07,2023-06-07,GODREJIND,Godrej Industries Ltd.,Mid-Cap Equities,472.944,472.6028878173828,3707,1753203.408,-1264.5028609619476,-1929.260974922482,-0.11004205023325406,False,664.7581139605344,1 Day,INTRADAY CLOSE,76,0.6567347916389115,-0.3898968792255303
414,2023-06-07,2023-06-08,POLICYBZR,PB Fintech Ltd.,Mid-Cap Equities,633.5645877685547,633.5620535102036,2767,1753073.2143555908,-7.012292857514694,-3919.0560979283473,-0.22355347545304585,False,3912.0438050708326,2 Days,SL HIT (Trailing Stop),14,5.1195115474626505,-1.651704085841362
415,2023-06-07,2023-06-09,RVNL,Rail Vikas Nigam Ltd.,Mid-Cap Equities,121.64280152893066,122.85379847717284,14412,1753116.0556349487,17452.888018066296,13522.656597648886,0.7713497662738141,True,3930.2314204174118,3 Days,SL HIT (Trailing Stop),5,8.678849292040251,-0.5284336770045387
417,2023-06-07,2023-06-09,SJVN,SJVN Ltd.,Mid-Cap Equities,36.12209923553467,36.82620152282715,48544,1753511.185289795,34179.941434326116,30231.498849563715,1.72405509033394,True,3948.442584762401,3 Days,SL HIT (Trailing Stop),4,6.859787473671579,-0.6148527199584164
419,2023-06-13,2023-06-13,GODREJIND,Godrej Industries Ltd.,Mid-Cap Equities,475.7495877685547,480.23761218261717,3693,1756943.2276292725,16574.27416113275,15903.092018472315,0.9051568524460019,True,671.1821426604366,1 Day,BREAKEVEN RATCHET,32,1.3243101384418012,-0.3152052691392414
422,2023-06-14,2023-06-14,CONCOR,Container Corporation of India Ltd.,Mid-Cap Equities,656.31,660.9753878173829,2679,1758254.4899999998,12498.573962769005,11828.096234428458,0.672718102055207,True,670.4777283405474,1 Day,BREAKEVEN RATCHET,27,1.4078694203910966,-0.7633606385749411
421,2023-06-13,2023-06-15,POLICYBZR,PB Fintech Ltd.,Mid-Cap Equities,616.1298244628906,628.3907243652344,2854,1758434.5190170899,34992.608321289066,31032.381757080162,1.7647732355951642,True,3960.2265642089055,3 Days,SL HIT (Trailing Stop),7,9.546719767285566,-0.4024801186973652
425,2023-06-16,2023-06-16,THERMAX,Thermax Ltd.,Mid-Cap Equities,2367.675851074219,2387.8646025390626,744,1761550.8331992188,15020.431089843623,14348.06973767177,0.8145135222475357,True,672.3613521718527,1 Day,BREAKEVEN RATCHET,31,2.3999969801609438,-0.6219559107156775
426,2023-06-16,2023-06-16,LTTS,L&T Technology Services Ltd.,Mid-Cap Equities,3859.653851074219,3870.693051269531,457,1763861.809940918,5044.914489257615,4374.593880925716,0.24801227943544207,True,670.3206083318988,1 Day,BREAKEVEN RATCHET,51,1.428786100560749,-0.479419902521022
427,2023-06-16,2023-06-16,MARICO,Marico Ltd.,Mid-Cap Equities,548.6951755371093,547.0537243652344,3216,1764603.6845273436,-5278.906968749827,-5946.534106142821,-0.3369897818010974,False,667.6271373929939,1 Day,INTRADAY CLOSE,64,0.8665716197098857,-0.39096165590314874
420,2023-06-13,2023-06-19,DALBHARAT,Dalmia Bharat Ltd.,Mid-Cap Equities,2118.3282978515626,2239.013,830,1758212.487216797,100168.30278320308,96141.03292484331,5.468112280161995,True,4027.2698583597717,5 Days,SL HIT (Trailing Stop),18,8.047466067911056,-0.4403612915440692
424,2023-06-16,2023-06-20,LICHSGFIN,LIC Housing Finance Ltd.,Mid-Cap Equities,378.75600000000003,382.6331939086914,4655,1763109.1800000002,18048.33764495817,14095.279964924324,0.7994558774246938,True,3953.057680033845,3 Days,SL HIT (Trailing Stop),19,3.7475346151694544,-0.45042513043523497
423,2023-06-16,2023-06-22,GVT&D,GE Vernova T&D India Ltd.,Mid-Cap Equities,200.34989694213868,215.069,8800,1763079.0930908204,129528.1069091796,125459.59786047164,7.115937019055157,True,4068.5090487079515,5 Days,SL HIT (Trailing Stop),2,13.301780267727265,-1.447417761704161
428,2023-06-26,2023-06-26,RVNL,Rail Vikas Nigam Ltd.,Mid-Cap Equities,123.246,123.492492,14507,1787929.7219999998,3575.8594440000597,2897.4765336764976,0.16205763000770218,True,678.3829103235623,1 Day,BREAKEVEN RATCHET,33,1.1797518363615798,-0.7675680738053833
430,2023-06-27,2023-06-27,BHEL,Bharat Heavy Electricals Ltd.,Mid-Cap Equities,84.31830152893066,84.48693813198852,21209,1788306.8571270905,3576.6137142542284,2898.0976660090946,0.16205818674010342,True,678.5160482451336,1 Day,BREAKEVEN RATCHET,45,1.2235741547005008,-0.25890352491821095
431,2023-06-27,2023-06-27,GICRE,General Insurance Corporation of India,Mid-Cap Equities,181.16160305786133,182.08509695434572,9872,1788427.345387207,9116.731746093836,8436.587505696667,0.4717321912716609,True,680.1442403971694,1 Day,BREAKEVEN RATCHET,28,1.925568541976794,-0.22720215040814445
433,2023-06-28,2023-06-28,BHEL,Bharat Heavy Electricals Ltd.,Mid-Cap Equities,84.86939694213868,85.03913573602296,21084,1789386.365128052,3578.772730255965,2899.8755892903628,0.16205977902837335,True,678.8971409656025,1 Day,BREAKEVEN RATCHET,39,1.0965155204927315,-0.4352534075274761
434,2023-06-28,2023-06-28,GICRE,General Insurance Corporation of India,Mid-Cap Equities,183.76679388427735,184.1343274720459,9739,1789704.805638977,3579.4096112779807,2900.4000530255144,0.16206024836537145,True,679.0095582524664,1 Day,BREAKEVEN RATCHET,57,2.4124070351668325,-0.6621385761813856
436,2023-06-30,2023-06-30,ALKEM,Alkem Laboratories Ltd.,Mid-Cap Equities,3476.2887978515623,3505.8243974609377,514,1786812.442095703,15181.29819921893,14499.987298119046,0.811500242359652,True,681.3109010998844,1 Day,BREAKEVEN RATCHET,31,1.185494202147626,-0.7835582889508944
432,2023-06-28,2023-07-03,POLYCAB,Polycab India Ltd.,Mid-Cap Equities,3517.02,3527.93,508,1786646.16,5542.280000000028,1549.8716137804286,0.08674754120202674,True,3992.4083862195994,3 Days,SL HIT (Trailing Stop),3,3.4384209123597542,-0.30337906363199474
438,2023-07-03,2023-07-03,GODFRYPHLP,Godfrey Phillips India Ltd.,Mid-Cap Equities,567.5161285400391,564.136129272461,3156,1791080.9016723633,-10667.27768847649,-11342.694482209055,-0.6332876684474824,False,675.416793732566,1 Day,INTRADAY CLOSE,47,0.4964060590647039,-0.7370390622233582
439,2023-07-03,2023-07-03,FEDERALBNK,Federal Bank Ltd.,Mid-Cap Equities,127.45439694213867,127.2949030456543,14048,1790479.3682431642,-2240.5702578127384,-2918.1869826461652,-0.16298355816909071,False,677.616724833427,1 Day,INTRADAY CLOSE,34,0.8203742538093899,-0.7488144505300559
429,2023-06-27,2023-07-04,GODREJIND,Godrej Industries Ltd.,Mid-Cap Equities,483.16441223144534,507.7325,3701,1788191.4896685793,90926.49283142085,86842.17268286321,4.856424671775975,True,4084.3201485576456,5 Days,TIME EXIT (Swing Max),2,8.327519818107692,-0.38587784846693
435,2023-06-30,2023-07-04,BHEL,Bharat Heavy Electricals Ltd.,Mid-Cap Equities,85.671,86.92579847717285,20894,1790009.874,26217.75938204932,22196.450833624847,1.240018346045439,True,4021.3085484244716,3 Days,SL HIT (Trailing Stop),14,4.06088586088513,-0.6665050318998409
441,2023-07-06,2023-07-06,IDEA,Vodafone Idea Ltd.,Mid-Cap Equities,7.464899808883667,7.485,241277,1801108.6311880245,4849.713811975438,4166.32135851041,0.23131982637617332,True,683.3924534650281,1 Day,BREAKEVEN RATCHET,39,1.1400070199190375,-0.869398319840818
437,2023-07-03,2023-07-07,MAHABANK,Bank of Maharashtra,Mid-Cap Equities,29.208299617767334,31.936,61339,1791607.8902542305,167314.41374576953,163143.3456611601,9.105973832143032,True,4171.06808460942,5 Days,TIME EXIT (Swing Max),8,12.1256643782107,-0.3707824067640339
440,2023-07-05,2023-07-07,BHEL,Bharat Heavy Electricals Ltd.,Mid-Cap Equities,87.77519847106933,92.5145969543457,20519,1801059.2974278715,97247.71747834794,93128.24902736905,5.170748634449035,True,4119.468450978887,3 Days,SL HIT (Trailing Stop),1,8.572814088445103,-0.7692377900698026
443,2023-07-11,2023-07-11,DABUR,Dabur India Ltd.,Mid-Cap Equities,576.9015,580.4867243652344,3167,1827047.0505000001,11354.405564697227,10660.00925156724,0.5834556503977257,True,694.396313129987,1 Day,INTRADAY CLOSE,32,0.9531132115382686,-0.6762852930699703
444,2023-07-11,2023-07-11,NHPC,NHPC Ltd.,Mid-Cap Equities,46.593,46.75629847717285,39238,1828216.134,6407.505647308193,5714.1132197362185,0.3125512959583267,True,693.3924275719745,1 Day,BREAKEVEN RATCHET,27,1.624704299188913,-0.8434727041842129
445,2023-07-11,2023-07-11,GODREJIND,Godrej Industries Ltd.,Mid-Cap Equities,491.982,495.2575,3717,1828697.094,12175.033499999903,11479.820740686844,0.627759555059852,True,695.212759313059,1 Day,BREAKEVEN RATCHET,31,2.239512827705073,-0.19960079840319922
442,2023-07-10,2023-07-12,GICRE,General Insurance Corporation of India,Mid-Cap Equities,187.22370611572265,187.22480609130858,9759,1827116.1479833373,10.734661743044853,-4065.884399110418,-0.22253015516271918,False,4076.619060853463,3 Days,SL HIT (Trailing Stop),4,4.527359813762237,-1.4280793385813149
446,2023-07-12,2023-07-12,TATAINVEST,Tata Investment Corporation Ltd.,Mid-Cap Equities,234.468,234.936936,7802,1829319.336,3658.63867200003,2965.6442158756263,0.1621173601302614,True,692.9944561244039,1 Day,BREAKEVEN RATCHET,39,1.5895590546337928,-0.7881693377401136
447,2023-07-14,2023-07-17,TATACOMM,Tata Communications Ltd.,Mid-Cap Equities,1602.198,1602.191591208,1142,1829710.1160000002,-7.3188404641114175,-4089.684163215765,-0.22351541522634094,False,4082.3653227516534,2 Days,SL HIT (Trailing Stop),16,2.172141021272022,-1.0734004161782809
450,2023-07-17,2023-07-17,TATAINVEST,Tata Investment Corporation Ltd.,Mid-Cap Equities,235.48502938842773,234.47511730957032,7768,1829247.7082893066,-7844.997028564336,-8534.67359972682,-0.4665674069756445,False,689.6765711624848,1 Day,INTRADAY CLOSE,56,0.4734809333670041,-0.6285004653837095
451,2023-07-17,2023-07-17,FEDERALBNK,Federal Bank Ltd.,Mid-Cap Equities,131.262,132.3348060913086,13930,1828479.66,14944.188851928804,14248.260123404152,0.7792408324303784,True,695.9287285246522,1 Day,BREAKEVEN RATCHET,15,1.857351669365229,-1.113800603557913
453,2023-07-17,2023-07-18,THERMAX,Thermax Ltd.,Mid-Cap Equities,2345.4315,2345.422118274,780,1829436.57,-7.3177462802268565,-4089.0751273109104,-0.22351554540701624,False,4081.7573810306835,2 Days,SL HIT (Trailing Stop),8,4.3731185498276055,-0.6003757664101528
454,2023-07-18,2023-07-18,GICRE,General Insurance Corporation of India,Mid-Cap Equities,187.32389694213867,186.8755,9766,1829405.1775369262,-4379.044536926318,-5069.768654157936,-0.2771266156021144,False,690.7241172316184,1 Day,INTRADAY CLOSE,13,0.7346099609109501,-1.053731462373299
455,2023-07-19,2023-07-19,TATACOMM,Tata Communications Ltd.,Mid-Cap Equities,1615.224,1618.454448,1132,1828433.568,3656.867135999957,2964.1853776383523,0.16211611017843403,True,692.6817583616046,1 Day,BREAKEVEN RATCHET,38,1.0571938522536235,-0.4751013588130769
448,2023-07-14,2023-07-20,NATIONALUM,National Aluminium Co. Ltd.,Mid-Cap Equities,85.37039694213867,91.66629847717284,21434,1829829.0880578002,134946.35350192245,130723.88126540634,7.144048704797782,True,4222.472236516118,5 Days,SL HIT (Trailing Stop),2,10.108425598290472,-0.2581637478025779
449,2023-07-14,2023-07-20,MPHASIS,MphasiS Ltd.,Mid-Cap Equities,1943.88,2209.4721025390627,941,1829191.08,249922.1684892578,245581.97326616468,13.425714565925212,True,4340.195223093109,5 Days,TIME EXIT (Swing Max),1,14.253449347278375,-0.4568183221186549
452,2023-07-17,2023-07-20,IDEA,Vodafone Idea Ltd.,Mid-Cap Equities,7.414800095558166,7.584799904823303,246802,1829987.4931839465,41956.29292625422,37829.82736045877,2.0672178089392106,True,4126.465565795449,4 Days,SL HIT (Trailing Stop),5,7.217992485428995,-0.8739303836986314
458,2023-07-24,2023-07-24,COFORGE,Coforge Ltd.,Mid-Cap Equities,935.4671755371094,943.2497346191407,1999,1869998.8838986817,15557.335604980355,14846.597844411626,0.7939361874622396,True,710.7377605687293,1 Day,BREAKEVEN RATCHET,28,1.510774553977655,-0.7426402750979028
456,2023-07-21,2023-07-25,IDEA,Vodafone Idea Ltd.,Mid-Cap Equities,7.615199904441834,7.834299904823303,245665,1870788.0845247032,53825.2015937136,49595.759800338856,2.6510624164542542,True,4229.441793374744,3 Days,SL HIT (Trailing Stop),6,7.679376932471564,-0.8561786233469801
459,2023-07-25,2023-07-25,INDUSTOWER,Indus Towers Ltd.,Mid-Cap Equities,171.342,171.684684,10956,1877222.952,3754.445903999964,3044.5403000883416,0.16218320241848083,True,709.9056039116223,1 Day,BREAKEVEN RATCHET,28,1.6971904144926446,-0.8124120482764443
457,2023-07-24,2023-07-26,NIACL,The New India Assurance Company Ltd.,Mid-Cap Equities,120.08969847106934,122.9535969543457,15578,1870757.322782318,44613.81057247915,40393.98222847267,2.1592315441746326,True,4219.828344006486,3 Days,SL HIT (Trailing Stop),9,5.254658089036482,-0.5326864260395012
460,2023-07-25,2023-07-31,JSL,Jindal Stainless Ltd.,Mid-Cap Equities,363.225,400.1481121826172,5169,1877510.0250000001,190855.56687194807,186469.19146122932,9.931728138774082,True,4386.3754107187515,5 Days,TIME EXIT (Swing Max),11,10.702734146469984,-0.19960079840319983
461,2023-07-26,2023-08-01,GODFRYPHLP,Godfrey Phillips India Ltd.,Mid-Cap Equities,567.5829122314453,692.844870727539,3315,1881537.3540472414,415243.39241455053,410615.54995942535,21.82340675172775,True,4627.842455125161,5 Days,SL HIT (Trailing Stop),17,29.026666801705097,-0.39634724631152335
462,2023-07-26,2023-08-01,TORNTPOWER,Torrent Power Ltd.,Mid-Cap Equities,615.228,676.4443878173828,3058,1881367.224,187199.71394555666,182808.55438506047,9.716792769270679,True,4391.159560496197,5 Days,TIME EXIT (Swing Max),5,10.853212142490271,-0.2808714817921083
466,2023-08-01,2023-08-01,LAURUSLABS,Laurus Labs Ltd.,Mid-Cap Equities,354.4575,357.5833878173828,5528,1959441.0599999998,17279.90785449231,16537.15297510763,0.843972973349228,True,742.7548793846798,1 Day,BREAKEVEN RATCHET,19,1.2815358681929478,-0.6933130206019007
467,2023-08-01,2023-08-01,RVNL,Rail Vikas Nigam Ltd.,Mid-Cap Equities,126.15180152893066,124.84979847717285,15546,1961155.906568756,-20240.9394426269,-20973.559281075966,-1.0694488495701173,False,732.6198384490659,1 Day,INTRADAY CLOSE,42,0.2760154566555953,-1.2697388842326642
463,2023-07-31,2023-08-02,SUZLON,Suzlon Energy Ltd.,Mid-Cap Equities,18.236400764465333,19.06180038070679,104199,1900214.7232565233,86005.81461274344,81677.62713935963,4.298336716357154,True,4328.187473383812,3 Days,SL HIT (Trailing Stop),6,8.848235119665631,-1.022139893788694
464,2023-07-31,2023-08-02,SUPREMEIND,Supreme Industries Ltd.,Mid-Cap Equities,3403.593648925781,3483.02,558,1899205.256100586,44319.903899414,40037.15594284466,2.1081005233235417,True,4282.747956569334,3 Days,SL HIT (Trailing Stop),1,5.779373808751438,-0.6329662797571473
465,2023-07-31,2023-08-02,HONAUT,Honeywell Automation India Ltd.,Mid-Cap Equities,42480.3418828125,42786.856359375,44,1869135.04284375,13486.636968750041,9302.668850632283,0.49769913020725154,True,4183.968118117758,3 Days,SL HIT (Trailing Stop),29,2.3979517867290245,-0.8680257831486321
468,2023-08-01,2023-08-02,UBL,United Breweries Ltd.,Mid-Cap Equities,1553.0498510742189,1553.0436388748146,1261,1958395.8622045899,-7.83358344854787,-4376.196266834021,-0.22345820634586533,False,4368.362683385473,2 Days,SL HIT (Trailing Stop),5,3.335380668939208,-0.9239819244963877
473,2023-08-07,2023-08-07,RVNL,Rail Vikas Nigam Ltd.,Mid-Cap Equities,124.248,124.89970152282714,15869,1971691.512,10341.851465743734,9596.764742178675,0.4867274968610138,True,745.0867235650578,1 Day,BREAKEVEN RATCHET,21,1.3296000948738824,-1.286136174522808
469,2023-08-04,2023-08-08,IDEA,Vodafone Idea Ltd.,Mid-Cap Equities,7.915800095558167,8.2335,249095,1971786.2248030615,79137.45769693842,74657.32316681294,3.7862787673278118,True,4480.1345301254805,3 Days,SL HIT (Trailing Stop),6,8.643476056141044,-0.8312512965369236
470,2023-08-04,2023-08-08,POLICYBZR,PB Fintech Ltd.,Mid-Cap Equities,732.4119122314453,771.5038878173829,2692,1971652.8677270508,105235.5982773439,100728.71655509765,5.108846400087614,True,4506.8817222462585,3 Days,SL HIT (Trailing Stop),1,11.685785872569003,-0.5682474795863374
471,2023-08-04,2023-08-08,NIACL,The New India Assurance Company Ltd.,Mid-Cap Equities,123.19589694213867,126.4965,16005,1971750.3305589296,52826.15194107033,48373.36164329769,2.453320833453866,True,4452.790297772642,3 Days,SL HIT (Trailing Stop),14,6.943496715543153,-0.2401828499197021
472,2023-08-04,2023-08-08,KPRMILL,K.P.R. Mill Ltd.,Mid-Cap Equities,630.759,632.0832756347656,3126,1971752.634,4139.685634277295,-262.6596005473375,-0.01332112335077715,False,4402.345234824633,3 Days,SL HIT (Trailing Stop),22,2.7333736022791566,-1.2301053175618601
474,2023-08-08,2023-08-08,BHEL,Bharat Heavy Electricals Ltd.,Mid-Cap Equities,97.84530152893066,98.65229847717285,20390,1995065.6981748962,16454.667774658184,15699.593125466577,0.7869211094065074,True,755.0746491916078,1 Day,BREAKEVEN RATCHET,18,3.173065411212961,-0.6084109503762372
475,2023-08-08,2023-08-09,BIOCON,Biocon Ltd.,Mid-Cap Equities,264.7284122314453,264.72735331779637,7542,1996581.6850495604,-7.9863267401233315,-4461.215010202477,-0.22344264918426004,False,4453.228683462354,2 Days,SL HIT (Trailing Stop),4,4.446665799613188,-0.3884736117840462
477,2023-08-11,2023-08-11,IDEA,Vodafone Idea Ltd.,Mid-Cap Equities,8.116200382232666,8.132432782997132,245954,1996211.948811653,3992.42389762355,3240.512268318464,0.16233307641743874,True,751.911629305086,1 Day,BREAKEVEN RATCHET,47,1.0324957872641694,-0.8156549663648387
476,2023-08-10,2023-08-14,UNOMINDA,UNO Minda Ltd.,Mid-Cap Equities,580.158,580.4367756347656,3440,1995743.52,958.9881835936103,-3493.379722406962,-0.17504151647737592,False,4452.3679060005725,3 Days,SL HIT (Trailing Stop),13,2.222151171399642,-1.3716931927110831
478,2023-08-11,2023-08-14,BHEL,Bharat Heavy Electricals Ltd.,Mid-Cap Equities,100.65089694213867,100.65049433855091,19836,1996511.1917442628,-7.986044766847044,-4461.058060534043,-0.22344267735542298,False,4453.072015767196,2 Days,SL HIT (Trailing Stop),7,3.277765133081798,-0.7957191563608144
479,2023-08-21,2023-08-21,GICRE,General Insurance Corporation of India,Mid-Cap Equities,205.1595,205.1389030456543,9727,1995586.4565,-200.34657492069528,-950.8376682882799,-0.047647029533159184,False,750.4910933675847,1 Day,INTRADAY CLOSE,28,0.38530847864328926,-1.0282228940128026
480,2023-08-21,2023-08-21,ATGL,Adani Total Gas Ltd.,Mid-Cap Equities,660.318,663.171,3022,1995480.996,8621.766000000061,7868.786958402753,0.39433033810775275,True,752.9790415973081,1 Day,BREAKEVEN RATCHET,30,2.0190308933063337,-0.6539273501555287
483,2023-08-22,2023-08-22,GODREJIND,Godrej Industries Ltd.,Mid-Cap Equities,496.09020611572265,493.9601121826172,4024,1996266.989409668,-8571.497986816335,-9319.832894184978,-0.4668630470587013,False,748.3349073686418,1 Day,INTRADAY CLOSE,71,0.7881215625864046,-0.6329884907985646
484,2023-08-22,2023-08-22,ATGL,Adani Total Gas Ltd.,Mid-Cap Equities,671.2899122314453,672.6324920559082,2972,1995073.6191518556,3990.1472383034416,3238.6374672027014,0.16233172731638387,True,751.5097711007404,1 Day,BREAKEVEN RATCHET,48,1.2975150691005222,-0.6390550719263997
487,2023-08-23,2023-08-23,COLPAL,Colgate Palmolive (India) Ltd.,Mid-Cap Equities,1957.3568510742189,1961.2715647763673,1019,1994546.631244629,3989.0932624894194,3237.769531005838,0.16233110223075697,True,751.3237314835812,1 Day,BREAKEVEN RATCHET,62,2.4085106862301813,-0.8867494480985026
481,2023-08-22,2023-08-24,BHEL,Bharat Heavy Electricals Ltd.,Mid-Cap Equities,101.703,108.33290304565429,19630,1996429.8900000001,130144.99678619346,125557.2375548634,6.289088246162423,True,4587.75923133005,3 Days,SL HIT (Trailing Stop),1,11.156999352779966,-0.6420626217930547
482,2023-08-22,2023-08-24,NIACL,The New India Assurance Company Ltd.,Mid-Cap Equities,124.79910305786133,129.8398060913086,15997,1996411.2516166077,80636.1264260558,76099.710996336,3.8118253909215216,True,4536.4154297198,3 Days,SL HIT (Trailing Stop),4,9.055275854358337,-0.3999227509448665
488,2023-08-24,2023-08-24,NAM-INDIA,Nippon Life India Asset Management Ltd.,Mid-Cap Equities,315.63,312.7233060913086,6336,1999831.68,-18416.81260546879,-19163.585910143338,-0.9582599426639415,False,746.773304674547,1 Day,INTRADAY CLOSE,38,0.7508791939929679,-1.2134499911387528
489,2023-08-24,2023-08-24,COLPAL,Colgate Palmolive (India) Ltd.,Mid-Cap Equities,1963.92,1970.1019487304688,1018,1999270.56,6293.2238076173235,5539.575615926645,0.2770798373546122,True,753.6481916906789,1 Day,BREAKEVEN RATCHET,25,1.4145154167112166,-0.19960079840319733
486,2023-08-23,2023-08-28,GODREJIND,Godrej Industries Ltd.,Mid-Cap Equities,499.2965877685547,530.0377756347656,3997,1995688.461310913,122872.52790124505,118293.95238093068,5.927475889860416,True,4578.575520314356,4 Days,SL HIT (Trailing Stop),1,11.757222794932632,-0.209612441621534
485,2023-08-23,2023-08-29,POLICYBZR,PB Fintech Ltd.,Mid-Cap Equities,727.953,760.4261121826172,2741,1995319.173,89008.80049255374,84466.13617258235,4.233214280479545,True,4542.6643199713935,5 Days,TIME EXIT (Swing Max),11,6.140097563175442,-0.6117153167855582
491,2023-08-29,2023-08-29,POLICYBZR,PB Fintech Ltd.,Mid-Cap Equities,760.518,760.4261121826172,2629,1999401.8220000002,-241.573071899591,-993.3970983730575,-0.04968471507039855,False,751.8240264734665,1 Day,INTRADAY CLOSE,33,0.9312042037055626,-0.26534546190886066
492,2023-08-30,2023-08-30,RVNL,Rail Vikas Nigam Ltd.,Mid-Cap Equities,129.05760305786131,129.31571826397703,15496,1999876.6169846188,3999.7532339692116,3246.5478871906025,0.1623374091990582,True,753.2053467786089,1 Day,BREAKEVEN RATCHET,59,1.5050620003130206,-0.7807366495500132
490,2023-08-25,2023-08-31,IDEA,Vodafone Idea Ltd.,Mid-Cap Equities,8.066100191116332,9.031900190353394,247951,1999997.6084874857,239471.07561082882,234762.10077105468,11.738119074482064,True,4708.974839774136,5 Days,TIME EXIT (Swing Max),1,16.537104620682033,-0.8194814042743004
493,2023-09-04,2023-09-04,TATAINVEST,Tata Investment Corporation Ltd.,Mid-Cap Equities,247.48398550415038,245.52296939086915,8081,1999918.0868590393,-15846.971211425727,-16594.51052579341,-0.8297595103935397,False,747.5393143676806,1 Day,INTRADAY CLOSE,72,0.40851516552781664,-0.7895406730552827
494,2023-09-04,2023-09-06,BDL,Bharat Dynamics Ltd.,Mid-Cap Equities,575.77425,580.0126378173828,3473,1999663.9702500002,14719.92088977038,10244.580535016403,0.5123151033088631,True,4475.3403547539765,3 Days,SL HIT (Trailing Stop),17,4.871833397730308,-0.44275589157774103
495,2023-09-06,2023-09-06,OIL,Oil India Ltd.,Mid-Cap Equities,190.27979388427735,187.98993536376952,10510,1999840.633723755,-24066.41305053723,-24811.57244843263,-1.2406774834969148,False,745.1593978954018,1 Day,INTRADAY CLOSE,38,0.39602027858117944,-1.618562262006763
497,2023-09-08,2023-09-08,TATAINVEST,Tata Investment Corporation Ltd.,Mid-Cap Equities,249.34770611572264,247.99302548217773,8020,1999768.6030480957,-10864.538681030273,-11613.451411263264,-0.5807397612684667,False,748.9127302329908,1 Day,INTRADAY CLOSE,67,0.622539426948372,-0.6969005379839388
498,2023-09-08,2023-09-08,360ONE,360 ONE WAM Ltd.,Mid-Cap Equities,520.9899122314453,522.0318920559082,3838,1999559.2831442868,3999.1185662888456,3246.025246115321,0.1623370346395021,True,753.0933201735247,1 Day,BREAKEVEN RATCHET,36,1.2591559658854266,-1.437630951310614
499,2023-09-11,2023-09-11,HINDPETRO,Hindustan Petroleum Corporation Ltd.,Mid-Cap Equities,175.35,176.8455969543457,11405,1999866.75,17057.28326431266,16300.343990582049,0.8150715036680344,True,756.9392737306114,1 Day,BREAKEVEN RATCHET,31,2.1385834636530543,-0.9980005112542739
500,2023-09-11,2023-09-11,TATAINVEST,Tata Investment Corporation Ltd.,Mid-Cap Equities,250.55510266113282,251.0562128664551,7982,1999930.8294411623,3999.8616588823497,3246.6371737809777,0.16233747317591884,True,753.2244851013719,1 Day,BREAKEVEN RATCHET,52,2.0414254004358523,-0.6306383469484644
496,2023-09-08,2023-09-12,POWERINDIA,Hitachi Energy India Ltd.,Mid-Cap Equities,4509.0,4533.514897460937,443,1997487.0,10860.099575195229,6393.597079528821,0.3200820370560019,True,4466.502495666407,3 Days,SL HIT (Trailing Stop),16,3.9465556733754714,-4.29585707058106
501,2023-09-11,2023-09-12,ICICIPRULI,ICICI Prudential Life Insurance Company Ltd.,Mid-Cap Equities,562.623,562.620749508,3554,1999562.1420000002,-7.9982485682703555,-4467.850842187335,-0.2234414599247466,False,4459.8525936190645,2 Days,SL HIT (Trailing Stop),15,3.141888581335762,-1.8792356883794825
504,2023-09-14,2023-09-14,OFSS,Oracle Financial Services Software Ltd.,Mid-Cap Equities,4240.163595703125,4264.154794921875,471,1997117.0535761719,11299.854832031066,10545.532620014883,0.5280377833202788,True,754.3222120161819,1 Day,BREAKEVEN RATCHET,44,1.364013510126946,-0.4755381543192853
505,2023-09-14,2023-09-14,PRESTIGE,Prestige Estates Projects Ltd.,Mid-Cap Equities,623.745,629.4386121826171,3206,1999726.47,18253.720657470636,17496.48837421729,0.8749440804380256,True,757.2322832533453,1 Day,BREAKEVEN RATCHET,37,1.7883950034168605,-0.35190858556481486
507,2023-09-18,2023-09-18,ENDURANCE,Endurance Technologies Ltd.,Mid-Cap Equities,1632.6588244628906,1646.3507243652343,1224,1998374.401142578,16758.885480468627,16002.557597281591,0.8007787523765351,True,756.3278831870365,1 Day,BREAKEVEN RATCHET,13,1.4970152218475592,-0.5425980922670695
502,2023-09-14,2023-09-20,POLYCAB,Polycab India Ltd.,Mid-Cap Equities,5078.086095703125,5112.3548974609375,393,1995687.835611328,13467.639090820448,9002.433151405858,0.4510942538590056,True,4465.205939414592,4 Days,SL HIT (Trailing Stop),25,4.370030364090326,-0.646623453881752
503,2023-09-14,2023-09-20,NIACL,The New India Assurance Company Ltd.,Mid-Cap Equities,129.258,140.5184030456543,15472,1999879.776,174220.95592236333,169579.85683016098,8.479502561366017,True,4641.099092202358,4 Days,SL HIT (Trailing Stop),5,16.665895381142988,-0.4316971110165887
506,2023-09-15,2023-09-20,GICRE,General Insurance Corporation of India,Mid-Cap Equities,222.444,229.6896939086914,8991,1999994.004,65146.03393304441,60617.7072447083,3.030894448856973,True,4528.326688336111,3 Days,SL HIT (Trailing Stop),2,7.667547787308273,-1.2785212891713704
509,2023-09-27,2023-09-27,KPRMILL,K.P.R. Mill Ltd.,Mid-Cap Equities,750.3978244628906,751.8986201118164,2665,1999810.2021936036,3999.6204043871257,3246.4385036537196,0.16233733081732865,True,753.1819007334062,1 Day,BREAKEVEN RATCHET,41,1.2662883128656741,-0.5260959090180065
508,2023-09-26,2023-09-28,INDUSTOWER,Indus Towers Ltd.,Mid-Cap Equities,187.27379388427735,188.123,10679,1999896.8448901977,9068.672109802254,4598.670173256692,0.22994536868271206,True,4470.001936545562,3 Days,SL HIT (Trailing Stop),21,3.3246542330263384,-0.6267763131274257
510,2023-09-29,2023-09-29,ACC,ACC Ltd.,Mid-Cap Equities,2014.02,2008.2255,993,1999921.8599999999,-5753.938499999931,-6504.36803259955,-0.3252311084093831,False,750.4295325996188,1 Day,INTRADAY CLOSE,72,0.4955263602148945,-0.5893673144227705
511,2023-10-05,2023-10-05,APARINDS,Apar Industries Ltd.,Mid-Cap Equities,5398.726095703125,5409.5235478945315,370,1997528.6554101561,3995.057310820557,3242.68085189009,0.16233463500548703,True,752.3764589304673,1 Day,BREAKEVEN RATCHET,39,1.397998310554139,-0.9025480240960223
512,2023-10-06,2023-10-06,POLYCAB,Polycab India Ltd.,Mid-Cap Equities,5283.345404296875,5248.7315,378,1997104.5628242188,-13084.055824218784,-13831.394324632962,-0.6925723661195388,False,747.3385004141787,1 Day,INTRADAY CLOSE,72,0.9776872748299754,-0.7257788647641572
513,2023-10-06,2023-10-06,MFSL,Max Financial Services Ltd.,Mid-Cap Equities,921.6896755371093,915.8147243652344,2169,1999144.9062399901,-12742.769091796828,-13490.924400464857,-0.6748347435123505,False,748.1553086680283,1 Day,INTRADAY CLOSE,59,0.24523836274988262,-0.9156743056920069
514,2023-10-06,2023-10-06,BHEL,Bharat Heavy Electricals Ltd.,Mid-Cap Equities,128.35620611572264,128.6421939086914,15581,1999918.0474890745,4455.975802246248,3702.625270442655,0.18513884981893902,True,753.3505318035931,1 Day,BREAKEVEN RATCHET,34,1.2027371542673158,-0.6280982340954967
515,2023-10-10,2023-10-10,POLYCAB,Polycab India Ltd.,Mid-Cap Equities,5210.800702148437,5194.8395,383,1995736.6689228516,-6113.140422851546,-6861.992063556072,-0.34383253915255557,False,748.8516407045258,1 Day,INTRADAY CLOSE,89,0.8491804823933993,-0.6102843682992076
516,2023-10-10,2023-10-10,NIACL,The New India Assurance Company Ltd.,Mid-Cap Equities,136.97339694213866,137.6740969543457,14601,1999948.5687521666,10230.92087823525,9475.90664972212,0.4738075167420154,True,755.0142285131323,1 Day,BREAKEVEN RATCHET,42,1.2605367499448727,-0.6376353789283495
517,2023-10-10,2023-10-10,HEROMOTOCO,Hero MotoCorp Ltd.,Mid-Cap Equities,2980.95,2970.8464487304686,670,1997236.4999999998,-6769.379350585863,-7518.5717771098625,-0.3764487469115382,False,749.1924265239992,1 Day,INTRADAY CLOSE,80,0.7430549877136544,-0.5015179724584383
519,2023-10-11,2023-10-11,AWL,AWL Agri Business Ltd.,Mid-Cap Equities,349.698,350.39739599999996,5719,1999922.862,3999.845723999897,3246.6240516000753,0.16233746377364405,True,753.2216723998217,1 Day,BREAKEVEN RATCHET,47,1.2302043477514946,-0.5570520849418582
521,2023-10-11,2023-10-11,PATANJALI,Patanjali Foods Ltd.,Mid-Cap Equities,437.5399898071289,438.4150697867432,4571,1999995.2934083862,3999.990586816799,3246.7433443587242,0.16233754924621016,True,753.2472424580747,1 Day,BREAKEVEN RATCHET,37,2.840125539847541,-0.8852524119442604
523,2023-10-12,2023-10-12,GICRE,General Insurance Corporation of India,Mid-Cap Equities,223.09529388427734,223.54148447204588,8964,1999826.2143786622,3999.6524287571665,3246.4648753309048,0.16233734971513855,True,753.1875534262617,1 Day,BREAKEVEN RATCHET,26,1.189942678530769,-0.46854006389831504
518,2023-10-10,2023-10-13,BHEL,Bharat Heavy Electricals Ltd.,Mid-Cap Equities,127.254,129.9895,15716,1999923.864,42991.117999999784,38485.90469436459,1.9243684915779669,True,4505.213305635197,4 Days,SL HIT (Trailing Stop),14,5.104751127665924,-0.19960079840319744
522,2023-10-12,2023-10-13,APARINDS,Apar Industries Ltd.,Mid-Cap Equities,5380.038404296875,5380.016884143259,371,1995994.2479941407,-7.9839769918471575,-4459.90711223038,-0.2234428840019118,False,4451.923135238533,2 Days,SL HIT (Trailing Stop),8,2.4156257992383146,-0.3343582007706188
520,2023-10-11,2023-10-16,IDEA,Vodafone Idea Ltd.,Mid-Cap Equities,11.222399808883667,11.7265,178215,1999999.9819402026,89838.21555979736,85284.28890517773,4.264214483764311,True,4553.926654619633,4 Days,SL HIT (Trailing Stop),1,10.047766892901548,-0.6451400020170501
526,2023-10-16,2023-10-17,POLYCAB,Polycab India Ltd.,Mid-Cap Equities,5355.69,5355.66857724,373,1997672.3699999999,-7.990689479978755,-4463.643363371022,-0.22344221356833516,False,4455.652673891043,2 Days,SL HIT (Trailing Stop),20,2.414441463191492,-0.352712634833226
527,2023-10-17,2023-10-17,GICRE,General Insurance Corporation of India,Mid-Cap Equities,225.34979388427735,226.4461939086914,8875,1999979.4207229614,9730.550216674805,8975.668333415837,0.44878803453743904,True,754.8818832589672,1 Day,BREAKEVEN RATCHET,27,3.638880260831956,-0.6211662819421033
529,2023-10-17,2023-10-17,UBL,United Breweries Ltd.,Mid-Cap Equities,1577.9496489257813,1569.2052756347657,1267,1999262.205188965,-11079.120959716849,-11827.793789984295,-0.5916079321304613,False,748.6728302674453,1 Day,INTRADAY CLOSE,61,0.8555597610661599,-0.8016478920140278
531,2023-10-17,2023-10-17,LAURUSLABS,Laurus Labs Ltd.,Mid-Cap Equities,401.85208776855467,399.4495,4976,1999615.988736328,-11955.276736327913,-12703.823479750878,-0.6353131576918003,False,748.546743422964,1 Day,INTRADAY CLOSE,67,0.22344346558738834,-0.7843870064297999
524,2023-10-13,2023-10-18,360ONE,360 ONE WAM Ltd.,Mid-Cap Equities,518.3345877685547,540.5167756347656,3858,1999734.839611084,85578.88078784174,81029.95703275515,4.052035071235452,True,4548.9237550865955,4 Days,SL HIT (Trailing Stop),1,7.112283322088013,-1.3764421147811083
528,2023-10-17,2023-10-18,RVNL,Rail Vikas Nigam Ltd.,Mid-Cap Equities,167.53439694213867,167.53372680455092,11937,1999858.0962983093,-7.999432384967804,-4468.5097689995155,-0.22344134202674795,False,4460.510336614548,2 Days,SL HIT (Trailing Stop),12,3.9786456559160293,-0.9158697975727366
530,2023-10-17,2023-10-19,TATAINVEST,Tata Investment Corporation Ltd.,Mid-Cap Equities,314.628,326.7352346191406,6356,1999775.568,76953.5832392578,72413.50672485938,3.6210816795447207,True,4540.076514398419,3 Days,SL HIT (Trailing Stop),3,7.905208690898463,-0.19960079840318912
525,2023-10-16,2023-10-20,KPRMILL,K.P.R. Mill Ltd.,Mid-Cap Equities,758.3636755371094,828.34,2637,1999805.0123913574,184527.56760864262,179875.9546959706,8.994674659849752,True,4651.612912672032,5 Days,TIME EXIT (Swing Max),12,10.534038883957786,-0.9380295716393832
532,2023-10-20,2023-10-20,RVNL,Rail Vikas Nigam Ltd.,Mid-Cap Equities,168.03539694213868,168.37146773602296,11902,1999957.2944053344,3999.914588810876,3246.68076093003,0.1623375044063326,True,753.233827880846,1 Day,BREAKEVEN RATCHET,23,2.686699464383506,-0.7649560542183197
537,2023-10-31,2023-10-31,IDEA,Vodafone Idea Ltd.,Mid-Cap Equities,11.7735,11.826300380706787,169873,1999999.7655,8969.359071803978,8214.687890684285,0.41073444269282766,True,754.6711811196924,1 Day,BREAKEVEN RATCHET,22,3.6225405297077033,-1.048969138061977
538,2023-10-31,2023-10-31,NIACL,The New India Assurance Company Ltd.,Mid-Cap Equities,137.775,138.5723060913086,14516,1999941.9000000001,11573.695221435511,10818.29900640826,0.5409306643562125,True,755.3962150272505,1 Day,BREAKEVEN RATCHET,17,3.7561219003753816,-0.6713800736595033
533,2023-10-27,2023-11-01,GICRE,General Insurance Corporation of India,Mid-Cap Equities,220.44,225.049,9072,1999831.68,41812.84800000023,37309.060522889224,1.8656100358850811,True,4503.787477111008,4 Days,SL HIT (Trailing Stop),17,5.652328931448184,-0.6986055631988853
535,2023-10-31,2023-11-01,KPITTECH,KPIT Technologies Ltd.,Mid-Cap Equities,1202.4,1202.3951904,1663,1999591.2000000002,-7.998364800121635,-4467.915538308959,-0.22344144834749016,False,4459.917173508838,2 Days,SL HIT (Trailing Stop),8,4.34963000431428,-0.19960079840320114
536,2023-10-31,2023-11-02,PATANJALI,Patanjali Foods Ltd.,Mid-Cap Equities,440.88,445.93967681884766,4536,1999831.68,22950.69405029295,18466.45202752063,0.9234003147465206,True,4484.24202277232,3 Days,SL HIT (Trailing Stop),3,8.589638904010162,-0.9556667360414104
541,2023-11-02,2023-11-02,TATAINVEST,Tata Investment Corporation Ltd.,Mid-Cap Equities,316.72719122314453,317.9378621826172,6314,1999815.4853829346,7644.176438110415,6889.949508611055,0.3445292607728624,True,754.2269294993606,1 Day,BREAKEVEN RATCHET,42,2.27413422410017,-1.0110269706537773
542,2023-11-03,2023-11-03,DABUR,Dabur India Ltd.,Mid-Cap Equities,535.1681755371094,534.429,3737,1999923.4719821778,-2762.298982177861,-3513.585367936451,-0.17568599084714187,False,751.2863857585896,1 Day,INTRADAY CLOSE,49,0.5011135137354872,-0.7041059792587764
543,2023-11-03,2023-11-03,LUPIN,Lupin Ltd.,Mid-Cap Equities,1177.35,1184.1769487304687,1698,1999140.2999999998,11592.158944335999,10837.039970034397,0.5420850137448782,True,755.1189743016015,1 Day,BREAKEVEN RATCHET,32,2.140404198252439,-0.20385177119165154
545,2023-11-03,2023-11-03,HEROMOTOCO,Hero MotoCorp Ltd.,Mid-Cap Equities,3091.17,3083.2211025390625,647,1999986.99,-5142.9366572266445,-5893.564029638473,-0.2946801183760937,False,750.6273724118286,1 Day,INTRADAY CLOSE,39,0.6156229250372813,-0.6185344439767166
546,2023-11-03,2023-11-03,BHEL,Bharat Heavy Electricals Ltd.,Mid-Cap Equities,129.258,129.51651600000002,15472,1999879.776,3999.7595520003233,3246.5530900120402,0.16233741292716788,True,753.206461988283,1 Day,BREAKEVEN RATCHET,67,2.4694772843786668,-0.9345626175882322
534,2023-10-31,2023-11-06,OBEROIRLTY,Oberoi Realty Ltd.,Mid-Cap Equities,1124.244,1242.7095512695312,1778,1998905.832,210631.75015722634,205955.08579714785,10.30339111027957,True,4676.664360078486,5 Days,TIME EXIT (Swing Max),21,11.29701381550625,-0.5998697791582535
540,2023-11-02,2023-11-06,SJVN,SJVN Ltd.,Mid-Cap Equities,71.8935,73.4029030456543,27818,1999933.3830000001,41988.573924011085,37484.378325092985,1.8742813457548542,True,4504.195598918099,3 Days,SL HIT (Trailing Stop),3,5.225092012322259,-0.6168889423352814
544,2023-11-03,2023-11-06,MOTILALOFS,Motilal Oswal Financial Services Ltd.,Mid-Cap Equities,996.99,996.98601204,2006,1999961.94,-7.999847759958357,-4468.740971586593,-0.22344130066728135,False,4460.741123826635,2 Days,SL HIT (Trailing Stop),16,2.7292100394061114,-1.4985117410436672
547,2023-11-06,2023-11-06,TATAINVEST,Tata Investment Corporation Ltd.,Mid-Cap Equities,324.8484122314453,320.8120765991211,6156,1999766.8256967773,-24847.68215258792,-25592.591917166596,-1.2797788016235037,False,744.9097645786741,1 Day,INTRADAY CLOSE,73,0.7546829441717459,-1.492515292945607
548,2023-11-06,2023-11-06,LICHSGFIN,LIC Housing Finance Ltd.,Mid-Cap Equities,465.6294122314453,463.9203060913086,4295,1999878.3255340576,-7340.610871887067,-8090.57091379078,-0.40455315758423616,False,749.9600419037129,1 Day,INTRADAY CLOSE,79,0.390997631971107,-0.6613466326620082
552,2023-11-06,2023-11-06,POLYCAB,Polycab India Ltd.,Mid-Cap Equities,5078.185904296875,5128.572397460937,393,1995727.060388672,19801.891813476337,19045.626003302026,0.9543201764069307,True,756.2658101743123,1 Day,BREAKEVEN RATCHET,37,1.8277018102978575,-0.5678367665946641
539,2023-11-01,2023-11-07,BLUESTARCO,Blue Star Ltd.,Mid-Cap Equities,890.2269122314453,955.8345,2246,1999449.6448718263,147354.64212817373,142742.33855463515,7.139081442772997,True,4612.303573538589,5 Days,TIME EXIT (Swing Max),2,11.319932747927892,-0.19960079840319667
551,2023-11-06,2023-11-07,TATACOMM,Tata Communications Ltd.,Mid-Cap Equities,1716.3758510742186,1716.3689855708142,1165,1999577.8665014647,-7.998311466304585,-4467.885851969921,-0.22344145365977164,False,4459.887540503616,2 Days,SL HIT (Trailing Stop),38,1.6444023314622132,-0.6598672568718109
556,2023-11-08,2023-11-08,TATAINVEST,Tata Investment Corporation Ltd.,Mid-Cap Equities,327.654,328.309308,6103,1999672.362,3999.344723999966,3246.2114842253704,0.1623371681238134,True,753.1332397745955,1 Day,BREAKEVEN RATCHET,54,2.0893991832848076,-1.1152007910783925
557,2023-11-08,2023-11-08,LUPIN,Lupin Ltd.,Mid-Cap Equities,1205.2056489257814,1208.6777756347656,1659,1999436.1715678712,5760.2582102047745,5006.704196996861,0.25040580280543895,True,753.5540132079135,1 Day,BREAKEVEN RATCHET,32,1.634109125345956,-0.7970152934817015
558,2023-11-08,2023-11-08,ABCAPITAL,Aditya Birla Capital Ltd.,Mid-Cap Equities,175.70070611572265,174.30069390869141,11382,1999825.4370091553,-15934.938940429594,-16682.420421521183,-0.8341938307610801,False,747.4814810915874,1 Day,INTRADAY CLOSE,84,0.9671490902503894,-0.7687504746380527
549,2023-11-06,2023-11-09,NIACL,The New India Assurance Company Ltd.,Mid-Cap Equities,139.32810305786134,143.213,14354,1999915.5912925417,55763.810707458295,51245.38039124486,2.562377163034419,True,4518.430316213439,4 Days,SL HIT (Trailing Stop),35,5.542241532341581,-4.5418712513679695
550,2023-11-06,2023-11-09,CONCOR,Container Corporation of India Ltd.,Mid-Cap Equities,721.44,735.9252243652344,2772,1999831.6800000002,40153.04194042948,35650.97439751236,1.7826987518025694,True,4502.067542917125,4 Days,SL HIT (Trailing Stop),20,3.4043025060989054,-0.4768241295187478
553,2023-11-07,2023-11-09,COCHINSHIP,Cochin Shipyard Ltd.,Mid-Cap Equities,510.01800000000003,520.9809743652344,3921,1999780.5780000002,42985.82248608372,38480.933114055,1.9242577679467288,True,4504.889372028722,3 Days,SL HIT (Trailing Stop),11,5.221781273222214,-0.6652706375069173
554,2023-11-07,2023-11-09,SJVN,SJVN Ltd.,Mid-Cap Equities,73.8975,75.99770152282714,27064,1999961.94,56839.85401379387,52320.20566575169,2.616060066910658,True,4519.648348042178,3 Days,SL HIT (Trailing Stop),8,6.363542033385568,-0.4025867260447242
555,2023-11-08,2023-11-09,JSL,Jindal Stainless Ltd.,Mid-Cap Equities,456.912,456.91017235199996,4377,1999903.8239999998,-7.9996152960229665,-4468.611579343111,-0.2234413238135351,False,4460.611964047088,2 Days,SL HIT (Trailing Stop),13,4.538728222608379,-0.5060041969754248
559,2023-11-08,2023-11-10,RVNL,Rail Vikas Nigam Ltd.,Mid-Cap Equities,157.21379388427735,159.68,12721,1999916.6720018922,31372.607998107793,26879.450078488397,1.344028501526636,True,4493.157919619396,3 Days,SL HIT (Trailing Stop),10,4.539176902308668,-1.21731737733411
560,2023-11-09,2023-11-13,UNOMINDA,UNO Minda Ltd.,Mid-Cap Equities,609.0656755371094,628.74,3283,1999562.6127883303,64590.80721166963,60064.01460995925,3.0038576549599405,True,4526.792601710371,3 Days,SL HIT (Trailing Stop),1,5.899909633095249,-0.5525944845127154
561,2023-11-13,2023-11-13,TATAINVEST,Tata Investment Corporation Ltd.,Mid-Cap Equities,323.4506026611328,321.6204846191406,6183,1999895.0762537841,-11315.61985363788,-12064.44804844545,-0.6032540502597091,False,748.8281948075713,1 Day,INTRADAY CLOSE,50,0.27187579924039645,-1.0668097795284863
562,2023-11-13,2023-11-13,INDUSTOWER,Indus Towers Ltd.,Mid-Cap Equities,185.57039694213867,186.9753060913086,10777,1999892.1678454285,15140.705900604371,14384.306242575807,0.7192540914879751,True,756.3996580285634,1 Day,BREAKEVEN RATCHET,22,1.605647322373401,-0.8193084217279126
564,2023-11-13,2023-11-13,RVNL,Rail Vikas Nigam Ltd.,Mid-Cap Equities,158.06550000000001,156.5861939086914,12652,1999844.7060000002,-18716.18066723668,-19462.87287602813,-0.9732192113535104,False,746.6922087914515,1 Day,INTRADAY CLOSE,61,-0.07307290443381181,-0.9271434288218423
565,2023-11-15,2023-11-15,TATAINVEST,Tata Investment Corporation Ltd.,Mid-Cap Equities,325.64498510742186,326.2962750776367,6141,1999785.8535446776,3999.5717070894316,3246.3984020244693,0.162337302080127,True,753.1733050649622,1 Day,BREAKEVEN RATCHET,64,2.5626082109633406,-0.8736499699249534
566,2023-11-16,2023-11-16,TATAINVEST,Tata Investment Corporation Ltd.,Mid-Cap Equities,326.652,325.0935051269531,6122,1999763.544,-9541.105612793006,-10290.395360907767,-0.5145806058812605,False,749.2897481147608,1 Day,INTRADAY CLOSE,71,0.7938096558990955,-0.5669679680611895
567,2023-11-16,2023-11-16,APLAPOLLO,APL Apollo Tubes Ltd.,Mid-Cap Equities,1677.348,1682.0790512695312,1192,1999398.8159999999,5639.413113281364,4885.90685512677,0.2443687980620856,True,753.506258154594,1 Day,BREAKEVEN RATCHET,38,2.2387736125158613,-0.5960614263743992
568,2023-11-17,2023-11-17,KALYANKJIL,Kalyan Jewellers India Ltd.,Mid-Cap Equities,316.632,317.265264,6316,1999847.712,3999.695424000034,3246.50028138778,0.16233737508647758,True,753.1951426122539,1 Day,BREAKEVEN RATCHET,46,1.2531917505228847,-0.7996645621681888
563,2023-11-13,2023-11-20,APARINDS,Apar Industries Ltd.,Mid-Cap Equities,5169.668797851563,5860.0065,386,1995492.1559707033,266470.35302929673,261743.41398823718,13.116734796730514,True,4726.939041059538,5 Days,TIME EXIT (Swing Max),6,15.959076484818677,-0.9133777111347293
569,2023-11-20,2023-11-20,GODREJIND,Godrej Industries Ltd.,Mid-Cap Equities,661.32,667.2128878173828,3024,1999831.6800000002,17820.09275976545,17062.947510615835,0.8532191824571872,True,757.1452491496167,1 Day,BREAKEVEN RATCHET,13,1.6829994869399383,-0.7137277587344326
570,2023-11-20,2023-11-20,PAYTM,One 97 Communications Ltd.,Mid-Cap Equities,896.79,899.5472756347656,2230,1999841.7,6148.724665527232,5394.916533812717,0.2697671787628349,True,753.8081317145152,1 Day,INTRADAY CLOSE,22,0.943364667313422,-0.695816434954807
571,2023-11-21,2023-11-21,NATIONALUM,National Aluminium Co. Ltd.,Mid-Cap Equities,93.48660305786133,93.67357626397705,21393,1999958.8992168275,3999.9177984336857,3246.683404015142,0.1623375063000807,True,753.2343944185437,1 Day,BREAKEVEN RATCHET,35,1.2444547453473283,-0.30657452538066327
572,2023-11-21,2023-11-21,VOLTAS,Voltas Ltd.,Mid-Cap Equities,836.5698244628907,841.9627243652344,2390,1999401.8804663087,12889.030766601441,12133.448399307128,0.6068539055528603,True,755.5823672943127,1 Day,BREAKEVEN RATCHET,18,1.89227479742476,-0.6538424787751596
573,2023-11-28,2023-11-30,AWL,AWL Agri Business Ltd.,Mid-Cap Equities,320.74020611572263,343.312,6235,1999815.1851315305,140735.1348684698,136128.87820477964,6.8070729343834975,True,4606.2566636901565,3 Days,SL HIT (Trailing Stop),2,15.966132438298738,-0.19960079840318495
574,2023-11-30,2023-12-01,ICICIPRULI,ICICI Prudential Life Insurance Company Ltd.,Mid-Cap Equities,555.0579122314454,555.0556919997964,3603,1999873.6577698977,-7.999494631309062,-4468.54441580501,-0.22344133582858336,False,4460.544921173701,2 Days,SL HIT (Trailing Stop),40,2.5838947372102026,-0.45183113026787464
575,2023-12-01,2023-12-01,FEDERALBNK,Federal Bank Ltd.,Mid-Cap Equities,149.0475,148.4525,13418,1999919.3550000002,-7983.710000000428,-8733.50043113043,-0.4366926300950984,False,749.7904311299999,1 Day,INTRADAY CLOSE,51,0.8403381819606494,-0.7027960884952875
576,2023-12-01,2023-12-01,OIL,Oil India Ltd.,Mid-Cap Equities,205.74399490356444,206.1868060913086,9720,1999831.6304626465,4304.124744873028,3550.848134643981,0.17755735435700246,True,753.2766102290468,1 Day,BREAKEVEN RATCHET,31,1.9065814539101704,-1.0096640495429428
577,2023-12-01,2023-12-01,ACC,ACC Ltd.,Mid-Cap Equities,1902.8481489257813,1896.4495,1051,1999893.4045209961,-6724.980020996183,-7475.121587074927,-0.37377600076966744,False,750.1415660787444,1 Day,INTRADAY CLOSE,38,0.4389106009751,-0.8906714138638203
578,2023-12-01,2023-12-01,IDFCFIRSTB,IDFC First Bank Ltd.,Mid-Cap Equities,85.97160305786133,85.92779847717286,23263,1999957.4019350281,-1019.0259605559986,-1770.8232750582172,-0.08854304963420143,False,751.7973145022186,1 Day,INTRADAY CLOSE,47,0.4983022914313369,-0.664872483065972
579,2023-12-01,2023-12-01,TATAELXSI,Tata Elxsi Ltd.,Mid-Cap Equities,8349.9165,8406.4035,239,1995630.0435,13500.393000000156,12745.965036421676,0.6386937838472001,True,754.42796357848,1 Day,BREAKEVEN RATCHET,22,1.0788550999282527,-0.40200271014685435
580,2023-12-01,2023-12-01,HAVELLS,Havells India Ltd.,Mid-Cap Equities,1317.63,1309.8250512695313,1517,1998844.7100000002,-11840.107224121224,-12588.415093319813,-0.6297845465603884,False,748.3078691985887,1 Day,INTRADAY CLOSE,61,0.17986840008195706,-0.8826453556764878
581,2023-12-04,2023-12-04,POLYCAB,Polycab India Ltd.,Mid-Cap Equities,5310.6,5330.916897460937,376,1996785.6,7639.153445312288,6885.99584268705,0.34485404154993154,True,753.1576026252382,1 Day,INTRADAY CLOSE,32,0.8492485841995187,-0.801231410998764
582,2023-12-04,2023-12-04,DABUR,Dabur India Ltd.,Mid-Cap Equities,545.9898244628906,545.906,3663,1999960.7270075683,-307.0490075685084,-1059.0512803145393,-0.05295360383896836,False,752.002272746031,1 Day,INTRADAY CLOSE,59,0.5330135875764245,-0.7856945429485637
583,2023-12-06,2023-12-06,ICICIPRULI,ICICI Prudential Life Insurance Company Ltd.,Mid-Cap Equities,549.8975877685547,550.2972243652343,3637,1999977.5267142334,1453.4783021239564,700.9661995979676,0.03504870380966661,True,752.5121025259888,1 Day,INTRADAY CLOSE,35,0.8278676865905145,-0.8633540972160738
584,2023-12-06,2023-12-06,VOLTAS,Voltas Ltd.,Mid-Cap Equities,840.678,843.3598878173829,2379,1999972.962,6380.2111175537575,5626.290464843601,0.2813183263846344,True,753.9206527101569,1 Day,BREAKEVEN RATCHET,30,1.0969746340528124,-0.8300428693231828
585,2023-12-07,2023-12-07,BERGEPAINT,Berger Paints India Ltd.,Mid-Cap Equities,585.9695877685547,587.3728878173828,3413,1999914.203054077,4789.463066650322,4036.0184370997913,0.20180957917776532,True,753.4446295505306,1 Day,BREAKEVEN RATCHET,38,1.7970919397961334,-0.5067818928731841
586,2023-12-07,2023-12-07,GODREJIND,Godrej Industries Ltd.,Mid-Cap Equities,661.1195877685547,666.6141121826172,3025,1999886.7529998778,16620.93635253911,15864.114922542354,0.7932506627560688,True,756.8214299967548,1 Day,BREAKEVEN RATCHET,30,2.1222237103674555,-0.4567422049631149
587,2023-12-08,2023-12-08,DABUR,Dabur India Ltd.,Mid-Cap Equities,549.9978244628907,551.0978201118164,3636,1999792.0897470703,3999.5841794940643,3246.4086728971697,0.16233730944039132,True,753.1755065968945,1 Day,BREAKEVEN RATCHET,29,1.1367636850591185,-0.7632460499314481
590,2023-12-14,2023-12-14,KPITTECH,KPIT Technologies Ltd.,Mid-Cap Equities,1500.1443244628906,1479.9840512695312,1333,1999692.3845090333,-26873.644166748272,-27617.947811377977,-1.3811098159559558,False,744.3036446297062,1 Day,INTRADAY CLOSE,75,0.2503559084234496,-1.6094667739075843
592,2023-12-14,2023-12-14,TATACOMM,Tata Communications Ltd.,Mid-Cap Equities,1733.46,1746.1507243652343,1153,1998679.3800000001,14632.405193115119,13876.578473466554,0.6942873685656653,True,755.8267196485647,1 Day,BREAKEVEN RATCHET,38,1.3897089536605958,-0.713026225817875
588,2023-12-13,2023-12-15,BSE,BSE Ltd.,Mid-Cap Equities,773.8445877685547,778.4732585449219,2584,1999614.4147939454,11960.485286132898,7488.114464919156,0.37447791981889594,True,4472.370821213743,3 Days,SL HIT (Trailing Stop),22,4.456802536950951,-0.49681652224781514
593,2023-12-15,2023-12-15,VOLTAS,Voltas Ltd.,Mid-Cap Equities,858.6138244628906,860.3310521118165,2329,1999711.5971740724,3999.4231943481136,3246.276103597692,0.16233721443558283,True,753.1470907504216,1 Day,BREAKEVEN RATCHET,45,1.314467532389428,-0.43253438775590763
589,2023-12-14,2023-12-18,INDUSTOWER,Indus Towers Ltd.,Mid-Cap Equities,190.17960305786133,195.6579030456543,10516,1999928.7057564696,57609.8026716311,53089.43034428201,2.6545661448567,True,4520.372327349091,3 Days,SL HIT (Trailing Stop),6,6.741205016732589,-1.1986612258746758
594,2023-12-19,2023-12-19,JUBLFOOD,Jubilant Foodworks Ltd.,Mid-Cap Equities,562.5228244628906,563.8201121826172,3555,1999768.6409655763,4611.85784362792,3858.5153529591707,0.19294808778960099,True,753.3424906687495,1 Day,BREAKEVEN RATCHET,26,2.0047476901663144,-0.5906982101627761
591,2023-12-14,2023-12-20,IDEA,Vodafone Idea Ltd.,Mid-Cap Equities,13.326600191116333,13.922099809646607,150075,1999989.5236817836,89369.60525093088,84816.1874254745,4.240831585424321,True,4553.417825456379,5 Days,SL HIT (Trailing Stop),9,8.804944937613342,-2.4507390214501075
596,2023-12-22,2023-12-22,JSL,Jindal Stainless Ltd.,Mid-Cap Equities,547.9436755371094,548.0017756347656,3650,1999994.4157104492,212.06535644526593,-540.0973739794271,-0.027004944100684932,False,752.162730424693,1 Day,INTRADAY CLOSE,37,0.8862794613149066,-1.6048458109178976
595,2023-12-22,2023-12-27,COROMANDEL,Coromandel International Ltd.,Mid-Cap Equities,1215.927,1224.8952756347655,1644,1998983.988,14743.845143554732,10269.99122577843,0.5137605547332894,True,4473.853917776301,3 Days,SL HIT (Trailing Stop),27,4.574538506680508,-0.40520524669654573
598,2023-12-22,2023-12-27,AWL,AWL Agri Business Ltd.,Mid-Cap Equities,354.207,359.5295,5646,1999852.722,30050.83499999973,25559.188861736675,1.2780535576727672,True,4491.646138263055,3 Days,SL HIT (Trailing Stop),10,4.373999442989906,-0.27018099585835226
597,2023-12-22,2023-12-29,APARINDS,Apar Industries Ltd.,Mid-Cap Equities,5454.888,6041.293102539063,366,1996489.008,214624.26752929715,209948.83729424473,10.515902489468889,True,4675.430235052429,5 Days,TIME EXIT (Swing Max),4,11.873976104665212,-1.1583703402801289
599,2023-12-29,2024-01-03,IDEA,Vodafone Idea Ltd.,Mid-Cap Equities,13.476899808883667,15.918099809646606,148402,1999998.885437954,362278.96251322166,357442.7281100731,17.872146365311664,True,4836.234403148578,4 Days,SL HIT (Trailing Stop),1,36.52991325498621,-1.3126135881205825
600,2024-01-03,2024-01-03,TATAINVEST,Tata Investment Corporation Ltd.,Mid-Cap Equities,424.848,425.697696,4707,1999759.536,3999.5190719999373,3246.355057671763,0.1623372710183572,True,753.1640143281742,1 Day,BREAKEVEN RATCHET,37,1.2126690016193995,-0.8716084308571861
601,2024-01-03,2024-01-03,RVNL,Rail Vikas Nigam Ltd.,Mid-Cap Equities,183.26579388427734,184.92940304565428,10913,1999979.6086591186,18154.96677810652,17397.673541554366,0.8698925462154384,True,757.293236552154,1 Day,BREAKEVEN RATCHET,12,3.12890146829228,-0.2814458024845814
603,2024-01-08,2024-01-08,NYKAA,FSN E-Commerce Ventures Ltd.,Mid-Cap Equities,176.352,176.704704,11340,1999831.68,3999.6633599998895,3246.4738770756503,0.16233735616567743,True,753.1894829242393,1 Day,BREAKEVEN RATCHET,9,3.2026855380148773,-0.6815948237137253
604,2024-01-08,2024-01-08,POLICYBZR,PB Fintech Ltd.,Mid-Cap Equities,806.61,811.0247243652344,2479,1999586.19,10944.101701416075,10189.011063124606,0.5095559828368592,True,755.0906382914694,1 Day,BREAKEVEN RATCHET,14,2.279912225238961,-0.7884851415182075
605,2024-01-09,2024-01-09,BSE,BSE Ltd.,Mid-Cap Equities,764.2921959228515,765.466,2616,1999388.3845341797,3070.6714658204,2317.9041249035836,0.11593065873710234,True,752.7673409168167,1 Day,INTRADAY CLOSE,42,0.5723584660687524,-0.6706216468616353
606,2024-01-09,2024-01-09,AWL,AWL Agri Business Ltd.,Mid-Cap Equities,373.746,374.493492,5351,1999914.846,3999.8296920000575,3246.6108494442433,0.1623374543140045,True,753.2188425558144,1 Day,BREAKEVEN RATCHET,63,1.2452290851231569,-0.7347235823259597
607,2024-01-09,2024-01-09,TATACOMM,Tata Communications Ltd.,Mid-Cap Equities,1738.47,1725.6917243652344,1150,1999240.5,-14695.016979980282,-15442.64719675617,-0.7724256884930137,False,747.6302167758881,1 Day,INTRADAY CLOSE,57,0.5453042716799814,-0.8754824644658824
602,2024-01-05,2024-01-11,SUZLON,Suzlon Energy Ltd.,Mid-Cap Equities,38.97780152893066,43.51279847717285,51311,1999989.9742509613,232695.2284112547,227993.29184724504,11.39972173773688,True,4701.936564009679,5 Days,TIME EXIT (Swing Max),5,13.397880406704557,-0.7127153279412537
608,2024-01-09,2024-01-11,PATANJALI,Patanjali Foods Ltd.,Mid-Cap Equities,536.7380203857422,549.0829829101563,3726,1999885.8639572754,45997.33036596677,41489.08639818739,2.0745727116691968,True,4508.243967779379,3 Days,SL HIT (Trailing Stop),3,6.4330531656950765,-0.5070178904282098
609,2024-01-11,2024-01-11,DABUR,Dabur India Ltd.,Mid-Cap Equities,550.6991755371093,550.896,3631,1999588.706375244,714.6696247558575,-37.493971011525446,-0.0018750841556558233,False,752.163595767383,1 Day,INTRADAY CLOSE,54,0.9625626291742031,-0.40841959276304174
610,2024-01-12,2024-01-12,SJVN,SJVN Ltd.,Mid-Cap Equities,94.188,94.37637600000001,21234,1999987.992,3999.975984000135,3246.7313191177545,0.16233754063048167,True,753.2446648823806,1 Day,BREAKEVEN RATCHET,30,1.3929587633244125,-0.57119640943761
611,2024-01-12,2024-01-12,TATACOMM,Tata Communications Ltd.,Mid-Cap Equities,1728.7506489257812,1740.8114487304688,1156,1998435.750158203,13942.284574218793,13186.741252859494,0.6598531502359075,True,755.5433213592993,1 Day,BREAKEVEN RATCHET,20,2.6753049147346624,-0.7202079782525499
613,2024-01-16,2024-01-16,HONAUT,Honeywell Automation India Ltd.,Mid-Cap Equities,37273.398,37347.944796,53,1975490.094,3950.9801880002487,3206.38388013447,0.16230827427953026,True,744.5963078657785,1 Day,BREAKEVEN RATCHET,39,1.1659843838224757,-0.5644722812768533
612,2024-01-16,2024-01-17,NIACL,The New India Assurance Company Ltd.,Mid-Cap Equities,219.63839694213868,219.63751838855092,9105,1999807.6041581726,-7.999230416491628,-4468.397350882494,-0.22344136213860855,False,4460.398120466002,2 Days,SL HIT (Trailing Stop),10,6.994042604448694,-1.0418901569500665
614,2024-01-19,2024-01-24,NIACL,The New India Assurance Company Ltd.,Mid-Cap Equities,223.446,223.7515969543457,8950,1999841.7,2735.09274139395,-1728.2236186654945,-0.08641802091963052,False,4463.316360059444,3 Days,SL HIT (Trailing Stop),5,9.109137353883181,-0.8709039320462205
615,2024-01-19,2024-01-24,GICRE,General Insurance Corporation of India,Mid-Cap Equities,308.115,330.338,6491,1999974.465,144249.49300000002,139639.24067517841,6.982051177097325,True,4610.252324821598,3 Days,SL HIT (Trailing Stop),2,21.383249760641316,-0.19960079840319656
616,2024-01-25,2024-01-30,GODFRYPHLP,Godfrey Phillips India Ltd.,Mid-Cap Equities,743.985,748.5,2688,1999831.68,12136.320000000065,7663.284112792386,0.3831964554533102,True,4473.0358872076795,3 Days,SL HIT (Trailing Stop),20,4.1665272018043025,-0.32953282723274174
617,2024-01-29,2024-01-30,VOLTAS,Voltas Ltd.,Mid-Cap Equities,1011.9699122314453,1011.9658643517963,1976,1999652.546569336,-7.998610186390579,-4468.052123246665,-0.22344142390697774,False,4460.053513060275,2 Days,SL HIT (Trailing Stop),20,4.444800027823598,-0.5108772875545855
618,2024-02-01,2024-02-01,DABUR,Dabur India Ltd.,Mid-Cap Equities,548.094,553.2912243652344,3649,1999995.0060000003,18964.67170873983,18207.141286760612,0.9103593375052963,True,757.5304219792177,1 Day,BREAKEVEN RATCHET,11,5.000237185592242,-0.19960079840320288
619,2024-02-01,2024-02-01,MARICO,Marico Ltd.,Mid-Cap Equities,532.0119122314453,534.928,3759,1999832.7780780029,10961.5739219971,10206.391372240554,0.5103622404894124,True,755.1825497565458,1 Day,BREAKEVEN RATCHET,25,4.264584956457847,-0.5285408013929536
621,2024-02-07,2024-02-07,PATANJALI,Patanjali Foods Ltd.,Mid-Cap Equities,540.6958714599609,543.0450950927734,3698,1999493.3326589356,8687.428994140588,7933.017002007004,0.39675136057881427,True,754.4119921335841,1 Day,BREAKEVEN RATCHET,29,2.149226495716752,-0.9301318381926268
622,2024-02-07,2024-02-08,3MINDIA,3M India Ltd.,Mid-Cap Equities,33567.0,33566.865732,59,1980453.0,-7.921811999985948,-4425.305333968426,-0.2234491469360003,False,4417.38352196844,2 Days,SL HIT (Trailing Stop),15,3.0391409345488127,-1.9870706348497036
623,2024-02-08,2024-02-08,PATANJALI,Patanjali Foods Ltd.,Mid-Cap Equities,553.5048244628906,554.6118341118164,3613,1999812.9307844238,3999.625861568842,3246.442997576157,0.16233733403767642,True,753.1828639926853,1 Day,BREAKEVEN RATCHET,28,3.1306842794380048,-0.9042061137854014
620,2024-02-06,2024-02-12,ALKEM,Alkem Laboratories Ltd.,Mid-Cap Equities,4959.799702148437,5216.2965,403,1998799.27996582,103368.20953418012,98802.93125052875,4.943114210658426,True,4565.278283651362,5 Days,SL HIT (Trailing Stop),32,9.278606506069547,-0.2187488908319701
624,2024-02-15,2024-02-15,BHEL,Bharat Heavy Electricals Ltd.,Mid-Cap Equities,227.955,228.41091,8773,1999849.215,3999.698429999873,3246.502756791868,0.16233737686027833,True,753.1956732080051,1 Day,BREAKEVEN RATCHET,54,2.2789558888747177,-1.3840437578654559
627,2024-02-15,2024-02-15,FORTIS,Fortis Healthcare Ltd.,Mid-Cap Equities,428.45520611572266,432.134,4667,1999600.4469420777,17168.93105792231,16412.053686735697,0.820766654250058,True,756.877371186614,1 Day,BREAKEVEN RATCHET,44,1.3408183654458754,-0.37464826877922974
626,2024-02-15,2024-02-20,INDUSTOWER,Indus Towers Ltd.,Mid-Cap Equities,218.3858969421387,220.1588060913086,9158,1999978.044196106,16236.301988098072,11758.692305554428,0.5879410696371346,True,4477.609682543643,4 Days,SL HIT (Trailing Stop),30,4.402346118718723,-0.8406650411437939
628,2024-02-19,2024-02-20,BDL,Bharat Dynamics Ltd.,Mid-Cap Equities,865.227,865.223539092,2311,1999539.5969999998,-7.998158387839794,-4467.800646920011,-0.2234414689073052,False,4459.802488532171,2 Days,SL HIT (Trailing Stop),21,2.86317925816,-0.6012266822391669
630,2024-02-19,2024-02-20,PATANJALI,Patanjali Foods Ltd.,Mid-Cap Equities,547.7266285400391,547.7244376335249,3651,1999749.9207996826,-7.9989996834192425,-4468.26892189307,-0.22344138511610734,False,4460.269922209651,2 Days,SL HIT (Trailing Stop),18,2.6667836995941134,-2.506109402901828
625,2024-02-15,2024-02-21,JSL,Jindal Stainless Ltd.,Mid-Cap Equities,575.148,629.9875,3477,1999789.5960000001,190676.9414999995,186018.9907084073,9.301928116862115,True,4657.950791592171,5 Days,SL HIT (Trailing Stop),8,13.336041433846152,-0.5299547966892912
629,2024-02-19,2024-02-21,AWL,AWL Agri Business Ltd.,Mid-Cap Equities,348.696,361.0763878173828,5735,1999771.56,71001.52413269016,66467.62420427911,3.323760850178263,True,4533.899928411041,3 Days,SL HIT (Trailing Stop),4,8.676329010665802,-0.24261646146913107
631,2024-02-20,2024-02-21,BHEL,Bharat Heavy Electricals Ltd.,Mid-Cap Equities,227.35379388427734,227.3528844691018,8796,1999803.9710061036,-7.999215884134173,-4468.389261859113,-0.2234413635858049,False,4460.390045974978,2 Days,SL HIT (Trailing Stop),6,2.835320694389461,-3.2125220818778777
632,2024-02-23,2024-02-23,BHEL,Bharat Heavy Electricals Ltd.,Mid-Cap Equities,229.90889694213868,230.36871473602295,8699,1999977.4944996643,3999.9549889992923,3246.7140299912153,0.16233752824320893,True,753.2409590080769,1 Day,BREAKEVEN RATCHET,55,1.670706575060473,-0.6128066207430242
634,2024-02-27,2024-02-27,NIACL,The New India Assurance Company Ltd.,Mid-Cap Equities,268.98691223144533,271.6556121826172,7435,1999917.692440796,19841.784136962844,19084.029911920315,0.9542407662101956,True,757.7542250425297,1 Day,BREAKEVEN RATCHET,10,5.95311037095235,-0.4040785203801049
635,2024-02-27,2024-02-27,GICRE,General Insurance Corporation of India,Mid-Cap Equities,404.808,406.685,4940,1999751.52,9272.379999999888,8517.709581034967,0.4259383976382709,True,754.67041896492,1 Day,BREAKEVEN RATCHET,27,4.839823792139578,-0.3478207208147116
633,2024-02-26,2024-02-28,KPRMILL,K.P.R. Mill Ltd.,Mid-Cap Equities,754.4058244628907,757.0328878173829,2651,1999929.840651123,6964.344952758867,2496.450243231079,0.1248268910482531,True,4467.894709527788,3 Days,SL HIT (Trailing Stop),7,4.903753225594505,-0.5840125195252123
636,2024-03-01,2024-03-06,BHEL,Bharat Heavy Electricals Ltd.,Mid-Cap Equities,230.46,254.1905969543457,8678,1999931.8800000001,205934.12036981178,201260.04347342768,10.06334493119974,True,4674.076896384089,4 Days,SL HIT (Trailing Stop),16,19.69539447345119,-0.37316406165251365
637,2024-03-05,2024-03-06,POWERINDIA,Hitachi Energy India Ltd.,Mid-Cap Equities,6144.664702148438,6144.640123489629,325,1997016.0281982422,-7.98806411260739,-4462.182052574125,-0.22344247565203654,False,4454.193988461518,2 Days,SL HIT (Trailing Stop),4,5.087911508495356,-0.5079936554556643
638,2024-03-07,2024-03-07,ABCAPITAL,Aditya Birla Capital Ltd.,Mid-Cap Equities,182.364,182.72872800000002,10967,1999985.9880000001,3999.971976000117,3246.7280185787386,0.16233753826573,True,753.2439574213786,1 Day,BREAKEVEN RATCHET,60,2.240572124016902,-0.6931159091072686
639,2024-03-07,2024-03-11,PHOENIXLTD,Phoenix Mills Ltd.,Mid-Cap Equities,1366.4775,1366.4720340899999,1463,1999156.5825,-7.9966263303067535,-4466.947885108481,-0.22344162154234265,False,4458.951258778175,2 Days,SL HIT (Trailing Stop),16,3.7631446118990275,-0.19960079840319095
640,2024-03-21,2024-03-21,APARINDS,Apar Industries Ltd.,Mid-Cap Equities,6212.4,6224.824799999999,321,1994180.4,3988.3607999999076,3237.1663571007666,0.16233066763171308,True,751.1944428991408,1 Day,BREAKEVEN RATCHET,101,2.6173459532547865,-0.5054407314403393
641,2024-03-21,2024-03-21,SJVN,SJVN Ltd.,Mid-Cap Equities,119.93939694213867,120.45859695434571,16675,1999989.4440101623,8657.66020355234,7903.081876582648,0.39515617946143977,True,754.5783269696916,1 Day,BREAKEVEN RATCHET,48,3.5939842685225902,-0.6581619020817542
643,2024-03-21,2024-03-22,POLICYBZR,PB Fintech Ltd.,Mid-Cap Equities,1123.1918510742187,1123.1873583068143,1780,1999281.4949121093,-7.997125979978591,-4467.2259960805195,-0.22344157175710286,False,4459.228870100541,2 Days,SL HIT (Trailing Stop),52,3.886969485218778,-0.45778486027797166
645,2024-03-27,2024-03-27,ICICIGI,ICICI Lombard General Insurance Company Ltd.,Mid-Cap Equities,1663.32,1659.3247243652343,1202,1999310.64,-4802.32131298841,-5552.807797457558,-0.2777361199587053,False,750.4864844691484,1 Day,INTRADAY CLOSE,50,0.3955958212528295,-0.7376783283959152
646,2024-03-27,2024-03-27,BHEL,Bharat Heavy Electricals Ltd.,Mid-Cap Equities,241.83270611572266,242.6138060913086,8270,1999956.4795770263,6459.696798095712,5705.759203780099,0.285294168250442,True,753.937594315614,1 Day,BREAKEVEN RATCHET,35,3.1704950117906554,-0.5510859705985868
647,2024-03-27,2024-03-27,SJVN,SJVN Ltd.,Mid-Cap Equities,122.244,122.5544030456543,16360,1999911.84,5078.193826904288,4324.667387966308,0.21624290138540844,True,753.5264389379796,1 Day,BREAKEVEN RATCHET,40,4.013286153822606,-0.6086188279179344
642,2024-03-21,2024-03-28,POLYCAB,Polycab India Ltd.,Mid-Cap Equities,4808.598,5016.796397460937,415,1995568.17,86402.3349462892,81861.8181298043,4.102180990880623,True,4540.516816484894,5 Days,SL HIT (Trailing Stop),7,6.8149137167943765,-0.8026871865770429
644,2024-03-26,2024-04-02,BSE,BSE Ltd.,Mid-Cap Equities,742.8159796142578,916.9457585449219,2692,1999660.617121582,468757.36488134786,463811.5465743232,23.194513239049446,True,4945.818307024635,5 Days,TIME EXIT (Swing Max),5,24.620368652777852,-0.6034693314358133
651,2024-04-02,2024-04-02,JUBLFOOD,Jubilant Foodworks Ltd.,Mid-Cap Equities,457.914,458.82982799999996,4367,1999710.4379999998,3999.4208760000765,3246.2741944664467,0.16233721306736745,True,753.14668153363,1 Day,BREAKEVEN RATCHET,73,1.5583685567527448,-0.1996007984031908
652,2024-04-03,2024-04-03,GICRE,General Insurance Corporation of India,Mid-Cap Equities,341.3814122314453,342.0641750559082,5858,1999812.3128518066,3999.6246257035527,3246.441979856191,0.16233733330837655,True,753.1826458473615,1 Day,BREAKEVEN RATCHET,49,2.2756311230478503,-0.3314217443913625
648,2024-04-01,2024-04-05,LICHSGFIN,LIC Housing Finance Ltd.,Mid-Cap Equities,618.5846755371093,640.5662756347656,3233,1999884.2560114744,71066.51311572269,66532.29538256161,3.3268072981009498,True,4534.2177331610665,5 Days,SL HIT (Trailing Stop),28,6.856834018085234,-0.7088218482410547
649,2024-04-01,2024-04-05,SJVN,SJVN Ltd.,Mid-Cap Equities,122.94539694213867,130.738,16267,1999952.7720577698,126762.27394223027,122170.19053998687,6.108653776573176,True,4592.083402243396,5 Days,SL HIT (Trailing Stop),36,11.838265945581604,-0.19960079840319342
650,2024-04-02,2024-04-08,HONAUT,Honeywell Automation India Ltd.,Mid-Cap Equities,39027.9,42771.434140625,51,1990422.9000000001,190920.2411718748,186282.85529909545,9.358958606188434,True,4637.385872779369,5 Days,TIME EXIT (Swing Max),23,10.023854729565256,-1.2250190728940102
653,2024-04-18,2024-04-18,SUZLON,Suzlon Energy Ltd.,Mid-Cap Equities,41.082,41.164164,48683,1999995.006,3999.9900119998492,3246.7428710039626,0.16233754890705776,True,753.2471409958866,1 Day,BREAKEVEN RATCHET,18,1.5043103133719204,-0.9298457647158065
655,2024-04-22,2024-04-22,RVNL,Rail Vikas Nigam Ltd.,Mid-Cap Equities,262.2735,263.6216939086914,7625,1999835.4375,10279.97855377174,9524.990157012458,0.47628869748001246,True,754.9883967592818,1 Day,BREAKEVEN RATCHET,33,1.039563661597526,-0.6190126350987186
660,2024-04-23,2024-04-23,APOLLOTYRE,Apollo Tyres Ltd.,Mid-Cap Equities,483.86579388427737,485.4271939086914,4133,1999817.3261237184,6453.266300903168,5699.3795920759685,0.28499501017541323,True,753.8867088271991,1 Day,BREAKEVEN RATCHET,48,1.3607530034099875,-0.6956048406022143
661,2024-04-24,2024-04-24,AWL,AWL Agri Business Ltd.,Mid-Cap Equities,344.63791223144534,342.9626939086914,5803,1999933.8046790774,-9721.291926941136,-10470.590109764806,-0.5235468336635765,False,749.2981828236697,1 Day,INTRADAY CLOSE,71,0.10506324339369108,-0.6348402038092614
654,2024-04-22,2024-04-26,JSL,Jindal Stainless Ltd.,Mid-Cap Equities,701.4,722.0031121826172,2851,1999691.4,58739.4728326418,54218.45731235352,2.7113412255687814,True,4521.015520288276,5 Days,SL HIT (Trailing Stop),25,6.643855146849162,-0.613063075857211
656,2024-04-22,2024-04-26,SJVN,SJVN Ltd.,Mid-Cap Equities,126.20189694213867,134.3308060913086,15847,1999921.4608420716,128818.82328689564,124224.67842242497,6.211477843240898,True,4594.144864470671,5 Days,TIME EXIT (Swing Max),16,8.873160567055367,-0.3184531295635936
658,2024-04-23,2024-04-26,RVNL,Rail Vikas Nigam Ltd.,Mid-Cap Equities,266.48191223144534,285.2783060913086,7505,1999946.7512969973,141066.93591827364,136460.04303422128,6.8231838145553,True,4606.892884052364,4 Days,SL HIT (Trailing Stop),6,10.701697360902337,-0.8750756535158898
664,2024-04-26,2024-04-26,AWL,AWL Agri Business Ltd.,Mid-Cap Equities,344.63791223144534,342.1643060913086,5803,1999933.8046790774,-14354.336431213422,-15102.308516240812,-0.7551404191932356,False,747.9720850273897,1 Day,INTRADAY CLOSE,79,0.6853824506017705,-0.6638579351633397
657,2024-04-23,2024-04-29,BIOCON,Biocon Ltd.,Mid-Cap Equities,275.55,305.5376939086914,7258,1999941.9000000001,217650.68238928192,212964.4422177336,10.648531450725322,True,4686.240171548317,5 Days,TIME EXIT (Swing Max),13,14.207952170942201,-1.5423742359031978
659,2024-04-23,2024-04-29,PRESTIGE,Prestige Estates Projects Ltd.,Mid-Cap Equities,1254.4538510742188,1324.3959487304687,1594,1999599.4386123049,111487.70366406231,106912.23343530252,5.346682509047821,True,4575.470228759792,5 Days,TIME EXIT (Swing Max),11,9.58952366583822,-0.4786066778943333
662,2024-04-24,2024-04-29,ENDURANCE,Endurance Technologies Ltd.,Mid-Cap Equities,1880.0025,1952.088,1063,1998442.6575,76626.88650000002,72090.11084686348,3.6073144543985234,True,4536.775653136539,4 Days,SL HIT (Trailing Stop),13,6.297732285678473,-0.7182171300304151
663,2024-04-24,2024-04-30,POLICYBZR,PB Fintech Ltd.,Mid-Cap Equities,1204.404,1262.3702243652344,1660,1999310.64,96223.93244628934,91664.92077517697,4.584826336700583,True,4559.011671112368,5 Days,TIME EXIT (Swing Max),17,6.106418707665783,-0.9759163524811855
668,2024-04-30,2024-04-30,INDUSINDBK,IndusInd Bank Ltd.,Mid-Cap Equities,1500.7956489257813,1512.6685512695312,1332,1999059.8043691406,15814.705921874847,15058.406715688141,0.7532744484570457,True,756.2992061867068,1 Day,BREAKEVEN RATCHET,24,2.412343819102392,-0.7859596963933235
669,2024-05-02,2024-05-02,AUBANK,AU Small Finance Bank Ltd.,Mid-Cap Equities,637.6728244628906,644.0093878173828,3136,1999741.977515625,19871.46267968742,19113.76189095113,0.9558114049642078,True,757.7007887362932,1 Day,BREAKEVEN RATCHET,29,1.776330290796102,-0.575973182797028
665,2024-04-30,2024-05-03,AWL,AWL Agri Business Ltd.,Mid-Cap Equities,345.79020611572264,349.9986121826172,5783,1999704.761967224,24337.21228485112,19851.815585070457,0.9927373261611423,True,4485.396699780664,3 Days,SL HIT (Trailing Stop),7,4.485315489836513,-0.9225825242544256
667,2024-04-30,2024-05-03,POLICYBZR,PB Fintech Ltd.,Mid-Cap Equities,1247.3396755371093,1252.9390512695313,1603,1999485.4998859863,8975.799299072474,4506.807794275384,0.22539837345819058,True,4468.99150479709,3 Days,SL HIT (Trailing Stop),21,5.664882296994528,-0.5643712652652554
666,2024-04-30,2024-05-06,THERMAX,Thermax Ltd.,Mid-Cap Equities,4500.984,4635.9595,444,1998436.8960000002,59929.12199999974,55409.66180923718,2.772650060662069,True,4519.460190762564,4 Days,SL HIT (Trailing Stop),5,6.621129957360426,-0.46620916670666623
670,2024-05-14,2024-05-14,THERMAX,Thermax Ltd.,Mid-Cap Equities,4658.999595703125,4686.158705078125,429,1998710.8265566407,11651.257921875222,10896.273400683735,0.5451650762034309,True,754.9845211914878,1 Day,BREAKEVEN RATCHET,49,3.8785279092110327,-0.4324855075209383
671,2024-05-15,2024-05-15,ATGL,Adani Total Gas Ltd.,Mid-Cap Equities,916.7298244628906,918.5632841118164,2181,1999387.7471535644,3998.7754943072796,3245.742730532878,0.16233683212041744,True,753.0327637744017,1 Day,BREAKEVEN RATCHET,47,1.529368322376088,-0.8213774718490345
673,2024-05-15,2024-05-15,INDUSTOWER,Indus Towers Ltd.,Mid-Cap Equities,343.1349122314453,343.8211820559082,5828,1999790.2684848632,3999.5805369697046,3246.4056733229027,0.1623373072908558,True,753.1748636468018,1 Day,BREAKEVEN RATCHET,52,1.3886904232656507,-0.913609230567245
675,2024-05-16,2024-05-16,SJVN,SJVN Ltd.,Mid-Cap Equities,130.41029388427734,131.5364030456543,15336,1999972.2670092771,17270.010098877363,16512.972747514847,0.8256600863875004,True,757.0373513625152,1 Day,BREAKEVEN RATCHET,31,2.3308766305382327,-0.42963462781465434
676,2024-05-16,2024-05-16,RVNL,Rail Vikas Nigam Ltd.,Mid-Cap Equities,277.7544122314453,279.6895,7200,1999831.7680664062,13932.63193359389,13176.599345767523,0.6588853900699702,True,756.0325878263659,1 Day,BREAKEVEN RATCHET,33,2.3026030850987143,-0.667646760338663
674,2024-05-15,2024-05-17,THERMAX,Thermax Ltd.,Mid-Cap Equities,4733.448,4910.16,422,1997515.056,74572.46399999992,70039.87874268174,3.5063504794269615,True,4532.585257318176,3 Days,SL HIT (Trailing Stop),2,13.709919330343329,-0.20065298462136522
680,2024-05-17,2024-05-17,INDUSTOWER,Indus Towers Ltd.,Mid-Cap Equities,344.08679388427737,344.77496747204594,5812,1999832.44605542,3999.6648921109736,3246.4751387504393,0.16233735706978683,True,753.1897533605343,1 Day,BREAKEVEN RATCHET,63,1.4278973221433864,-0.46116093743808056
672,2024-05-15,2024-05-21,POLICYBZR,PB Fintech Ltd.,Mid-Cap Equities,1237.47,1290.7134487304688,1616,1999751.52,86041.41314843763,81491.97303392943,4.075104942734557,True,4549.440114508193,4 Days,SL HIT (Trailing Stop),14,11.113804779105754,-0.36122087808189507
678,2024-05-17,2024-05-21,SUNDARMFIN,Sundaram Finance Ltd.,Mid-Cap Equities,4684.249702148438,4684.230965149629,426,1995490.3731152345,-7.981961492681876,-4458.785261087352,-0.2234430855272219,False,4450.8032995946705,2 Days,SL HIT (Trailing Stop),25,2.84464548912597,-1.7484039003007126
677,2024-05-16,2024-05-23,APLAPOLLO,APL Apollo Tubes Ltd.,Mid-Cap Equities,1593.6308510742188,1693.7057756347656,1254,1998413.0872470704,125493.95539892558,120906.60813691995,6.05013092180435,True,4587.347262005633,5 Days,TIME EXIT (Swing Max),14,8.491245008619261,-0.7204194530005097
683,2024-05-23,2024-05-23,INDUSTOWER,Indus Towers Ltd.,Mid-Cap Equities,342.33329388427734,343.1123878173828,5842,1999911.1028719482,4551.466757202055,3798.0913410485846,0.18991300841294304,True,753.3754161534708,1 Day,BREAKEVEN RATCHET,41,1.5530771056128414,-0.6377702744072006
679,2024-05-17,2024-05-24,DIXON,Dixon Technologies (India) Ltd.,Mid-Cap Equities,8326.62,9279.603794921875,240,1998388.8000000003,228716.1107812496,224021.85601530157,11.210123676398783,True,4694.2547659480115,5 Days,TIME EXIT (Swing Max),4,13.95020062537379,-0.19960079840320322
681,2024-05-17,2024-05-24,RVNL,Rail Vikas Nigam Ltd.,Mid-Cap Equities,282.564,369.759,7078,1999987.992,617166.21,612065.8790140802,30.603477693984082,True,5100.330985919843,5 Days,TIME EXIT (Swing Max),18,34.83670955960419,-0.7304539856457374
682,2024-05-22,2024-05-24,NIACL,The New India Assurance Company Ltd.,Mid-Cap Equities,233.967,244.9091939086914,8548,1999949.9160000002,93533.87353149406,88976.22860914598,4.448922840383068,True,4557.644922348079,3 Days,SL HIT (Trailing Stop),2,9.844550727239305,-0.37056247098282574
684,2024-05-27,2024-05-28,JSL,Jindal Stainless Ltd.,Mid-Cap Equities,711.2696755371094,711.2668304584072,2811,1999379.0579348144,-7.997516231844202,-4467.443215062933,-0.22344153287658297,False,4459.4456988310885,2 Days,SL HIT (Trailing Stop),22,2.6193087541493414,-0.7408829194257476
685,2024-05-29,2024-05-29,AWL,AWL Agri Business Ltd.,Mid-Cap Equities,340.7300877685547,343.7111939086914,5869,1999744.8851136477,17496.111936462345,16739.090010079144,0.8370612738998375,True,757.0219263832014,1 Day,BREAKEVEN RATCHET,14,2.0896065802669033,-0.7132038122904595
686,2024-05-31,2024-05-31,VOLTAS,Voltas Ltd.,Mid-Cap Equities,1358.712,1361.429424,1471,1998665.352,3997.330703999847,3244.55296337866,0.16233597886369225,True,752.7777406211871,1 Day,BREAKEVEN RATCHET,56,2.0635719711020446,-0.49031370679547903
687,2024-06-06,2024-06-06,BSE,BSE Ltd.,Mid-Cap Equities,902.1339796142578,903.9382475734863,2216,1999128.8988251952,3998.2577976502944,3245.3164136651667,0.16233652645271168,True,752.9413839851279,1 Day,BREAKEVEN RATCHET,79,1.1305785619985833,-0.8646904786040771
689,2024-06-06,2024-06-06,INDUSTOWER,Indus Towers Ltd.,Mid-Cap Equities,335.67,338.67130609130857,5958,1999921.86,17881.781692016404,17124.587001769105,0.8562628042762184,True,757.194690247299,1 Day,BREAKEVEN RATCHET,71,2.7646236503206225,-0.34855661810707417
690,2024-06-07,2024-06-07,GODREJIND,Godrej Industries Ltd.,Mid-Cap Equities,811.2191755371093,812.9707756347656,2465,1999655.2676989746,4317.694240722572,3564.475905959788,0.1782545203434725,True,753.2183347627841,1 Day,BREAKEVEN RATCHET,73,2.247337984565178,-0.6988478471785379
692,2024-06-11,2024-06-11,BSE,BSE Ltd.,Mid-Cap Equities,893.4500203857422,889.0183878173829,2238,1999541.145623291,-9917.993687988026,-10667.097176183908,-0.5334772529954013,False,749.1034881958822,1 Day,INTRADAY CLOSE,68,0.35069590139874907,-0.5353778347845619
688,2024-06-06,2024-06-12,GICRE,General Insurance Corporation of India,Mid-Cap Equities,350.7,388.4715,5702,1999691.4,215373.09299999988,210689.76965002005,10.536114204922823,True,4683.323349979817,5 Days,TIME EXIT (Swing Max),26,13.915027088679787,-0.1996007984031904
694,2024-06-12,2024-06-12,LINDEINDIA,Linde India Ltd.,Mid-Cap Equities,9150.264,9181.550294921875,218,1994757.552,6820.412292968947,6068.203824922476,0.3042075874753964,True,752.2084680464715,1 Day,BREAKEVEN RATCHET,21,5.240677260104198,-1.401751905737356
691,2024-06-10,2024-06-13,TATACOMM,Tata Communications Ltd.,Mid-Cap Equities,1832.658,1884.1740512695312,1091,1999429.8779999998,56204.01193505875,51686.20494536647,2.5850471433920665,True,4517.806989692273,4 Days,SL HIT (Trailing Stop),18,5.09325798921567,-0.7316149548906508
693,2024-06-11,2024-06-18,BHEL,Bharat Heavy Electricals Ltd.,Mid-Cap Equities,286.572,304.9888060913086,6979,1999985.9880000001,128530.88971124287,123936.89980251837,6.196888405526088,True,4593.989908724499,5 Days,TIME EXIT (Swing Max),11,8.384631472549874,-0.44387176940917206
695,2024-06-18,2024-06-19,NYKAA,FSN E-Commerce Ventures Ltd.,Mid-Cap Equities,172.344,172.343310624,11604,1999879.7759999998,-7.999519103905186,-4468.558037724974,-0.2234413333916816,False,4460.558518621069,2 Days,SL HIT (Trailing Stop),24,3.4442735339187216,-0.37367303286323084
697,2024-06-20,2024-06-20,INDUSTOWER,Indus Towers Ltd.,Mid-Cap Equities,336.4215,337.094343,5944,1999689.396,3999.378792000003,3246.239538806892,0.16233718823035118,True,753.1392531931109,1 Day,BREAKEVEN RATCHET,53,1.0636953940220883,-0.719781583519478
698,2024-06-20,2024-06-20,AUBANK,AU Small Finance Bank Ltd.,Mid-Cap Equities,661.2198244628906,665.4165,3024,1999528.7491757814,12690.746824218659,11935.176495813648,0.5968994694741651,True,755.5703284050113,1 Day,BREAKEVEN RATCHET,36,1.6984045741917821,-0.6230679608403603
700,2024-06-20,2024-06-20,AWL,AWL Agri Business Ltd.,Mid-Cap Equities,339.678,339.4696939086914,5887,1999684.386,-1226.2979595337529,-1977.9397223884594,-0.09891259521933675,False,751.6417628547066,1 Day,INTRADAY CLOSE,50,0.9927012620684156,-0.7147945995913769
696,2024-06-19,2024-06-21,360ONE,360 ONE WAM Ltd.,Mid-Cap Equities,816.63,832.3818878173828,2449,1999926.8699999999,38576.37326477049,34075.72795172259,1.7038486988138017,True,4500.645313047899,3 Days,SL HIT (Trailing Stop),1,5.861895840221399,-0.2057220274749575
699,2024-06-20,2024-06-24,LLOYDSME,Lloyds Metals And Energy Ltd.,Mid-Cap Equities,725.3478244628906,728.4402243652344,2757,1999783.9520441892,8525.746530761942,4056.5580867488443,0.20284981698158994,True,4469.188444013098,3 Days,SL HIT (Trailing Stop),16,3.109156626735801,-0.8613590151151982
701,2024-06-25,2024-06-25,INDUSTOWER,Indus Towers Ltd.,Mid-Cap Equities,343.63591223144533,343.51161218261717,5820,1999961.0091870117,-723.42628417979,-1475.3094783781548,-0.07376691203484367,False,751.883194198365,1 Day,INTRADAY CLOSE,20,0.38241054814458597,-0.7670654136026372
702,2024-06-28,2024-06-28,NIACL,The New India Assurance Company Ltd.,Mid-Cap Equities,235.47,236.46612243652345,8493,1999846.71,8460.067853393732,7705.596389379406,0.38530935150421636,True,754.4714640143255,1 Day,BREAKEVEN RATCHET,25,1.6562598705514509,-1.036225939908746
703,2024-06-28,2024-07-01,JSL,Jindal Stainless Ltd.,Mid-Cap Equities,809.5158244628906,809.5125863995927,2470,1999504.0864233398,-7.998016345780343,-4467.721584473019,-0.2234414830561693,False,4459.723568127239,2 Days,SL HIT (Trailing Stop),21,2.036300593388225,-0.66284066187196
704,2024-07-03,2024-07-03,DABUR,Dabur India Ltd.,Mid-Cap Equities,608.214,608.4806121826172,3288,1999807.6320000002,876.6208564450499,124.33374525012891,0.006217285265872458,True,752.287111194921,1 Day,INTRADAY CLOSE,47,0.8362168238430377,-0.528432426744543
705,2024-07-04,2024-07-08,LLOYDSME,Lloyds Metals And Energy Ltd.,Mid-Cap Equities,746.49,755.486,2679,1999846.71,24100.283999999985,19614.81733877888,0.9808160415844513,True,4485.466661221105,3 Days,SL HIT (Trailing Stop),5,5.292770164369247,-0.1996007984031948
706,2024-07-05,2024-07-10,GICRE,General Insurance Corporation of India,Mid-Cap Equities,389.5775877685547,408.5313060913086,5133,1999701.7580159912,97289.43615069566,92728.45113592481,4.637114047843093,True,4560.985014770847,4 Days,SL HIT (Trailing Stop),9,9.09251798450211,-0.610295775776488
707,2024-07-08,2024-07-12,DABUR,Dabur India Ltd.,Mid-Cap Equities,611.6208244628906,628.74,3269,1999388.4751691893,55962.58483081078,51445.120029965175,2.5730427412617685,True,4517.464800845607,5 Days,TIME EXIT (Swing Max),10,4.190369999192927,-0.19960079840318887
710,2024-07-16,2024-07-16,MRF,MRF Ltd.,Mid-Cap Equities,132113.7,132915.2305625,15,1981705.5000000002,12022.95843749959,11273.861087311858,0.5688968965021218,True,749.097350187732,1 Day,BREAKEVEN RATCHET,26,1.0341849482680359,-0.5402164953369799
709,2024-07-15,2024-07-18,CRISIL,CRISIL Ltd.,Mid-Cap Equities,4358.7,4413.305602539062,458,1996284.5999999999,25009.365962890675,20530.873905797213,1.0284542547589264,True,4478.492057093462,3 Days,SL HIT (Trailing Stop),5,5.7161561395886435,-1.5876293390230989
708,2024-07-15,2024-07-19,ABBOTINDIA,Abbott India Ltd.,Mid-Cap Equities,27955.8,28542.8,71,1984861.8,41677.0,37206.6231318644,1.8745195827671428,True,4470.3768681356005,4 Days,SL HIT (Trailing Stop),6,3.463324247562226,-2.6284348864994
713,2024-07-29,2024-07-29,VOLTAS,Voltas Ltd.,Mid-Cap Equities,1503.0,1513.1675512695313,1330,1998990.0,13522.843188476516,12767.22457568205,0.6386837640849654,True,755.618612794465,1 Day,BREAKEVEN RATCHET,32,2.0226230481744842,-0.6852993232285429
714,2024-07-29,2024-07-31,RVNL,Rail Vikas Nigam Ltd.,Mid-Cap Equities,558.615,609.778,3580,1999841.7,183163.54000000027,178513.25899175182,8.92636947173128,True,4650.28100824844,3 Days,SL HIT (Trailing Stop),1,12.206078926088404,-0.5486806131291245
715,2024-07-31,2024-07-31,JSWENERGY,JSW Energy Ltd.,Mid-Cap Equities,723.444,726.544,2764,1999599.2159999998,8568.40000000014,7813.984758264108,0.39077754660732517,True,754.4152417360319,1 Day,INTRADAY CLOSE,25,0.8924014041256187,-0.9183865243240956
716,2024-07-31,2024-07-31,IDEA,Vodafone Idea Ltd.,Mid-Cap Equities,16.342619464874268,16.375304703804016,122379,1999993.4274918481,3999.9868549834937,3246.7402712395824,0.16233754704440476,True,753.2465837439114,1 Day,BREAKEVEN RATCHET,62,1.0853889933046212,-0.750309041848079
711,2024-07-26,2024-08-01,ASHOKLEY,Ashok Leyland Ltd.,Mid-Cap Equities,117.78510305786133,126.1970969543457,16980,1999991.0499224854,142835.65636230446,138226.83223257246,6.911372540288607,True,4608.824129732013,5 Days,SL HIT (Trailing Stop),5,9.945992012575463,-0.1996007984031992
712,2024-07-26,2024-08-01,TATACOMM,Tata Communications Ltd.,Mid-Cap Equities,1845.684,1966.9082756347657,1083,1998875.7719999999,131285.89051245153,126691.51320203643,6.33813841643964,True,4594.3773104151,5 Days,TIME EXIT (Swing Max),28,8.677865527681746,-0.5734472647572645
717,2024-08-01,2024-08-01,DABUR,Dabur India Ltd.,Mid-Cap Equities,640.1778244628906,642.213,3124,1999915.5236220702,6357.888377929572,5603.994358839065,0.2802115535705031,True,753.8940190905071,1 Day,BREAKEVEN RATCHET,16,2.4480934084519137,-0.535448797491003
718,2024-08-06,2024-08-06,SRF,SRF Ltd.,Mid-Cap Equities,2502.1442021484377,2507.1484905527345,799,1999213.2175166018,3998.4264350330923,3245.4552844881373,0.16233662603129456,True,752.9711505449552,1 Day,BREAKEVEN RATCHET,24,2.112420131748534,-0.8190694919617532
719,2024-08-07,2024-08-07,VOLTAS,Voltas Ltd.,Mid-Cap Equities,1484.964,1466.8604487304688,1346,1998761.544,-24367.380008789012,-25112.072934784504,-1.256381633425328,False,744.6929259954924,1 Day,INTRADAY CLOSE,118,0.0663956278990641,-1.3040063202921042
720,2024-08-07,2024-08-07,TATACOMM,Tata Communications Ltd.,Mid-Cap Equities,1863.72,1872.9965,1073,1999771.56,9953.684499999974,9198.812010835158,0.4599931409583181,True,754.872489164817,1 Day,BREAKEVEN RATCHET,77,1.1418024166720309,-1.012492456702859
722,2024-08-09,2024-08-09,BHARATFORG,Bharat Forge Ltd.,Mid-Cap Equities,1631.3061489257811,1634.5687612236327,1226,1999981.3385830077,3999.9626771660987,3246.720361102606,0.16233753277932667,True,753.2423160634927,1 Day,BREAKEVEN RATCHET,31,1.4493786014147838,-0.8218031005735257
723,2024-08-09,2024-08-09,TATACOMM,Tata Communications Ltd.,Mid-Cap Equities,1870.1828510742187,1883.725,1069,1999225.4677983397,14476.557201660238,13720.582620022175,0.6862949097548291,True,755.9745816380629,1 Day,BREAKEVEN RATCHET,34,1.9124921435950497,-0.3813959817884457
724,2024-08-09,2024-08-09,JUBLFOOD,Jubilant Foodworks Ltd.,Mid-Cap Equities,601.2,597.7022243652344,3326,1999591.2000000002,-11633.6017612305,-12382.23183955519,-0.619238164258534,False,748.6300783246902,1 Day,INTRADAY CLOSE,75,0.5572168650979216,-0.6653339642329998
721,2024-08-08,2024-08-13,AIAENG,AIA Engineering Ltd.,Mid-Cap Equities,4509.0,4732.416102539062,443,1997487.0,98973.3334248045,94415.52570527904,4.726715403168033,True,4557.807719525453,4 Days,SL HIT (Trailing Stop),10,9.779334560046573,-1.4892415689454426
727,2024-08-16,2024-08-16,GODREJIND,Godrej Industries Ltd.,Mid-Cap Equities,899.4453244628907,903.8387243652344,2223,1999466.9562810059,9766.527982910164,9011.816420996574,0.4507109453690841,True,754.7115619135895,1 Day,BREAKEVEN RATCHET,71,2.0629019944252183,-0.9333904398174765
728,2024-08-16,2024-08-16,APARINDS,Apar Industries Ltd.,Mid-Cap Equities,8425.768095703124,8409.24741015625,237,1996907.0386816405,-3915.4024746094365,-4665.295664218161,-0.23362608142731534,False,749.893189608724,1 Day,INTRADAY CLOSE,82,0.8264207385126815,-1.0090248715304766
729,2024-08-16,2024-08-16,PRESTIGE,Prestige Estates Projects Ltd.,Mid-Cap Equities,1808.61,1813.6154999999999,1105,1998514.0499999998,5531.07750000013,4777.914087861016,0.2390733299003335,True,753.1634121391148,1 Day,BREAKEVEN RATCHET,74,2.006514639090937,-1.0013214568093673
730,2024-08-16,2024-08-16,TATACOMM,Tata Communications Ltd.,Mid-Cap Equities,1846.6358510742189,1860.8707756347656,1083,1999906.626713379,15416.423299072077,14659.939627498494,0.7330312041412879,True,756.4836715735842,1 Day,BREAKEVEN RATCHET,72,1.2652277335669522,-0.3512239111129273
725,2024-08-13,2024-08-20,POLICYBZR,PB Fintech Ltd.,Mid-Cap Equities,1452.2486755371094,1657.7279487304688,1377,1999746.4262145997,282944.95918725594,278191.4938195437,13.911338466354634,True,4753.465367712263,5 Days,TIME EXIT (Swing Max),2,21.411710051638455,-0.9880298990625775
726,2024-08-16,2024-08-20,AWL,AWL Agri Business Ltd.,Mid-Cap Equities,357.5135877685547,357.8328878173828,5594,1999931.009977295,1786.1644731443375,-2676.367069909071,-0.13382296972031327,False,4462.531543053408,3 Days,SL HIT (Trailing Stop),30,3.2128603287887616,-1.3184393927532148
732,2024-08-20,2024-08-20,TATAINVEST,Tata Investment Corporation Ltd.,Mid-Cap Equities,617.4273973388672,617.846851928711,3239,1999847.3399805909,1358.613416503882,606.1743513492905,0.030311031208770847,True,752.4390651545915,1 Day,INTRADAY CLOSE,60,0.7405895301764833,-0.2149923632561378
735,2024-08-21,2024-08-21,TATAINVEST,Tata Investment Corporation Ltd.,Mid-Cap Equities,624.7269404296875,625.9763943105469,3201,1999750.9363154296,3999.5018726310227,3246.3408942017813,0.1623372608682565,True,753.1609784292416,1 Day,BREAKEVEN RATCHET,40,1.4843380315781638,-0.6678034008004794
736,2024-08-22,2024-08-22,RVNL,Rail Vikas Nigam Ltd.,Mid-Cap Equities,572.142,569.6085,3495,1999636.2900000003,-8854.582500000019,-9604.023897952453,-0.48028853776965863,False,749.4413979524351,1 Day,INTRADAY CLOSE,42,0.8053944650104252,-0.8987279381692048
738,2024-08-22,2024-08-22,BHEL,Bharat Heavy Electricals Ltd.,Mid-Cap Equities,298.596,299.193192,6698,1999996.008,3999.9920160002075,3246.74452127382,0.16233755008944098,True,753.2474947263876,1 Day,BREAKEVEN RATCHET,49,1.3074522096746093,-0.5847345230627264
731,2024-08-19,2024-08-23,VOLTAS,Voltas Ltd.,Mid-Cap Equities,1556.0558510742187,1687.1689487304689,1285,1999531.768630371,168480.33048828132,163845.95341108466,8.194216065059823,True,4634.377077196656,5 Days,TIME EXIT (Swing Max),3,9.186312228259688,-0.5144932452499649
734,2024-08-21,2024-08-23,AWL,AWL Agri Business Ltd.,Mid-Cap Equities,362.12279388427737,377.743,5522,1999642.0678289796,86254.77817102033,81705.36021432464,4.085999266010267,True,4549.417956695695,3 Days,SL HIT (Trailing Stop),1,10.984450767525697,-0.6414415580950461
737,2024-08-22,2024-08-23,KPRMILL,K.P.R. Mill Ltd.,Mid-Cap Equities,878.4033244628906,878.3998108495928,2276,1999245.9664775392,-7.996983865974471,-4467.1468938733115,-0.22344158591671207,False,4459.149910007337,2 Days,SL HIT (Trailing Stop),9,2.4529378639721777,-1.2811085449510424
733,2024-08-20,2024-08-26,INDUSTOWER,Indus Towers Ltd.,Mid-Cap Equities,421.842,431.5851121826172,4741,1999952.922,46192.09485778818,41683.500036697325,2.0842240623850707,True,4508.594821090851,5 Days,SL HIT (Trailing Stop),25,4.138513422790705,-0.5314771636025715
739,2024-08-26,2024-08-26,RVNL,Rail Vikas Nigam Ltd.,Mid-Cap Equities,578.655,579.81231,3456,1999831.68,3999.6633600001223,3246.473877075883,0.16233735616568906,True,753.1894829242394,1 Day,BREAKEVEN RATCHET,51,1.2088419548889282,-0.5452298865472471
741,2024-08-27,2024-08-27,NIACL,The New India Assurance Company Ltd.,Mid-Cap Equities,266.532,268.5118878173828,7503,1999789.596,14855.09829382319,14098.81653576955,0.7050149957760632,True,756.2817580536398,1 Day,BREAKEVEN RATCHET,25,4.171354245075411,-0.649832743172014
740,2024-08-26,2024-08-28,TATACOMM,Tata Communications Ltd.,Mid-Cap Equities,1919.331,1922.6969487304686,1042,1999942.902,3507.318577148253,-957.0228999873761,-0.04785251114070936,False,4464.341477135629,3 Days,SL HIT (Trailing Stop),15,2.8900199511249025,-0.42363973843620006
742,2024-08-28,2024-08-28,RVNL,Rail Vikas Nigam Ltd.,Mid-Cap Equities,580.9595877685547,582.1215069440918,3442,1999662.9010993652,3999.325802198844,3246.19590235351,0.16233715695624656,True,753.1298998453337,1 Day,BREAKEVEN RATCHET,44,2.674955807362693,-0.6213189796009009
743,2024-08-30,2024-08-30,NIACL,The New India Assurance Company Ltd.,Mid-Cap Equities,264.528,265.05705600000005,7560,1999831.6800000002,3999.6633600001223,3246.4738770758827,0.16233735616568903,True,753.1894829242395,1 Day,BREAKEVEN RATCHET,47,1.5204393459175323,-0.8800534510406346
744,2024-08-30,2024-08-30,GICRE,General Insurance Corporation of India,Mid-Cap Equities,408.2649122314453,409.0814420559082,4898,1999681.540109619,3999.3630802193657,3246.2266003476516,0.16233717895749034,True,753.1364798717143,1 Day,BREAKEVEN RATCHET,46,1.9558594259082351,-0.6037561310385593
746,2024-08-30,2024-08-30,TATACOMM,Tata Communications Ltd.,Mid-Cap Equities,1947.7878244628907,1957.9262756347657,1026,1998430.3078989259,10402.05090234382,9647.522806042654,0.48275502867976894,True,754.5280963011666,1 Day,BREAKEVEN RATCHET,37,1.7051228639991953,-0.7617807804660313
745,2024-08-30,2024-09-04,RVNL,Rail Vikas Nigam Ltd.,Mid-Cap Equities,585.168,595.806,3417,1999519.056,36350.04600000009,31852.61401218838,1.5930137758181175,True,4497.431987811709,4 Days,SL HIT (Trailing Stop),10,5.867033057173324,-0.7720817929103276
747,2024-09-02,2024-09-05,MFSL,Max Financial Services Ltd.,Mid-Cap Equities,1088.9235,1116.8617756347655,1836,1999263.546,51294.674065429484,46782.323924166565,2.3399778392281334,True,4512.350141262917,4 Days,SL HIT (Trailing Stop),5,5.879793316231571,-1.1868143170755432
748,2024-09-05,2024-09-05,INDUSTOWER,Indus Towers Ltd.,Mid-Cap Equities,441.3309122314453,442.2138060913086,4531,1999670.3633206787,4000.392079040408,3247.2592439240925,0.16238972700138693,True,753.1328351163154,1 Day,INTRADAY CLOSE,24,0.7294017872546528,-1.1625970178411837
749,2024-09-06,2024-09-06,JSL,Jindal Stainless Ltd.,Mid-Cap Equities,730.7085,732.1699169999999,2737,1999949.1645,3999.8983289999887,3246.6673711745184,0.1623374948125847,True,753.2309578254703,1 Day,BREAKEVEN RATCHET,14,1.5042266795899175,-1.1302027816795217
750,2024-09-06,2024-09-06,KPRMILL,K.P.R. Mill Ltd.,Mid-Cap Equities,857.712,864.0683878173828,2331,1999326.672,14816.740002319217,14060.632381895568,0.7032683842420908,True,756.1076204236479,1 Day,BREAKEVEN RATCHET,7,2.4528046710317697,-0.9924062847399523
752,2024-09-10,2024-09-10,RVNL,Rail Vikas Nigam Ltd.,Mid-Cap Equities,571.0398244628906,572.1819041118164,3502,1999781.4652690429,3999.562930538086,3246.3911746417252,0.16233729690083754,True,753.1717558963609,1 Day,BREAKEVEN RATCHET,82,1.3589530883204577,-1.3729011392915214
754,2024-09-10,2024-09-10,INDUSTOWER,Indus Towers Ltd.,Mid-Cap Equities,424.5975,425.44669500000003,4710,1999854.225,3999.7084500000346,3246.511008139525,0.1623373827729631,True,753.1974418605098,1 Day,BREAKEVEN RATCHET,63,1.2488283365974482,-0.5175504103334687
755,2024-09-10,2024-09-10,AWL,AWL Agri Business Ltd.,Mid-Cap Equities,362.724,363.449448,5513,1999697.412,3999.3948240000755,3246.252740962957,0.16233719769213548,True,753.1420830371184,1 Day,BREAKEVEN RATCHET,85,1.0410118988542283,-0.43394043501825474
753,2024-09-10,2024-09-12,JUBLFOOD,Jubilant Foodworks Ltd.,Mid-Cap Equities,647.292,658.7298878173829,3089,1999484.9880000001,35331.63546789554,30835.334498050608,1.5421638413446597,True,4496.300969844931,3 Days,SL HIT (Trailing Stop),11,3.9948005558638866,-0.5008577592541357
756,2024-09-12,2024-09-12,INDUSTOWER,Indus Towers Ltd.,Mid-Cap Equities,431.7617938842773,432.6253174720459,4632,1999920.6292719725,3999.841258544009,3246.620374351776,0.16233746113882716,True,753.2208841922333,1 Day,BREAKEVEN RATCHET,57,1.2363790161269044,-0.6396568486135094
757,2024-09-13,2024-09-13,AIAENG,AIA Engineering Ltd.,Mid-Cap Equities,4351.786297851562,4327.827,459,1997469.910713867,-10997.317713866942,-11745.382260577897,-0.5880129756938499,False,748.0645467109547,1 Day,INTRADAY CLOSE,72,0.5230842067584033,-0.7074404794822113
759,2024-09-13,2024-09-13,TATAINVEST,Tata Investment Corporation Ltd.,Mid-Cap Equities,701.4,701.2497192382813,2851,1999691.4,-428.45045165997,-1180.3230513137928,-0.05902526016333284,False,751.8725996538229,1 Day,INTRADAY CLOSE,61,0.9131726084661068,-0.5260875431057496
751,2024-09-10,2024-09-16,TATACOMM,Tata Communications Ltd.,Mid-Cap Equities,1939.8218510742188,2043.405,1031,1999956.3284575196,106794.22654248052,102222.82664619424,5.1112529404596705,True,4571.399896286281,5 Days,TIME EXIT (Swing Max),10,7.174790244202491,-0.5063274789269808
760,2024-09-16,2024-09-16,AWL,AWL Agri Business Ltd.,Mid-Cap Equities,364.728,365.45745600000004,5483,1999803.624,3999.607248000102,3246.427669529888,0.16233732305357038,True,753.179578470214,1 Day,BREAKEVEN RATCHET,27,3.0905222521988964,-0.7342491410122772
758,2024-09-13,2024-09-17,NMDC,NMDC Ltd.,Mid-Cap Equities,72.42789949035645,72.70762585449219,27613,1999951.5886272127,7724.0840928801335,3255.3537880691783,0.162771629402474,True,4468.730304810955,3 Days,SL HIT (Trailing Stop),22,2.8609148190462728,-1.6769316368692364
767,2024-09-23,2024-09-23,GICRE,General Insurance Corporation of India,Mid-Cap Equities,396.792,397.585584,5040,1999831.68,3999.6633599998895,3246.4738770756503,0.16233735616567743,True,753.1894829242393,1 Day,BREAKEVEN RATCHET,64,2.1946006975947165,-0.7666485211395324
768,2024-09-23,2024-09-23,IDFCFIRSTB,IDFC First Bank Ltd.,Mid-Cap Equities,73.34639694213867,73.87195664978027,27267,1999936.205421295,14330.436548263766,13574.253289259155,0.6787343142477728,True,756.1832590046097,1 Day,BREAKEVEN RATCHET,48,1.0956292568456827,-0.704049731974364
761,2024-09-19,2024-09-24,KPRMILL,K.P.R. Mill Ltd.,Mid-Cap Equities,873.3431755371093,928.14,2290,1999955.8719799805,125484.7280200196,120893.96155464867,6.044831450954074,True,4590.766465370925,4 Days,SL HIT (Trailing Stop),1,16.563571859816292,-0.9553146770716175
769,2024-09-24,2024-09-24,ASTRAL,Astral Ltd.,Mid-Cap Equities,1990.473,2004.9320512695313,1004,1998434.892,14516.887474609306,13761.179989419814,0.6885978644842343,True,755.7074851894915,1 Day,BREAKEVEN RATCHET,16,1.279944574574739,-0.8301066544547431
764,2024-09-23,2024-09-25,JKCEMENT,J.K. Cement Ltd.,Mid-Cap Equities,4674.33,4723.035,427,1995938.91,20797.034999999916,16323.676149202685,0.8178444774746481,True,4473.35885079723,3 Days,SL HIT (Trailing Stop),20,3.2415361700232994,-0.7665269675012233
770,2024-09-25,2024-09-25,SAIL,Steel Authority of India Ltd.,Mid-Cap Equities,135.27,135.54054000000002,14785,1999966.9500000002,3999.933900000062,3246.6966634582004,0.16233751580035863,True,753.2372365418615,1 Day,BREAKEVEN RATCHET,37,1.389808454560778,-0.9388630147113256
762,2024-09-20,2024-09-26,ESCORTS,Escorts Kubota Ltd.,Mid-Cap Equities,3843.6218510742187,4288.954705078125,520,1998683.3625585937,231573.08408203092,226875.21419491986,11.351233439222105,True,4697.869887111058,5 Days,SL HIT (Trailing Stop),5,14.258115717506598,-0.5911598385808527
763,2024-09-20,2024-09-26,JSL,Jindal Stainless Ltd.,Mid-Cap Equities,739.977,779.1885,2702,1999417.8539999998,105949.47300000023,101380.14519293333,5.070483140385789,True,4569.327807066906,5 Days,SL HIT (Trailing Stop),9,8.516886335656382,-0.3955544844003564
766,2024-09-23,2024-09-26,NAM-INDIA,Nippon Life India Asset Management Ltd.,Mid-Cap Equities,672.3920877685547,683.9792756347656,2974,1999694.0690236816,34460.29671411123,29964.433975598535,1.498450910054866,True,4495.862738512696,4 Days,SL HIT (Trailing Stop),9,3.80847911468284,-0.7721797528513769
765,2024-09-23,2024-09-27,TATACOMM,Tata Communications Ltd.,Mid-Cap Equities,1982.0061489257812,2122.197051269531,1009,1999844.2042661132,141452.6204648437,136845.55583029025,6.842810831882214,True,4607.064634553436,5 Days,TIME EXIT (Swing Max),35,9.384120789686994,-0.19960079840319062
771,2024-09-30,2024-09-30,SRF,SRF Ltd.,Mid-Cap Equities,2479.8998510742185,2492.8543974609374,806,1998799.27996582,10441.364387695445,9686.6949939097,0.48462569958877233,True,754.6693937857458,1 Day,BREAKEVEN RATCHET,19,1.6149886085241694,-0.39516730539435174
772,2024-10-09,2024-10-09,THERMAX,Thermax Ltd.,Mid-Cap Equities,5170.270095703125,5180.610635894531,386,1995724.256941406,3991.448513882933,3239.709051733086,0.16233249861372023,True,751.7394621498471,1 Day,BREAKEVEN RATCHET,50,2.8601949976177115,-1.3388138285686837
773,2024-10-10,2024-10-10,NMDC,NMDC Ltd.,Mid-Cap Equities,75.31699745178223,75.46763144668579,26554,1999967.5503346252,3999.935100669274,3246.697652194611,0.1623375165087748,True,753.2374484746636,1 Day,BREAKEVEN RATCHET,35,2.3097921057130506,-0.26598079767930644
774,2024-10-11,2024-10-11,LAURUSLABS,Laurus Labs Ltd.,Mid-Cap Equities,469.437,473.2016939086914,4260,1999801.62,16037.596051025437,15280.971593485896,0.7641243731708696,True,756.6244575395409,1 Day,BREAKEVEN RATCHET,22,1.7814931062035455,-0.7108502091834233
775,2024-10-14,2024-10-16,GICRE,General Insurance Corporation of India,Mid-Cap Equities,393.285,393.7608878173828,5085,1999854.225,2419.8895513915922,-2043.128023138389,-0.10216384762436316,False,4463.017574529981,3 Days,SL HIT (Trailing Stop),13,3.131318535798619,-0.6827094591668637
776,2024-11-01,2024-11-01,DALBHARAT,Dalmia Bharat Ltd.,Mid-Cap Equities,1857.9585,1834.5235512695313,1076,1999163.346,-25216.00483398419,-25960.59647740897,-1.298573052039589,False,744.5916434247799,1 Day,INTRADAY CLOSE,107,-0.1996007984031914,-1.3325673758657666
777,2024-11-01,2024-11-01,POLICYBZR,PB Fintech Ltd.,Mid-Cap Equities,1720.3838510742187,1702.8874487304688,1162,1999086.0349482421,-20330.819523437414,-21076.782185478078,-1.0543209155089601,False,745.9626620406624,1 Day,INTRADAY CLOSE,105,-0.19669163205093937,-1.1150941628733106
779,2024-11-06,2024-11-06,THERMAX,Thermax Ltd.,Mid-Cap Equities,5050.08,5075.778294921875,396,1999831.68,10176.524789062794,9421.56732779916,0.4711180156821578,True,754.9574612636343,1 Day,BREAKEVEN RATCHET,83,1.4776042223588552,-0.613453694669192
781,2024-11-07,2024-11-07,RVNL,Rail Vikas Nigam Ltd.,Mid-Cap Equities,475.95,476.9019,4202,1999941.9,3999.883800000185,3246.6554067208463,0.1623374862400176,True,753.2283932793389,1 Day,BREAKEVEN RATCHET,9,2.258643178281597,-0.5567837392648889
778,2024-11-05,2024-11-08,PATANJALI,Patanjali Foods Ltd.,Mid-Cap Equities,604.206,620.7726292724609,3310,1999921.86,54835.54289184557,50318.060538976206,2.516001327120661,True,4517.482352869367,4 Days,SL HIT (Trailing Stop),9,5.482784511951426,-0.9829987458488938
780,2024-11-06,2024-11-08,GICRE,General Insurance Corporation of India,Mid-Cap Equities,373.39529388427735,373.4016939086914,5356,1999905.1940441895,34.27853076159954,-4426.380287857116,-0.22132950607054183,False,4460.6588186187155,3 Days,SL HIT (Trailing Stop),34,3.5899472029354986,-2.5161789765859073
782,2024-11-08,2024-11-08,KPRMILL,K.P.R. Mill Ltd.,Mid-Cap Equities,934.0644122314453,935.9325410559082,2141,1999831.9065875243,3999.663813175168,3246.474250259992,0.16233735643310718,True,753.189562915176,1 Day,BREAKEVEN RATCHET,12,1.8452234488142292,-0.9704268905600173
784,2024-11-25,2024-11-25,PAGEIND,Page Industries Ltd.,Mid-Cap Equities,45191.202,45397.125359375,44,1988412.8879999998,9060.627812500112,8310.014326042476,0.4179219706426725,True,750.6134864576366,1 Day,BREAKEVEN RATCHET,75,2.2090538773454234,-0.1996007984031881
785,2024-11-26,2024-11-26,HINDPETRO,Hindustan Petroleum Corporation Ltd.,Mid-Cap Equities,382.86420611572265,383.6299345279541,5223,1999699.7485424194,3999.3994970847853,3246.25658919106,0.16233720045008035,True,753.1429078937254,1 Day,BREAKEVEN RATCHET,46,1.785438801046458,-1.2704781585804397
786,2024-11-26,2024-11-26,ASTRAL,Astral Ltd.,Mid-Cap Equities,1795.584,1799.5935512695312,1113,1998484.992,4462.63056298811,3709.783209692204,0.18562977578228437,True,752.8473532959059,1 Day,BREAKEVEN RATCHET,34,1.3542125800888423,-0.6256473890423706
783,2024-11-25,2024-11-28,APARINDS,Apar Industries Ltd.,Mid-Cap Equities,9429.871904296875,9708.593705078125,212,1999132.8437109375,59089.02176562487,54568.8853981857,2.7296277768560353,True,4520.136367439167,4 Days,SL HIT (Trailing Stop),35,5.939933239685827,-0.20012895708875728
788,2024-11-28,2024-11-28,RVNL,Rail Vikas Nigam Ltd.,Mid-Cap Equities,442.6335,443.518767,4518,1999818.1530000002,3999.636305999942,3246.451598437465,0.162337340201025,True,753.1847075624772,1 Day,BREAKEVEN RATCHET,42,1.8449773442291924,-0.5836684767491109
787,2024-11-28,2024-11-29,PRESTIGE,Prestige Estates Projects Ltd.,Mid-Cap Equities,1647.288,1647.281410848,1214,1999807.632,-7.999230528017506,-4468.397412871029,-0.22344136212752633,False,4460.398182343011,2 Days,SL HIT (Trailing Stop),11,2.608044252128346,-1.1405413018245754
789,2024-11-29,2024-11-29,BSE,BSE Ltd.,Mid-Cap Equities,1540.7419592285157,1553.8027927246094,1298,1999883.0630786135,16952.961877929512,16196.046714114857,0.8098496863702977,True,756.9151638146558,1 Day,BREAKEVEN RATCHET,18,1.8729947727179206,-0.7729123708061486
790,2024-12-02,2024-12-02,BHARTIHEXA,Bharti Hexacom Ltd.,Mid-Cap Equities,1391.4773510742189,1394.2603057763672,1437,1999552.9534936524,3999.10590698733,3246.014821335252,0.16233702716718557,True,753.091085652078,1 Day,BREAKEVEN RATCHET,56,1.3203682041633662,-1.0691784150705754
794,2024-12-04,2024-12-04,RVNL,Rail Vikas Nigam Ltd.,Mid-Cap Equities,443.3349122314453,444.2215820559082,4511,1999883.7890760496,3999.767578152241,3246.559699449985,0.16233741766314844,True,753.2078787022562,1 Day,BREAKEVEN RATCHET,60,1.864300248872686,-0.9777962691064185
792,2024-12-03,2024-12-05,JSL,Jindal Stainless Ltd.,Mid-Cap Equities,696.39,713.6697756347656,2871,1999335.69,49610.23584741214,45099.47082824904,2.255722791016102,True,4510.765019163101,3 Days,SL HIT (Trailing Stop),8,6.5064133900589125,-0.3431984950961367
791,2024-12-02,2024-12-06,MEDANTA,Global Health Ltd.,Mid-Cap Equities,1082.0598244628907,1172.9494487304687,1848,1999646.555607422,167964.02564648422,163329.92846924183,8.167939879736794,True,4634.09717724238,5 Days,TIME EXIT (Swing Max),28,9.328520776308618,-0.6247136694240607
793,2024-12-03,2024-12-06,GVT&D,GE Vernova T&D India Ltd.,Mid-Cap Equities,1785.564,1842.6074487304688,1120,1999831.6800000002,63888.66257812502,59361.99956797698,2.968349794717572,True,4526.663010148041,4 Days,SL HIT (Trailing Stop),5,7.3050307913914,-0.8156526453266351
796,2024-12-10,2024-12-10,GODREJPROP,Godrej Properties Ltd.,Mid-Cap Equities,2886.762,2893.4015512695314,692,1997639.304,4594.569478515768,3841.982425298803,0.1923261330314115,True,752.5870532169656,1 Day,INTRADAY CLOSE,14,0.8084524341199526,-1.4986341097742095
795,2024-12-05,2024-12-11,BSE,BSE Ltd.,Mid-Cap Equities,1536.066,1847.031809814453,1302,1999957.932,404877.48437841795,399997.1992964012,20.000280650723266,True,4880.285082016774,5 Days,TIME EXIT (Swing Max),1,21.695073674609358,-0.36235422175870247
797,2024-12-26,2024-12-26,TATAINVEST,Tata Investment Corporation Ltd.,Mid-Cap Equities,689.7768244628907,691.7337551269532,2899,1999663.01411792,5673.141995117068,4919.532965724485,0.2460181005995433,True,753.6090293925835,1 Day,BREAKEVEN RATCHET,12,2.09388685267598,-0.9998624679001811
798,2025-01-01,2025-01-06,GICRE,General Insurance Corporation of India,Mid-Cap Equities,448.29479388427734,451.1958060913086,4461,1999843.0755177613,12941.415455566486,8467.519981524027,0.4234092207125691,True,4473.89547404246,4 Days,SL HIT (Trailing Stop),9,5.1094098426373105,-3.757523376814944
800,2025-01-07,2025-01-07,HONAUT,Honeywell Automation India Ltd.,Mid-Cap Equities,42220.7221171875,42602.273140625,47,1984373.9395078125,17932.898101562634,17181.16867614321,0.8658231361577287,True,751.7294254194253,1 Day,BREAKEVEN RATCHET,30,1.842763088355081,-0.19960079840319112
799,2025-01-07,2025-01-08,M&MFIN,Mahindra & Mahindra Financial Services Ltd.,Mid-Cap Equities,273.546,273.54490581600004,7311,1999894.8059999999,-7.999579223571345,-4468.591501235903,-0.22344132740529268,False,4460.591922012331,2 Days,SL HIT (Trailing Stop),27,2.5421684104318865,-1.022131561053714
801,2025-01-14,2025-01-20,IDEA,Vodafone Idea Ltd.,Mid-Cap Equities,7.815600191116333,9.920119581222535,255898,1999996.4577062875,538542.3028893969,533523.4252256207,26.676218508781584,True,5018.877663776123,5 Days,TIME EXIT (Swing Max),6,33.962843684476354,-0.5834511627354159
803,2025-01-30,2025-01-31,DABUR,Dabur India Ltd.,Mid-Cap Equities,522.2925,522.29041083,3829,1999857.9825000002,-7.999431930016726,-4468.509515633756,-0.22344134207208663,False,4460.510083703739,2 Days,SL HIT (Trailing Stop),12,3.9264373493719957,-0.6303938884820323
802,2025-01-29,2025-02-01,RVNL,Rail Vikas Nigam Ltd.,Mid-Cap Equities,410.82,435.3775,4868,1999871.76,119545.90999999992,114961.48442710873,5.748442811508511,True,4584.42557289118,4 Days,SL HIT (Trailing Stop),19,22.14594902706021,-0.67426420501223
804,2025-02-04,2025-02-06,NHPC,NHPC Ltd.,Mid-Cap Equities,77.86541908264161,78.3829209136963,25685,1999973.2891376498,13292.034530639648,8817.486342475553,0.4408802052690156,True,4474.548188164095,3 Days,SL HIT (Trailing Stop),31,3.8201518598287922,-1.432496088485404
805,2025-02-04,2025-02-06,BSE,BSE Ltd.,Mid-Cap Equities,1826.3119592285157,1852.9532927246094,1095,1999811.5953552246,29172.260178222787,24681.61584402694,1.2341970564303468,True,4490.644334195848,3 Days,SL HIT (Trailing Stop),33,6.918569749793596,-0.4925395572446739
806,2025-02-06,2025-02-06,GICRE,General Insurance Corporation of India,Mid-Cap Equities,414.0264122314453,414.8544650559082,4830,1999747.571077881,3999.4951421555597,3246.33535173746,0.16233725689626205,True,753.1597904180999,1 Day,BREAKEVEN RATCHET,10,1.8050992757382047,-1.2623408275593122
808,2025-02-07,2025-02-07,INDUSTOWER,Indus Towers Ltd.,Mid-Cap Equities,359.0165877685547,362.5733878173828,5570,1999722.3938708496,19811.376271972666,19053.699583823276,0.9528172331431041,True,757.6766881493903,1 Day,BREAKEVEN RATCHET,17,2.878256517111826,-0.36671719535482855
807,2025-02-06,2025-02-11,ABBOTINDIA,Abbott India Ltd.,Mid-Cap Equities,28054.7983828125,29047.788,71,1991890.6851796876,70502.26282031252,65986.39510546031,3.3127518290245788,True,4515.867714852209,4 Days,SL HIT (Trailing Stop),2,6.441329512172163,-0.45571228963393773
809,2025-03-06,2025-03-06,BHEL,Bharat Heavy Electricals Ltd.,Mid-Cap Equities,198.396,198.792792,10080,1999831.68,3999.6633599998895,3246.4738770756503,0.16233735616567743,True,753.1894829242393,1 Day,BREAKEVEN RATCHET,57,1.5645476723321103,-0.7036432186132718
810,2025-03-06,2025-03-06,NMDC,NMDC Ltd.,Mid-Cap Equities,66.15203663635253,66.76620152282715,30233,1999974.5236268463,18568.047012786847,17810.637334161234,0.8905432106136332,True,757.4096786256111,1 Day,BREAKEVEN RATCHET,28,2.2493075481189693,-0.9100756608661781
811,2025-03-07,2025-03-11,LLOYDSME,Lloyds Metals And Energy Ltd.,Mid-Cap Equities,1112.3703244628907,1142.71,1797,1998929.4730598147,54520.396940185456,50005.446682084985,2.5016113552790995,True,4514.950258100473,3 Days,SL HIT (Trailing Stop),4,5.783112448639432,-0.19960079840320227
812,2025-03-19,2025-03-19,TATAINVEST,Tata Investment Corporation Ltd.,Mid-Cap Equities,620.0375877685547,625.5164794921875,3225,1999621.2205535888,17669.425808715867,16912.39786121779,0.8457800751152083,True,757.027947498079,1 Day,BREAKEVEN RATCHET,92,2.1389671023242274,-0.5681225121842213
816,2025-03-24,2025-03-24,NATIONALUM,National Aluminium Co. Ltd.,Mid-Cap Equities,187.57439694213866,186.66591329956054,10662,1999918.2201970825,-9686.252597168088,-10435.555316377113,-0.5217991021327231,False,749.302719209025,1 Day,INTRADAY CLOSE,82,0.8026707874105341,-0.8979890539164646
817,2025-03-24,2025-03-24,MAHABANK,Bank of Maharashtra,Mid-Cap Equities,48.49680152893066,48.59379513198852,41239,1999959.5982515714,3999.919196503237,3246.684555308336,0.16233750712497846,True,753.2346411949012,1 Day,BREAKEVEN RATCHET,86,2.1716848842115977,-0.6944822563558815
813,2025-03-21,2025-03-25,TATAINVEST,Tata Investment Corporation Ltd.,Mid-Cap Equities,628.6046755371094,638.9744948730469,3181,1999591.472883545,32986.39530761703,28492.28787906002,1.4249054502103986,True,4494.107428557011,3 Days,SL HIT (Trailing Stop),22,4.65958099486192,-0.9790991969347558
815,2025-03-24,2025-03-25,FORTIS,Fortis Healthcare Ltd.,Mid-Cap Equities,639.1758244628907,639.1732677595928,3129,1999981.1547443848,-7.999924618983641,-4468.783752213064,-0.22344129301479412,False,4460.78382759408,2 Days,SL HIT (Trailing Stop),9,3.5239423773682326,-0.8879911044289172
814,2025-03-24,2025-03-26,360ONE,360 ONE WAM Ltd.,Mid-Cap Equities,951.9,964.9662243652343,2101,1999941.9,27452.13739135745,22962.985897298153,1.1481826495708776,True,4489.151494059298,3 Days,SL HIT (Trailing Stop),13,4.800921902083992,-1.1188150015757934
818,2025-03-28,2025-04-01,VOLTAS,Voltas Ltd.,Mid-Cap Equities,1432.86,1432.8542685599998,1395,1998839.7,-7.995358800282702,-4466.242362746016,-0.223441747867326,False,4458.247003945733,2 Days,SL HIT (Trailing Stop),7,2.5780640696317225,-5.932891169692951
819,2025-04-01,2025-04-01,GMRAIRPORT,GMR Airports Ltd.,Mid-Cap Equities,76.95360305786133,77.20528060913085,25989,1999947.189870758,6540.847879943671,5786.890332254057,0.289352156975106,True,753.957547689613,1 Day,BREAKEVEN RATCHET,17,1.5417034221192454,-1.3691386629294293
820,2025-04-08,2025-04-08,PATANJALI,Patanjali Foods Ltd.,Mid-Cap Equities,600.1646081542968,604.3721463623046,3332,1999748.474370117,14019.517309081974,13263.489209431968,0.6632578736488206,True,756.0280996500057,1 Day,BREAKEVEN RATCHET,67,1.638782379379253,-1.135460584608042
821,2025-04-08,2025-04-08,EXIDEIND,Exide Industries Ltd.,Mid-Cap Equities,357.714,358.429428,5591,1999978.974,3999.9579479999375,3246.7164666920653,0.16233752998905607,True,753.2414813078722,1 Day,BREAKEVEN RATCHET,106,2.875481529937325,-1.0382596152233345
823,2025-04-08,2025-04-08,BHEL,Bharat Heavy Electricals Ltd.,Mid-Cap Equities,211.422,211.844844,9459,1999840.6979999999,3999.6813960000873,3246.48872950134,0.1623373668086707,True,753.1926664987474,1 Day,BREAKEVEN RATCHET,93,1.645048243079896,-1.3442301032746402
824,2025-04-08,2025-04-08,KPRMILL,K.P.R. Mill Ltd.,Mid-Cap Equities,921.84,924.7967243652344,2169,1999470.96,6413.135148193454,5659.382003378608,0.28304397096012873,True,753.7531448148469,1 Day,BREAKEVEN RATCHET,72,2.951703960879189,-1.0620077461415518
826,2025-04-08,2025-04-08,PAGEIND,Page Industries Ltd.,Mid-Cap Equities,41583.0,41666.897640625,48,1995984.0,4027.0867500000168,3275.245540299911,0.16409177329577346,True,751.8412097001054,1 Day,BREAKEVEN RATCHET,109,2.5790568711973645,-0.28965976180169783
822,2025-04-08,2025-04-09,NYKAA,FSN E-Commerce Ventures Ltd.,Mid-Cap Equities,174.348,174.347302608,11471,1999945.908,-7.999783631879836,-4468.705277174502,-0.22344130705231566,False,4460.705493542622,2 Days,SL HIT (Trailing Stop),42,2.8804432039297763,-1.1230416238509047
825,2025-04-08,2025-04-11,BERGEPAINT,Berger Paints India Ltd.,Mid-Cap Equities,521.04,534.2792756347657,3838,1999751.5199999998,50812.33988623088,46299.4050533929,2.3152579003111797,True,4512.934832837989,3 Days,SL HIT (Trailing Stop),14,5.750038384768931,-0.804165594592059
831,2025-04-15,2025-04-15,TATAINVEST,Tata Investment Corporation Ltd.,Mid-Cap Equities,621.2900877685547,621.4047243652344,3219,1999932.7925269776,369.01520471205004,-383.17072962565214,-0.019159180301329223,False,752.1859343377022,1 Day,INTRADAY CLOSE,123,0.8707565990481183,-0.207646604050651
828,2025-04-15,2025-04-17,SJVN,SJVN Ltd.,Mid-Cap Equities,92.70503663635255,93.66229847717285,21573,1999925.7553560336,20651.009692016523,16168.941584004875,0.8084770917471596,True,4482.068108011647,3 Days,SL HIT (Trailing Stop),80,3.219852894037049,-0.39376533541951786
827,2025-04-11,2025-04-21,PATANJALI,Patanjali Foods Ltd.,Mid-Cap Equities,608.0971285400391,654.4883878173828,3288,1999423.3586396484,152534.46050390624,147916.84788778072,7.397975383683583,True,4617.612616125526,5 Days,SL HIT (Trailing Stop),20,10.234579564232286,-0.21057131982983357
830,2025-04-15,2025-04-21,BHEL,Bharat Heavy Electricals Ltd.,Mid-Cap Equities,216.432,224.08093878173827,9240,1999831.68,70676.19434326165,66142.49791622275,3.307403246868394,True,4533.696427038901,4 Days,SL HIT (Trailing Stop),36,5.9917174431158,-1.0543755560710122
834,2025-04-21,2025-04-21,HONAUT,Honeywell Automation India Ltd.,Mid-Cap Equities,34814.49,34595.67,57,1984425.93,-12472.73999999999,-13215.78486540111,-0.6659752155829324,False,743.04486540112,1 Day,INTRADAY CLOSE,94,0.24561612133339317,-1.4059950325281168
837,2025-04-21,2025-04-21,TATAINVEST,Tata Investment Corporation Ltd.,Mid-Cap Equities,633.0635877685547,638.7698878173828,3159,1999847.8737608644,18026.201854248066,17268.99190379337,0.8635152768554205,True,757.2099504546982,1 Day,BREAKEVEN RATCHET,78,3.449327534770659,-0.19960079840319964
829,2025-04-15,2025-04-22,RVNL,Rail Vikas Nigam Ltd.,Mid-Cap Equities,351.702,373.0523878173828,5686,1999777.572,121398.30512963864,116812.16938506083,5.841258098931256,True,4586.135744577809,5 Days,TIME EXIT (Swing Max),35,8.742632173553535,-0.4697193098223065
832,2025-04-15,2025-04-22,NIACL,The New India Assurance Company Ltd.,Mid-Cap Equities,157.65467633056642,171.7258673095703,12685,1999849.569253235,178493.05756866443,173847.5987467063,8.69303378711744,True,4645.458821958137,5 Days,TIME EXIT (Swing Max),63,13.526601235892455,-0.25668526934012525
833,2025-04-15,2025-04-22,LAURUSLABS,Laurus Labs Ltd.,Mid-Cap Equities,612.7730877685547,650.3966121826172,3263,1999478.5853887938,122765.56016308605,118178.672116686,5.910474509718564,True,4586.8880464000495,5 Days,TIME EXIT (Swing Max),66,7.282783388549123,-0.6483802984974686
838,2025-04-22,2025-04-22,JSL,Jindal Stainless Ltd.,Mid-Cap Equities,579.156,579.9377756347657,3453,1999825.6679999998,2699.4712668459397,1946.6560516451796,0.09734128743291937,True,752.8152152007602,1 Day,INTRADAY CLOSE,23,0.8795557673580263,-0.7003336603717218
836,2025-04-21,2025-04-23,SUZLON,Suzlon Energy Ltd.,Mid-Cap Equities,55.66109923553467,58.901960456848144,35931,1999958.9566319962,116447.38454301469,111865.97595243453,5.593413583887787,True,4581.408590580163,3 Days,SL HIT (Trailing Stop),2,10.633822681930297,-0.28942877116559607
835,2025-04-21,2025-04-25,WAAREEENER,Waaree Energies Ltd.,Mid-Cap Equities,2354.7,2815.857,849,1999140.2999999998,391522.29300000006,386657.66406239825,19.341197016657524,True,4864.628937601817,5 Days,SL HIT (Trailing Stop),9,32.34382506595852,-0.40769110051173474
839,2025-04-24,2025-04-25,THERMAX,Thermax Ltd.,Mid-Cap Equities,3503.994,3503.979984024,570,1997276.58,-7.989106320077553,-4462.762157574552,-0.22344237159054614,False,4454.773051254474,2 Days,SL HIT (Trailing Stop),1,6.407145674336196,-2.679625089076926
840,2025-04-24,2025-04-28,HEXT,Hexaware Technologies Ltd.,Mid-Cap Equities,672.2919122314453,682.8316121826172,2974,1999396.1469763182,31345.067654785234,26853.095115069773,1.343060261253361,True,4491.97253971546,3 Days,SL HIT (Trailing Stop),7,6.270802787981851,-0.4970906184668689
842,2025-05-05,2025-05-05,SUZLON,Suzlon Energy Ltd.,Mid-Cap Equities,56.613,56.806158172607425,35327,1999967.451,6823.69876370253,6069.653115660339,0.30348759489188,True,754.0456480421915,1 Day,BREAKEVEN RATCHET,60,1.125183261794995,-0.4645603057229007
843,2025-05-05,2025-05-05,RVNL,Rail Vikas Nigam Ltd.,Mid-Cap Equities,355.8102061157227,353.9406939086914,5620,1999653.3583703614,-10506.658603515709,-11255.63315011461,-0.5628792161901254,False,748.9745465989009,1 Day,INTRADAY CLOSE,92,0.8824384566100361,-0.8881735725732627
841,2025-05-05,2025-05-06,POLICYBZR,PB Fintech Ltd.,Mid-Cap Equities,1600.194,1600.187599224,1249,1998642.3059999999,-7.99456922383979,-4465.8028752976625,-0.22344182657853048,False,4457.808306073823,2 Days,SL HIT (Trailing Stop),9,4.768546813698841,-1.0932454957414512
844,2025-05-13,2025-05-13,BIOCON,Biocon Ltd.,Mid-Cap Equities,331.4615877685547,332.1245109440918,6033,1999707.7590076905,3999.4155180153903,3246.269782231552,0.16233720990523334,True,753.1457357838378,1 Day,BREAKEVEN RATCHET,58,1.8217532451035228,-0.8029889657815866
845,2025-05-13,2025-05-13,AUROPHARMA,Aurobindo Pharma Ltd.,Mid-Cap Equities,1227.45,1229.9049,1629,1999516.05,3999.032099999953,3245.9540421834986,0.16233698360078172,True,753.0780578164545,1 Day,BREAKEVEN RATCHET,37,1.951201630539937,-0.598804384216265
850,2025-05-14,2025-05-14,BANKINDIA,Bank of India,Mid-Cap Equities,113.3562572479248,113.63228060913086,17643,1999944.4466251372,4869.880161758512,4116.40185533741,0.20582580992605815,True,753.4783064211024,1 Day,BREAKEVEN RATCHET,62,1.361851842530171,-0.5612888451584129
849,2025-05-14,2025-05-15,GODREJIND,Godrej Industries Ltd.,Mid-Cap Equities,1152.3,1152.2953908,1735,1999240.5,-7.9969620001502335,-4467.134723046206,-0.22344158809538953,False,4459.137761046056,2 Days,SL HIT (Trailing Stop),29,2.5340623101622883,-2.768374172171957
851,2025-05-15,2025-05-15,CONCOR,Container Corporation of India Ltd.,Mid-Cap Equities,555.1881771240235,551.0956121826172,3602,1999787.8140007325,-14741.418918945361,-15489.228756194054,-0.7745436114647902,False,747.8098372486921,1 Day,INTRADAY CLOSE,86,0.6793813348424725,-0.8984638222722657
852,2025-05-16,2025-05-16,GODREJIND,Godrej Industries Ltd.,Mid-Cap Equities,1146.288,1148.580576,1744,1999126.272,3998.2525440000463,3245.312087348443,0.16233652335035906,True,752.9404566516031,1 Day,BREAKEVEN RATCHET,46,1.3706852030205314,-1.4209343550660927
854,2025-05-16,2025-05-16,AWL,AWL Agri Business Ltd.,Mid-Cap Equities,269.037,269.8093060913086,7433,1999752.021,5740.551176696783,4986.89148239019,0.24937549406233053,True,753.6596943065931,1 Day,BREAKEVEN RATCHET,54,1.4358597131563309,-0.6270490291240063
855,2025-05-16,2025-05-16,TATAINVEST,Tata Investment Corporation Ltd.,Mid-Cap Equities,621.9915,619.6582243652343,3215,1999702.6724999999,-7501.481165771605,-8251.33325315142,-0.41262800548422135,False,749.8520873798158,1 Day,INTRADAY CLOSE,74,0.5640752325393557,-0.6738857696658593
853,2025-05-16,2025-05-19,APOLLOTYRE,Apollo Tyres Ltd.,Mid-Cap Equities,487.974,487.972048104,4098,1999717.452,-7.998869807925075,-4468.196631803364,-0.2234413980502363,False,4460.197761995439,2 Days,SL HIT (Trailing Stop),19,4.472776785846943,-0.9168521273674396
856,2025-05-19,2025-05-19,TATAINVEST,Tata Investment Corporation Ltd.,Mid-Cap Equities,625.749,630.9356121826172,3196,1999893.804,16576.412535644602,15819.601364382766,0.7910220699090063,True,756.8111712618354,1 Day,BREAKEVEN RATCHET,33,2.077670120128035,-0.5272062429134962
846,2025-05-14,2025-05-20,THERMAX,Thermax Ltd.,Mid-Cap Equities,3356.7,3494.796448730469,595,1997236.5,82167.38699462893,77627.55075797504,3.88674805201963,True,4539.836236653897,5 Days,TIME EXIT (Swing Max),30,7.409059562777435,-0.7090326110837972
847,2025-05-14,2025-05-20,RVNL,Rail Vikas Nigam Ltd.,Mid-Cap Equities,359.718,415.168,5559,1999672.3620000002,308246.5499999998,303467.0310702079,15.175837644057404,True,4779.518929791924,5 Days,SL HIT (Trailing Stop),12,24.4863998445918,-0.6165941098304832
848,2025-05-14,2025-05-20,SJVN,SJVN Ltd.,Mid-Cap Equities,96.58277938842774,104.39079847717285,20707,1999939.6127961732,161680.65127064497,157052.4137837633,7.852857795250317,True,4628.237486881656,5 Days,SL HIT (Trailing Stop),27,11.303485653137386,-0.5412785106664952
857,2025-05-20,2025-05-20,NYKAA,FSN E-Commerce Ventures Ltd.,Mid-Cap Equities,199.398,199.796796,10030,1999961.94,3999.923880000133,3246.688412110776,0.16233750988835197,True,753.2354678893569,1 Day,BREAKEVEN RATCHET,7,1.0290960532413522,-0.9518651139931174
858,2025-05-21,2025-05-21,DABUR,Dabur India Ltd.,Mid-Cap Equities,478.7555877685547,480.7865,4177,1999762.0901092528,8483.120390747208,7728.67215294706,0.3864795813048351,True,754.4482378001485,1 Day,BREAKEVEN RATCHET,48,1.2834118880091476,-0.30403822175118056
859,2025-05-26,2025-05-26,POLYCAB,Polycab India Ltd.,Mid-Cap Equities,5951.88,5937.601,336,1999831.68,-4797.743999999948,-5548.415436205164,-0.2774441215075243,False,750.671436205216,1 Day,INTRADAY CLOSE,41,0.2708387937928837,-0.7288453396237846
860,2025-05-26,2025-05-26,GICRE,General Insurance Corporation of India,Mid-Cap Equities,432.1625877685547,430.637,4627,1999616.2936051027,-7058.894605102716,-7808.842927849181,-0.3905170683406785,False,749.9483227464656,1 Day,INTRADAY CLOSE,46,0.737550733259663,-0.7318050793995253
861,2025-05-27,2025-05-27,JKCEMENT,J.K. Cement Ltd.,Mid-Cap Equities,5289.558,5300.137116,378,1999452.9239999999,3998.9058479999658,3245.850075205068,0.1623369090736876,True,753.0557727948976,1 Day,BREAKEVEN RATCHET,18,2.447123181180734,-0.728945594319979
862,2025-05-28,2025-05-28,THERMAX,Thermax Ltd.,Mid-Cap Equities,3480.948,3478.728551269531,574,1998064.152,-1273.9635712890886,-2025.0206362926367,-0.10134913007000572,False,751.0570650035481,1 Day,INTRADAY CLOSE,38,0.7053251010931544,-0.6448817965680576
863,2025-05-29,2025-06-02,WAAREEENER,Waaree Energies Ltd.,Mid-Cap Equities,2822.634,2946.295551269531,708,1998424.872,87552.37829882815,83004.32089444692,4.153487181701116,True,4548.057404381227,3 Days,SL HIT (Trailing Stop),1,8.692802538338304,-0.6495334206232553
864,2025-06-02,2025-06-02,THERMAX,Thermax Ltd.,Mid-Cap Equities,3422.0303510742187,3441.8025512695312,584,1998465.7250273437,11546.964914062526,10792.096630765696,0.5400191004335606,True,754.8682832968299,1 Day,BREAKEVEN RATCHET,21,1.547901201669746,-0.49474293565672556
865,2025-06-02,2025-06-04,360ONE,360 ONE WAM Ltd.,Mid-Cap Equities,1007.01,1009.976,1986,1999921.8599999999,5890.476000000024,1423.7117980157282,0.07118837123045038,True,4466.764201984296,3 Days,SL HIT (Trailing Stop),14,3.95130622616707,-0.4329624915281369
866,2025-06-04,2025-06-04,GODFRYPHLP,Godfrey Phillips India Ltd.,Mid-Cap Equities,2828.979918457031,2834.637878293945,706,1997259.822430664,3994.5196448613424,3242.2380905461396,0.16233431695433287,True,752.2815543152026,1 Day,BREAKEVEN RATCHET,89,2.710759065114541,-1.0715229971193772
868,2025-06-09,2025-06-09,DABUR,Dabur India Ltd.,Mid-Cap Equities,484.61729388427733,484.6288060913086,4126,1999530.9545665283,47.49936621100642,-704.4529133414688,-0.03523090811535773,False,751.9522795524753,1 Day,INTRADAY CLOSE,63,0.28531918550410795,-0.6741995842892695
869,2025-06-09,2025-06-09,AWL,AWL Agri Business Ltd.,Mid-Cap Equities,266.031,267.26438781738284,7517,1999755.027,9271.376223266823,8516.70485555974,0.4258874082360159,True,754.6713677070848,1 Day,INTRADAY CLOSE,46,0.9280873281685195,-0.5191147285525487
871,2025-06-09,2025-06-09,BAJAJHFL,Bajaj Housing Finance Ltd.,Mid-Cap Equities,127.0435809173584,127.29766807919312,15742,1999920.050801056,3999.8401016020216,3246.6194216241665,0.16233746045616937,True,753.220679977855,1 Day,BREAKEVEN RATCHET,52,1.1070343111618215,-0.4672286193682902
867,2025-06-06,2025-06-10,VOLTAS,Voltas Ltd.,Mid-Cap Equities,1255.3056489257813,1271.951,1593,1999701.8987387696,26516.04426123039,22028.396162493977,1.1015839999145616,True,4487.648098736414,3 Days,SL HIT (Trailing Stop),37,5.1297707694694665,-0.42265793437013055
872,2025-06-10,2025-06-10,BIOCON,Biocon Ltd.,Mid-Cap Equities,340.47958776855467,341.1605469440918,5874,1999977.0985524901,3999.9541971050203,3246.7133778759776,0.1623375277759845,True,753.2408192290428,1 Day,BREAKEVEN RATCHET,35,2.252824076239121,-0.2730266391822065
870,2025-06-09,2025-06-11,NTPCGREEN,NTPC Green Energy Ltd.,Mid-Cap Equities,109.49855877685548,111.34685969543457,18265,1999991.1760592652,33759.2162778473,29263.419710985305,1.4631774410447775,True,4495.7965668619945,3 Days,SL HIT (Trailing Stop),9,3.7091253319735333,-0.19960079840319941
873,2025-06-11,2025-06-11,WAAREEENER,Waaree Energies Ltd.,Mid-Cap Equities,2855.7,2878.232,700,1998989.9999999998,15772.40000000014,15016.13750555774,0.7511862243211692,True,756.2624944423999,1 Day,BREAKEVEN RATCHET,16,3.5402895552097626,-0.20310598649192207
874,2025-06-12,2025-06-12,RADICO,Radico Khaitan Ltd,Mid-Cap Equities,2574.939648925781,2584.2211025390625,776,1998153.167566406,7202.408003906487,6448.893407258045,0.32274269620242835,True,753.5145966484412,1 Day,BREAKEVEN RATCHET,2,2.996592512863706,-0.22678400528599627
875,2025-06-17,2025-06-18,APARINDS,Apar Industries Ltd.,Mid-Cap Equities,7815.6,7815.5687376000005,255,1992978.0,-7.971911999862641,-4453.19159335338,-0.22344409187423944,False,4445.219681353517,2 Days,SL HIT (Trailing Stop),3,3.165463943907053,-0.4043195659962174
876,2025-06-17,2025-06-18,CRISIL,CRISIL Ltd.,Mid-Cap Equities,5444.868,5444.846220528,367,1998266.556,-7.993066224036738,-4464.9662875163085,-0.2234419764525303,False,4456.973221292272,2 Days,SL HIT (Trailing Stop),2,4.832660773410844,-0.24551559376646764
877,2025-06-19,2025-06-19,THERMAX,Thermax Ltd.,Mid-Cap Equities,3534.4547021484377,3541.5236115527346,565,1996966.9067138673,3993.9338134278078,3241.7556655230096,0.16233397031388563,True,752.1781479047982,1 Day,BREAKEVEN RATCHET,5,2.420325200364376,-0.7060410799229897
878,2025-06-24,2025-06-24,NIACL,The New India Assurance Company Ltd.,Mid-Cap Equities,188.42610305786133,188.80295526397705,10614,1999954.65785614,3999.909315712517,3246.676418598006,0.1623375012950691,True,753.2328971145113,1 Day,BREAKEVEN RATCHET,96,1.2120951497386365,-1.250408353941849
879,2025-06-24,2025-06-24,TATAINVEST,Tata Investment Corporation Ltd.,Mid-Cap Equities,673.2438244628906,674.5903121118164,2970,1999534.1586547852,3999.0683173094876,3245.983866695101,0.16233700497914386,True,753.0844506143866,1 Day,BREAKEVEN RATCHET,54,2.0135592540923968,-0.8531566505601486
881,2025-06-24,2025-06-24,LICHSGFIN,LIC Housing Finance Ltd.,Mid-Cap Equities,601.2,602.4024000000001,3326,1999591.2000000002,3999.182400000049,3246.0778123960263,0.16233707231738298,True,753.1045876040225,1 Day,BREAKEVEN RATCHET,27,1.6134438479811133,-1.0728542914171733
882,2025-06-24,2025-06-24,VOLTAS,Voltas Ltd.,Mid-Cap Equities,1309.614,1312.233228,1527,1999780.578,3999.5611560000107,3246.3897133313176,0.16233729585363127,True,753.1714426686933,1 Day,BREAKEVEN RATCHET,61,1.5490079072201783,-0.6119379003326577
883,2025-06-24,2025-06-24,ICICIPRULI,ICICI Prudential Life Insurance Company Ltd.,Mid-Cap Equities,632.763,634.028526,3160,1999531.08,3999.062160000205,3245.9787962262367,0.1623370013446471,True,753.0833637739684,1 Day,BREAKEVEN RATCHET,57,1.4044791516037547,-0.515674905138264
884,2025-06-25,2025-06-25,TATAINVEST,Tata Investment Corporation Ltd.,Mid-Cap Equities,679.857,678.0911121826172,2941,1999459.437,-5193.476070922799,-5943.9030405304475,-0.2972755000946012,False,750.4269696076481,1 Day,INTRADAY CLOSE,49,0.60939285761565,-0.3466905540429783
885,2025-06-25,2025-06-26,NIACL,The New India Assurance Company Ltd.,Mid-Cap Equities,187.875,187.87424850000002,10645,1999929.375,-7.999717499827966,-4468.668467312062,-0.2234413136369909,False,4460.668749812234,2 Days,SL HIT (Trailing Stop),17,3.526280771789754,-1.5835029160429142
886,2025-06-25,2025-06-26,SJVN,SJVN Ltd.,Mid-Cap Equities,99.39839694213867,99.39799934855091,20121,1999995.1448727723,-7.999980579363182,-4468.814900504271,-0.22344128744315275,False,4460.814919924907,2 Days,SL HIT (Trailing Stop),15,2.9191679130481423,-0.752925036301562
888,2025-06-27,2025-06-27,KPRMILL,K.P.R. Mill Ltd.,Mid-Cap Equities,1129.254,1139.3167756347657,1771,1999908.8339999998,17821.175649170298,17064.00289698797,0.8532390380444699,True,757.1727521823273,1 Day,BREAKEVEN RATCHET,20,2.1913581886803235,-0.8194790543137244
890,2025-06-27,2025-06-27,ACC,ACC Ltd.,Mid-Cap Equities,1898.79,1916.3595512695313,1053,1999425.8699999999,18500.737486816477,17743.540447995336,0.8874317730016836,True,757.1970388211416,1 Day,BREAKEVEN RATCHET,21,1.9122691601460688,-0.6525195301185209
880,2025-06-24,2025-06-30,BHEL,Bharat Heavy Electricals Ltd.,Mid-Cap Equities,256.46189694213865,265.7673878173828,7798,1999889.872354797,72564.21784515423,68028.43566935875,3.401609089067377,True,4535.782175795475,5 Days,TIME EXIT (Swing Max),20,6.09763452108644,-0.881963371894882
891,2025-06-30,2025-06-30,FEDERALBNK,Federal Bank Ltd.,Mid-Cap Equities,211.923,212.69375512695314,9437,1999917.351,7273.616133056814,6519.459364810861,0.3259864394671608,True,754.1567682459523,1 Day,BREAKEVEN RATCHET,18,1.1688178708702561,-0.9026889451187762
893,2025-06-30,2025-06-30,TATAINVEST,Tata Investment Corporation Ltd.,Mid-Cap Equities,685.368,684.7777243652343,2918,1999903.8240000003,-1722.4243022464216,-2474.0014022045348,-0.12370601888526288,False,751.5770999581133,1 Day,INTRADAY CLOSE,57,0.9676553326096269,-0.6008450934388608
887,2025-06-25,2025-07-01,APARINDS,Apar Industries Ltd.,Mid-Cap Equities,7940.85,8742.979,251,1993153.35,201334.37899999972,196680.13343277187,9.867787314647508,True,4654.245567227854,5 Days,TIME EXIT (Swing Max),12,13.627634321262832,-0.28775257056864645
889,2025-06-27,2025-07-01,HONAUT,Honeywell Automation India Ltd.,Mid-Cap Equities,38977.8,39111.62,51,1987867.8,6824.820000000065,2383.8771762251463,0.11992131349102522,True,4440.942823774919,3 Days,SL HIT (Trailing Stop),14,2.045266792892357,-1.225825982995456
892,2025-06-30,2025-07-01,JSL,Jindal Stainless Ltd.,Mid-Cap Equities,696.2898244628906,696.2870393035927,2872,1999744.3758574217,-7.998977503506467,-4468.256576368122,-0.22344138732493185,False,4460.257598864616,2 Days,SL HIT (Trailing Stop),20,2.1844604075382494,-0.6807275509990514
894,2025-07-03,2025-07-03,SUZLON,Suzlon Energy Ltd.,Mid-Cap Equities,65.53080152893067,65.66186313198853,30519,1999934.531861435,3999.869063722901,3246.6432715766414,0.1623374775450692,True,753.2257921462598,1 Day,BREAKEVEN RATCHET,44,1.0364554372833912,-0.9320858981340179
896,2025-07-03,2025-07-04,THERMAX,Thermax Ltd.,Mid-Cap Equities,3436.5593510742187,3436.5456048368146,581,1996640.982974121,-7.986563931917772,-4461.347033939523,-0.22344262548863783,False,4453.360470007605,2 Days,SL HIT (Trailing Stop),16,4.2816254592449345,-0.45567229111215035
897,2025-07-04,2025-07-04,BHEL,Bharat Heavy Electricals Ltd.,Mid-Cap Equities,259.518,260.037036,7706,1999845.7079999999,3999.691416000249,3246.496980848997,0.1623373727214058,True,753.194435151252,1 Day,BREAKEVEN RATCHET,31,1.4765858643776746,-0.5271334179192184
895,2025-07-03,2025-07-08,AJANTPHARM,Ajanta Pharmaceuticals Ltd.,Mid-Cap Equities,2571.633,2638.712,777,1998158.8409999998,52120.38300000015,47609.63239150746,2.3826750613920518,True,4510.750608492689,4 Days,SL HIT (Trailing Stop),8,5.711040416731322,-0.8412164566250243
899,2025-07-10,2025-07-11,CONCOR,Container Corporation of India Ltd.,Mid-Cap Equities,619.236,619.233523056,3229,1999513.044,-7.998052176088095,-4467.741528050362,-0.22344147948706064,False,4459.743475874274,2 Days,SL HIT (Trailing Stop),9,1.6090815467820443,-0.9263027343371493
898,2025-07-10,2025-07-14,AWL,AWL Agri Business Ltd.,Mid-Cap Equities,264.4277938842773,266.965,7563,1999867.4051467893,19188.889853210654,14708.466512330328,0.7354720855231266,True,4480.423340880326,3 Days,SL HIT (Trailing Stop),7,3.3741582487138135,-0.5588601922431796
900,2025-07-15,2025-07-18,PETRONET,Petronet LNG Ltd.,Mid-Cap Equities,306.5619122314453,309.3301121826172,6523,1999703.353485718,18056.968281493988,13578.082464118488,0.6790048354147277,True,4478.8858173755,4 Days,SL HIT (Trailing Stop),15,2.230571180635285,-0.9661689889556605
903,2025-07-17,2025-07-18,GVT&D,GE Vernova T&D India Ltd.,Mid-Cap Equities,2351.694,2351.684593224,850,1998939.9,-7.995759600074962,-4466.4654528208885,-0.22344170791832652,False,4458.4696932208135,2 Days,SL HIT (Trailing Stop),6,4.248260941102458,-0.5355247044789824
901,2025-07-16,2025-07-21,THERMAX,Thermax Ltd.,Mid-Cap Equities,3501.99,3852.28,571,1999636.2899999998,200015.59000000008,195348.30297325365,9.769191725023838,True,4667.2870267464195,4 Days,SL HIT (Trailing Stop),2,16.842139721362003,-0.4822944195657264
902,2025-07-17,2025-07-23,AWL,AWL Agri Business Ltd.,Mid-Cap Equities,264.92879388427735,276.74538781738283,7549,1999947.4650324096,89203.46760101337,84650.31540503883,4.23262695071178,True,4553.152195974537,5 Days,SL HIT (Trailing Stop),2,7.953535667748779,-0.3694508486207213
904,2025-07-21,2025-07-23,JSL,Jindal Stainless Ltd.,Mid-Cap Equities,682.362,683.63,2930,1999320.66,3715.2399999999907,-747.934027742569,-0.03740940824082561,False,4463.17402774256,3 Days,SL HIT (Trailing Stop),9,3.1710441085523575,-1.496562760812804
905,2025-07-23,2025-07-23,IDEA,Vodafone Idea Ltd.,Mid-Cap Equities,7.434840076446533,7.46504001903534,269003,1999994.2850843468,8123.875156216789,7369.447906159778,0.36847344820532735,True,754.4272500570114,1 Day,BREAKEVEN RATCHET,22,1.1454167622215041,-0.8721127854903532
906,2025-07-31,2025-07-31,TATAINVEST,Tata Investment Corporation Ltd.,Mid-Cap Equities,678.354,679.7107080000001,2948,1999787.5920000002,3999.5751839999575,3246.401265217758,0.16233730413193592,True,753.1739187821996,1 Day,BREAKEVEN RATCHET,16,2.151680716415206,-0.7597784921985853
907,2025-08-01,2025-08-06,RADICO,Radico Khaitan Ltd,Mid-Cap Equities,2773.536,2799.689448730469,721,1999719.456,18856.63653466804,14376.886293192154,0.7189451625354469,True,4479.750241475886,4 Days,SL HIT (Trailing Stop),3,6.001869094181577,-7.313265406619025
909,2025-08-13,2025-08-13,DALBHARAT,Dalmia Bharat Ltd.,Mid-Cap Equities,2278.5480000000002,2266.258448730469,877,1998286.5960000001,-10777.936463378835,-11526.35164507006,-0.5768117380230909,False,748.4151816912248,1 Day,INTRADAY CLOSE,63,0.6035443988068178,-1.0817458160306574
910,2025-08-13,2025-08-13,NIACL,The New India Assurance Company Ltd.,Mid-Cap Equities,186.32189694213866,185.70784182739257,10734,1999979.2417769164,-6591.267601684667,-7341.477693246865,-0.36707769460268,False,750.2100915621979,1 Day,INTRADAY CLOSE,67,0.8094082948202044,-0.7041053450148868
908,2025-08-11,2025-08-14,POLICYBZR,PB Fintech Ltd.,Mid-Cap Equities,1782.6581755371094,1821.849,1121,1998359.8147770995,43932.91422290029,39430.20102785576,1.9731281992504375,True,4502.713195044535,4 Days,SL HIT (Trailing Stop),2,5.9933994037134735,-0.7156812953892806
911,2025-08-13,2025-08-14,MCX,Multi Commodity Exchange of India Ltd.,Mid-Cap Equities,1647.9893510742188,1647.9827591168146,1213,1999011.0828530274,-7.996044331230223,-4466.623937731073,-0.22344167954067673,False,4458.627893399843,2 Days,SL HIT (Trailing Stop),23,1.7907062874250428,-1.9896609089719235
912,2025-08-18,2025-08-18,BSE,BSE Ltd.,Mid-Cap Equities,2525.04,2489.8104487304686,792,1999831.68,-27901.804605468875,-28645.86305882323,-1.4324137048785641,False,744.0584533543552,1 Day,INTRADAY CLOSE,96,0.9884991920920079,-1.5065107879479123
913,2025-08-18,2025-08-18,AIIL,Authum Investment & Infrastructure Ltd.,Mid-Cap Equities,589.176,592.273101928711,3394,1999663.344,10511.563946045004,9756.569918223495,0.48791062493084814,True,754.9940278215086,1 Day,BREAKEVEN RATCHET,42,2.5500041086247918,-0.8547505926179179
914,2025-08-18,2025-08-18,POLYCAB,Polycab India Ltd.,Mid-Cap Equities,7039.05,7072.826,284,1999090.2,9592.384000000078,8837.855071126894,0.4420938620541932,True,754.5289288731841,1 Day,BREAKEVEN RATCHET,59,2.0734332047648447,-0.42690419872000024
915,2025-08-25,2025-08-25,TATAINVEST,Tata Investment Corporation Ltd.,Mid-Cap Equities,695.889,698.2507243652344,2874,1999984.986,6787.595825683791,6033.554330995317,0.3016799812613852,True,754.0414946884744,1 Day,BREAKEVEN RATCHET,25,1.2230433896875061,-0.55167019553855
916,2025-08-25,2025-08-25,PATANJALI,Patanjali Foods Ltd.,Mid-Cap Equities,605.2413918457031,600.6962243652343,3304,1999717.558658203,-15017.233355468838,-15764.939485818637,-0.7883583067799236,False,747.7061303497986,1 Day,INTRADAY CLOSE,64,0.09229308417955154,-0.7999068630908901
917,2025-09-03,2025-09-05,NIACL,The New India Assurance Company Ltd.,Mid-Cap Equities,194.388,196.96528060913087,10288,1999863.744,26515.06290673837,22027.056131582485,1.101427844655325,True,4488.006775155886,3 Days,SL HIT (Trailing Stop),6,9.008783410747768,-0.40537167751321085
919,2025-09-08,2025-09-08,BSE,BSE Ltd.,Mid-Cap Equities,2333.658,2341.507551269531,857,1999944.906,6727.065437988145,5973.055394946579,0.29866099696181225,True,754.0100430415655,1 Day,BREAKEVEN RATCHET,31,2.3671807241571003,-0.44813973719049244
918,2025-09-05,2025-09-09,M&MFIN,Mahindra & Mahindra Financial Services Ltd.,Mid-Cap Equities,264.7785,268.7613878173828,7553,1999872.0105,30082.751684692223,25591.029605765252,1.279633370105874,True,4491.7220789269695,3 Days,SL HIT (Trailing Stop),8,3.482722350946165,-0.671693509858243
920,2025-09-10,2025-09-10,NIACL,The New India Assurance Company Ltd.,Mid-Cap Equities,193.6365,194.023773,10328,1999877.772,3999.7555439998396,3246.5497894725586,0.16233741056213702,True,753.205754527281,1 Day,BREAKEVEN RATCHET,65,1.5304480836596472,-0.9587558237745143
921,2025-09-10,2025-09-10,POLYCAB,Polycab India Ltd.,Mid-Cap Equities,7268.508,7194.582,275,1998839.7,-20329.649999999907,-21075.526175543408,-1.054388011982322,False,745.8761755434999,1 Day,INTRADAY CLOSE,93,0.034284890379156066,-0.9906847457552473
922,2025-09-12,2025-09-12,AWL,AWL Agri Business Ltd.,Mid-Cap Equities,260.41979388427734,259.87919390869143,7679,1999763.5972373658,-4151.267212524312,-4902.099691288644,-0.24513395973708085,False,750.8324787643321,1 Day,INTRADAY CLOSE,40,0.5683899791675556,-0.5451943045881732
924,2025-09-16,2025-09-16,AWL,AWL Agri Business Ltd.,Mid-Cap Equities,260.52,260.1286939086914,7676,1999751.5199999998,-3003.6655568846036,-3754.8222524339585,-0.18776444047578267,False,751.156695549355,1 Day,INTRADAY CLOSE,52,0.529707468326575,-0.8137594440026128
925,2025-09-16,2025-09-16,NTPCGREEN,NTPC Green Energy Ltd.,Mid-Cap Equities,105.15989694213867,105.37021673602295,19018,1999930.9200455933,3999.86184009118,3246.6373230042286,0.16233747328283787,True,753.2245170869514,1 Day,BREAKEVEN RATCHET,32,3.4139469153689666,-0.560952667763671
927,2025-09-16,2025-09-16,SJVN,SJVN Ltd.,Mid-Cap Equities,94.83930152893066,94.27107908630371,21088,1999971.1906420898,-11982.674870117102,-12731.338963103914,-0.6365761178298035,False,748.6640929868116,1 Day,INTRADAY CLOSE,64,0.7493744801677517,-0.6740924599633992
928,2025-09-17,2025-09-17,HONAUT,Honeywell Automation India Ltd.,Mid-Cap Equities,37409.67,37230.39,53,1982712.51,-9501.840000000084,-10245.131315918763,-0.5167229875358361,False,743.29131591868,1 Day,INTRADAY CLOSE,32,-0.025848931573035142,-1.148553301860183
929,2025-09-17,2025-09-17,NAUKRI,Info Edge (India) Ltd.,Mid-Cap Equities,1365.225,1372.25,1464,1998689.4,10284.600000000093,9530.014203671693,0.47681316585116695,True,754.5857963284,1 Day,BREAKEVEN RATCHET,17,2.68637216679028,-0.3607428205515508
923,2025-09-15,2025-09-18,RADICO,Radico Khaitan Ltd,Mid-Cap Equities,2909.808,2974.6388974609376,687,1999038.096,44538.826555664185,40033.978051046324,2.0026620868883294,True,4504.848504617862,4 Days,SL HIT (Trailing Stop),4,4.3264693468392075,-0.1996007984031934
926,2025-09-16,2025-09-18,BAJAJHFL,Bajaj Housing Finance Ltd.,Mid-Cap Equities,114.11777938842773,115.0694030456543,17525,1999914.083782196,16677.20459289546,12199.280184559073,0.6099902132539637,True,4477.924408336387,3 Days,SL HIT (Trailing Stop),18,2.525654308223019,-0.6202151234552788
930,2025-09-18,2025-09-18,HONAUT,Honeywell Automation India Ltd.,Mid-Cap Equities,37680.21,37524.8,53,1997051.13,-8236.729999999749,-8985.43709858953,-0.4499352552175031,False,748.70709858978,1 Day,INTRADAY CLOSE,37,0.5833035431596609,-0.8498094888536957
932,2025-09-30,2025-10-03,HEROMOTOCO,Hero MotoCorp Ltd.,Mid-Cap Equities,5333.646,5399.18,374,1994783.6039999998,24509.716000000248,20035.077584751423,1.0043734841501848,True,4474.638415248823,3 Days,SL HIT (Trailing Stop),6,4.693862322321359,-0.19960079840318856
931,2025-09-29,2025-10-06,APLAPOLLO,APL Apollo Tubes Ltd.,Mid-Cap Equities,1672.0373510742188,1720.3524487304687,1196,1999756.6718847656,57784.8567968749,53264.68541091206,2.663558329859714,True,4520.17138596284,5 Days,SL HIT (Trailing Stop),21,4.812251883852181,-0.23548370410216582
933,2025-10-08,2025-10-08,FEDERALBNK,Federal Bank Ltd.,Mid-Cap Equities,200.901,202.20478060913086,9955,1999969.455,12979.135963897686,12223.327763373623,0.6111757223499007,True,755.8082005240627,1 Day,BREAKEVEN RATCHET,6,1.2936720076057309,-0.7720190026353206
934,2025-10-09,2025-10-09,SRF,SRF Ltd.,Mid-Cap Equities,2993.3747021484373,2990.9061025390624,668,1999574.3010351562,-1649.0245390625205,-2400.5065069132456,-0.12005087811293291,False,751.4819678507251,1 Day,INTRADAY CLOSE,56,0.3883676120874152,-0.5470314871267105
935,2025-10-10,2025-10-10,VOLTAS,Voltas Ltd.,Mid-Cap Equities,1401.798,1414.4654487304688,1426,1998963.948,18063.78188964841,17306.872724212768,0.8657921390492614,True,756.9091654356426,1 Day,BREAKEVEN RATCHET,7,2.55400389970149,-0.8202288184085726
936,2025-10-15,2025-10-17,MAHABANK,Bank of Maharashtra,Mid-Cap Equities,56.01180152893066,57.30515817260742,35706,1999957.385391998,46180.592319122516,41671.999497586825,2.0836443717233992,True,4508.592821535692,3 Days,SL HIT (Trailing Stop),2,9.60190123136797,-1.1993925530064917
940,2025-10-21,2025-10-21,THERMAX,Thermax Ltd.,Mid-Cap Equities,3204.396,3212.6618974609373,624,1999543.104,5157.920015624957,4404.500718719557,0.22027535740082532,True,753.4192969054003,1 Day,INTRADAY CLOSE,17,0.7272494152369062,-0.6052934780844872
941,2025-10-21,2025-10-21,JSL,Jindal Stainless Ltd.,Mid-Cap Equities,794.3855877685547,795.905,2517,1999468.5244134523,3824.3605865477584,3071.349274747943,0.15360828326362022,True,753.0113117998152,1 Day,INTRADAY CLOSE,10,0.6815833655319933,-0.6905416511773945
937,2025-10-20,2025-10-23,POLYCAB,Polycab India Ltd.,Mid-Cap Equities,7545.06,7557.355,265,1999440.9000000001,3258.1749999998137,-1204.7926327345376,-0.06025647633468624,False,4462.967632734351,3 Days,SL HIT (Trailing Stop),13,2.0535290640498496,-0.5972119506007958
938,2025-10-20,2025-10-23,APOLLOTYRE,Apollo Tyres Ltd.,Mid-Cap Equities,494.3867938842773,506.3851939086914,4045,1999794.5812619019,48533.52809875482,44022.85892835248,2.2013690476435515,True,4510.669170402338,3 Days,SL HIT (Trailing Stop),10,4.776261503710371,-1.1401586680725024
942,2025-10-24,2025-10-24,APARINDS,Apar Industries Ltd.,Mid-Cap Equities,8752.47,8716.033,228,1995563.16,-8307.63599999994,-9055.798365446524,-0.4537966297917889,False,748.162365446584,1 Day,INTRADAY CLOSE,17,0.7715536300038808,-1.0679271108612693
939,2025-10-20,2025-10-27,IDEA,Vodafone Idea Ltd.,Mid-Cap Equities,8.7675,9.95006026649475,228115,1999998.2625,269759.7351914502,265019.37300160207,13.25098016186912,True,4740.362189848145,5 Days,TIME EXIT (Swing Max),14,20.55887875476725,-0.5417705499993325
943,2025-10-27,2025-10-27,HONAUT,Honeywell Automation India Ltd.,Mid-Cap Equities,37184.22,36935.98,53,1970763.6600000001,-13156.719999999972,-13894.753798155572,-0.7050441450780339,False,738.0337981556,1 Day,INTRADAY CLOSE,52,0.19034956226054717,-0.8046961856400408
944,2025-10-29,2025-10-31,SAIL,Steel Authority of India Ltd.,Mid-Cap Equities,133.63673510742188,135.229,14965,1999873.7408825685,23828.244117431575,19342.999276170798,0.967211023413633,True,4485.2448412607755,3 Days,SL HIT (Trailing Stop),1,7.208548725240477,-0.3268099589747023
945,2025-10-29,2025-11-04,TORNTPOWER,Torrent Power Ltd.,Mid-Cap Equities,1286.4678244628906,1306.4817756347657,1554,1999170.9992153319,31101.68012109399,26610.460165960714,1.3310747392997015,True,4491.219955133273,5 Days,SL HIT (Trailing Stop),14,5.132827598286675,-0.6582227943731086
946,2025-11-03,2025-11-06,INDUSTOWER,Indus Towers Ltd.,Mid-Cap Equities,366.732,388.27188781738283,5453,1999789.5960000001,117457.00826818845,112874.92987512935,5.644340289643619,True,4582.078393059104,3 Days,SL HIT (Trailing Stop),3,10.393967830327213,-0.41774041888048424
947,2025-11-07,2025-11-07,LUPIN,Lupin Ltd.,Mid-Cap Equities,1987.968,1967.8564487304689,1006,1999895.808,-20232.220577148255,-20978.496866902555,-1.0489794909806898,False,746.2762897543012,1 Day,INTRADAY CLOSE,45,0.70584637177258,-1.4068636919709006
948,2025-11-10,2025-11-10,LUPIN,Lupin Ltd.,Mid-Cap Equities,1984.0601755371094,1988.0282958881837,1008,1999932.6569414064,3999.8653138827067,3246.640183629063,0.16233747533250978,True,753.2251302536439,1 Day,BREAKEVEN RATCHET,43,2.214641723303352,-0.1996007984031971
949,2025-11-12,2025-11-12,MPHASIS,MphasiS Ltd.,Mid-Cap Equities,2800.59,2820.1484487304688,714,1999621.26,13964.732393554645,13208.764811731047,0.6605633314646319,True,755.9675818235977,1 Day,BREAKEVEN RATCHET,27,2.085631956123526,-0.44954813092955936
950,2025-11-12,2025-11-18,APARINDS,Apar Industries Ltd.,Mid-Cap Equities,8617.2,9298.366,232,1999190.4000000001,158030.51199999987,153407.72197181135,7.673492328285057,True,4622.790028188513,5 Days,TIME EXIT (Swing Max),3,9.00292438379055,-0.7276145383651387
951,2025-11-14,2025-11-18,IPCALAB,Ipca Laboratories Ltd.,Mid-Cap Equities,1312.3193510742187,1429.7347756347656,1524,1999974.6910371094,178941.10703027318,174294.90585065482,8.714855574510908,True,4646.201179618358,3 Days,SL HIT (Trailing Stop),1,17.95909271115002,-0.5577416097863196
952,2025-11-17,2025-11-21,HEROMOTOCO,Hero MotoCorp Ltd.,Mid-Cap Equities,5600.178,5990.495,357,1999263.5459999999,139343.169,134739.58071902502,6.7394606873417695,True,4603.588280974986,5 Days,TIME EXIT (Swing Max),4,7.889427800330634,-0.5210191533197673
954,2025-11-26,2025-11-26,IDEA,Vodafone Idea Ltd.,Mid-Cap Equities,10.1302196559906,10.150480095302582,197429,1999999.1364625683,3999.9982729251496,3246.749673774978,0.16233755378102604,True,753.2485991501715,1 Day,BREAKEVEN RATCHET,114,1.5772639813188942,-0.7918827822089622
955,2025-11-26,2025-11-26,POLICYBZR,PB Fintech Ltd.,Mid-Cap Equities,1777.047,1783.5257756347655,1125,1999177.875,7288.622589111328,6534.722155422637,0.32687047196451374,True,753.900433688691,1 Day,BREAKEVEN RATCHET,71,1.443571901692807,-0.5935127208228047
956,2025-11-27,2025-11-27,LINDEINDIA,Linde India Ltd.,Mid-Cap Equities,5977.932,6010.455,334,1996629.288,10862.68200000003,10108.656832167722,0.5062861139482455,True,754.0251678323081,1 Day,INTRADAY CLOSE,9,0.9546445158626798,-0.8854567097785621
957,2025-11-27,2025-11-27,JSL,Jindal Stainless Ltd.,Mid-Cap Equities,769.5360000000001,770.9051121826171,2598,1999254.5280000002,3556.953450439032,2804.094100978071,0.14025698387604557,True,752.8593494609614,1 Day,INTRADAY CLOSE,22,0.8399866932800988,-0.6998991062065397
953,2025-11-25,2025-12-01,LUPIN,Lupin Ltd.,Mid-Cap Equities,2015.7233510742187,2066.2591025390625,992,1999597.564265625,50131.46545312484,45619.578319306944,2.2814379820502158,True,4511.887133817897,5 Days,SL HIT (Trailing Stop),10,4.548072096335791,-0.72546540081942
958,2025-12-02,2025-12-02,JSL,Jindal Stainless Ltd.,Mid-Cap Equities,760.2174122314453,759.2285,2630,1999371.7941687012,-2600.839168701088,-3351.9773285075344,-0.16765152625858762,False,751.1381598064464,1 Day,INTRADAY CLOSE,24,0.49756657867803067,-0.6205346201685181
960,2025-12-04,2025-12-04,UPL,UPL Ltd.,Mid-Cap Equities,749.496,754.9371121826172,2668,1999655.328,14516.88730322267,13760.749672973161,0.6881560777144671,True,756.1376302495082,1 Day,BREAKEVEN RATCHET,11,1.2613826100514571,-0.5665140307620028
959,2025-12-03,2025-12-05,APOLLOTYRE,Apollo Tyres Ltd.,Mid-Cap Equities,522.7434122314453,525.447,3825,1999493.5517852781,10341.223214721773,5870.79892720258,0.2936142965782884,True,4470.424287519193,3 Days,SL HIT (Trailing Stop),3,3.148121925695312,-0.8595827563400888
961,2025-12-12,2025-12-16,SWIGGY,Swiggy Ltd.,Mid-Cap Equities,405.5595,408.58119390869143,4931,1999813.8945000002,14899.972663757391,10424.112535224602,0.5212541308915584,True,4475.8601285327895,3 Days,SL HIT (Trailing Stop),8,3.9551548178542504,-4.046140234297468
962,2025-12-22,2025-12-22,APARINDS,Apar Industries Ltd.,Mid-Cap Equities,8886.738,8904.511476,225,1999516.0499999998,3999.032100000186,3245.9540421837314,0.16233698360079338,True,753.0780578164545,1 Day,BREAKEVEN RATCHET,46,2.343514571938552,-0.7959951109169571
963,2025-12-29,2025-12-30,HUDCO,Housing & Urban Development Corporation Ltd.,Mid-Cap Equities,223.39589694213868,223.3950033585509,8952,1999840.0694260255,-7.999360277783126,-4468.46963310869,-0.22344134920704867,False,4460.470272830907,2 Days,SL HIT (Trailing Stop),2,2.683174816349595,-0.5263730164838786
964,2025-12-31,2025-12-31,LLOYDSME,Lloyds Metals And Energy Ltd.,Mid-Cap Equities,1310.616,1318.6574487304688,1525,1998689.4,12263.209313964937,11508.057188207038,0.5757801681545436,True,755.152125757899,1 Day,BREAKEVEN RATCHET,30,2.0893991832848076,-0.5200570702536048
965,2026-01-01,2026-01-01,PATANJALI,Patanjali Foods Ltd.,Mid-Cap Equities,550.1981755371094,551.4448878173828,3635,1999970.3680773925,4531.799138793955,3778.408463884041,0.18892322227335262,True,753.3906749099136,1 Day,INTRADAY CLOSE,30,0.7909535962403184,-0.8448206393274574
967,2026-01-02,2026-01-02,IDEA,Vodafone Idea Ltd.,Mid-Cap Equities,11.743440267562866,11.766927148097992,170307,1999990.081647829,3999.9801632957533,3246.734760716593,0.16233754309629117,True,753.2454025791601,1 Day,BREAKEVEN RATCHET,46,2.610477987602677,-0.8808315270766807
966,2026-01-01,2026-01-05,INDUSTOWER,Indus Towers Ltd.,Mid-Cap Equities,421.8920877685547,431.8845,4740,1999768.4960229492,47364.0339770508,42854.6346400557,2.1429797861744047,True,4509.3993369950995,3 Days,SL HIT (Trailing Stop),4,5.714236633105726,-0.1996007984031938
969,2026-01-09,2026-01-09,PETRONET,Petronet LNG Ltd.,Mid-Cap Equities,288.22529388427733,288.80174447204587,6939,1999995.3142630004,3999.9906285258476,3246.7433787055843,0.16233754927080973,True,753.2472498202634,1 Day,BREAKEVEN RATCHET,8,2.645400102289294,-0.49451110695400874
970,2026-01-12,2026-01-14,BSE,BSE Ltd.,Mid-Cap Equities,2705.4,2798.392,739,1999290.6,68721.08799999976,64190.62002931467,3.210669826053034,True,4530.4679706850875,3 Days,SL HIT (Trailing Stop),1,6.220889745393468,-0.7540474606342903
968,2026-01-09,2026-01-15,OIL,Oil India Ltd.,Mid-Cap Equities,412.824,457.084,4844,1999719.456,214395.44000000018,209713.06736636462,10.487124418234625,True,4682.372633635553,5 Days,TIME EXIT (Swing Max),2,13.244385016375013,-0.19960079840319658
971,2026-01-14,2026-01-16,INDUSTOWER,Indus Towers Ltd.,Mid-Cap Equities,433.1145,437.5231939086914,4617,1999689.6465,20354.939776428044,15873.703204360056,0.7938083408164536,True,4481.236572067987,3 Days,SL HIT (Trailing Stop),14,2.444044751914616,-0.8345368257123741
972,2026-01-22,2026-01-22,DABUR,Dabur India Ltd.,Mid-Cap Equities,522.042,524.2992756347656,3831,1999942.902,8647.622956787236,7893.063906563102,0.39466446260389804,True,754.5590502241334,1 Day,BREAKEVEN RATCHET,53,1.438196120804211,-0.5539737388826053
974,2026-01-30,2026-01-30,NAM-INDIA,Nippon Life India Asset Management Ltd.,Mid-Cap Equities,871.74,876.3437756347656,2294,1999771.56,10561.06130615226,9806.014969953725,0.4903567570464761,True,755.0463361985347,1 Day,BREAKEVEN RATCHET,30,5.444285246407328,-0.42902700346433675
973,2026-01-29,2026-02-02,INDUSTOWER,Indus Towers Ltd.,Mid-Cap Equities,429.858,434.57911218261717,4652,1999699.416,21962.61387353507,17479.689675523317,0.8741158563964555,True,4482.9241980117495,3 Days,SL HIT (Trailing Stop),6,5.151003354596169,-2.421261856931534
975,2026-02-03,2026-02-03,GODREJIND,Godrej Industries Ltd.,Mid-Cap Equities,1007.01,1009.02402,1986,1999921.8599999999,3999.8437200000044,3246.6224013306837,0.16233746259119763,True,753.2213186693206,1 Day,BREAKEVEN RATCHET,105,3.1767311148846593,-1.5898551156393672
977,2026-02-10,2026-02-10,THERMAX,Thermax Ltd.,Mid-Cap Equities,2929.848,2954.279551269531,682,1998156.336,16662.31796582043,15906.094580262476,0.7960385428151242,True,756.2233855579569,1 Day,BREAKEVEN RATCHET,17,1.37044652145777,-0.9743833527157366
976,2026-02-09,2026-02-12,LINDEINDIA,Linde India Ltd.,Mid-Cap Equities,6106.188,6442.589,327,1996723.476,110003.1270000001,105435.58681703825,5.280430068777248,True,4567.540182961855,4 Days,SL HIT (Trailing Stop),18,13.114761615593885,-0.19960079840319528
979,2026-02-23,2026-02-23,NIACL,The New India Assurance Company Ltd.,Mid-Cap Equities,151.0515,151.4964030456543,13240,1999921.86,5890.516324462602,5136.7538461363965,0.25684772734752725,True,753.7624783262056,1 Day,BREAKEVEN RATCHET,38,1.1376942780845825,-0.623296948159033
978,2026-02-23,2026-02-24,GICRE,General Insurance Corporation of India,Mid-Cap Equities,384.5175,384.51596192999995,5201,1999875.5174999998,-7.999502070015296,-4468.548556396893,-0.2234413350878422,False,4460.549054326878,2 Days,SL HIT (Trailing Stop),11,2.0499701304841498,-0.6157082846725076
980,2026-02-25,2026-02-25,SJVN,SJVN Ltd.,Mid-Cap Equities,74.649,75.00968365478515,26792,1999996.008,9663.436479003867,8908.567959222612,0.4454292870379875,True,754.8685197812554,1 Day,BREAKEVEN RATCHET,49,1.6088607672187074,-0.1996007984031948
982,2026-02-25,2026-02-25,ABCAPITAL,Aditya Birla Capital Ltd.,Mid-Cap Equities,352.203,352.907406,5678,1999808.6339999998,3999.617268000031,3246.4359208773126,0.16233732896651315,True,753.1813471227184,1 Day,BREAKEVEN RATCHET,61,2.213780121123337,-0.5687026495994426
981,2026-02-25,2026-03-02,SAIL,Steel Authority of India Ltd.,Mid-Cap Equities,161.87310305786133,163.672,12355,1999942.1882798767,22225.371720123338,17741.635695860292,0.8871074273961705,True,4483.736024263046,4 Days,SL HIT (Trailing Stop),15,3.9147353922910475,-1.8984624054590715
986,2026-03-05,2026-03-05,LGEINDIA,LG Electronics India Ltd.,Mid-Cap Equities,1565.8253510742188,1576.7402243652343,1277,1999558.9733217775,13938.293192626676,13182.355131454116,0.6592631328874917,True,755.9380611725599,1 Day,BREAKEVEN RATCHET,40,1.6971671407422544,-0.5827852956961915
983,2026-03-05,2026-03-09,APARINDS,Apar Industries Ltd.,Mid-Cap Equities,10194.348,10284.39,196,1998092.208,17648.231999999844,13173.350419293394,0.6592964211836511,True,4474.881580706448,3 Days,SL HIT (Trailing Stop),10,4.891455539873664,-2.9756488595445236
984,2026-03-05,2026-03-09,MAHABANK,Bank of Maharashtra,Mid-Cap Equities,69.138,69.361,28927,1999954.9260000002,6450.720999999903,1983.3027699824052,0.09916737343421533,True,4467.418230017498,3 Days,SL HIT (Trailing Stop),8,4.009377856040628,-8.02453042814677
985,2026-03-05,2026-03-09,GVT&D,GE Vernova T&D India Ltd.,Mid-Cap Equities,3740.967,3812.36,534,1997676.378,38123.861999999965,33628.687201336295,1.6833901412502108,True,4495.174798663668,3 Days,SL HIT (Trailing Stop),11,6.897494685197701,-1.629712317697539
987,2026-03-10,2026-03-12,MANKIND,Mankind Pharma Ltd.,Mid-Cap Equities,2194.38,2217.8554487304687,911,1999080.1800000002,21386.133793456713,16905.183181379092,0.8456480810779231,True,4480.95061207762,3 Days,SL HIT (Trailing Stop),21,2.8445414571826615,-1.1474789611701306
988,2026-03-17,2026-03-17,NHPC,NHPC Ltd.,Mid-Cap Equities,76.05180152893067,76.73621939086914,26297,1999934.2248062897,17998.13651539618,17240.9041633725,0.8620735596963157,True,757.2323520236821,1 Day,BREAKEVEN RATCHET,29,1.3782670812757596,-0.5020306584586482
989,2026-03-17,2026-03-17,AJANTPHARM,Ajanta Pharmaceuticals Ltd.,Mid-Cap Equities,2986.6613510742186,3014.5588974609377,669,1998076.4438686522,18663.458532715216,17906.690526838836,0.8961964684478293,True,756.7680058763791,1 Day,BREAKEVEN RATCHET,25,2.843936308730861,-0.9261629566495575
990,2026-03-18,2026-03-18,AJANTPHARM,Ajanta Pharmaceuticals Ltd.,Mid-Cap Equities,3055.9997021484373,3062.1117015527343,654,1998623.805205078,3997.2476104102097,3244.4845368235324,0.16233592977196712,True,752.7630735866775,1 Day,BREAKEVEN RATCHET,92,1.901191137779456,-0.8736798403986059
991,2026-03-18,2026-03-18,BHEL,Bharat Heavy Electricals Ltd.,Mid-Cap Equities,258.015,259.6296939086914,7751,1999874.265,12515.49248626735,11759.850542467197,0.588029495067641,True,755.6419438001544,1 Day,BREAKEVEN RATCHET,79,1.3506966649225873,-0.6453089535431511
993,2026-03-20,2026-03-20,POLICYBZR,PB Fintech Ltd.,Mid-Cap Equities,1498.992,1501.989984,1334,1999655.328,3999.3106560001615,3246.183429644081,0.1623371480169447,True,753.1272263560803,1 Day,BREAKEVEN RATCHET,63,1.8217608118072037,-0.5198192404045493
992,2026-03-20,2026-03-23,NLCINDIA,NLC India Ltd.,Mid-Cap Equities,262.524,262.52294990400003,7618,1999907.832,-7.999631327809766,-4468.620502945902,-0.22344132221718818,False,4460.620871618093,2 Days,SL HIT (Trailing Stop),20,4.29522169133822,-4.618246752112426
994,2026-03-25,2026-03-25,BHEL,Bharat Heavy Electricals Ltd.,Mid-Cap Equities,260.46991223144533,261.5258878173828,7678,1999887.9861130372,8107.7805488279555,7353.395370751075,0.367690361750863,True,754.3851780768811,1 Day,BREAKEVEN RATCHET,104,2.430252119061917,-0.42995604303601737
996,2026-03-25,2026-03-25,THERMAX,Thermax Ltd.,Mid-Cap Equities,3211.911,3242.701551269531,622,1997808.642,19151.722889648285,18394.909517122287,0.9207543270364074,True,756.8133725259964,1 Day,BREAKEVEN RATCHET,93,2.798615803119232,-0.2618690243907773
995,2026-03-25,2026-03-27,BSE,BSE Ltd.,Mid-Cap Equities,2845.68,2845.6686172799996,702,1997667.3599999999,-7.990669440245256,-4463.632208867534,-0.22344221556823826,False,4455.641539427289,2 Days,SL HIT (Trailing Stop),44,1.8877703165412194,-2.6524433115503094
997,2026-04-01,2026-04-02,GICRE,General Insurance Corporation of India,Mid-Cap Equities,366.33120611572264,366.32974079089814,5459,1999802.05418573,-7.999208217021078,-4468.384994158672,-0.22344136434933748,False,4460.385785941651,2 Days,SL HIT (Trailing Stop),29,4.55019763700168,-0.8683978230981854
999,2026-04-10,2026-04-10,IDEA,Vodafone Idea Ltd.,Mid-Cap Equities,9.198360305786133,9.2315,217430,1999999.481287079,7205.563712921226,6451.397476063338,0.3225699574637694,True,754.1662368578881,1 Day,BREAKEVEN RATCHET,84,2.083415208426564,-0.3083183148886696
1002,2026-04-10,2026-04-10,SCHAEFFLER,Schaeffler India Ltd.,Mid-Cap Equities,3907.8,3915.6156,511,1996885.8,3993.7716000000946,3241.622084748513,0.1623338743131186,True,752.1495152515818,1 Day,BREAKEVEN RATCHET,77,1.0312732907582225,-1.4790930958595676
1004,2026-04-10,2026-04-10,RVNL,Rail Vikas Nigam Ltd.,Mid-Cap Equities,274.55802978515624,275.1071458447266,7284,1999880.6889550781,3999.761377910152,3246.554593626403,0.16233741400456755,True,753.206784283749,1 Day,BREAKEVEN RATCHET,110,2.892638114084085,-0.4035640767789668
1000,2026-04-10,2026-04-13,PIIND,PI Industries Ltd.,Mid-Cap Equities,2898.4853510742187,2898.473757132814,690,1999954.892241211,-7.999819569056854,-4468.725280119288,-0.2234413034741747,False,4460.725460550231,2 Days,SL HIT (Trailing Stop),42,2.284455226696809,-1.672782339791689
1003,2026-04-10,2026-04-13,JSWINFRA,JSW Infrastructure Ltd.,Mid-Cap Equities,259.518,259.516961928,7706,1999845.7079999999,-7.999382831854746,-4468.4821870993965,-0.2234413469611225,False,4460.482804267542,2 Days,SL HIT (Trailing Stop),18,2.9022987973738927,-2.010649337711511
1006,2026-04-15,2026-04-15,AWL,AWL Agri Business Ltd.,Mid-Cap Equities,182.1936618347168,182.55804915838624,10977,1999939.8259596864,3999.87965191924,3246.6519908268465,0.16233748379248938,True,753.2276610923938,1 Day,BREAKEVEN RATCHET,103,1.1890308114011257,-0.4356177543390255
1008,2026-04-15,2026-04-15,POLICYBZR,PB Fintech Ltd.,Mid-Cap Equities,1475.7456489257813,1478.697140223633,1355,1999635.3542944337,3999.2707085888833,3246.150533439265,0.16233712443960369,True,753.1201751496184,1 Day,BREAKEVEN RATCHET,90,1.5486629878795308,-0.7959128278190194
1009,2026-04-15,2026-04-15,IDEA,Vodafone Idea Ltd.,Mid-Cap Equities,9.3787196559906,9.421119581222534,213248,1999993.2092006835,9041.69925585948,8287.009679879073,0.41435189088422236,True,754.689575980407,1 Day,BREAKEVEN RATCHET,82,1.2931439307062789,-0.6260978397928227
998,2026-04-09,2026-04-16,GVT&D,GE Vernova T&D India Ltd.,Mid-Cap Equities,3769.524,4087.808,530,1997847.72,168690.52000000025,164059.66783621328,8.21182046028079,True,4630.85216378696,5 Days,SL HIT (Trailing Stop),3,11.762119098956529,-0.46488628272428795
1005,2026-04-10,2026-04-16,LENSKART,Lenskart Solutions Ltd.,Mid-Cap Equities,518.034,535.5767243652343,3860,1999611.24,67714.91604980454,63184.77809364544,3.1598531169311412,True,4530.137956159106,4 Days,SL HIT (Trailing Stop),2,7.6473792094848045,-0.19960079840319203
1001,2026-04-10,2026-04-17,NIACL,The New India Assurance Company Ltd.,Mid-Cap Equities,131.27201449584962,167.664,15235,1999929.140844269,554431.8991557311,549396.7058876689,27.47080857353483,True,5035.193268062174,5 Days,SL HIT (Trailing Stop),1,37.42456424494653,-0.20721438373158962
1007,2026-04-15,2026-04-21,APLAPOLLO,APL Apollo Tubes Ltd.,Mid-Cap Equities,2012.016,2102.3868974609377,994,1999943.904,89828.67207617196,85274.87994128856,4.263863589910398,True,4553.7921348834125,5 Days,TIME EXIT (Swing Max),39,8.001129215672236,-1.3079443119798786
1010,2026-04-16,2026-04-21,POLICYBZR,PB Fintech Ltd.,Mid-Cap Equities,1492.98,1578.9357756347656,1339,1999100.22,115094.78357495111,110516.68508560694,5.5283213907908495,True,4578.098489344177,4 Days,SL HIT (Trailing Stop),4,9.311578185910058,-0.7220491117178407
1011,2026-04-27,2026-04-27,WAAREEENER,Waaree Energies Ltd.,Mid-Cap Equities,3340.668,3351.5834487304687,598,1997719.4640000002,6527.438340820139,5774.269797727871,0.28904307645709915,True,753.1685430922678,1 Day,INTRADAY CLOSE,61,0.8780279872169243,-0.4690079948082276
1012,2026-04-28,2026-04-28,JSL,Jindal Stainless Ltd.,Mid-Cap Equities,778.2033244628906,779.7597311118163,2570,1999982.5438696288,3999.965087739285,3246.7223461801436,0.16233753420158778,True,753.2427415591416,1 Day,BREAKEVEN RATCHET,47,1.2588837941383773,-0.9706075278001802
1013,2026-05-04,2026-05-04,JSL,Jindal Stainless Ltd.,Mid-Cap Equities,775.548,777.099096,2578,1999362.744,3998.7254880000837,3245.7015509502676,0.16233680259825164,True,753.0239370498163,1 Day,BREAKEVEN RATCHET,43,1.77964169670188,-0.4574829668827721
1014,2026-05-04,2026-05-04,DABUR,Dabur India Ltd.,Mid-Cap Equities,445.89,446.78177999999997,4485,1999816.65,3999.6332999998704,3246.4491230331446,0.16233733842715756,True,753.1841769667257,1 Day,BREAKEVEN RATCHET,62,1.1235941367791134,-0.6481419184103672
1018,2026-05-07,2026-05-07,HONAUT,Honeywell Automation India Ltd.,Mid-Cap Equities,30370.62,30543.79,65,1974090.3,11256.050000000047,10509.856151417147,0.5323898380645073,True,746.1938485829,1 Day,BREAKEVEN RATCHET,50,1.9735520710476147,-0.380696870857424
1015,2026-05-06,2026-05-11,GODREJPROP,Godrej Properties Ltd.,Mid-Cap Equities,1822.7381755371093,1843.306,1097,1999543.778564209,22562.903435791144,18079.703098857906,0.904191410694704,True,4483.20033693324,4 Days,SL HIT (Trailing Stop),27,3.6901528352019355,-2.1252737259257923
1016,2026-05-07,2026-05-11,HEROMOTOCO,Hero MotoCorp Ltd.,Mid-Cap Equities,5245.47,5254.47,381,1998524.07,3429.0,-1032.1070353736404,-0.05164346283673433,False,4461.10703537364,3 Days,SL HIT (Trailing Stop),15,4.061218537137753,-1.896302905173421
1017,2026-05-07,2026-05-11,ENDURANCE,Endurance Technologies Ltd.,Mid-Cap Equities,2379.75,2501.1875512695315,840,1998990.0,102007.54306640662,97443.25087460509,4.874624228965882,True,4564.292191801531,3 Days,SL HIT (Trailing Stop),3,13.163147389431662,-0.6198130055678117
1019,2026-05-08,2026-05-13,HEXT,Hexaware Technologies Ltd.,Mid-Cap Equities,468.53520611572264,484.32938781738284,4268,1999708.2597019041,67409.56750268582,62879.53033499977,3.144435195980698,True,4530.037167686055,4 Days,SL HIT (Trailing Stop),4,8.20958454822646,-1.5869031644060945
1020,2026-05-14,2026-05-18,TATACOMM,Tata Communications Ltd.,Mid-Cap Equities,1577.148,1664.165,1268,1999823.6639999999,110337.55599999987,105762.77925399208,5.2886052484471495,True,4574.776746007784,3 Days,SL HIT (Trailing Stop),3,8.803993030457516,-0.21227882049591487
1023,2026-05-19,2026-05-19,AWL,AWL Agri Business Ltd.,Mid-Cap Equities,200.59038244628906,201.76565817260743,9970,1999886.1129895018,11717.498991394183,10962.081278232496,0.5481352766556282,True,755.4177131616866,1 Day,BREAKEVEN RATCHET,45,1.4006710670426252,-0.5336139054995456
1021,2026-05-14,2026-05-20,INDUSTOWER,Indus Towers Ltd.,Mid-Cap Equities,416.7819122314453,426.3955,4798,1999719.6148864746,46125.99411352561,41617.98630160565,2.081191082579261,True,4508.007811919958,5 Days,SL HIT (Trailing Stop),35,5.426838593820483,-0.427540682345103
1025,2026-05-21,2026-05-21,BALKRISIND,Balkrishna Industries Ltd.,Mid-Cap Equities,2181.354,2200.9891025390625,916,1998120.2639999997,17985.753925781464,17229.164452090976,0.8622686413079178,True,756.5894736904885,1 Day,BREAKEVEN RATCHET,19,1.7716519189457645,-0.5205024035530141
1022,2026-05-19,2026-05-22,KPRMILL,K.P.R. Mill Ltd.,Mid-Cap Equities,925.1966755371094,944.2577243652344,2161,1999350.0158356933,41190.926517578075,36688.8539671624,1.8350390715268081,True,4502.0725504156735,4 Days,SL HIT (Trailing Stop),3,5.485680830020033,-0.8535144962076677
1024,2026-05-20,2026-05-25,GVT&D,GE Vernova T&D India Ltd.,Mid-Cap Equities,4458.9,4754.472,448,1997587.1999999997,132416.25600000005,127823.5711648958,6.3988981890200245,True,4592.684835104256,4 Days,SL HIT (Trailing Stop),2,11.292020506038494,-1.000251077900371
1028,2026-05-22,2026-05-25,LENSKART,Lenskart Solutions Ltd.,Mid-Cap Equities,503.004,503.00198798400004,3976,1999943.904,-7.999775615986437,-4468.700815373107,-0.22344130785045793,False,4460.70103975712,2 Days,SL HIT (Trailing Stop),9,3.120454749272616,-0.5972119506007942
1029,2026-05-25,2026-05-25,PATANJALI,Patanjali Foods Ltd.,Mid-Cap Equities,470.2887061157227,467.5131121826172,4252,1999667.5784040529,-11801.82540356461,-12550.434251630315,-0.6276260308049249,False,748.6088480657046,1 Day,INTRADAY CLOSE,64,0.023663715354949513,-1.4435188486223602
1026,2026-05-21,2026-05-26,GMRAIRPORT,GMR Airports Ltd.,Mid-Cap Equities,95.19,96.0575,21010,1999941.9,18226.17500000028,13746.583688045928,0.687349151895159,True,4479.59131195435,4 Days,SL HIT (Trailing Stop),14,2.4267254963756724,-0.3992041615781571
1027,2026-05-22,2026-05-26,3MINDIA,3M India Ltd.,Mid-Cap Equities,32565.0,33118.63,61,1986465.0,33771.429999999935,29305.682053996752,1.4752679787460012,True,4465.747946003181,3 Days,SL HIT (Trailing Stop),6,6.0801473975126665,-0.6602180254874866
1031,2026-06-09,2026-06-09,THERMAX,Thermax Ltd.,Mid-Cap Equities,4769.820404296875,4730.420102539062,419,1998554.7494003905,-16508.726436523488,-17255.595828326135,-0.8634037087802165,False,746.8693918026461,1 Day,INTRADAY CLOSE,88,0.5656271746902908,-1.488957520190822
1033,2026-06-09,2026-06-09,TIINDIA,Tube Investments of India Ltd.,Mid-Cap Equities,3078.7452978515626,3099.289,649,1998105.6983056641,13332.862694336101,12577.610132799324,0.6294767160448406,True,755.252561536777,1 Day,BREAKEVEN RATCHET,62,2.967273709469811,-0.6056103506946064
1030,2026-06-09,2026-06-10,GVT&D,GE Vernova T&D India Ltd.,Mid-Cap Equities,4809.6,4809.5807616,415,1995984.0000000002,-7.983936000149697,-4459.884295606084,-0.22344288809960822,False,4451.900359605935,2 Days,SL HIT (Trailing Stop),7,4.249833666001323,-0.5842481703260222
1032,2026-06-09,2026-06-11,JSWINFRA,JSW Infrastructure Ltd.,Mid-Cap Equities,271.542,276.6955,7365,1999906.8299999998,37955.527500000084,33455.57006141371,1.672856433087621,True,4499.957438586375,3 Days,SL HIT (Trailing Stop),5,6.208245463495299,-0.43897220190038677
1035,2026-06-12,2026-06-12,POLYCAB,Polycab India Ltd.,Mid-Cap Equities,9498.96,9534.892,210,1994781.5999999999,7545.720000000205,6793.295454264285,0.34055334449968283,True,752.42454573592,1 Day,INTRADAY CLOSE,81,0.8110361555370365,-1.220765220613616
1038,2026-06-15,2026-06-15,HUDCO,Housing & Urban Development Corporation Ltd.,Mid-Cap Equities,208.81679388427733,209.2344274720459,9577,1999838.435029724,3999.6768700596876,3246.4850024447815,0.1623373641379449,True,753.191867614906,1 Day,BREAKEVEN RATCHET,56,1.8596220120671236,-0.39115334982586897
1039,2026-06-15,2026-06-15,GICRE,General Insurance Corporation of India,Mid-Cap Equities,383.766,386.4755,5211,1999804.6260000002,14119.204499999993,13363.128076529823,0.6682216803977842,True,756.076423470169,1 Day,BREAKEVEN RATCHET,51,2.6667292047758218,-0.4992609810364635
1037,2026-06-12,2026-06-16,SUZLON,Suzlon Energy Ltd.,Mid-Cap Equities,54.108,55.09957908630371,36963,1999994.004,36651.73776704422,32152.93760924702,1.6076517002021482,True,4498.800157797202,3 Days,SL HIT (Trailing Stop),40,9.484737337300954,-0.6246757267618931
1034,2026-06-12,2026-06-17,JSWINFRA,JSW Infrastructure Ltd.,Mid-Cap Equities,279.3575877685547,291.5656939086914,7159,1999920.9708350832,87397.83185723866,82846.6095900502,4.142494168429912,True,4551.222267188472,4 Days,SL HIT (Trailing Stop),7,7.854592459680432,-0.1996007984032011
1042,2026-06-17,2026-06-17,MEDANTA,Global Health Ltd.,Mid-Cap Equities,1244.3838244628905,1251.8912243652344,1607,1999724.805911865,12064.391643066658,11308.931493210981,0.5655243891448434,True,755.4601498556771,1 Day,BREAKEVEN RATCHET,32,2.211230924915688,-0.665698855457925
1036,2026-06-12,2026-06-18,THERMAX,Thermax Ltd.,Mid-Cap Equities,4635.853297851562,4700.58,431,1998052.7713740233,27897.208625976695,23411.794435225293,1.1717305353814775,True,4485.414190751402,5 Days,SL HIT (Trailing Stop),39,5.460627976855004,-0.19960079840318873
1040,2026-06-16,2026-06-18,AWL,AWL Agri Business Ltd.,Mid-Cap Equities,192.3739855041504,192.42437756347655,10396,1999919.9533011476,523.8758487547748,-3937.32310507452,-0.1968740348120142,False,4461.198953829295,3 Days,SL HIT (Trailing Stop),7,3.418347562357861,-0.4855038275037437
1044,2026-06-22,2026-06-22,POLICYBZR,PB Fintech Ltd.,Mid-Cap Equities,1661.2158244628906,1665.4624487304689,1203,1998442.6368288575,5108.688993896591,4355.671650045019,0.21795329872248068,True,753.0173438515714,1 Day,BREAKEVEN RATCHET,23,3.0149137533906987,-0.9641055096615109
1045,2026-06-22,2026-06-22,MPHASIS,MphasiS Ltd.,Mid-Cap Equities,2294.58,2275.5398974609375,871,1998579.18,-16583.929311523447,-17330.785788921687,-0.8671553252607027,False,746.8564773982398,1 Day,INTRADAY CLOSE,65,0.5499895916409571,-1.0189249809605647
1046,2026-06-22,2026-06-22,COFORGE,Coforge Ltd.,Mid-Cap Equities,1477.95,1480.9322243652343,1353,1999666.35,4034.9495661619585,3281.8082542972343,0.1641177916654563,True,753.1413118647242,1 Day,BREAKEVEN RATCHET,33,1.830237829425891,-0.23343144220034812
1047,2026-06-22,2026-06-22,ICICIPRULI,ICICI Prudential Life Insurance Company Ltd.,Mid-Cap Equities,504.00600000000003,505.2873878173828,3968,1999895.8080000002,5084.5468593747355,4331.024252544148,0.21656249466692956,True,753.5226068305875,1 Day,BREAKEVEN RATCHET,40,1.3083189691225097,-0.3980111347880836
1041,2026-06-17,2026-06-23,GVT&D,GE Vernova T&D India Ltd.,Mid-Cap Equities,4909.8,5399.18,407,1998288.6,199177.66000000015,194514.2364344418,9.734041240811852,True,4663.423565558362,5 Days,SL HIT (Trailing Stop),2,15.07597050796366,-0.23015194101593103
1043,2026-06-18,2026-06-23,ICICIAMC,ICICI Prudential Asset Management Company Ltd.,Mid-Cap Equities,3284.4557021484375,3396.7928974609376,608,1996949.06690625,68301.01475000009,63776.18601504582,3.1936811545148887,True,4524.8287349542625,4 Days,SL HIT (Trailing Stop),5,8.632915879062999,-0.3883672709672607
1048,2026-06-23,2026-06-23,PAGEIND,Page Industries Ltd.,Mid-Cap Equities,39739.32,39895.05,50,1986966.0,7786.500000000233,7036.761160619233,0.3541460276934398,True,749.7388393810002,1 Day,BREAKEVEN RATCHET,8,1.2850748326846062,-0.7532086608427112
1049,2026-06-25,2026-06-29,UNOMINDA,UNO Minda Ltd.,Mid-Cap Equities,1110.216,1134.227,1801,1999499.0159999998,43243.81100000022,38739.280051595706,1.9374493181343835,True,4504.530948404517,3 Days,SL HIT (Trailing Stop),5,3.934732017378835,-2.1271558340054906
1050,2026-06-30,2026-06-30,HINDPETRO,Hindustan Petroleum Corporation Ltd.,Mid-Cap Equities,393.93629388427735,393.66111218261716,5076,1999620.627756592,-1396.8223176272586,-2148.39280025664,-0.10744001989352141,False,751.5704826293812,1 Day,INTRADAY CLOSE,42,0.5111786738150743,-1.1007586373941847
1052,2026-07-01,2026-07-01,3MINDIA,3M India Ltd.,Mid-Cap Equities,33166.2,33368.13,60,1989971.9999999998,12115.800000000047,11363.762531685246,0.5710513781945298,True,752.0374683148,1 Day,BREAKEVEN RATCHET,30,1.6396210599948229,-0.38050786644233314
1051,2026-06-30,2026-07-02,SUZLON,Suzlon Energy Ltd.,Mid-Cap Equities,57.5749190826416,58.013741065979005,34737,1999979.9641737211,15243.359235191485,10766.774198686824,0.5383441030188044,True,4476.585036504662,3 Days,SL HIT (Trailing Stop),10,3.0136078665762813,-0.4601269329972099
1053,2026-07-03,2026-07-03,JSL,Jindal Stainless Ltd.,Mid-Cap Equities,699.9470877685546,701.3469819440918,2857,1999748.8297547605,3999.4976595097687,3246.337424747953,0.16233725838189728,True,753.1602347618158,1 Day,BREAKEVEN RATCHET,37,1.650540795630178,-1.206818046130333
1054,2026-07-03,2026-07-03,COFORGE,Coforge Ltd.,Mid-Cap Equities,1463.3208244628906,1466.2474661118165,1366,1998896.2462163086,3997.7924924327526,3244.9332405073833,0.1623362516513644,True,752.8592519253694,1 Day,BREAKEVEN RATCHET,26,2.0145428037665396,-0.835144875454006
1055,2026-07-03,2026-07-03,MPHASIS,MphasiS Ltd.,Mid-Cap Equities,2275.542,2292.0068974609376,878,1997925.876,14456.17997070332,13700.669265287073,0.6857446229545242,True,755.5107054162465,1 Day,BREAKEVEN RATCHET,17,2.4371336587063688,-0.3314375212586679
1056,2026-07-06,2026-07-08,ABBOTINDIA,Abbott India Ltd.,Mid-Cap Equities,26122.14,26511.87,76,1985282.64,29619.47999999998,25160.66215088422,1.2673591983297765,True,4458.81784911576,3 Days,SL HIT (Trailing Stop),4,3.3605975620680413,-0.3718684610066381
1058,2026-07-09,2026-07-09,NIACL,The New India Assurance Company Ltd.,Mid-Cap Equities,182.1034855041504,183.25275512695313,10982,1999860.4778065798,12621.278997619404,11865.611634293145,0.5933219725061615,True,755.6673633262571,1 Day,BREAKEVEN RATCHET,35,1.590587070769486,-0.9519259788816015
1062,2026-07-10,2026-07-10,AWL,AWL Agri Business Ltd.,Mid-Cap Equities,188.1255,189.62,10631,1999962.1904999998,15888.029500000179,15131.391258902406,0.7565838659739607,True,756.6382410977731,1 Day,BREAKEVEN RATCHET,41,2.3412555869868186,-0.8693635402090231
1063,2026-07-10,2026-07-10,JUBLFOOD,Jubilant Foodworks Ltd.,Mid-Cap Equities,435.01829388427734,437.1738878173828,4597,1999779.096986023,9909.265310485847,9154.402878822171,0.45777070540537573,True,754.8624316636768,1 Day,BREAKEVEN RATCHET,47,1.3520580846587733,-0.7742892736113287
1064,2026-07-10,2026-07-10,TATAINVEST,Tata Investment Corporation Ltd.,Mid-Cap Equities,691.1795877685547,692.5619469440918,2893,1999582.5474144288,3999.165094828699,3246.063561798956,0.16233706210310228,True,753.1015330297427,1 Day,BREAKEVEN RATCHET,72,1.1748610879309127,-0.23577084804356835
1065,2026-07-10,2026-07-10,JSL,Jindal Stainless Ltd.,Mid-Cap Equities,715.929,717.360858,2793,1999589.697,3999.179393999977,3246.075336991706,0.16233707054311283,True,753.1040570082711,1 Day,BREAKEVEN RATCHET,90,1.3159092013226907,-0.5487974366173145
1060,2026-07-09,2026-07-13,UNOMINDA,UNO Minda Ltd.,Mid-Cap Equities,1140.276,1155.185,1753,1998903.8280000002,26135.476999999722,21649.996928863664,1.0830934748134198,True,4485.480071136059,3 Days,SL HIT (Trailing Stop),44,3.4749503115090055,-0.24344983144432286
1061,2026-07-10,2026-07-13,BALKRISIND,Balkrishna Industries Ltd.,Mid-Cap Equities,2224.44,2224.4311022399997,899,1999771.56,-7.999086240306497,-4468.317100444288,-0.2234413764962378,False,4460.318014203982,2 Days,SL HIT (Trailing Stop),42,2.272931614248977,-1.5032997068925236
1059,2026-07-09,2026-07-14,PREMIERENE,Premier Energies Ltd.,Mid-Cap Equities,1057.11,1095.9037756347657,1891,1998995.0099999998,73359.02972534206,68824.41273344136,3.442950702185163,True,4534.616991900692,4 Days,SL HIT (Trailing Stop),5,7.273604449868047,-0.8617835419208882
1057,2026-07-09,2026-07-15,KALYANKJIL,Kalyan Jewellers India Ltd.,Mid-Cap Equities,380.76,547.0037756347656,5252,1999751.52,873112.3096337887,867747.286192499,43.392755425559024,True,5365.0234412896225,5 Days,TIME EXIT (Swing Max),1,44.71057884231537,-0.7642593487982893
1068,2026-07-15,2026-07-15,ICICIGI,ICICI Lombard General Insurance Company Ltd.,Mid-Cap Equities,1803.6,1810.9707756347657,1108,1998388.7999999998,8166.819403320551,7412.945717932416,0.3709461200909661,True,753.8736853881348,1 Day,BREAKEVEN RATCHET,30,1.0146387455124524,-0.7041459074039371
1066,2026-07-14,2026-07-16,CONCOR,Container Corporation of India Ltd.,Mid-Cap Equities,469.0362061157227,487.7725,4264,1999970.3828774416,79891.55712255836,75348.00323652074,3.7674559524283753,True,4543.553886037616,3 Days,SL HIT (Trailing Stop),2,5.940647527301341,-0.19960079840319814
1067,2026-07-15,2026-07-17,HONAUT,Honeywell Automation India Ltd.,Mid-Cap Equities,38526.9,38877.09,51,1964871.9000000001,17859.68999999971,13458.419840970972,0.6849515147003207,True,4401.270159028741,3 Days,SL HIT (Trailing Stop),9,3.3044444271405133,-1.0431672415896462
1070,2026-07-29,2026-07-29,POLICYBZR,PB Fintech Ltd.,Mid-Cap Equities,1594.7831755371094,1607.9775512695312,1254,1999858.1021235352,16545.747168456903,15788.95735761822,0.7895038823430937,True,756.7898108386831,1 Day,BREAKEVEN RATCHET,41,1.6376426135895978,-0.1996007984031952
1071,2026-07-29,2026-07-29,JSL,Jindal Stainless Ltd.,Mid-Cap Equities,734.466,727.043,2723,1999950.918,-20212.829000000143,-20959.130263757725,-1.0479822317198348,False,746.3012637575821,1 Day,INTRADAY CLOSE,83,0.6717839102235491,-1.2003245331897607
1073,2026-07-29,2026-07-29,AWL,AWL Agri Business Ltd.,Mid-Cap Equities,187.9651763305664,189.53018365478516,10640,1999949.4761572266,16651.677929687547,15894.825593749876,0.7947613568864127,True,756.8523359376695,1 Day,BREAKEVEN RATCHET,37,1.6677715703232843,-0.6996947305649196
1069,2026-07-27,2026-07-31,JUBLFOOD,Jubilant Foodworks Ltd.,Mid-Cap Equities,421.6415877685547,432.7826939086914,4743,1999846.050786255,52842.26642266824,48327.01803704013,2.4165369138309414,True,4515.248385628111,5 Days,SL HIT (Trailing Stop),33,5.041819105282074,-0.28260389773921535
1072,2026-07-29,2026-07-31,SWIGGY,Swiggy Ltd.,Mid-Cap Equities,272.544,280.6675509643555,7338,1999927.872,59610.61697644065,55088.17320627148,2.754507998890046,True,4522.443770169174,3 Days,SL HIT (Trailing Stop),1,9.652021729891556,-0.20327351386381012
1074,2026-07-31,2026-07-31,BHEL,Bharat Heavy Electricals Ltd.,Mid-Cap Equities,406.812,407.625624,4916,1999887.7920000001,3999.77558399993,3246.56629216764,0.1623374223871276,True,753.20929183229,1 Day,BREAKEVEN RATCHET,46,1.3613182756446744,-0.21188848730341334
1076,2026-07-31,2026-07-31,POLICYBZR,PB Fintech Ltd.,Mid-Cap Equities,1609.212,1598.297,1242,1998641.304,-13556.429999999935,-14304.174922144162,-0.7156949520414876,False,747.744922144228,1 Day,INTRADAY CLOSE,67,0.26646582302394034,-0.9453073926866062
1077,2026-08-03,2026-08-03,GODREJIND,Godrej Industries Ltd.,Mid-Cap Equities,1328.652,1334.4257756347656,1505,1999621.26,8689.532330322312,7935.0746479120135,0.3968288798805837,True,754.4576824102988,1 Day,BREAKEVEN RATCHET,62,1.8250094391957004,-0.711401392398088
1079,2026-08-03,2026-08-03,HONAUT,Honeywell Automation India Ltd.,Mid-Cap Equities,38431.71,38508.57342,52,1998448.92,3996.8978400002234,3244.1965051672314,0.16233572310505848,True,752.7013348329917,1 Day,BREAKEVEN RATCHET,80,1.335589803316066,-0.45980259530476036
1080,2026-08-03,2026-08-03,APOLLOTYRE,Apollo Tyres Ltd.,Mid-Cap Equities,433.1145,435.7268060913086,4617,1999689.6465,12061.017223571893,11305.570431567841,0.5653662532761351,True,755.446792004052,1 Day,BREAKEVEN RATCHET,49,1.2088041622978691,-0.4997495565188353
1081,2026-08-03,2026-08-03,BAJAJHFL,Bajaj Housing Finance Ltd.,Mid-Cap Equities,87.02369847106934,86.67629847717285,22982,1999978.6382621154,-7983.946659728885,-8733.757917625016,-0.43669256013725377,False,749.8112578961316,1 Day,INTRADAY CLOSE,89,0.3060114073944319,-0.8201224781464036
1082,2026-08-03,2026-08-03,AJANTPHARM,Ajanta Pharmaceuticals Ltd.,Mid-Cap Equities,3492.471,3506.8721025390623,572,1997693.412,8237.430652343668,7483.7818470715465,0.37462114066738217,True,753.6488052721218,1 Day,BREAKEVEN RATCHET,64,1.3608989165550693,-0.4658893038231385
1083,2026-08-04,2026-08-04,NHPC,NHPC Ltd.,Mid-Cap Equities,79.85939694213867,80.339,25044,1999998.737018921,12011.178981079021,11255.637514504191,0.5627822311168643,True,755.541466574831,1 Day,BREAKEVEN RATCHET,17,1.9291462779971438,-0.5752553035087621
1084,2026-08-04,2026-08-04,POLYCAB,Polycab India Ltd.,Mid-Cap Equities,9102.168,9157.648,219,1993374.792,12150.119999999879,11396.873387562775,0.5717376096708849,True,753.246612437104,1 Day,BREAKEVEN RATCHET,18,1.2396167594357779,-0.35341030840124754
1085,2026-08-05,2026-08-05,POLICYBZR,PB Fintech Ltd.,Mid-Cap Equities,1621.236,1624.478472,1233,1998983.9880000001,3997.967975999927,3245.0777490794526,0.16233635529648135,True,752.8902269204746,1 Day,BREAKEVEN RATCHET,41,1.1512219327761286,-1.1248208157233188
1075,2026-07-31,2026-08-06,APARINDS,Apar Industries Ltd.,Mid-Cap Equities,13962.87,16093.748,143,1996690.4100000001,304715.554,299946.3212252555,15.02217468081371,True,4769.232774744523,5 Days,TIME EXIT (Swing Max),4,16.85276737518862,-0.529045962613709
1078,2026-08-03,2026-08-06,ABCAPITAL,Aditya Birla Capital Ltd.,Mid-Cap Equities,410.82,418.661,4868,1999871.76,38169.987999999896,33669.886273259086,1.6836022662402657,True,4500.101726740809,4 Days,SL HIT (Trailing Stop),10,4.839105254620335,-0.19960079840319195
1086,2026-08-07,2026-08-11,TATAINVEST,Tata Investment Corporation Ltd.,Mid-Cap Equities,673.6445877685547,684.4782756347656,2968,1999377.1364970705,32154.385586913908,27661.616660792533,1.383511702512312,True,4492.768926121374,3 Days,SL HIT (Trailing Stop),3,5.90896522605961,-0.6746305492739509
1087,2026-08-11,2026-08-11,KPRMILL,K.P.R. Mill Ltd.,Mid-Cap Equities,1102.2,1104.4044000000001,1814,1999390.8,3998.781600000104,3245.747758496262,0.16233683572497493,True,753.0338415038417,1 Day,BREAKEVEN RATCHET,22,4.590822793333783,-1.1976047904191658
1088,2026-08-17,2026-08-18,BHEL,Bharat Heavy Electricals Ltd.,Mid-Cap Equities,424.848,424.846300608,4707,1999759.536,-7.999038144247606,-4468.29032963522,-0.22344138128591573,False,4460.291291490972,2 Days,SL HIT (Trailing Stop),5,2.613172759912071,-0.7174359316817458
1089,2026-08-20,2026-08-24,GLENMARK,Glenmark Pharmaceuticals Ltd.,Mid-Cap Equities,2268.528,2298.394,881,1998573.1679999998,26311.945999999996,21827.017943076266,1.0921300401985716,True,4484.928056923732,3 Days,SL HIT (Trailing Stop),2,5.5750689433853235,-0.7241657296603699
1090,2026-08-26,2026-08-28,MAHABANK,Bank of Maharashtra,Mid-Cap Equities,82.65497785949707,83.8819030456543,24196,1999919.844288391,29686.68180426024,25195.263834942514,1.2598136823782284,True,4491.417969317725,3 Days,SL HIT (Trailing Stop),3,5.256818467592984,-0.7924239730732795
1091,2026-08-28,2026-08-28,NIACL,The New India Assurance Company Ltd.,Mid-Cap Equities,187.374,187.748748,10673,1999842.702,3999.6854040001053,3246.492030040356,0.16233736917376593,True,753.1933739597494,1 Day,BREAKEVEN RATCHET,36,2.420828750045033,-1.000138759913326
1092,2026-09-01,2026-09-02,PERSISTENT,Persistent Systems Ltd.,Mid-Cap Equities,5632.743,5632.7204690280005,355,1999623.7650000001,-7.998495060019195,-4467.988042583258,-0.22344143537338176,False,4459.989547523239,2 Days,SL HIT (Trailing Stop),2,3.9014206755039167,-0.5280375831100476
1094,2026-09-03,2026-09-07,APARINDS,Apar Industries Ltd.,Mid-Cap Equities,16974.882,17330.27,117,1986061.1940000001,41580.39599999995,37107.45363984676,1.8683942746553033,True,4472.942360153185,3 Days,SL HIT (Trailing Stop),1,5.4204677240171595,-0.20549185555458604
1095,2026-09-07,2026-09-07,BSE,BSE Ltd.,Mid-Cap Equities,3436.86,3443.73372,581,1996815.6600000001,3993.6313199999277,3241.506565883409,0.1623337912866433,True,752.1247541165183,1 Day,BREAKEVEN RATCHET,17,1.0951857218507552,-0.4905640613816136
1093,2026-09-03,2026-09-09,GVT&D,GE Vernova T&D India Ltd.,Mid-Cap Equities,4284.552,4663.6539999999995,466,1996601.2319999998,176661.53200000012,172025.19032608104,8.61590124101862,True,4636.341673919096,5 Days,TIME EXIT (Swing Max),8,12.613874216020726,-0.9931493421015706
1096,2026-09-18,2026-09-18,ICICIPRULI,ICICI Prudential Life Insurance Company Ltd.,Mid-Cap Equities,494.988,495.977976,4040,1999751.52,3999.503040000098,3246.3418555159305,0.1623372615571724,True,753.161184484167,1 Day,BREAKEVEN RATCHET,111,1.3054886597313975,-0.7854723541751265
1097,2026-09-18,2026-09-18,INDUSTOWER,Indus Towers Ltd.,Mid-Cap Equities,381.66179388427736,375.1481939086914,5240,1999907.7999536134,-34131.26387207047,-34873.56612084668,-1.7437586933585412,False,742.3022487762037,1 Day,INTRADAY CLOSE,114,0.2196201268122719,-1.5096611922177368
1098,2026-09-18,2026-09-18,GVT&D,GE Vernova T&D India Ltd.,Mid-Cap Equities,4398.579404296875,4376.23,454,1996955.049550781,-10146.629550781334,-10894.756122715804,-0.5455684205393907,False,748.1265719344701,1 Day,INTRADAY CLOSE,103,0.8029978499961054,-0.933924354230028
1100,2026-09-18,2026-09-18,AJANTPHARM,Ajanta Pharmaceuticals Ltd.,Mid-Cap Equities,3542.07,3556.4728974609375,564,1997727.48,8123.234167968854,7369.606041364933,0.3688994677775035,True,753.628126603921,1 Day,BREAKEVEN RATCHET,89,2.482446704892897,-0.2984130748404228
