trade_id,entry_date,exit_date,symbol,company_name,sector,entry_price,exit_price,shares,capital_allocated,gross_pnl_inr,net_pnl_inr,return_pct,is_win,total_charges_inr,mfe_pct,mae_pct,highest_price_reached,lowest_price_reached,holding_period,sl_or_tp_hit,trade_type,actual_rank,pred_rank,selection_reason
1,2021-09-23,2021-09-23,SJVN,SJVN Ltd.,Mid-Cap Equities,27.054,26.946,36963,999997.002,-3992.003999999957,-4390.512328011957,-0.4390525490807378,False,398.50832801199994,0.5396642379664915,-0.7540460506035039,27.200000762939453,26.850000381469727,1 Day (Intraday),INTRADAY SQUARE OFF,INTRADAY,65,Rank #1,"Point-in-Time Execution: Coiling proximity to 20-DMA (+0.32%), RSI-14 (48.0), clean gap (+0.56%) holding above prev_close. PIT-Score: nan (Rank #1)."
2,2021-09-30,2021-09-30,JSL,Jindal Stainless Ltd.,Mid-Cap Equities,161.72279388427734,162.0462394720459,6180,999446.866204834,1998.8937324096914,1598.8645501646126,0.15997494256357292,True,400.02918224507886,1.9027677506501706,-0.8797713657714936,164.8000030517578,160.3000030517578,1 Day (Intraday),BREAKEVEN RATCHET / INTRADAY CLOSE,INTRADAY,39,Rank #1,"Point-in-Time Execution: Coiling proximity to 20-DMA (+0.68%), RSI-14 (52.5), clean gap (+0.72%) holding above prev_close. PIT-Score: nan (Rank #1)."
4,2021-10-04,2021-10-04,RVNL,Rail Vikas Nigam Ltd.,Mid-Cap Equities,30.210299617767333,30.139600761413575,33092,999719.2349511565,-2339.5665544584626,-2738.449953478851,-0.2739219030443727,False,398.88339902038854,0.9589457433328057,-0.19960079840319134,30.5,30.149999618530273,1 Day (Intraday),INTRADAY SQUARE OFF,INTRADAY,73,Rank #2,"Point-in-Time Execution: Coiling proximity to 20-DMA (-0.91%), RSI-14 (51.2), clean gap (+0.50%) holding above prev_close. PIT-Score: nan (Rank #2)."
3,2021-10-04,2021-10-05,JUBLFOOD,Jubilant Foodworks Ltd.,Mid-Cap Equities,815.3474106445312,815.3441492548886,1226,999615.9254501953,-3.998463701806031,-2241.522733138396,-0.2242383975754373,False,2237.5242694365897,1.9933300491576502,-0.49272169166659174,831.5999755859375,811.3300170898438,2 Days (Swing),SL HIT (Trailing Stop Triggered),SWING,22,Rank #1,"Point-in-Time Execution: Coiling proximity to 20-DMA (-1.28%), RSI-14 (53.3), clean gap (+0.56%) holding above prev_close. PIT-Score: nan (Rank #1)."
5,2021-10-05,2021-10-11,APARINDS,Apar Industries Ltd.,Mid-Cap Equities,648.7449122314454,709.5281121826172,1540,999067.1648364259,93606.12792480446,91272.82200266441,9.135804399858163,True,2333.3059221400526,12.509556630428623,-0.5695496594751593,729.9000244140625,645.0499877929688,5 Days (Swing),TP REACHED (Peak > +5%),SWING,8,Rank #1,"Point-in-Time Execution: Coiling proximity to 20-DMA (-1.13%), RSI-14 (50.8), clean gap (+0.42%) holding above prev_close. PIT-Score: nan (Rank #1)."
7,2021-10-11,2021-10-11,SJVN,SJVN Ltd.,Mid-Cap Equities,28.206299617767336,28.26271221700287,35749,1008347.0050355644,2016.6940100712236,1613.5228611927023,0.16001662653183496,True,403.17114887852136,1.5730528526451883,-0.7313955412903081,28.649999618530273,28.0,1 Day (Intraday),BREAKEVEN RATCHET / INTRADAY CLOSE,INTRADAY,45,Rank #1,"Point-in-Time Execution: Coiling proximity to 20-DMA (+1.37%), RSI-14 (57.4), clean gap (+0.72%) holding above prev_close. PIT-Score: nan (Rank #1)."
9,2021-10-13,2021-10-13,HONAUT,Honeywell Automation India Ltd.,Mid-Cap Equities,45090.0,45180.18,22,991980.0,1983.9599999999627,1586.5668041050028,0.15993939435321305,True,397.39319589496,1.1310711909514306,-0.3637170104235973,45600.0,44926.0,1 Day (Intraday),BREAKEVEN RATCHET / INTRADAY CLOSE,INTRADAY,50,Rank #2,"Point-in-Time Execution: Coiling proximity to 20-DMA (+0.41%), RSI-14 (54.7), clean gap (+0.55%) holding above prev_close. PIT-Score: nan (Rank #2)."
10,2021-10-13,2021-10-13,RVNL,Rail Vikas Nigam Ltd.,Mid-Cap Equities,30.360599235534668,30.139600761413575,33222,1008639.8278029327,-7342.011307250941,-7742.606957311311,-0.7676285175231109,False,400.59565006036996,0.788525760238812,-0.6936609365664441,30.600000381469727,30.149999618530273,1 Day (Intraday),INTRADAY SQUARE OFF,INTRADAY,66,Rank #3,"Point-in-Time Execution: Coiling proximity to 20-DMA (-0.66%), RSI-14 (49.5), clean gap (+0.50%) holding above prev_close. PIT-Score: nan (Rank #3)."
6,2021-10-08,2021-10-14,POLYCAB,Polycab India Ltd.,Mid-Cap Equities,2451.0923510742186,2558.0236025390627,407,997594.586887207,43521.01934619155,41242.885649581876,4.1342331034766335,True,2278.1336966096733,8.033465113604732,-0.39746578351888656,2648.0,2441.35009765625,5 Days (Swing),TP REACHED (Peak > +5%),SWING,6,Rank #1,"Point-in-Time Execution: Coiling proximity to 20-DMA (+0.19%), RSI-14 (59.9), clean gap (+1.10%) holding above prev_close. PIT-Score: nan (Rank #1)."
8,2021-10-13,2021-10-18,GVT&D,GE Vernova T&D India Ltd.,Mid-Cap Equities,132.765,132.78390304565428,7596,1008482.94,143.58753479004372,-2113.7961813156617,-0.20960158050027716,False,2257.3837161057054,2.4366361616389964,-1.3294166384212607,136.0,131.0,3 Days (Swing),SL HIT (Trailing Stop Triggered),SWING,21,Rank #1,"Point-in-Time Execution: Coiling proximity to 20-DMA (+1.53%), RSI-14 (51.6), clean gap (+0.80%) holding above prev_close. PIT-Score: nan (Rank #1)."
11,2021-10-18,2021-10-18,GODREJIND,Godrej Industries Ltd.,Mid-Cap Equities,574.146,576.9437756347656,1762,1011645.252,4929.680668457062,4524.513273320148,0.4472430690872405,True,405.1673951369138,1.1066871492616934,-0.6698665856822495,580.5,570.2999877929688,1 Day (Intraday),BREAKEVEN RATCHET / INTRADAY CLOSE,INTRADAY,34,Rank #1,"Point-in-Time Execution: Coiling proximity to 20-DMA (-0.28%), RSI-14 (54.8), clean gap (+0.64%) holding above prev_close. PIT-Score: nan (Rank #1)."
12,2021-10-18,2021-10-20,RVNL,Rail Vikas Nigam Ltd.,Mid-Cap Equities,31.01190076446533,32.13560076141358,32641,1012259.4528529128,36678.6916003878,34375.056140993634,3.3958740562127927,True,2303.635459394165,13.5048155554303,-0.360832916321202,35.20000076293945,30.899999618530273,3 Days (Swing),SL HIT (Trailing Stop Triggered),SWING,4,Rank #2,"Point-in-Time Execution: Coiling proximity to 20-DMA (+0.90%), RSI-14 (55.7), clean gap (+0.98%) holding above prev_close. PIT-Score: nan (Rank #2)."
13,2021-10-26,2021-10-27,SUZLON,Suzlon Energy Ltd.,Mid-Cap Equities,6.394350202560425,6.394324625159615,158843,1015697.7692253055,-4.062791076838039,-2277.3281197174097,-0.22421316544333622,False,2273.2653286405716,2.6723393477502784,-0.9175914278142868,6.5652289390563965,6.335676193237305,2 Days (Swing),SL HIT (Trailing Stop Triggered),SWING,40,Rank #1,"Point-in-Time Execution: Coiling proximity to 20-DMA (-0.58%), RSI-14 (52.1), clean gap (+0.72%) holding above prev_close. PIT-Score: 1.04 (Rank #1)."
14,2021-10-27,2021-10-27,SJVN,SJVN Ltd.,Mid-Cap Equities,29.007900764465333,29.065916565994264,35006,1015450.5741608734,2030.9011483218055,1625.2222658455778,0.16004937189469753,True,405.6788824762277,2.0411667214806366,-0.7167065589919056,29.600000381469727,28.799999237060547,1 Day (Intraday),BREAKEVEN RATCHET / INTRADAY CLOSE,INTRADAY,43,Rank #1,"Point-in-Time Execution: Coiling proximity to 20-DMA (+0.15%), RSI-14 (52.0), clean gap (+0.52%) holding above prev_close. PIT-Score: 2.34 (Rank #1)."
15,2021-11-01,2021-11-01,BSE,BSE Ltd.,Mid-Cap Equities,148.89720611572267,149.96058618164062,6821,1015627.8429153443,7253.315429626382,6846.079277673023,0.674073611257196,True,407.2361519533591,2.0614580422618514,-1.0428466125872404,151.96665954589844,147.3444366455078,1 Day (Intraday),BREAKEVEN RATCHET / INTRADAY CLOSE,INTRADAY,47,Rank #1,"Point-in-Time Execution: Coiling proximity to 20-DMA (-0.85%), RSI-14 (51.7), clean gap (+1.00%) holding above prev_close. PIT-Score: 1.02 (Rank #1)."
16,2021-11-01,2021-11-03,BHEL,Bharat Heavy Electricals Ltd.,Mid-Cap Equities,68.93760305786132,71.357,14742,1016278.1442789916,35666.74972100847,33355.23151330293,3.282096707586595,True,2311.5182077055347,7.0533348683668855,-0.3446683654198228,73.80000305175781,68.69999694824219,3 Days (Swing),SL HIT (Trailing Stop Triggered),SWING,8,Rank #2,"Point-in-Time Execution: Coiling proximity to 20-DMA (-1.28%), RSI-14 (52.7), clean gap (+0.81%) holding above prev_close. PIT-Score: 0.85 (Rank #2)."
17,2021-11-02,2021-11-03,APARINDS,Apar Industries Ltd.,Mid-Cap Equities,685.869,685.866256524,1481,1015771.9890000001,-4.063087955932133,-2277.4933661755804,-0.2242130508459591,False,2273.4302782196482,4.232736049312984,-0.6370021097323291,714.9000244140625,681.5,2 Days (Swing),SL HIT (Trailing Stop Triggered),SWING,22,Rank #1,"Point-in-Time Execution: Coiling proximity to 20-DMA (-0.65%), RSI-14 (51.8), clean gap (+0.51%) holding above prev_close. PIT-Score: 0.93 (Rank #1)."
18,2021-11-04,2021-11-04,BSE,BSE Ltd.,Mid-Cap Equities,151.8586683654785,153.2817046813965,6712,1019275.3820690918,9551.419752441463,9142.240240810384,0.8969352543619734,True,409.1795116310779,2.8002656563800814,-0.3459401587427714,156.11111450195312,151.3333282470703,1 Day (Intraday),BREAKEVEN RATCHET / INTRADAY CLOSE,INTRADAY,11,Rank #1,"Point-in-Time Execution: Coiling proximity to 20-DMA (+0.00%), RSI-14 (54.9), clean gap (+0.87%) holding above prev_close. PIT-Score: 22.22 (Rank #1)."
19,2021-11-04,2021-11-04,TATAINVEST,Tata Investment Corporation Ltd.,Mid-Cap Equities,155.20979388427733,156.35166329956056,6573,1020193.975201355,7505.507666656631,7096.589988271567,0.6956118307668812,True,408.9176783850644,1.4175714835833715,-0.45731256160712774,157.41000366210938,154.5,1 Day (Intraday),BREAKEVEN RATCHET / INTRADAY CLOSE,INTRADAY,14,Rank #2,"Point-in-Time Execution: Coiling proximity to 20-DMA (-0.30%), RSI-14 (56.5), clean gap (+0.94%) holding above prev_close. PIT-Score: 1.57 (Rank #2)."
20,2021-11-04,2021-11-04,COCHINSHIP,Cochin Shipyard Ltd.,Mid-Cap Equities,180.66060305786132,181.76075,5651,1020913.0678799744,6216.930370025686,5808.128070313162,0.5689150480142552,True,408.8022997125237,1.0181505602245564,-0.36565972142235537,182.5,180.0,1 Day (Intraday),BREAKEVEN RATCHET / INTRADAY CLOSE,INTRADAY,21,Rank #3,"Point-in-Time Execution: Coiling proximity to 20-DMA (-0.34%), RSI-14 (49.5), clean gap (+0.57%) holding above prev_close. PIT-Score: 1.38 (Rank #3)."
21,2021-11-04,2021-11-04,THERMAX,Thermax Ltd.,Mid-Cap Equities,1377.6998510742187,1379.236,741,1020875.5896459961,1138.2863540039398,730.9509035320681,0.07160038999321516,True,407.3354504718717,0.6750489897004622,-0.8492307714990401,1387.0,1366.0,1 Day (Intraday),INTRADAY SQUARE OFF,INTRADAY,16,Rank #4,"Point-in-Time Execution: Coiling proximity to 20-DMA (-0.81%), RSI-14 (46.9), clean gap (+1.48%) holding above prev_close. PIT-Score: 1.19 (Rank #4)."
22,2021-11-04,2021-11-04,DABUR,Dabur India Ltd.,Mid-Cap Equities,617.232,611.3248878173828,1655,1021518.96,-9776.270662231487,-10180.70883987484,-0.9966245599469677,False,404.4381776433521,-0.17529479773204742,-0.8881587474401799,616.1500244140625,611.75,1 Day (Intraday),INTRADAY SQUARE OFF,INTRADAY,88,Rank #5,"Point-in-Time Execution: Coiling proximity to 20-DMA (+1.53%), RSI-14 (54.5), clean gap (+0.89%) holding above prev_close. PIT-Score: 1.04 (Rank #5)."
24,2021-11-04,2021-11-04,GVT&D,GE Vernova T&D India Ltd.,Mid-Cap Equities,128.70689694213868,128.0434030456543,7930,1020645.6927511598,-5261.506599121261,-5666.929234834954,-0.5552298192294031,False,405.42263571369176,0.1111899709937666,-0.7823201536349347,128.85000610351562,127.69999694824219,1 Day (Intraday),INTRADAY SQUARE OFF,INTRADAY,69,Rank #7,"Point-in-Time Execution: Coiling proximity to 20-DMA (-1.42%), RSI-14 (45.1), clean gap (+0.75%) holding above prev_close. PIT-Score: 0.79 (Rank #7)."
25,2021-11-08,2021-11-08,SUZLON,Suzlon Energy Ltd.,Mid-Cap Equities,6.578359396934509,6.597917494773864,155071,1020112.7700420313,3032.893790046568,2625.284910961764,0.25735242103219585,True,407.60887908480385,3.2899345474086807,-0.8974933704203221,6.794783115386963,6.5193190574646,1 Day (Intraday),BREAKEVEN RATCHET / INTRADAY CLOSE,INTRADAY,50,Rank #1,"Point-in-Time Execution: Coiling proximity to 20-DMA (+0.18%), RSI-14 (55.9), clean gap (+0.70%) holding above prev_close. PIT-Score: 2.11 (Rank #1)."
26,2021-11-09,2021-11-09,CRISIL,CRISIL Ltd.,Mid-Cap Equities,2965.92,2971.8518400000003,344,1020276.48,2040.5529600001173,1633.1704147596283,0.16007135779113799,True,407.38254524048904,1.1052203421493136,-1.1655709642792142,2998.699951171875,2931.35009765625,1 Day (Intraday),BREAKEVEN RATCHET / INTRADAY CLOSE,INTRADAY,57,Rank #1,"Point-in-Time Execution: Coiling proximity to 20-DMA (+1.53%), RSI-14 (58.6), clean gap (+0.98%) holding above prev_close. PIT-Score: 0.77 (Rank #1)."
23,2021-11-04,2021-11-11,SJVN,SJVN Ltd.,Mid-Cap Equities,28.957799617767336,30.039800380706787,35247,1020675.5631274453,38137.28089132672,35813.42960267411,3.5087966143657257,True,2323.8512886526128,6.879670318423585,-0.7175946394761228,30.950000762939453,28.75,5 Days (Swing),SL HIT (Trailing Stop Triggered),SWING,6,Rank #6,"Point-in-Time Execution: Coiling proximity to 20-DMA (-0.90%), RSI-14 (50.9), clean gap (+0.87%) holding above prev_close. PIT-Score: 0.90 (Rank #6)."
29,2021-11-12,2021-11-12,VOLTAS,Voltas Ltd.,Mid-Cap Equities,1258.011,1261.8212756347657,814,1024020.954,3101.5643666991964,2692.5583850575654,0.26293977428293575,True,409.00598164163085,1.3425180236152572,-0.3546035107701735,1274.9000244140625,1253.550048828125,1 Day (Intraday),BREAKEVEN RATCHET / INTRADAY CLOSE,INTRADAY,36,Rank #3,"Point-in-Time Execution: Coiling proximity to 20-DMA (+1.11%), RSI-14 (54.5), clean gap (+0.53%) holding above prev_close. PIT-Score: 0.74 (Rank #3)."
27,2021-11-12,2021-11-17,ESCORTS,Escorts Kubota Ltd.,Mid-Cap Equities,1538.07,1597.798,665,1022816.5499999999,39719.119999999995,37388.871327978275,3.6554816528905674,True,2330.24867202172,8.252550274044749,-0.5246835319588794,1665.0,1530.0,4 Days (Swing),SL HIT (Trailing Stop Triggered),SWING,8,Rank #1,"Point-in-Time Execution: Coiling proximity to 20-DMA (+0.05%), RSI-14 (51.8), clean gap (+0.90%) holding above prev_close. PIT-Score: 5.55 (Rank #1)."
28,2021-11-12,2021-11-17,JUBLFOOD,Jubilant Foodworks Ltd.,Mid-Cap Equities,788.3735877685547,795.4558878173829,1299,1024097.2905113525,9199.907763427822,6898.43750831422,0.6736115379105916,True,2301.470255113602,3.438267481400333,-0.9099208386505955,815.47998046875,781.2000122070312,4 Days (Swing),SL HIT (Trailing Stop Triggered),SWING,11,Rank #2,"Point-in-Time Execution: Coiling proximity to 20-DMA (-0.39%), RSI-14 (49.9), clean gap (+0.87%) holding above prev_close. PIT-Score: 1.33 (Rank #2)."
30,2021-11-25,2021-11-25,SUZLON,Suzlon Energy Ltd.,Mid-Cap Equities,6.440351903915405,6.4604614057540894,159746,1028820.4552428704,3212.4124807224143,2801.683177656447,0.2723199333157759,True,410.7293030659674,1.2261310364296438,-0.912448206071804,6.5193190574646,6.381587028503418,1 Day (Intraday),BREAKEVEN RATCHET / INTRADAY CLOSE,INTRADAY,31,Rank #1,"Point-in-Time Execution: Coiling proximity to 20-DMA (-0.43%), RSI-14 (50.5), clean gap (+0.72%) holding above prev_close. PIT-Score: 1.30 (Rank #1)."
32,2021-12-01,2021-12-01,OIL,Oil India Ltd.,Mid-Cap Equities,142.284,142.61419390869142,7232,1028997.8879999999,2387.962347656372,1977.4064871240757,0.19216817742623743,True,410.55586053229626,3.337930093405844,-0.6447185198814461,147.03334045410156,141.36666870117188,1 Day (Intraday),BREAKEVEN RATCHET / INTRADAY CLOSE,INTRADAY,48,Rank #1,"Point-in-Time Execution: Coiling proximity to 20-DMA (-1.07%), RSI-14 (48.5), clean gap (+0.64%) holding above prev_close. PIT-Score: 0.71 (Rank #1)."
31,2021-11-30,2021-12-02,CRISIL,CRISIL Ltd.,Mid-Cap Equities,3056.1,3090.806,336,1026849.6,11661.216000000015,9351.07839757,0.9106570619076055,True,2310.1376024300157,5.297601518274929,-0.19960079840319064,3218.0,3050.0,3 Days (Swing),SL HIT (Trailing Stop Triggered),SWING,19,Rank #1,"Point-in-Time Execution: Coiling proximity to 20-DMA (-1.29%), RSI-14 (48.1), clean gap (+0.79%) holding above prev_close. PIT-Score: 0.72 (Rank #1)."
34,2021-12-03,2021-12-03,JUBLFOOD,Jubilant Foodworks Ltd.,Mid-Cap Equities,757.5019702148437,759.0169741552734,1360,1030202.6794921875,2060.405358984368,1649.5186226077067,0.16011593208249036,True,410.8867363766612,1.649900630834212,-0.594317954521868,770.0,753.0,1 Day (Intraday),BREAKEVEN RATCHET / INTRADAY CLOSE,INTRADAY,21,Rank #2,"Point-in-Time Execution: Coiling proximity to 20-DMA (-1.36%), RSI-14 (46.2), clean gap (+0.45%) holding above prev_close. PIT-Score: 0.68 (Rank #2)."
33,2021-12-03,2021-12-06,NMDC,NMDC Ltd.,Mid-Cap Equities,36.84026472473145,36.84011736367255,27964,1030201.1627623902,-4.120804651058279,-2309.619169149737,-0.224191085453321,False,2305.4983644986787,2.582291717952173,-1.5905470565808864,37.791587829589844,36.254302978515625,2 Days (Swing),SL HIT (Trailing Stop Triggered),SWING,5,Rank #1,"Point-in-Time Execution: Coiling proximity to 20-DMA (+0.80%), RSI-14 (50.9), clean gap (+1.34%) holding above prev_close. PIT-Score: 1.17 (Rank #1)."
35,2021-12-07,2021-12-07,SUZLON,Suzlon Energy Ltd.,Mid-Cap Equities,6.486355038642883,6.499327748720169,158821,1030169.3935923014,2060.338787184446,1649.4638015443516,0.16011578404523455,True,410.87498564009445,1.2159972734088231,-0.9074145370861944,6.5652289390563965,6.427496910095215,1 Day (Intraday),BREAKEVEN RATCHET / INTRADAY CLOSE,INTRADAY,110,Rank #1,"Point-in-Time Execution: Coiling proximity to 20-DMA (+0.32%), RSI-14 (51.8), clean gap (+0.71%) holding above prev_close. PIT-Score: 1.52 (Rank #1)."
36,2021-12-07,2021-12-07,NMDC,NMDC Ltd.,Mid-Cap Equities,37.199681922912596,37.15346088409424,27697,1030319.5902189101,-1280.1841121520847,-1690.1558903862351,-0.16404190567968632,False,409.9717782341505,0.764654216807165,-0.7850490343400013,37.484130859375,36.90764617919922,1 Day (Intraday),INTRADAY SQUARE OFF,INTRADAY,44,Rank #2,"Point-in-Time Execution: Coiling proximity to 20-DMA (+1.59%), RSI-14 (52.0), clean gap (+1.36%) holding above prev_close. PIT-Score: 0.93 (Rank #2)."
39,2021-12-08,2021-12-08,SJVN,SJVN Ltd.,Mid-Cap Equities,28.557,28.443,36074,1030165.218,-4112.435999999987,-4521.542705307987,-0.4389143242562852,False,409.10670530799996,0.15057737671929108,-0.7248647215403301,28.600000381469727,28.350000381469727,1 Day (Intraday),INTRADAY SQUARE OFF,INTRADAY,91,Rank #3,"Point-in-Time Execution: Coiling proximity to 20-DMA (-1.27%), RSI-14 (47.9), clean gap (+0.71%) holding above prev_close. PIT-Score: 0.77 (Rank #3)."
37,2021-12-08,2021-12-10,KPRMILL,K.P.R. Mill Ltd.,Mid-Cap Equities,516.9318244628906,522.2533878173828,1992,1029728.1943300781,10600.554202148342,8285.118147324396,0.8045927258226176,True,2315.4360548239456,8.776430698035886,-1.1184899618849684,562.2999877929688,511.1499938964844,3 Days (Swing),SL HIT (Trailing Stop Triggered),SWING,10,Rank #1,"Point-in-Time Execution: Coiling proximity to 20-DMA (-0.19%), RSI-14 (54.2), clean gap (+0.89%) holding above prev_close. PIT-Score: 2.08 (Rank #1)."
38,2021-12-08,2021-12-13,SUZLON,Suzlon Energy Ltd.,Mid-Cap Equities,6.486355038642883,7.010287189483643,158820,1030162.9072372627,83210.90419652942,80819.2612806022,7.845289391883361,True,2391.6429159272216,13.248676451861419,-0.1996007984031922,7.3457112312316895,6.473408222198486,4 Days (Swing),SL HIT (Trailing Stop Triggered),SWING,30,Rank #2,"Point-in-Time Execution: Coiling proximity to 20-DMA (+0.47%), RSI-14 (51.8), clean gap (+0.71%) holding above prev_close. PIT-Score: 1.20 (Rank #2)."
40,2021-12-21,2021-12-21,IDEA,Vodafone Idea Ltd.,Mid-Cap Equities,13.877700382232666,13.922099809646607,74841,1038620.9743066749,3322.897547086817,2908.6824077771685,0.28005234630648984,True,414.21513930964863,6.645912385332939,-0.5598924127031922,14.800000190734863,13.800000190734863,1 Day (Intraday),BREAKEVEN RATCHET / INTRADAY CLOSE,INTRADAY,38,Rank #1,"Point-in-Time Execution: Coiling proximity to 20-DMA (+0.79%), RSI-14 (53.5), clean gap (+1.47%) holding above prev_close. PIT-Score: 1.27 (Rank #1)."
42,2021-12-22,2021-12-22,BSE,BSE Ltd.,Mid-Cap Equities,208.74999490356444,209.16749489337158,4976,1038739.9746401367,2077.4799492802704,1663.5793389624423,0.16015358796014145,True,413.9006103178281,2.7278792740041222,-0.944777942812307,214.44444274902344,206.77777099609375,1 Day (Intraday),BREAKEVEN RATCHET / INTRADAY CLOSE,INTRADAY,66,Rank #1,"Point-in-Time Execution: Coiling proximity to 20-DMA (-1.27%), RSI-14 (51.7), clean gap (+0.82%) holding above prev_close. PIT-Score: 0.80 (Rank #1)."
41,2021-12-21,2021-12-24,GODREJIND,Godrej Industries Ltd.,Mid-Cap Equities,596.19,613.9696121826172,1742,1038562.9800000001,30972.08442211908,28615.903970939722,2.7553364140651073,True,2356.1804511793553,7.214145189793722,-0.19960079840320274,639.2000122070312,595.0,4 Days (Swing),SL HIT (Trailing Stop Triggered),SWING,11,Rank #2,"Point-in-Time Execution: Coiling proximity to 20-DMA (+0.55%), RSI-14 (50.6), clean gap (+0.73%) holding above prev_close. PIT-Score: 1.17 (Rank #2)."
43,2021-12-27,2021-12-27,SJVN,SJVN Ltd.,Mid-Cap Equities,28.857599235534668,28.6925,36106,1041932.4779982147,-5961.072998214746,-6373.797969870186,-0.6117285049138382,False,412.7249716554398,-0.02633224615436523,-0.8926551788401689,28.850000381469727,28.600000381469727,1 Day (Intraday),INTRADAY SQUARE OFF,INTRADAY,40,Rank #1,"Point-in-Time Execution: Coiling proximity to 20-DMA (+0.68%), RSI-14 (50.7), clean gap (+1.05%) holding above prev_close. PIT-Score: 1.19 (Rank #1)."
44,2021-12-28,2021-12-28,TATACOMM,Tata Communications Ltd.,Mid-Cap Equities,1378.1508244628906,1380.9071261118163,755,1040503.8724694824,2081.00774493895,1666.484435556533,0.1601612910484781,True,414.5233093824169,1.0049100063127632,-0.5732917125358737,1392.0,1370.25,1 Day (Intraday),BREAKEVEN RATCHET / INTRADAY CLOSE,INTRADAY,55,Rank #1,"Point-in-Time Execution: Coiling proximity to 20-DMA (+0.48%), RSI-14 (52.2), clean gap (+0.84%) holding above prev_close. PIT-Score: 1.18 (Rank #1)."
45,2021-12-29,2021-12-29,BSE,BSE Ltd.,Mid-Cap Equities,216.432,216.63807540893555,4812,1041470.784,991.6348677978385,577.0825753538002,0.0554103470034355,True,414.55229244403836,0.8784875836615309,-0.3022792396254888,218.3333282470703,215.77777099609375,1 Day (Intraday),INTRADAY SQUARE OFF,INTRADAY,31,Rank #1,"Point-in-Time Execution: Coiling proximity to 20-DMA (-1.50%), RSI-14 (55.9), clean gap (+0.52%) holding above prev_close. PIT-Score: 0.69 (Rank #1)."
46,2022-01-03,2022-01-03,VOLTAS,Voltas Ltd.,Mid-Cap Equities,1227.45,1230.7335512695313,848,1040877.6000000001,2784.451476562419,2369.5951022788886,0.22765357831496116,True,414.8563742835306,1.1568719226088602,-0.19960079840319733,1241.6500244140625,1225.0,1 Day (Intraday),BREAKEVEN RATCHET / INTRADAY CLOSE,INTRADAY,53,Rank #1,"Point-in-Time Execution: Coiling proximity to 20-DMA (+0.41%), RSI-14 (52.4), clean gap (+0.48%) holding above prev_close. PIT-Score: 1.32 (Rank #1)."
47,2022-01-03,2022-01-03,RVNL,Rail Vikas Nigam Ltd.,Mid-Cap Equities,35.07,35.229399238586424,29705,1041754.35,4734.954382209806,4319.230710990603,0.4146112479386914,True,415.7236712192024,1.3686890135744127,-0.7698909693169472,35.54999923706055,34.79999923706055,1 Day (Intraday),BREAKEVEN RATCHET / INTRADAY CLOSE,INTRADAY,41,Rank #2,"Point-in-Time Execution: Coiling proximity to 20-DMA (+0.48%), RSI-14 (51.0), clean gap (+0.72%) holding above prev_close. PIT-Score: 1.23 (Rank #2)."
50,2022-01-10,2022-01-12,BHEL,Bharat Heavy Electricals Ltd.,Mid-Cap Equities,59.91959923553467,61.27720152282715,17393,1042181.5895036545,23612.776582878083,21256.179851895136,2.0395850460204854,True,2356.5967309829457,5.641559764507184,-0.3664885536567229,63.29999923706055,59.70000076293945,3 Days (Swing),SL HIT (Trailing Stop Triggered),SWING,3,Rank #2,"Point-in-Time Execution: Coiling proximity to 20-DMA (-0.61%), RSI-14 (46.7), clean gap (+0.50%) holding above prev_close. PIT-Score: 0.97 (Rank #2)."
51,2022-01-12,2022-01-12,GODFRYPHLP,Godfrey Phillips India Ltd.,Mid-Cap Equities,387.42329388427737,388.6211939086914,2695,1044105.7770181275,3228.3405657957774,2812.219361467399,0.26934238114253567,True,416.1212043283785,2.2137817346327338,-1.3051938959085667,396.0,382.3666687011719,1 Day (Intraday),BREAKEVEN RATCHET / INTRADAY CLOSE,INTRADAY,30,Rank #1,"Point-in-Time Execution: Coiling proximity to 20-DMA (-0.01%), RSI-14 (45.8), clean gap (+1.25%) holding above prev_close. PIT-Score: 14.59 (Rank #1)."
52,2022-01-12,2022-01-12,PRESTIGE,Prestige Estates Projects Ltd.,Mid-Cap Equities,468.4850877685547,470.2076939086914,2229,1044253.2606361085,3839.6890863646986,3423.340917298547,0.32782669169864154,True,416.3481690661515,7.079180745303487,-0.3276679667297816,501.6499938964844,466.95001220703125,1 Day (Intraday),BREAKEVEN RATCHET / INTRADAY CLOSE,INTRADAY,28,Rank #2,"Point-in-Time Execution: Coiling proximity to 20-DMA (-0.27%), RSI-14 (49.5), clean gap (+1.27%) holding above prev_close. PIT-Score: 1.78 (Rank #2)."
48,2022-01-07,2022-01-13,JUBLFOOD,Jubilant Foodworks Ltd.,Mid-Cap Equities,721.0391755371094,782.142601928711,1445,1041901.608651123,88294.45113586425,85871.45181599163,8.241800483172627,True,2422.9993198726183,9.70277716335955,-0.5601880832758566,791.0,717.0,5 Days (Swing),TP REACHED (Peak > +5%),SWING,5,Rank #1,"Point-in-Time Execution: Coiling proximity to 20-DMA (+0.06%), RSI-14 (46.9), clean gap (+0.51%) holding above prev_close. PIT-Score: 4.70 (Rank #1)."
49,2022-01-10,2022-01-14,TATAINVEST,Tata Investment Corporation Ltd.,Mid-Cap Equities,143.286,152.71894390869141,7273,1042119.078,68605.80104791257,66202.72030397663,6.352702076141882,True,2403.0807439359296,7.896100179721413,-0.7300046807335949,154.60000610351562,142.24000549316406,5 Days (Swing),TP REACHED (Peak > +5%),SWING,9,Rank #1,"Point-in-Time Execution: Coiling proximity to 20-DMA (+1.60%), RSI-14 (51.1), clean gap (+1.32%) holding above prev_close. PIT-Score: 0.99 (Rank #1)."
55,2022-01-14,2022-01-14,ENDURANCE,Endurance Technologies Ltd.,Mid-Cap Equities,1690.8248510742187,1698.3964487304688,627,1060147.1816235352,4747.39173046872,4325.181909065697,0.40797938098010206,True,422.20982140302334,0.8679283910724306,-0.637251235055378,1705.5,1680.050048828125,1 Day (Intraday),INTRADAY SQUARE OFF,INTRADAY,27,Rank #1,"Point-in-Time Execution: Coiling proximity to 20-DMA (+0.95%), RSI-14 (47.7), clean gap (+0.50%) holding above prev_close. PIT-Score: 0.77 (Rank #1)."
53,2022-01-12,2022-01-17,NIACL,The New India Assurance Company Ltd.,Mid-Cap Equities,140.28,140.8178060913086,7449,1044945.72,4006.117574157659,1663.6946256628203,0.15921349729656967,True,2342.4229484948387,4.0062688169977,-0.19960079840319442,145.89999389648438,140.0,4 Days (Swing),SL HIT (Trailing Stop Triggered),SWING,29,Rank #3,"Point-in-Time Execution: Coiling proximity to 20-DMA (+1.10%), RSI-14 (46.8), clean gap (+0.43%) holding above prev_close. PIT-Score: 0.84 (Rank #3)."
54,2022-01-13,2022-01-18,JSL,Jindal Stainless Ltd.,Mid-Cap Equities,193.0853969421387,204.59,5456,1053473.9257163086,62769.11428369139,60346.8460623176,5.7283663685634,True,2422.268221373794,10.98716238803727,-0.19960079840320114,214.3000030517578,192.6999969482422,4 Days (Swing),SL HIT (Trailing Stop Triggered),SWING,2,Rank #1,"Point-in-Time Execution: Coiling proximity to 20-DMA (+0.41%), RSI-14 (53.3), clean gap (+0.42%) holding above prev_close. PIT-Score: 1.14 (Rank #1)."
56,2022-01-19,2022-01-21,INDUSTOWER,Indus Towers Ltd.,Mid-Cap Equities,263.7765,265.1686121826172,4044,1066712.166,5629.701666503912,3237.2214365138057,0.30347656469062956,True,2392.480229990106,3.0607374438267345,-2.3794765644399707,271.8500061035156,257.5,3 Days (Swing),SL HIT (Trailing Stop Triggered),SWING,9,Rank #1,"Point-in-Time Execution: Coiling proximity to 20-DMA (+1.50%), RSI-14 (48.0), clean gap (+0.61%) holding above prev_close. PIT-Score: 0.74 (Rank #1)."
59,2022-01-31,2022-01-31,NMDC,NMDC Ltd.,Mid-Cap Equities,36.01873970031738,35.5297540512085,29626,1067091.1823616028,-14486.688840499846,-14905.840794905496,-1.3968666446963844,False,419.1519544056507,0.5472990029280044,-1.7645392630757377,36.21586990356445,35.383174896240234,1 Day (Intraday),INTRADAY SQUARE OFF,INTRADAY,79,Rank #3,"Point-in-Time Execution: Coiling proximity to 20-DMA (-0.70%), RSI-14 (49.2), clean gap (+1.59%) holding above prev_close. PIT-Score: 1.22 (Rank #3)."
61,2022-01-31,2022-01-31,LAURUSLABS,Laurus Labs Ltd.,Mid-Cap Equities,505.3085877685547,506.3192049440918,2108,1065190.5030161133,2130.3810060322285,1707.1427124293607,0.16026642254090173,True,423.23829360286777,2.274135113190963,-0.9615066276587378,516.7999877929688,500.45001220703125,1 Day (Intraday),BREAKEVEN RATCHET / INTRADAY CLOSE,INTRADAY,81,Rank #5,"Point-in-Time Execution: Coiling proximity to 20-DMA (-1.60%), RSI-14 (48.7), clean gap (+0.90%) holding above prev_close. PIT-Score: 0.85 (Rank #5)."
58,2022-01-31,2022-02-01,NIACL,The New India Assurance Company Ltd.,Mid-Cap Equities,140.73089694213868,140.73033401855093,7582,1067021.6606152954,-4.268086642259732,-2391.598087617695,-0.22413772614874433,False,2387.3300009754353,5.165250286758278,-1.4431088254425744,148.0,138.6999969482422,2 Days (Swing),SL HIT (Trailing Stop Triggered),SWING,14,Rank #2,"Point-in-Time Execution: Coiling proximity to 20-DMA (-0.60%), RSI-14 (47.0), clean gap (+1.44%) holding above prev_close. PIT-Score: 1.34 (Rank #2)."
60,2022-01-31,2022-02-01,GICRE,General Insurance Corporation of India,Mid-Cap Equities,139.779,139.778440884,7623,1065535.317,-4.262141268001869,-2388.2888210636884,-0.22413980869145497,False,2384.0266797956865,6.1318267432988,-0.4857624510723152,148.35000610351562,139.10000610351562,2 Days (Swing),SL HIT (Trailing Stop Triggered),SWING,22,Rank #4,"Point-in-Time Execution: Coiling proximity to 20-DMA (-0.74%), RSI-14 (49.9), clean gap (+0.54%) holding above prev_close. PIT-Score: 0.93 (Rank #4)."
57,2022-01-31,2022-02-02,THERMAX,Thermax Ltd.,Mid-Cap Equities,1983.8598244628906,2015.0119487304687,537,1065332.7257365722,16728.690731689567,14327.775180428735,1.3449108277906787,True,2400.915551260832,9.624683256889355,-0.20968584774591478,2174.800048828125,1979.699951171875,3 Days (Swing),SL HIT (Trailing Stop Triggered),SWING,4,Rank #1,"Point-in-Time Execution: Coiling proximity to 20-DMA (+0.20%), RSI-14 (54.8), clean gap (+1.05%) holding above prev_close. PIT-Score: 2.09 (Rank #1)."
62,2022-02-02,2022-02-02,GICRE,General Insurance Corporation of India,Mid-Cap Equities,141.282,141.56456400000002,7550,1066679.1,2133.3582000001334,1709.59439526278,0.1602726063783175,True,423.7638047373533,2.0299782679211535,-0.8366203029999473,144.14999389648438,140.10000610351562,1 Day (Intraday),BREAKEVEN RATCHET / INTRADAY CLOSE,INTRADAY,62,Rank #1,"Point-in-Time Execution: Coiling proximity to 20-DMA (+0.02%), RSI-14 (51.5), clean gap (+0.79%) holding above prev_close. PIT-Score: 12.32 (Rank #1)."
63,2022-02-02,2022-02-02,SJVN,SJVN Ltd.,Mid-Cap Equities,30.961799617767333,30.888100761413575,34459,1066912.6530286446,-2539.5888910943177,-2962.097493109627,-0.2776326145070191,False,422.50860201530946,0.44635895008857013,-0.5225806726490725,31.100000381469727,30.799999237060547,1 Day (Intraday),INTRADAY SQUARE OFF,INTRADAY,75,Rank #2,"Point-in-Time Execution: Coiling proximity to 20-DMA (-0.02%), RSI-14 (54.9), clean gap (+0.65%) holding above prev_close. PIT-Score: 9.21 (Rank #2)."
65,2022-02-02,2022-02-02,IRCTC,Indian Railway Catering And Tourism Corporation Ltd.,Mid-Cap Equities,864.726,859.1782243652344,1233,1066207.158,-6840.407357665943,-7261.436300481004,-0.6810530435850819,False,421.02894281506065,0.3786170416987579,-0.8934622065255351,868.0,857.0,1 Day (Intraday),INTRADAY SQUARE OFF,INTRADAY,86,Rank #4,"Point-in-Time Execution: Coiling proximity to 20-DMA (-0.13%), RSI-14 (51.0), clean gap (+0.71%) holding above prev_close. PIT-Score: 2.62 (Rank #4)."
64,2022-02-02,2022-02-07,BSE,BSE Ltd.,Mid-Cap Equities,222.77799490356446,241.4051077270508,4787,1066438.261603363,89167.98908602912,86689.55304999354,8.1288862347885,True,2478.4360360355768,12.189417298048852,-0.24448442560787115,249.93333435058594,222.23333740234375,4 Days (Swing),SL HIT (Trailing Stop Triggered),SWING,13,Rank #3,"Point-in-Time Execution: Coiling proximity to 20-DMA (-0.08%), RSI-14 (52.1), clean gap (+0.45%) holding above prev_close. PIT-Score: 3.82 (Rank #3)."
66,2022-02-09,2022-02-09,SJVN,SJVN Ltd.,Mid-Cap Equities,31.362599235534667,31.1875,34262,1074545.3750078888,-5999.250007888768,-6423.45853306829,-0.5977838332812268,False,424.20852517952244,0.11925154134938862,-0.9967286069833641,31.399999618530273,31.049999237060547,1 Day (Intraday),INTRADAY SQUARE OFF,INTRADAY,49,Rank #1,"Point-in-Time Execution: Coiling proximity to 20-DMA (-0.02%), RSI-14 (53.7), clean gap (+1.46%) holding above prev_close. PIT-Score: 9.59 (Rank #1)."
68,2022-02-09,2022-02-09,TATAINVEST,Tata Investment Corporation Ltd.,Mid-Cap Equities,146.9633381652832,147.25726484161376,7307,1073861.1119737243,2147.722223947523,1721.4229933688885,0.16030220055226369,True,426.2992305786347,1.3858298676002119,-0.6520900344498904,149.0,146.0050048828125,1 Day (Intraday),BREAKEVEN RATCHET / INTRADAY CLOSE,INTRADAY,69,Rank #3,"Point-in-Time Execution: Coiling proximity to 20-DMA (-1.40%), RSI-14 (49.0), clean gap (+0.50%) holding above prev_close. PIT-Score: 0.66 (Rank #3)."
67,2022-02-09,2022-02-10,POLICYBZR,PB Fintech Ltd.,Mid-Cap Equities,893.784,893.780424864,1201,1073434.584,-4.293738336069509,-2405.8761271327367,-0.22412880700820953,False,2401.582388796667,4.443579209294417,-11.91384184624375,933.5,787.2999877929688,2 Days (Swing),SL HIT (Trailing Stop Triggered),SWING,7,Rank #2,"Point-in-Time Execution: Coiling proximity to 20-DMA (+0.69%), RSI-14 (50.2), clean gap (+0.57%) holding above prev_close. PIT-Score: 0.92 (Rank #2)."
69,2022-02-09,2022-02-11,MOTILALOFS,Motilal Oswal Financial Services Ltd.,Mid-Cap Equities,916.2288244628907,920.7048878173828,1172,1073820.1822705078,5245.946251464775,2838.0664538369497,0.26429624817034847,True,2407.879797627825,3.3584596681017915,-1.6621202101798163,947.0,901.0,3 Days (Swing),SL HIT (Trailing Stop Triggered),SWING,16,Rank #4,"Point-in-Time Execution: Coiling proximity to 20-DMA (-1.21%), RSI-14 (48.0), clean gap (+0.41%) holding above prev_close. PIT-Score: 0.64 (Rank #4)."
70,2022-02-25,2022-03-02,VOLTAS,Voltas Ltd.,Mid-Cap Equities,1212.6705,1218.2585512695312,885,1073213.3924999998,4945.425373535138,2539.2055445936116,0.2365983840994243,True,2406.219828941526,4.64507877448986,-0.6943765845709899,1269.0,1204.25,3 Days (Swing),SL HIT (Trailing Stop Triggered),SWING,41,Rank #1,"Point-in-Time Execution: Coiling proximity to 20-DMA (-1.24%), RSI-14 (45.2), clean gap (+1.12%) holding above prev_close. PIT-Score: 1.04 (Rank #1)."
71,2022-03-02,2022-03-02,ESCORTS,Escorts Kubota Ltd.,Mid-Cap Equities,1875.7941489257812,1864.8129487304686,572,1072954.253185547,-6281.246511718957,-6704.813528098646,-0.6248927676266154,False,423.5670163796891,0.33083859856225317,-1.2578244669020844,1882.0,1852.199951171875,1 Day (Intraday),INTRADAY SQUARE OFF,INTRADAY,35,Rank #1,"Point-in-Time Execution: Coiling proximity to 20-DMA (+0.26%), RSI-14 (51.0), clean gap (+1.14%) holding above prev_close. PIT-Score: 1.71 (Rank #1)."
72,2022-03-09,2022-03-15,BSE,BSE Ltd.,Mid-Cap Equities,239.36666326904296,325.847,4485,1073559.4847616577,387864.31023834227,385060.5307315737,35.86764741006051,True,2803.779506768552,45.75500227694752,-0.707883584854091,348.8888854980469,237.67222595214844,5 Days (Swing),TP REACHED (Peak > +5%),SWING,17,Rank #1,"Point-in-Time Execution: Coiling proximity to 20-DMA (-0.10%), RSI-14 (52.8), clean gap (+1.41%) holding above prev_close. PIT-Score: 3.50 (Rank #1)."
73,2022-03-10,2022-03-16,COLPAL,Colgate Palmolive (India) Ltd.,Mid-Cap Equities,1467.93,1507.0797756347656,731,1073056.83,28618.485989013687,26188.083471804075,2.440512258032417,True,2430.4025172096117,4.609891179139158,-0.6219609362759166,1535.5999755859375,1458.800048828125,5 Days (Swing),SL HIT (Trailing Stop Triggered),SWING,17,Rank #1,"Point-in-Time Execution: Coiling proximity to 20-DMA (+1.30%), RSI-14 (53.7), clean gap (+1.10%) holding above prev_close. PIT-Score: 0.84 (Rank #1)."
76,2022-03-16,2022-03-16,BERGEPAINT,Berger Paints India Ltd.,Mid-Cap Equities,586.3370203857422,586.9903536376953,1901,1114626.675753296,1241.986511962954,801.5786220089802,0.07191453779510983,True,440.4078899539737,0.4754909748703245,-1.080781217186865,589.125,580.0,1 Day (Intraday),INTRADAY SQUARE OFF,INTRADAY,80,Rank #3,"Point-in-Time Execution: Coiling proximity to 20-DMA (+0.80%), RSI-14 (50.5), clean gap (+0.97%) holding above prev_close. PIT-Score: 0.96 (Rank #3)."
77,2022-03-17,2022-03-17,BHEL,Bharat Heavy Electricals Ltd.,Mid-Cap Equities,51.95369847106934,51.29720152282715,21460,1114926.369189148,-14088.424509277334,-14524.550064557196,-1.302736258280487,False,436.12555527986126,-0.007117314529481348,-1.4507104023587165,51.95000076293945,51.20000076293945,1 Day (Intraday),INTRADAY SQUARE OFF,INTRADAY,79,Rank #1,"Point-in-Time Execution: Coiling proximity to 20-DMA (+1.42%), RSI-14 (46.7), clean gap (+1.27%) holding above prev_close. PIT-Score: 0.97 (Rank #1)."
74,2022-03-16,2022-03-21,VOLTAS,Voltas Ltd.,Mid-Cap Equities,1232.2596489257812,1287.5197756347657,904,1113962.7226289061,49955.15454492206,47411.731034116536,4.2561326398990085,True,2543.4235108055236,7.526039755912231,-0.7270870311680437,1325.0,1223.300048828125,3 Days (Swing),SL HIT (Trailing Stop Triggered),SWING,12,Rank #1,"Point-in-Time Execution: Coiling proximity to 20-DMA (+0.33%), RSI-14 (51.5), clean gap (+1.47%) holding above prev_close. PIT-Score: 1.77 (Rank #1)."
75,2022-03-16,2022-03-21,APARINDS,Apar Industries Ltd.,Mid-Cap Equities,641.28,659.678,1738,1114544.64,31975.724000000162,29449.63795916526,2.642302237366218,True,2526.0860408349035,7.433572262822992,-0.19960079840318934,688.9500122070312,640.0,3 Days (Swing),SL HIT (Trailing Stop Triggered),SWING,19,Rank #2,"Point-in-Time Execution: Coiling proximity to 20-DMA (+0.87%), RSI-14 (46.2), clean gap (+1.30%) holding above prev_close. PIT-Score: 1.14 (Rank #2)."
79,2022-03-23,2022-03-23,TATAINVEST,Tata Investment Corporation Ltd.,Mid-Cap Equities,136.11669122314453,135.8278060913086,8236,1121057.0689138183,-2379.2579458008986,-2820.8957463689167,-0.2516282020416727,False,441.6378005680183,0.9942278095344178,-0.4310216760160969,137.47000122070312,135.52999877929688,1 Day (Intraday),INTRADAY SQUARE OFF,INTRADAY,39,Rank #2,"Point-in-Time Execution: Coiling proximity to 20-DMA (+1.14%), RSI-14 (47.0), clean gap (+0.50%) holding above prev_close. PIT-Score: 0.73 (Rank #2)."
78,2022-03-23,2022-03-25,KPRMILL,K.P.R. Mill Ltd.,Mid-Cap Equities,636.27,636.724,1762,1121107.74,799.9480000000913,-1708.4190658946372,-0.15238669798985038,False,2508.3670658947285,3.556670032228852,-1.1190179618617069,658.9000244140625,629.1500244140625,3 Days (Swing),SL HIT (Trailing Stop Triggered),SWING,8,Rank #1,"Point-in-Time Execution: Coiling proximity to 20-DMA (+0.07%), RSI-14 (47.6), clean gap (+1.25%) holding above prev_close. PIT-Score: 4.32 (Rank #1)."
81,2022-03-30,2022-03-30,POLYCAB,Polycab India Ltd.,Mid-Cap Equities,2384.76,2357.6253974609376,469,1118452.4400000002,-12726.128590820357,-13163.8868413212,-1.1769733222917549,False,437.75825050084387,0.21972861000686783,-1.3653386012900761,2390.0,2352.199951171875,1 Day (Intraday),INTRADAY SQUARE OFF,INTRADAY,72,Rank #1,"Point-in-Time Execution: Coiling proximity to 20-DMA (-0.09%), RSI-14 (46.5), clean gap (+1.24%) holding above prev_close. PIT-Score: 3.75 (Rank #1)."
82,2022-03-30,2022-03-31,APARINDS,Apar Industries Ltd.,Mid-Cap Equities,648.2439122314453,648.2413192557964,1726,1118868.9925114745,-4.475475969957188,-2507.0334685105063,-0.22406854469021273,False,2502.557992540549,3.664683511917499,-0.6315350966105364,672.0,644.1500244140625,2 Days (Swing),SL HIT (Trailing Stop Triggered),SWING,19,Rank #2,"Point-in-Time Execution: Coiling proximity to 20-DMA (+0.18%), RSI-14 (47.9), clean gap (+0.50%) holding above prev_close. PIT-Score: 2.02 (Rank #2)."
83,2022-04-01,2022-04-01,DABUR,Dabur India Ltd.,Mid-Cap Equities,540.078,541.3651121826172,2072,1119041.616,2666.8964423828293,2224.52465163928,0.198788375680863,True,442.3717907435494,0.9113498420598554,-0.7087865086154176,545.0,536.25,1 Day (Intraday),INTRADAY SQUARE OFF,INTRADAY,80,Rank #1,"Point-in-Time Execution: Coiling proximity to 20-DMA (+0.06%), RSI-14 (48.8), clean gap (+0.52%) holding above prev_close. PIT-Score: 4.95 (Rank #1)."
80,2022-03-29,2022-04-04,JSL,Jindal Stainless Ltd.,Mid-Cap Equities,189.42810305786134,200.3984030456543,5916,1120656.6576903076,64900.294727783184,62326.507724781455,5.561605983159682,True,2573.787003001731,9.725010570383672,-0.19960079840319744,207.85000610351562,189.0500030517578,5 Days (Swing),SL HIT (Trailing Stop Triggered),SWING,11,Rank #1,"Point-in-Time Execution: Coiling proximity to 20-DMA (+0.35%), RSI-14 (48.6), clean gap (+0.53%) holding above prev_close. PIT-Score: 1.33 (Rank #1)."
87,2022-04-04,2022-04-04,RVNL,Rail Vikas Nigam Ltd.,Mid-Cap Equities,33.76740076446533,33.732399238586424,33333,1125568.7696819229,-1166.7058621216565,-1610.280884581498,-0.14306374945322542,False,443.5750224598414,0.8368973216695047,-1.0880293723200931,34.04999923706055,33.400001525878906,1 Day (Intraday),INTRADAY SQUARE OFF,INTRADAY,69,Rank #2,"Point-in-Time Execution: Coiling proximity to 20-DMA (+0.66%), RSI-14 (50.1), clean gap (+0.90%) holding above prev_close. PIT-Score: 1.06 (Rank #2)."
84,2022-04-01,2022-04-05,APARINDS,Apar Industries Ltd.,Mid-Cap Equities,653.805,676.2947243652344,1712,1119314.16,38502.408113281475,35958.95892341156,3.2125885840139436,True,2543.4491898699134,5.528408655031898,-0.5055024051513755,689.9500122070312,650.5,3 Days (Swing),SL HIT (Trailing Stop Triggered),SWING,15,Rank #2,"Point-in-Time Execution: Coiling proximity to 20-DMA (+0.58%), RSI-14 (49.5), clean gap (+0.50%) holding above prev_close. PIT-Score: 0.96 (Rank #2)."
88,2022-04-05,2022-04-05,AIAENG,AIA Engineering Ltd.,Mid-Cap Equities,1701.396,1704.798792,663,1128025.548,2256.05109600001,1810.6304950753106,0.16051325240687817,True,445.42060092469967,1.8046342877224082,-1.254613927144237,1732.0999755859375,1680.050048828125,1 Day (Intraday),BREAKEVEN RATCHET / INTRADAY CLOSE,INTRADAY,43,Rank #1,"Point-in-Time Execution: Coiling proximity to 20-DMA (-0.28%), RSI-14 (47.0), clean gap (+1.45%) holding above prev_close. PIT-Score: 1.93 (Rank #1)."
89,2022-04-05,2022-04-05,RVNL,Rail Vikas Nigam Ltd.,Mid-Cap Equities,34.21830152893067,34.480899238586424,33000,1129203.950454712,8665.724418640137,8218.053872257024,0.7277740986424771,True,447.67054638311384,2.4305639700635107,-1.0763335360119568,35.04999923706055,33.849998474121094,1 Day (Intraday),BREAKEVEN RATCHET / INTRADAY CLOSE,INTRADAY,33,Rank #2,"Point-in-Time Execution: Coiling proximity to 20-DMA (+1.39%), RSI-14 (52.5), clean gap (+1.04%) holding above prev_close. PIT-Score: 0.94 (Rank #2)."
91,2022-04-05,2022-04-05,NIACL,The New India Assurance Company Ltd.,Mid-Cap Equities,117.735,117.97047,9598,1130020.53,2260.0410599999595,1813.91618164796,0.16052063953634188,True,446.1248783519996,1.244317278839927,-0.4119420733002076,119.19999694824219,117.25,1 Day (Intraday),BREAKEVEN RATCHET / INTRADAY CLOSE,INTRADAY,53,Rank #4,"Point-in-Time Execution: Coiling proximity to 20-DMA (+1.27%), RSI-14 (47.8), clean gap (+0.69%) holding above prev_close. PIT-Score: 0.79 (Rank #4)."
85,2022-04-01,2022-04-06,MARICO,Marico Ltd.,Mid-Cap Equities,508.5650877685547,530.7862756347656,2201,1119351.758178589,48908.834493530216,46354.5183339308,4.141193149985215,True,2554.316159599414,7.724652903280131,-0.4453903797298755,547.8499755859375,506.29998779296875,4 Days (Swing),SL HIT (Trailing Stop Triggered),SWING,40,Rank #3,"Point-in-Time Execution: Coiling proximity to 20-DMA (+1.29%), RSI-14 (53.6), clean gap (+0.76%) holding above prev_close. PIT-Score: 0.70 (Rank #3)."
86,2022-04-04,2022-04-06,KPRMILL,K.P.R. Mill Ltd.,Mid-Cap Equities,631.26,653.4903878173828,1783,1125536.58,39636.78147839359,37078.3277915752,3.294280119405377,True,2558.45368681839,11.332887842247056,-0.3184107974527122,702.7999877929688,629.25,3 Days (Swing),SL HIT (Trailing Stop Triggered),SWING,4,Rank #1,"Point-in-Time Execution: Coiling proximity to 20-DMA (-0.22%), RSI-14 (47.3), clean gap (+0.60%) holding above prev_close. PIT-Score: 1.82 (Rank #1)."
90,2022-04-05,2022-04-07,SUPREMEIND,Supreme Industries Ltd.,Mid-Cap Equities,2063.619,2114.8618974609376,547,1128799.593,28029.864911132725,25476.186723273284,2.256927348420233,True,2553.6781878594397,7.5440790585919615,-0.5630399797637132,2219.300048828125,2052.0,3 Days (Swing),SL HIT (Trailing Stop Triggered),SWING,4,Rank #3,"Point-in-Time Execution: Coiling proximity to 20-DMA (+1.47%), RSI-14 (53.5), clean gap (+1.05%) holding above prev_close. PIT-Score: 0.86 (Rank #3)."
92,2022-04-08,2022-04-08,RVNL,Rail Vikas Nigam Ltd.,Mid-Cap Equities,34.36859923553467,34.53079847717285,33202,1141106.231818222,5385.339220870985,4934.412623150356,0.432423597870282,True,450.92659772062905,3.5829194845777947,-0.34508021325478955,35.599998474121094,34.25,1 Day (Intraday),BREAKEVEN RATCHET / INTRADAY CLOSE,INTRADAY,52,Rank #1,"Point-in-Time Execution: Coiling proximity to 20-DMA (+0.74%), RSI-14 (53.6), clean gap (+0.59%) holding above prev_close. PIT-Score: 0.90 (Rank #1)."
93,2022-04-20,2022-04-20,GODREJIND,Godrej Industries Ltd.,Mid-Cap Equities,493.58520611572266,492.0638878173828,2312,1141168.9965395508,-3517.2879057617392,-3965.6884616819825,-0.34751105872201454,False,448.4005559202433,0.9552113026946554,-0.7466212871814214,498.29998779296875,489.8999938964844,1 Day (Intraday),INTRADAY SQUARE OFF,INTRADAY,47,Rank #1,"Point-in-Time Execution: Coiling proximity to 20-DMA (+1.37%), RSI-14 (46.5), clean gap (+0.83%) holding above prev_close. PIT-Score: 0.78 (Rank #1)."
94,2022-04-21,2022-04-21,KPRMILL,K.P.R. Mill Ltd.,Mid-Cap Equities,652.302,653.6066040000001,1749,1140876.198,2281.7523960000835,1831.79520140129,0.1605603837307236,True,449.95719459879354,1.640037896557113,-0.9891161477448361,663.0,645.8499755859375,1 Day (Intraday),BREAKEVEN RATCHET / INTRADAY CLOSE,INTRADAY,59,Rank #1,"Point-in-Time Execution: Coiling proximity to 20-DMA (-0.59%), RSI-14 (48.6), clean gap (+0.82%) holding above prev_close. PIT-Score: 1.32 (Rank #1)."
96,2022-04-21,2022-04-21,BHEL,Bharat Heavy Electricals Ltd.,Mid-Cap Equities,54.20819847106934,54.590600761413576,21055,1141353.618808365,8051.480223197956,7599.703314563345,0.66585002135428,True,451.77690863461095,1.645138610403564,-0.2918363614190591,55.099998474121094,54.04999923706055,1 Day (Intraday),BREAKEVEN RATCHET / INTRADAY CLOSE,INTRADAY,47,Rank #3,"Point-in-Time Execution: Coiling proximity to 20-DMA (+1.01%), RSI-14 (51.5), clean gap (+0.46%) holding above prev_close. PIT-Score: 0.74 (Rank #3)."
95,2022-04-21,2022-04-25,JUBLFOOD,Jubilant Foodworks Ltd.,Mid-Cap Equities,557.112,569.8081121826172,2048,1140965.376,26001.637749999994,23423.02339509891,2.0529127252936825,True,2578.614354901084,7.850840690191117,-4.956274501356993,600.8499755859375,529.5,3 Days (Swing),SL HIT (Trailing Stop Triggered),SWING,2,Rank #2,"Point-in-Time Execution: Coiling proximity to 20-DMA (+1.47%), RSI-14 (49.5), clean gap (+0.78%) holding above prev_close. PIT-Score: 0.78 (Rank #2)."
97,2022-04-26,2022-04-26,DABUR,Dabur India Ltd.,Mid-Cap Equities,555.3084122314453,558.7802243652344,2060,1143935.3291967774,7151.932995605515,6699.503631785852,0.585654054105485,True,452.42936381966274,1.1149818068979804,-0.23561901866165427,561.5,554.0,1 Day (Intraday),BREAKEVEN RATCHET / INTRADAY CLOSE,INTRADAY,59,Rank #1,"Point-in-Time Execution: Coiling proximity to 20-DMA (+1.19%), RSI-14 (51.6), clean gap (+0.53%) holding above prev_close. PIT-Score: 0.73 (Rank #1)."
99,2022-04-28,2022-04-28,VOLTAS,Voltas Ltd.,Mid-Cap Equities,1278.8526489257813,1283.0787243652344,895,1144573.1207885742,3782.33751831064,3330.6478294039493,0.29099476205672553,True,451.68968890669055,1.1844485044420303,-0.8017087307482922,1294.0,1268.5999755859375,1 Day (Intraday),BREAKEVEN RATCHET / INTRADAY CLOSE,INTRADAY,35,Rank #2,"Point-in-Time Execution: Coiling proximity to 20-DMA (-0.66%), RSI-14 (50.8), clean gap (+0.78%) holding above prev_close. PIT-Score: 1.10 (Rank #2)."
98,2022-04-28,2022-05-02,THERMAX,Thermax Ltd.,Mid-Cap Equities,2082.957648925781,2104.6323974609377,549,1143543.7492602537,11899.436945801135,9329.705347221587,0.8158590655807331,True,2569.731598579549,4.12837497154307,-0.8285188977704944,2168.949951171875,2065.699951171875,3 Days (Swing),SL HIT (Trailing Stop Triggered),SWING,16,Rank #1,"Point-in-Time Execution: Coiling proximity to 20-DMA (+0.30%), RSI-14 (51.6), clean gap (+0.97%) holding above prev_close. PIT-Score: 1.58 (Rank #1)."
100,2022-05-17,2022-05-17,TATAINVEST,Tata Investment Corporation Ltd.,Mid-Cap Equities,147.294,147.78883670043945,7783,1146389.202,3851.314039520221,3398.964526284641,0.2964930688770253,True,452.34951323557976,0.924001506712333,-1.0550290621722191,148.65499877929688,145.74000549316406,1 Day (Intraday),INTRADAY SQUARE OFF,INTRADAY,76,Rank #1,"Point-in-Time Execution: Coiling proximity to 20-DMA (-0.84%), RSI-14 (51.2), clean gap (+1.20%) holding above prev_close. PIT-Score: 1.10 (Rank #1)."
101,2022-05-18,2022-05-18,BHARATFORG,Bharat Forge Ltd.,Mid-Cap Equities,687.372,689.1688878173828,1668,1146536.496,2997.2088793944567,2545.0519191975513,0.22197740133669072,True,452.1569601969056,1.837142042445727,-1.2616149323755852,700.0,678.7000122070312,1 Day (Intraday),BREAKEVEN RATCHET / INTRADAY CLOSE,INTRADAY,26,Rank #1,"Point-in-Time Execution: Coiling proximity to 20-DMA (-0.59%), RSI-14 (50.2), clean gap (+1.16%) holding above prev_close. PIT-Score: 1.12 (Rank #1)."
102,2022-05-20,2022-05-20,POLYCAB,Polycab India Ltd.,Mid-Cap Equities,2545.08,2551.436948730469,450,1145286.0,2860.626928711077,2408.9498016357797,0.21033609086601773,True,451.67712707529734,0.9594983261822839,-0.9539955982474001,2569.5,2520.800048828125,1 Day (Intraday),INTRADAY SQUARE OFF,INTRADAY,75,Rank #1,"Point-in-Time Execution: Coiling proximity to 20-DMA (+0.52%), RSI-14 (51.1), clean gap (+0.88%) holding above prev_close. PIT-Score: 1.15 (Rank #1)."
103,2022-05-26,2022-06-01,AIAENG,AIA Engineering Ltd.,Mid-Cap Equities,1905.804,2272.396051269531,601,1145388.2040000001,220321.8228129882,217532.01930706578,18.991990536255404,True,2789.8035059224194,23.307538445716343,-0.1996007984031982,2350.0,1902.0,5 Days (Swing),TP REACHED (Peak > +5%),SWING,1,Rank #1,"Point-in-Time Execution: Coiling proximity to 20-DMA (+1.04%), RSI-14 (57.4), clean gap (+1.42%) holding above prev_close. PIT-Score: 1.04 (Rank #1)."
104,2022-06-09,2022-06-09,GLAXO,Glaxosmithkline Pharmaceuticals Ltd.,Mid-Cap Equities,1532.8095,1536.3212243652345,762,1168000.8390000002,2675.9339663085993,2216.3038127259306,0.18975190245783122,True,459.63015358266875,1.1149803295231682,-0.4507719704201709,1549.9000244140625,1525.9000244140625,1 Day (Intraday),BREAKEVEN RATCHET / INTRADAY CLOSE,INTRADAY,35,Rank #1,"Point-in-Time Execution: Coiling proximity to 20-DMA (+0.21%), RSI-14 (47.3), clean gap (+0.55%) holding above prev_close. PIT-Score: 1.88 (Rank #1)."
105,2022-06-27,2022-06-27,DABUR,Dabur India Ltd.,Mid-Cap Equities,518.535,514.6686121826172,2254,1168777.89,-8714.838140380802,-9171.481832005513,-0.7847069927037646,False,456.64369162471127,0.08967572102173081,-1.2120686163904015,519.0,512.25,1 Day (Intraday),INTRADAY SQUARE OFF,INTRADAY,58,Rank #1,"Point-in-Time Execution: Coiling proximity to 20-DMA (+1.15%), RSI-14 (52.7), clean gap (+1.52%) holding above prev_close. PIT-Score: 1.14 (Rank #1)."
106,2022-07-06,2022-07-08,COROMANDEL,Coromandel International Ltd.,Mid-Cap Equities,955.7075877685547,965.1158878173828,1222,1167874.6722531738,11496.942659667926,8873.553827665059,0.7598036020890292,True,2623.3888320028673,3.467837677711199,-0.5239652405832079,988.8499755859375,950.7000122070312,3 Days (Swing),SL HIT (Trailing Stop Triggered),SWING,21,Rank #1,"Point-in-Time Execution: Coiling proximity to 20-DMA (+1.16%), RSI-14 (52.7), clean gap (+0.44%) holding above prev_close. PIT-Score: 0.58 (Rank #1)."
107,2022-07-07,2022-07-11,BHEL,Bharat Heavy Electricals Ltd.,Mid-Cap Equities,46.3425,46.50679847717285,25210,1168294.425,4141.964609527495,1525.2643166779221,0.13055478859089154,True,2616.7002928495726,4.008201462889253,-0.4153821527131572,48.20000076293945,46.150001525878906,3 Days (Swing),SL HIT (Trailing Stop Triggered),SWING,33,Rank #1,"Point-in-Time Execution: Coiling proximity to 20-DMA (-0.07%), RSI-14 (45.8), clean gap (+0.65%) holding above prev_close. PIT-Score: 4.27 (Rank #1)."
109,2022-07-11,2022-07-11,GICRE,General Insurance Corporation of India,Mid-Cap Equities,115.23,115.7180969543457,10148,1169354.04,4953.2078927000985,4492.448985711722,0.3841821067049738,True,460.75890698837594,1.0587494126895631,-0.32977655634722747,116.44999694824219,114.8499984741211,1 Day (Intraday),BREAKEVEN RATCHET / INTRADAY CLOSE,INTRADAY,42,Rank #1,"Point-in-Time Execution: Coiling proximity to 20-DMA (+0.05%), RSI-14 (47.1), clean gap (+0.57%) holding above prev_close. PIT-Score: 5.63 (Rank #1)."
110,2022-07-11,2022-07-11,INDUSTOWER,Indus Towers Ltd.,Mid-Cap Equities,211.12139694213866,212.8734030456543,5540,1169612.5390594483,9706.113813476637,9243.90339272768,0.7903389442251727,True,462.21042074895684,3.258126915362604,-0.1996007984031877,218.0,210.6999969482422,1 Day (Intraday),BREAKEVEN RATCHET / INTRADAY CLOSE,INTRADAY,28,Rank #2,"Point-in-Time Execution: Coiling proximity to 20-DMA (+0.44%), RSI-14 (52.1), clean gap (+0.62%) holding above prev_close. PIT-Score: 1.13 (Rank #2)."
108,2022-07-07,2022-07-13,INDIANB,Indian Bank,Mid-Cap Equities,152.10360305786133,173.7019030456543,7681,1168307.775087433,165896.54220623756,163112.19794453474,13.961406525119452,True,2784.344261702816,18.143155938181806,-0.3968367913228984,179.6999969482422,151.5,5 Days (Swing),TP REACHED (Peak > +5%),SWING,17,Rank #2,"Point-in-Time Execution: Coiling proximity to 20-DMA (-0.37%), RSI-14 (46.1), clean gap (+0.56%) holding above prev_close. PIT-Score: 1.18 (Rank #2)."
111,2022-07-18,2022-07-18,ACC,ACC Ltd.,Mid-Cap Equities,2165.271851074219,2169.652,548,1186568.9743886718,2400.3216113282833,1934.2259687135231,0.16300999018704743,True,466.09564261476027,0.6755757371654746,-0.6129415605543709,2179.89990234375,2152.0,1 Day (Intraday),INTRADAY SQUARE OFF,INTRADAY,53,Rank #1,"Point-in-Time Execution: Coiling proximity to 20-DMA (+0.17%), RSI-14 (47.7), clean gap (+0.96%) holding above prev_close. PIT-Score: 2.39 (Rank #1)."
112,2022-07-18,2022-07-20,VOLTAS,Voltas Ltd.,Mid-Cap Equities,993.984,1025.7444487304688,1194,1186816.896,37921.975784179755,35229.10646275183,2.96836913777404,True,2692.8693214279297,7.139546629711842,-0.35050866009916026,1064.949951171875,990.5,3 Days (Swing),SL HIT (Trailing Stop Triggered),SWING,1,Rank #2,"Point-in-Time Execution: Coiling proximity to 20-DMA (+1.30%), RSI-14 (50.2), clean gap (+0.92%) holding above prev_close. PIT-Score: 0.87 (Rank #2)."
114,2022-07-21,2022-07-21,GICRE,General Insurance Corporation of India,Mid-Cap Equities,117.38430152893066,117.61907013198852,10144,1190746.3547094727,2381.4927094187587,1913.9301300764496,0.16073365435944792,True,467.56257934230916,1.6319912440378608,-0.5403631666831811,119.30000305175781,116.75,1 Day (Intraday),BREAKEVEN RATCHET / INTRADAY CLOSE,INTRADAY,59,Rank #1,"Point-in-Time Execution: Coiling proximity to 20-DMA (+0.86%), RSI-14 (52.9), clean gap (+0.47%) holding above prev_close. PIT-Score: 0.82 (Rank #1)."
113,2022-07-20,2022-07-25,JUBLFOOD,Jubilant Foodworks Ltd.,Mid-Cap Equities,566.13,572.7022756347657,2103,1190571.39,13821.495659912238,11145.25569990227,0.9361266189927738,True,2676.2399600099675,4.375324468595995,-1.2505983090511448,590.9000244140625,559.0499877929688,4 Days (Swing),SL HIT (Trailing Stop Triggered),SWING,8,Rank #1,"Point-in-Time Execution: Coiling proximity to 20-DMA (+1.49%), RSI-14 (54.6), clean gap (+1.11%) holding above prev_close. PIT-Score: 0.92 (Rank #1)."
115,2022-07-28,2022-07-28,JUBLFOOD,Jubilant Foodworks Ltd.,Mid-Cap Equities,564.126,565.254252,2113,1191998.238,2383.996475999942,1915.9919512450265,0.160737817403135,True,468.00452475491556,5.951509451262887,-0.33254982043018344,597.7000122070312,562.25,1 Day (Intraday),BREAKEVEN RATCHET / INTRADAY CLOSE,INTRADAY,37,Rank #1,"Point-in-Time Execution: Coiling proximity to 20-DMA (-0.93%), RSI-14 (51.1), clean gap (+0.78%) holding above prev_close. PIT-Score: 0.88 (Rank #1)."
117,2022-07-28,2022-07-28,GICRE,General Insurance Corporation of India,Mid-Cap Equities,115.43039694213867,115.66125773602295,10328,1192165.1396184082,2384.3302792368922,1916.2668341296003,0.1607383717613958,True,468.06344510729207,1.0998836006255126,-0.7193932361107862,116.69999694824219,114.5999984741211,1 Day (Intraday),BREAKEVEN RATCHET / INTRADAY CLOSE,INTRADAY,67,Rank #3,"Point-in-Time Execution: Coiling proximity to 20-DMA (-1.05%), RSI-14 (45.1), clean gap (+0.57%) holding above prev_close. PIT-Score: 0.78 (Rank #3)."
118,2022-07-29,2022-07-29,IDEA,Vodafone Idea Ltd.,Mid-Cap Equities,8.717399808883666,8.734834608501433,136789,1192444.402457388,2384.8888049146626,1916.7267731966758,0.16073929897668082,True,468.1620317179868,1.521102341215677,-0.7731685116094712,8.850000381469727,8.649999618530273,1 Day (Intraday),BREAKEVEN RATCHET / INTRADAY CLOSE,INTRADAY,69,Rank #1,"Point-in-Time Execution: Coiling proximity to 20-DMA (-0.37%), RSI-14 (46.6), clean gap (+0.58%) holding above prev_close. PIT-Score: 1.35 (Rank #1)."
119,2022-07-29,2022-07-29,GICRE,General Insurance Corporation of India,Mid-Cap Equities,115.731,116.0674030456543,10305,1192607.9549999998,3466.6333854678087,2998.10408590476,0.251390582574536,True,468.5292995630488,1.4421386887514251,-0.3292130249275482,117.4000015258789,115.3499984741211,1 Day (Intraday),BREAKEVEN RATCHET / INTRADAY CLOSE,INTRADAY,60,Rank #2,"Point-in-Time Execution: Coiling proximity to 20-DMA (-0.86%), RSI-14 (45.9), clean gap (+0.65%) holding above prev_close. PIT-Score: 0.87 (Rank #2)."
120,2022-08-01,2022-08-01,RVNL,Rail Vikas Nigam Ltd.,Mid-Cap Equities,31.162200382232665,31.22452478299713,38281,1192920.1928322488,2385.8403856642544,1917.5103883099155,0.16074087770761378,True,468.32999735433884,2.5280640360555453,-0.520503623759332,31.950000762939453,31.0,1 Day (Intraday),BREAKEVEN RATCHET / INTRADAY CLOSE,INTRADAY,85,Rank #1,"Point-in-Time Execution: Coiling proximity to 20-DMA (+0.49%), RSI-14 (51.8), clean gap (+0.48%) holding above prev_close. PIT-Score: 1.12 (Rank #1)."
121,2022-08-01,2022-08-01,NIACL,The New India Assurance Company Ltd.,Mid-Cap Equities,82.96560305786133,83.13340304565429,14381,1193128.3375751039,2413.1316244504414,1944.720454603081,0.16299340090735767,True,468.41116984736044,0.7646487132954704,-0.9227994269928926,83.5999984741211,82.19999694824219,1 Day (Intraday),INTRADAY SQUARE OFF,INTRADAY,47,Rank #2,"Point-in-Time Execution: Coiling proximity to 20-DMA (+0.99%), RSI-14 (45.7), clean gap (+0.79%) holding above prev_close. PIT-Score: 0.93 (Rank #2)."
122,2022-08-01,2022-08-02,INDUSTOWER,Indus Towers Ltd.,Mid-Cap Equities,224.1975,224.19660321,5322,1193179.095,-4.772716379957274,-2672.4810368080934,-0.22397987427093613,False,2667.708320428136,2.476611023762535,-2.630491842345333,229.75,218.3000030517578,2 Days (Swing),SL HIT (Trailing Stop Triggered),SWING,28,Rank #3,"Point-in-Time Execution: Coiling proximity to 20-DMA (+1.29%), RSI-14 (58.2), clean gap (+0.54%) holding above prev_close. PIT-Score: 0.70 (Rank #3)."
116,2022-07-28,2022-08-03,POLYCAB,Polycab India Ltd.,Mid-Cap Equities,2239.47,2351.0385,532,1191398.0399999998,59354.44200000027,56629.1824271903,4.753170689049506,True,2725.259572809972,6.67702626067776,-0.7332070164759877,2389.0,2223.050048828125,5 Days (Swing),TP REACHED (Peak > +5%),SWING,21,Rank #2,"Point-in-Time Execution: Coiling proximity to 20-DMA (+0.93%), RSI-14 (49.9), clean gap (+0.54%) holding above prev_close. PIT-Score: 0.82 (Rank #2)."
123,2022-08-05,2022-08-05,GODREJIND,Godrej Industries Ltd.,Mid-Cap Equities,454.908,452.2436939086914,2635,1198682.58,-7020.446550598135,-7488.115188949903,-0.6246954209470453,False,467.66863835176855,0.45987320513158364,-1.2327794206809433,457.0,449.29998779296875,1 Day (Intraday),INTRADAY SQUARE OFF,INTRADAY,36,Rank #1,"Point-in-Time Execution: Coiling proximity to 20-DMA (+0.30%), RSI-14 (52.9), clean gap (+1.32%) holding above prev_close. PIT-Score: 1.75 (Rank #1)."
124,2022-08-08,2022-08-08,MARICO,Marico Ltd.,Mid-Cap Equities,525.2484122314453,522.3532243652344,2280,1197566.3798876952,-6601.028334960807,-7068.423614748783,-0.5902323022304318,False,467.3952797879754,0.5048301186389514,-0.8945147341837606,527.9000244140625,520.5499877929688,1 Day (Intraday),INTRADAY SQUARE OFF,INTRADAY,36,Rank #1,"Point-in-Time Execution: Coiling proximity to 20-DMA (+0.88%), RSI-14 (54.5), clean gap (+0.87%) holding above prev_close. PIT-Score: 0.85 (Rank #1)."
126,2022-08-11,2022-08-11,BHEL,Bharat Heavy Electricals Ltd.,Mid-Cap Equities,53.106,52.79420152282715,22544,1197221.664,-7029.184869384859,-7496.336103836562,-0.6261443748679577,False,467.15123445170354,0.7419124016118674,-0.8586571651434779,53.5,52.650001525878906,1 Day (Intraday),INTRADAY SQUARE OFF,INTRADAY,68,Rank #2,"Point-in-Time Execution: Coiling proximity to 20-DMA (+0.96%), RSI-14 (56.7), clean gap (+0.66%) holding above prev_close. PIT-Score: 0.85 (Rank #2)."
127,2022-08-11,2022-08-11,THERMAX,Thermax Ltd.,Mid-Cap Equities,2129.1998510742187,2133.458250776367,561,1194481.1164526367,2388.962232905207,1920.081191345167,0.16074604821275146,True,468.8810415600401,1.305661791764433,-0.43208020466360764,2157.0,2120.0,1 Day (Intraday),BREAKEVEN RATCHET / INTRADAY CLOSE,INTRADAY,62,Rank #3,"Point-in-Time Execution: Coiling proximity to 20-DMA (+1.46%), RSI-14 (55.6), clean gap (+0.57%) holding above prev_close. PIT-Score: 0.81 (Rank #3)."
125,2022-08-11,2022-08-12,JUBLFOOD,Jubilant Foodworks Ltd.,Mid-Cap Equities,573.144,573.1417074240001,2088,1196724.672,-4.7868986879475415,-2680.3750791148113,-0.22397591875792894,False,2675.588180426864,3.8133523163463274,-0.19960079840319456,595.0,572.0,2 Days (Swing),SL HIT (Trailing Stop Triggered),SWING,14,Rank #1,"Point-in-Time Execution: Coiling proximity to 20-DMA (+0.21%), RSI-14 (53.5), clean gap (+0.60%) holding above prev_close. PIT-Score: 1.84 (Rank #1)."
128,2022-08-12,2022-08-12,VOLTAS,Voltas Ltd.,Mid-Cap Equities,996.9399122314453,1005.3852243652344,1200,1196327.8946777345,10134.374560546828,9662.625679918905,0.8076904102049557,True,471.748880627924,1.8065381628942945,-0.5707377306932776,1014.9500122070312,991.25,1 Day (Intraday),BREAKEVEN RATCHET / INTRADAY CLOSE,INTRADAY,19,Rank #1,"Point-in-Time Execution: Coiling proximity to 20-DMA (-0.65%), RSI-14 (50.0), clean gap (+0.55%) holding above prev_close. PIT-Score: 0.98 (Rank #1)."
129,2022-08-16,2022-08-16,SJVN,SJVN Ltd.,Mid-Cap Equities,28.657200382232666,28.542800380706787,41783,1197383.8035708275,-4779.9752637557685,-5247.82742689207,-0.4382744623104176,False,467.85216313630156,0.32382653060858285,-0.8975083409119625,28.75,28.399999618530273,1 Day (Intraday),INTRADAY SQUARE OFF,INTRADAY,60,Rank #1,"Point-in-Time Execution: Coiling proximity to 20-DMA (-0.62%), RSI-14 (51.5), clean gap (+1.24%) holding above prev_close. PIT-Score: 1.44 (Rank #1)."
130,2022-08-16,2022-08-16,BHEL,Bharat Heavy Electricals Ltd.,Mid-Cap Equities,53.30640076446533,53.79220152282715,22452,1196835.3099637756,10907.198626739671,10435.049704238181,0.871886851713459,True,472.1489225014898,1.4887475017536451,-0.7623835651221352,54.099998474121094,52.900001525878906,1 Day (Intraday),BREAKEVEN RATCHET / INTRADAY CLOSE,INTRADAY,38,Rank #2,"Point-in-Time Execution: Coiling proximity to 20-DMA (+0.65%), RSI-14 (57.7), clean gap (+0.57%) holding above prev_close. PIT-Score: 0.94 (Rank #2)."
132,2022-08-17,2022-08-17,RVNL,Rail Vikas Nigam Ltd.,Mid-Cap Equities,31.212299617767336,31.137600761413573,38379,1197896.8470302925,-2866.867408000864,-3335.4479755396624,-0.27844200306633876,False,468.58056753879816,0.12078694198873968,-0.5199885387951382,31.25,31.049999237060547,1 Day (Intraday),INTRADAY SQUARE OFF,INTRADAY,51,Rank #1,"Point-in-Time Execution: Coiling proximity to 20-DMA (+0.14%), RSI-14 (51.5), clean gap (+0.48%) holding above prev_close. PIT-Score: 2.51 (Rank #1)."
131,2022-08-16,2022-08-19,HONAUT,Honeywell Automation India Ltd.,Mid-Cap Equities,40180.2,42714.4506796875,29,1165225.7999999998,73493.26971093775,70811.52566437666,6.077064691184891,True,2681.7440465610853,10.370651309600259,-0.6956181931647853,44347.1484375,39900.69921875,4 Days (Swing),SL HIT (Trailing Stop Triggered),SWING,2,Rank #3,"Point-in-Time Execution: Coiling proximity to 20-DMA (+1.30%), RSI-14 (59.2), clean gap (+0.53%) holding above prev_close. PIT-Score: 0.70 (Rank #3)."
134,2022-08-25,2022-08-25,GICRE,General Insurance Corporation of India,Mid-Cap Equities,120.24,120.48048,10018,1204564.3199999998,2409.1286400002427,1936.6879810334901,0.16077912560397692,True,472.4406589667526,2.295409181636731,-0.19960079840318934,123.0,120.0,1 Day (Intraday),BREAKEVEN RATCHET / INTRADAY CLOSE,INTRADAY,38,Rank #2,"Point-in-Time Execution: Coiling proximity to 20-DMA (-0.15%), RSI-14 (50.5), clean gap (+0.42%) holding above prev_close. PIT-Score: 2.25 (Rank #2)."
135,2022-08-25,2022-08-25,JUBLFOOD,Jubilant Foodworks Ltd.,Mid-Cap Equities,587.8233244628906,588.9989711118163,2049,1204449.9918244628,2408.8999836489093,1936.499685323674,0.1607787536608577,True,472.40029832523544,1.6206657215842306,-0.8205398224539284,597.3499755859375,583.0,1 Day (Intraday),BREAKEVEN RATCHET / INTRADAY CLOSE,INTRADAY,33,Rank #3,"Point-in-Time Execution: Coiling proximity to 20-DMA (+0.71%), RSI-14 (51.6), clean gap (+1.30%) holding above prev_close. PIT-Score: 1.18 (Rank #3)."
137,2022-08-26,2022-08-26,SJVN,SJVN Ltd.,Mid-Cap Equities,28.8075,28.84219961929321,41831,1205046.5325,1451.5197746544145,979.1832514827042,0.08125688303930324,True,472.33652317171027,0.8417920231208744,-0.8938670934286352,29.049999237060547,28.549999237060547,1 Day (Intraday),INTRADAY SQUARE OFF,INTRADAY,28,Rank #1,"Point-in-Time Execution: Coiling proximity to 20-DMA (+0.49%), RSI-14 (54.6), clean gap (+0.70%) holding above prev_close. PIT-Score: 1.15 (Rank #1)."
139,2022-08-26,2022-08-26,JUBLFOOD,Jubilant Foodworks Ltd.,Mid-Cap Equities,591.1299122314454,592.3121720559083,2038,1204722.7611276857,2409.445522255264,1936.948929696236,0.1607796409427134,True,472.49659255902816,1.1621959279003278,-0.6478989405254589,598.0,587.2999877929688,1 Day (Intraday),BREAKEVEN RATCHET / INTRADAY CLOSE,INTRADAY,32,Rank #3,"Point-in-Time Execution: Coiling proximity to 20-DMA (+1.44%), RSI-14 (53.3), clean gap (+0.85%) holding above prev_close. PIT-Score: 0.82 (Rank #3)."
133,2022-08-25,2022-08-29,BHEL,Bharat Heavy Electricals Ltd.,Mid-Cap Equities,53.607,57.385,22472,1204656.504,84899.21600000001,82118.0199683734,6.816716607240714,True,2781.196031626624,13.231482386515667,-0.19960079840319234,60.70000076293945,53.5,3 Days (Swing),SL HIT (Trailing Stop Triggered),SWING,1,Rank #1,"Point-in-Time Execution: Coiling proximity to 20-DMA (-0.04%), RSI-14 (53.7), clean gap (+0.47%) holding above prev_close. PIT-Score: 6.77 (Rank #1)."
136,2022-08-25,2022-08-29,SUPREMEIND,Supreme Industries Ltd.,Mid-Cap Equities,1868.9303510742188,1892.208,644,1203591.146091797,14990.805908203125,12284.418495546086,1.0206471305006728,True,2706.3874126570395,4.281572079540723,-0.4724828554047418,1948.949951171875,1860.0999755859375,3 Days (Swing),SL HIT (Trailing Stop Triggered),SWING,14,Rank #4,"Point-in-Time Execution: Coiling proximity to 20-DMA (-1.21%), RSI-14 (47.8), clean gap (+0.53%) holding above prev_close. PIT-Score: 0.72 (Rank #4)."
138,2022-08-26,2022-08-29,GICRE,General Insurance Corporation of India,Mid-Cap Equities,121.242,121.24151503200001,9940,1205145.48,-4.820581919979304,-2699.123569024619,-0.2239666176256678,False,2694.3029871046397,5.285298432786412,-0.9419190757979171,127.6500015258789,120.0999984741211,2 Days (Swing),SL HIT (Trailing Stop Triggered),SWING,6,Rank #2,"Point-in-Time Execution: Coiling proximity to 20-DMA (+0.43%), RSI-14 (53.8), clean gap (+0.41%) holding above prev_close. PIT-Score: 1.13 (Rank #2)."
140,2022-08-30,2022-08-30,IDEA,Vodafone Idea Ltd.,Mid-Cap Equities,8.967899808883667,9.031900190353394,135429,1214513.7032173062,8667.507662063697,8189.769012289269,0.6743249574372171,True,477.7386497744278,3.1456661774575436,-0.7571470667650738,9.25,8.899999618530273,1 Day (Intraday),BREAKEVEN RATCHET / INTRADAY CLOSE,INTRADAY,47,Rank #1,"Point-in-Time Execution: Coiling proximity to 20-DMA (-0.45%), RSI-14 (49.5), clean gap (+1.13%) holding above prev_close. PIT-Score: 1.36 (Rank #1)."
141,2022-08-30,2022-08-30,AWL,AWL Agri Business Ltd.,Mid-Cap Equities,693.384,694.770768,1752,1214808.768,2429.617535999976,1953.5603363919809,0.16081216960659778,True,476.05719960799513,1.2426015021979142,-0.9207019487037507,702.0,687.0,1 Day (Intraday),BREAKEVEN RATCHET / INTRADAY CLOSE,INTRADAY,81,Rank #2,"Point-in-Time Execution: Coiling proximity to 20-DMA (-0.94%), RSI-14 (52.8), clean gap (+1.29%) holding above prev_close. PIT-Score: 1.13 (Rank #2)."
142,2022-08-30,2022-08-30,POLYCAB,Polycab India Ltd.,Mid-Cap Equities,2444.88,2465.2096025390624,497,1215105.36,10103.812461914029,9625.454173745586,0.7921497584164706,True,478.35828816844383,2.375165700233749,-0.6045246533060972,2502.949951171875,2430.10009765625,1 Day (Intraday),BREAKEVEN RATCHET / INTRADAY CLOSE,INTRADAY,49,Rank #3,"Point-in-Time Execution: Coiling proximity to 20-DMA (+0.91%), RSI-14 (57.3), clean gap (+0.92%) holding above prev_close. PIT-Score: 1.00 (Rank #3)."
143,2022-09-01,2022-09-01,AUBANK,AU Small Finance Bank Ltd.,Mid-Cap Equities,641.2299122314453,646.704,1897,1216413.1435030517,10384.344496948179,9905.444982306257,0.8143158461590074,True,478.8995146419211,2.038282262291902,-1.0339406379898826,654.2999877929688,634.5999755859375,1 Day (Intraday),BREAKEVEN RATCHET / INTRADAY CLOSE,INTRADAY,16,Rank #1,"Point-in-Time Execution: Coiling proximity to 20-DMA (-0.57%), RSI-14 (53.7), clean gap (+0.95%) holding above prev_close. PIT-Score: 1.10 (Rank #1)."
146,2022-09-06,2022-09-06,JUBLFOOD,Jubilant Foodworks Ltd.,Mid-Cap Equities,606.21,610.1272756347656,2008,1217269.6800000002,7865.889474609168,7387.408919273049,0.6068835066419339,True,478.48055533611955,2.076836045754559,-0.6284910486362046,618.7999877929688,602.4000244140625,1 Day (Intraday),BREAKEVEN RATCHET / INTRADAY CLOSE,INTRADAY,8,Rank #2,"Point-in-Time Execution: Coiling proximity to 20-DMA (+1.55%), RSI-14 (54.6), clean gap (+1.02%) holding above prev_close. PIT-Score: 0.84 (Rank #2)."
144,2022-09-05,2022-09-07,IDEA,Vodafone Idea Ltd.,Mid-Cap Equities,9.068100191116333,9.081800380706786,134260,1217483.1316592789,1839.3874544142745,-884.2463876124912,-0.0726290463184794,False,2723.6338420267657,10.828067389247199,-0.19960079840319142,10.050000190734863,9.050000190734863,3 Days (Swing),SL HIT (Trailing Stop Triggered),SWING,8,Rank #1,"Point-in-Time Execution: Coiling proximity to 20-DMA (+0.76%), RSI-14 (51.2), clean gap (+1.12%) holding above prev_close. PIT-Score: 1.09 (Rank #1)."
145,2022-09-06,2022-09-09,BSE,BSE Ltd.,Mid-Cap Equities,221.442,229.90593536376954,5498,1217488.1160000002,46534.71663000481,43764.757248349735,3.5946763400152753,True,2769.9593816550755,6.875241260885325,-0.9447141447802956,236.6666717529297,219.35000610351562,4 Days (Swing),SL HIT (Trailing Stop Triggered),SWING,6,Rank #1,"Point-in-Time Execution: Coiling proximity to 20-DMA (+1.13%), RSI-14 (52.4), clean gap (+0.77%) holding above prev_close. PIT-Score: 0.90 (Rank #1)."
147,2022-09-09,2022-09-09,AWL,AWL Agri Business Ltd.,Mid-Cap Equities,703.3539122314453,704.7606200559081,1738,1222429.0994582518,2444.8581989165395,1966.1108359714367,0.16083639017123896,True,478.74736294510285,1.6557934158077807,-0.874936488927788,715.0,697.2000122070312,1 Day (Intraday),BREAKEVEN RATCHET / INTRADAY CLOSE,INTRADAY,33,Rank #1,"Point-in-Time Execution: Coiling proximity to 20-DMA (+0.89%), RSI-14 (56.3), clean gap (+0.75%) holding above prev_close. PIT-Score: 0.89 (Rank #1)."
149,2022-09-12,2022-09-12,ENDURANCE,Endurance Technologies Ltd.,Mid-Cap Equities,1465.1745,1473.6467756347656,834,1221955.533,7065.877879394451,6585.974769915628,0.5389700845943652,True,479.9031094788236,1.349699382010465,-0.29173832781949044,1484.949951171875,1460.9000244140625,1 Day (Intraday),BREAKEVEN RATCHET / INTRADAY CLOSE,INTRADAY,31,Rank #2,"Point-in-Time Execution: Coiling proximity to 20-DMA (-0.68%), RSI-14 (47.8), clean gap (+0.50%) holding above prev_close. PIT-Score: 0.84 (Rank #2)."
148,2022-09-12,2022-09-14,JUBLFOOD,Jubilant Foodworks Ltd.,Mid-Cap Equities,608.1138244628906,619.8577756347656,2010,1222308.7871704102,23605.341855468694,20848.428777834717,1.7056597315395148,True,2756.9130776339775,4.996790784019354,-0.4791557334571349,638.5,605.2000122070312,3 Days (Swing),SL HIT (Trailing Stop Triggered),SWING,5,Rank #1,"Point-in-Time Execution: Coiling proximity to 20-DMA (+0.62%), RSI-14 (53.8), clean gap (+0.98%) holding above prev_close. PIT-Score: 1.10 (Rank #1)."
150,2022-09-20,2022-09-20,BHEL,Bharat Heavy Electricals Ltd.,Mid-Cap Equities,59.819400764465335,59.97979847717285,20485,1225400.4246600724,3285.7471448134165,2805.711848078853,0.2289628591288567,True,480.0352967345632,1.9736059212348025,-0.2831844458847501,61.0,59.650001525878906,1 Day (Intraday),BREAKEVEN RATCHET / INTRADAY CLOSE,INTRADAY,52,Rank #1,"Point-in-Time Execution: Coiling proximity to 20-DMA (-0.71%), RSI-14 (52.1), clean gap (+0.84%) holding above prev_close. PIT-Score: 1.00 (Rank #1)."
151,2022-09-20,2022-09-20,JUBLFOOD,Jubilant Foodworks Ltd.,Mid-Cap Equities,621.24,623.0513878173828,1973,1225706.52,3573.8681636962574,3093.6425153201953,0.25239667610809435,True,480.2256483760621,1.8849417627698217,-0.4490998314610713,632.9500122070312,618.4500122070312,1 Day (Intraday),BREAKEVEN RATCHET / INTRADAY CLOSE,INTRADAY,50,Rank #2,"Point-in-Time Execution: Coiling proximity to 20-DMA (+1.29%), RSI-14 (54.3), clean gap (+0.86%) holding above prev_close. PIT-Score: 0.85 (Rank #2)."
152,2022-09-29,2022-09-30,SUNDARMFIN,Sundaram Finance Ltd.,Mid-Cap Equities,2215.872851074219,2215.863987582815,553,1225377.686644043,-4.901510746451095,-2744.1695221110026,-0.22394479286027263,False,2739.2680113645515,2.645781272935384,-0.6238084572132772,2274.5,2202.050048828125,2 Days (Swing),SL HIT (Trailing Stop Triggered),SWING,25,Rank #1,"Point-in-Time Execution: Coiling proximity to 20-DMA (-0.52%), RSI-14 (53.8), clean gap (+0.50%) holding above prev_close. PIT-Score: 0.97 (Rank #1)."
153,2022-09-29,2022-09-30,POLYCAB,Polycab India Ltd.,Mid-Cap Equities,2532.003851074219,2531.9937230588143,484,1225489.863919922,-4.901959455804899,-2744.419278966524,-0.22394467386193367,False,2739.517319510719,2.96192870693951,-0.474085024362269,2607.0,2520.0,2 Days (Swing),SL HIT (Trailing Stop Triggered),SWING,15,Rank #2,"Point-in-Time Execution: Coiling proximity to 20-DMA (-1.53%), RSI-14 (49.8), clean gap (+0.50%) holding above prev_close. PIT-Score: 0.69 (Rank #2)."
156,2022-10-04,2022-10-04,INDUSTOWER,Indus Towers Ltd.,Mid-Cap Equities,200.24970611572266,200.9971939086914,6119,1225327.951722107,4573.877805175725,4093.499355186701,0.3340737758763761,True,480.37844998902426,1.4733059487311202,-0.5991035329018404,203.1999969482422,199.0500030517578,1 Day (Intraday),BREAKEVEN RATCHET / INTRADAY CLOSE,INTRADAY,68,Rank #2,"Point-in-Time Execution: Coiling proximity to 20-DMA (-0.23%), RSI-14 (49.9), clean gap (+1.34%) holding above prev_close. PIT-Score: 2.17 (Rank #2)."
158,2022-10-04,2022-10-04,BHEL,Bharat Heavy Electricals Ltd.,Mid-Cap Equities,61.522801528930664,61.876,19926,1225903.3432654724,7037.832734527532,6556.546238674657,0.53483386554847,True,481.2864958528752,1.4258128289813738,-0.6872298469872996,62.400001525878906,61.099998474121094,1 Day (Intraday),BREAKEVEN RATCHET / INTRADAY CLOSE,INTRADAY,54,Rank #4,"Point-in-Time Execution: Coiling proximity to 20-DMA (+0.54%), RSI-14 (57.2), clean gap (+1.40%) holding above prev_close. PIT-Score: 1.44 (Rank #4)."
160,2022-10-04,2022-10-04,GICRE,General Insurance Corporation of India,Mid-Cap Equities,125.60069847106934,126.44659695434571,9765,1226490.820569992,8260.198689193698,7778.35526287215,0.6341959623682535,True,481.843426321548,1.9102612948313464,-1.1152020170889287,128.0,124.19999694824219,1 Day (Intraday),BREAKEVEN RATCHET / INTRADAY CLOSE,INTRADAY,70,Rank #6,"Point-in-Time Execution: Coiling proximity to 20-DMA (-0.75%), RSI-14 (51.6), clean gap (+0.97%) holding above prev_close. PIT-Score: 1.04 (Rank #6)."
154,2022-09-30,2022-10-07,LUPIN,Lupin Ltd.,Mid-Cap Equities,661.32,719.4582243652344,1853,1225425.9600000002,107730.12974877912,104879.11661169614,8.558584527758505,True,2851.013137082978,13.492709700745282,-0.19960079840320114,750.5499877929688,660.0,5 Days (Swing),SL HIT (Trailing Stop Triggered),SWING,11,Rank #1,"Point-in-Time Execution: Coiling proximity to 20-DMA (-0.70%), RSI-14 (47.8), clean gap (+0.79%) holding above prev_close. PIT-Score: 1.04 (Rank #1)."
155,2022-10-04,2022-10-07,SJVN,SJVN Ltd.,Mid-Cap Equities,31.913700382232665,32.63460076141357,38400,1225486.0946777344,27682.574560546782,24914.375134951486,2.0330198150068126,True,2768.1994255952973,6.223976285595748,-0.6696171761146993,33.900001525878906,31.700000762939453,3 Days (Swing),SL HIT (Trailing Stop Triggered),SWING,17,Rank #1,"Point-in-Time Execution: Coiling proximity to 20-DMA (-0.07%), RSI-14 (55.5), clean gap (+0.47%) holding above prev_close. PIT-Score: 4.17 (Rank #1)."
157,2022-10-04,2022-10-07,JUBLFOOD,Jubilant Foodworks Ltd.,Mid-Cap Equities,623.244,633.9795,1966,1225297.7040000001,21105.993000000017,18345.02708844739,1.4971893792471669,True,2760.9659115526265,4.670077142489534,-1.3227564164275996,652.3499755859375,615.0,3 Days (Swing),SL HIT (Trailing Stop Triggered),SWING,38,Rank #3,"Point-in-Time Execution: Coiling proximity to 20-DMA (-0.42%), RSI-14 (52.2), clean gap (+1.15%) holding above prev_close. PIT-Score: 1.44 (Rank #3)."
159,2022-10-04,2022-10-07,POLYCAB,Polycab India Ltd.,Mid-Cap Equities,2579.148,2624.74,475,1225095.3,21656.199999999953,18895.113782823155,1.5423382803626098,True,2761.0862171767994,4.685733428248392,-0.7346631068913121,2700.0,2560.199951171875,3 Days (Swing),SL HIT (Trailing Stop Triggered),SWING,27,Rank #5,"Point-in-Time Execution: Coiling proximity to 20-DMA (-0.87%), RSI-14 (52.3), clean gap (+1.22%) holding above prev_close. PIT-Score: 1.09 (Rank #5)."
161,2022-10-06,2022-10-07,PATANJALI,Patanjali Foods Ltd.,Mid-Cap Equities,457.0622938842773,457.0604656351018,2685,1227212.2590792845,-4.908849036088213,-2748.2541019743608,-0.22394284946568555,False,2743.3452529382726,3.7057762896562845,-1.0200578893023686,474.0,452.3999938964844,2 Days (Swing),SL HIT (Trailing Stop Triggered),SWING,14,Rank #1,"Point-in-Time Execution: Coiling proximity to 20-DMA (-1.08%), RSI-14 (54.3), clean gap (+0.90%) holding above prev_close. PIT-Score: 0.87 (Rank #1)."
162,2022-10-12,2022-10-12,SJVN,SJVN Ltd.,Mid-Cap Equities,32.915698471069334,32.73439923858643,37786,1243752.5824278258,-6850.572798599023,-7334.175071731023,-0.5896811934584764,False,483.6022731320003,0.2561134438777341,-1.4148194623279746,33.0,32.45000076293945,1 Day (Intraday),INTRADAY SQUARE OFF,INTRADAY,36,Rank #1,"Point-in-Time Execution: Coiling proximity to 20-DMA (+0.82%), RSI-14 (57.7), clean gap (+1.39%) holding above prev_close. PIT-Score: 1.16 (Rank #1)."
163,2022-10-18,2022-10-18,SJVN,SJVN Ltd.,Mid-Cap Equities,32.8155,32.881131,37879,1243018.3245,2486.0366490001325,2000.0207861675617,0.16090034609683354,True,486.01586283257075,1.1717047216694947,-1.5709063184758825,33.20000076293945,32.29999923706055,1 Day (Intraday),BREAKEVEN RATCHET / INTRADAY CLOSE,INTRADAY,39,Rank #1,"Point-in-Time Execution: Coiling proximity to 20-DMA (+0.04%), RSI-14 (54.4), clean gap (+1.55%) holding above prev_close. PIT-Score: 7.01 (Rank #1)."
165,2022-10-19,2022-10-19,BANKINDIA,Bank of India,Mid-Cap Equities,48.697198471069335,48.79459286801147,25529,1243190.779767929,2486.381559535628,2000.3048157766025,0.16090087284511606,True,486.0767437590258,1.0325076342303954,-0.610295775776488,49.20000076293945,48.400001525878906,1 Day (Intraday),BREAKEVEN RATCHET / INTRADAY CLOSE,INTRADAY,28,Rank #1,"Point-in-Time Execution: Coiling proximity to 20-DMA (-0.20%), RSI-14 (47.8), clean gap (+1.04%) holding above prev_close. PIT-Score: 2.05 (Rank #1)."
164,2022-10-18,2022-10-20,JSL,Jindal Stainless Ltd.,Mid-Cap Equities,131.06160305786133,133.2829030456543,9485,1243119.3050038146,21069.030384216458,18268.495121493204,1.4695689342091864,True,2800.535262723253,4.759899046208322,-0.6955577683377636,137.3000030517578,130.14999389648438,3 Days (Swing),SL HIT (Trailing Stop Triggered),SWING,10,Rank #2,"Point-in-Time Execution: Coiling proximity to 20-DMA (-0.56%), RSI-14 (50.3), clean gap (+0.89%) holding above prev_close. PIT-Score: 1.15 (Rank #2)."
166,2022-10-19,2022-10-24,SUZLON,Suzlon Energy Ltd.,Mid-Cap Equities,7.865699904441834,8.532900190353393,158083,1243433.4379938785,105473.02279775706,102584.32777809906,8.25008598317943,True,2888.6950196579996,22.048902171420465,-0.8352685012794492,9.600000381469727,7.800000190734863,4 Days (Swing),SL HIT (Trailing Stop Triggered),SWING,1,Rank #2,"Point-in-Time Execution: Coiling proximity to 20-DMA (+1.20%), RSI-14 (51.4), clean gap (+1.29%) holding above prev_close. PIT-Score: 1.09 (Rank #2)."
167,2022-10-24,2022-10-31,RVNL,Rail Vikas Nigam Ltd.,Mid-Cap Equities,36.573,40.36910076141358,34329,1255514.517,130316.34303856664,127375.05510634948,10.145247496676255,True,2941.2879322171657,14.975526309191334,-0.7464543869506289,42.04999923706055,36.29999923706055,5 Days (Swing),SL HIT (Trailing Stop Triggered),SWING,8,Rank #1,"Point-in-Time Execution: Coiling proximity to 20-DMA (+0.72%), RSI-14 (53.1), clean gap (+1.11%) holding above prev_close. PIT-Score: 1.11 (Rank #1)."
169,2022-11-01,2022-11-01,JUBLFOOD,Jubilant Foodworks Ltd.,Mid-Cap Equities,615.6789122314453,618.76,2059,1267682.880284546,6343.959715454141,5848.146542718576,0.4613256701396719,True,495.8131727355644,1.1809889588767608,-0.8411709624218033,622.9500122070312,610.5,1 Day (Intraday),BREAKEVEN RATCHET / INTRADAY CLOSE,INTRADAY,44,Rank #2,"Point-in-Time Execution: Coiling proximity to 20-DMA (+0.64%), RSI-14 (53.4), clean gap (+0.74%) holding above prev_close. PIT-Score: 1.05 (Rank #2)."
170,2022-11-01,2022-11-01,TATAINVEST,Tata Investment Corporation Ltd.,Mid-Cap Equities,237.07320611572266,237.5473525279541,5352,1268815.7991313476,2537.631598262815,2042.5085960855288,0.16097755068023775,True,495.1230021772861,2.1203577030713605,-0.7036675986114929,242.10000610351562,235.40499877929688,1 Day (Intraday),BREAKEVEN RATCHET / INTRADAY CLOSE,INTRADAY,54,Rank #3,"Point-in-Time Execution: Coiling proximity to 20-DMA (-0.72%), RSI-14 (52.8), clean gap (+0.84%) holding above prev_close. PIT-Score: 1.00 (Rank #3)."
171,2022-11-01,2022-11-01,HUDCO,Housing & Urban Development Corporation Ltd.,Mid-Cap Equities,36.573,36.47689923858643,34699,1269046.527,-3334.60032028961,-3828.123857512539,-0.3016535466640569,False,493.52353722292884,0.34725279014423954,-0.6097435974049343,36.70000076293945,36.349998474121094,1 Day (Intraday),INTRADAY SQUARE OFF,INTRADAY,72,Rank #4,"Point-in-Time Execution: Coiling proximity to 20-DMA (+0.85%), RSI-14 (48.4), clean gap (+0.55%) holding above prev_close. PIT-Score: 0.76 (Rank #4)."
168,2022-11-01,2022-11-02,SUZLON,Suzlon Energy Ltd.,Mid-Cap Equities,8.066100191116332,8.066067926715567,157233,1268257.1313497943,-5.0730285255704075,-2839.638369804126,-0.2239008399489089,False,2834.5653412785555,6.619062219700791,-1.4393620101454179,8.600000381469727,7.949999809265137,2 Days (Swing),SL HIT (Trailing Stop Triggered),SWING,12,Rank #1,"Point-in-Time Execution: Coiling proximity to 20-DMA (+0.83%), RSI-14 (49.2), clean gap (+1.26%) holding above prev_close. PIT-Score: 1.09 (Rank #1)."
172,2022-11-04,2022-11-04,YESBANK,Yes Bank Ltd.,Mid-Cap Equities,16.2825,16.417100761413575,77898,1268374.1849999998,10485.130112594925,9987.887977491697,0.7874559491678473,True,497.24213510322755,1.9499486041438827,-0.8137594440026128,16.600000381469727,16.149999618530273,1 Day (Intraday),BREAKEVEN RATCHET / INTRADAY CLOSE,INTRADAY,22,Rank #1,"Point-in-Time Execution: Coiling proximity to 20-DMA (+1.21%), RSI-14 (54.0), clean gap (+0.93%) holding above prev_close. PIT-Score: 0.83 (Rank #1)."
173,2022-11-07,2022-11-07,INDUSTOWER,Indus Towers Ltd.,Mid-Cap Equities,190.22970611572265,191.2168060913086,6672,1269212.5992041016,6585.931037109345,6089.5094533976335,0.47978640120782334,True,496.42158371171166,0.9043229197195057,-0.4098777122675785,191.9499969482422,189.4499969482422,1 Day (Intraday),INTRADAY SQUARE OFF,INTRADAY,35,Rank #1,"Point-in-Time Execution: Coiling proximity to 20-DMA (-0.79%), RSI-14 (46.0), clean gap (+0.50%) holding above prev_close. PIT-Score: 0.85 (Rank #1)."
176,2022-11-14,2022-11-14,SUZLON,Suzlon Energy Ltd.,Mid-Cap Equities,8.316600191116333,8.2335,152705,1269986.4321844196,-12689.81468441966,-13180.99178751806,-1.0378844571470192,False,491.17710309840027,0.4016087053105113,-1.4020198058305942,8.350000381469727,8.199999809265137,1 Day (Intraday),INTRADAY SQUARE OFF,INTRADAY,55,Rank #2,"Point-in-Time Execution: Coiling proximity to 20-DMA (+1.11%), RSI-14 (52.1), clean gap (+1.22%) holding above prev_close. PIT-Score: 1.00 (Rank #2)."
175,2022-11-14,2022-11-15,ASHOKLEY,Ashok Leyland Ltd.,Mid-Cap Equities,75.15,75.1496994,16899,1269959.85,-5.079839400015771,-2843.429384090554,-0.22389915587414463,False,2838.349544690538,2.129075182967391,-1.1310671300627986,76.75,74.30000305175781,2 Days (Swing),SL HIT (Trailing Stop Triggered),SWING,15,Rank #1,"Point-in-Time Execution: Coiling proximity to 20-DMA (+0.03%), RSI-14 (46.3), clean gap (+1.52%) holding above prev_close. PIT-Score: 7.75 (Rank #1)."
174,2022-11-11,2022-11-16,GODREJPROP,Godrej Properties Ltd.,Mid-Cap Equities,1249.494,1289.9649487304687,1016,1269485.9039999999,41118.483910156414,38238.57438173152,3.0121306791391933,True,2879.9095284248933,5.634762905149011,-0.6757896534016902,1319.9000244140625,1241.050048828125,4 Days (Swing),SL HIT (Trailing Stop Triggered),SWING,9,Rank #1,"Point-in-Time Execution: Coiling proximity to 20-DMA (+1.15%), RSI-14 (49.8), clean gap (+0.94%) holding above prev_close. PIT-Score: 0.94 (Rank #1)."
177,2022-11-21,2022-11-21,AIAENG,AIA Engineering Ltd.,Mid-Cap Equities,2681.6526489257812,2698.392448730469,474,1271103.3555908203,7934.665107422043,7437.19108008231,0.5850972737480845,True,497.4740273397328,4.040320103262465,-0.7123443114569065,2790.0,2662.550048828125,1 Day (Intraday),BREAKEVEN RATCHET / INTRADAY CLOSE,INTRADAY,17,Rank #1,"Point-in-Time Execution: Coiling proximity to 20-DMA (-0.11%), RSI-14 (52.1), clean gap (+0.65%) holding above prev_close. PIT-Score: 2.99 (Rank #1)."
178,2022-11-24,2022-11-30,SJVN,SJVN Ltd.,Mid-Cap Equities,36.673198471069334,38.922,34710,1272926.7189308165,78055.90106918337,75130.06898270082,5.902151935800802,True,2925.8320864825464,13.297996818680573,-0.6086126038500745,41.54999923706055,36.45000076293945,5 Days (Swing),SL HIT (Trailing Stop Triggered),SWING,2,Rank #1,"Point-in-Time Execution: Coiling proximity to 20-DMA (+0.26%), RSI-14 (55.0), clean gap (+0.97%) holding above prev_close. PIT-Score: 1.75 (Rank #1)."
181,2022-11-30,2022-11-30,COLPAL,Colgate Palmolive (India) Ltd.,Mid-Cap Equities,1614.4223510742188,1628.8857243652344,793,1280236.9244018556,11469.455019775312,10967.75009906354,0.8566969043005711,True,501.70492071177307,1.5843220275513479,-0.4566526374705075,1640.0,1607.050048828125,1 Day (Intraday),BREAKEVEN RATCHET / INTRADAY CLOSE,INTRADAY,30,Rank #2,"Point-in-Time Execution: Coiling proximity to 20-DMA (+1.01%), RSI-14 (56.0), clean gap (+0.54%) holding above prev_close. PIT-Score: 0.69 (Rank #2)."
179,2022-11-25,2022-12-01,GODREJIND,Godrej Industries Ltd.,Mid-Cap Equities,423.2447938842773,454.6388878173828,3007,1272697.0952100218,94402.04045684822,91459.78040343008,7.1862959967184725,True,2942.260053418141,9.971822201383906,-0.21141140864365934,465.45001220703125,422.3500061035156,5 Days (Swing),SL HIT (Trailing Stop Triggered),SWING,23,Rank #1,"Point-in-Time Execution: Coiling proximity to 20-DMA (+0.76%), RSI-14 (50.3), clean gap (+0.51%) holding above prev_close. PIT-Score: 1.10 (Rank #1)."
183,2022-12-01,2022-12-01,BIOCON,Biocon Ltd.,Mid-Cap Equities,285.3695877685547,284.9788878173828,4522,1290441.2758894044,-1766.745179199148,-2268.258099363259,-0.17577383347412837,False,501.51292016411094,0.3961221797615299,-0.8303574978271799,286.5,283.0,1 Day (Intraday),INTRADAY SQUARE OFF,INTRADAY,45,Rank #2,"Point-in-Time Execution: Coiling proximity to 20-DMA (+0.75%), RSI-14 (53.1), clean gap (+0.69%) holding above prev_close. PIT-Score: 0.93 (Rank #2)."
180,2022-11-30,2022-12-05,NAM-INDIA,Nippon Life India Asset Management Ltd.,Mid-Cap Equities,264.4779122314453,267.464,4841,1280337.5731124268,14455.650887573138,11579.252766237652,0.9043906083369213,True,2876.3981213354855,3.7515728936774955,-0.21851289209179905,274.3999938964844,263.8999938964844,4 Days (Swing),SL HIT (Trailing Stop Triggered),SWING,9,Rank #1,"Point-in-Time Execution: Coiling proximity to 20-DMA (-0.02%), RSI-14 (47.6), clean gap (+0.51%) holding above prev_close. PIT-Score: 11.86 (Rank #1)."
182,2022-12-01,2022-12-07,APARINDS,Apar Industries Ltd.,Mid-Cap Equities,1491.978,1633.7759487304688,865,1290560.97,122655.22565185558,119643.98730910082,9.27069623910142,True,3011.2383427547597,12.22015665298851,-0.8061813798946811,1674.300048828125,1479.949951171875,5 Days (Swing),TP REACHED (Peak > +5%),SWING,2,Rank #1,"Point-in-Time Execution: Coiling proximity to 20-DMA (-0.93%), RSI-14 (49.7), clean gap (+1.44%) holding above prev_close. PIT-Score: 1.32 (Rank #1)."
184,2022-12-12,2022-12-12,GICRE,General Insurance Corporation of India,Mid-Cap Equities,143.33610305786132,143.62277526397705,9094,1303498.5212081908,2606.997042416362,2099.63019128403,0.16107653036214556,True,507.366851132332,2.5561577746115023,-0.8623765596911163,147.0,142.10000610351562,1 Day (Intraday),BREAKEVEN RATCHET / INTRADAY CLOSE,INTRADAY,26,Rank #1,"Point-in-Time Execution: Coiling proximity to 20-DMA (-0.42%), RSI-14 (52.9), clean gap (+0.74%) holding above prev_close. PIT-Score: 1.41 (Rank #1)."
185,2022-12-13,2022-12-13,GICRE,General Insurance Corporation of India,Mid-Cap Equities,145.23989694213867,146.4565,8976,1303673.3149526366,10920.229047363391,10410.421126682393,0.7985452342453302,True,509.80792068099737,1.4872614204664805,-0.30287400338496895,147.39999389648438,144.8000030517578,1 Day (Intraday),BREAKEVEN RATCHET / INTRADAY CLOSE,INTRADAY,26,Rank #1,"Point-in-Time Execution: Coiling proximity to 20-DMA (+0.62%), RSI-14 (55.7), clean gap (+0.80%) holding above prev_close. PIT-Score: 1.06 (Rank #1)."
186,2022-12-13,2022-12-15,SJVN,SJVN Ltd.,Mid-Cap Equities,38.3265,38.423,34045,1304825.6925000001,3285.342500000028,366.09567273461334,0.028057055807445584,True,2919.2468272654146,3.0618501558973477,-2.5478494667629685,39.5,37.349998474121094,3 Days (Swing),SL HIT (Trailing Stop Triggered),SWING,19,Rank #2,"Point-in-Time Execution: Coiling proximity to 20-DMA (-1.00%), RSI-14 (50.9), clean gap (+0.79%) holding above prev_close. PIT-Score: 0.87 (Rank #2)."
187,2022-12-26,2022-12-30,GICRE,General Insurance Corporation of India,Mid-Cap Equities,157.314,178.3925,8294,1304762.3159999999,174825.07900000014,171728.21908896946,13.161647679665933,True,3096.859911030686,17.917032177682856,-0.19960079840318912,185.5,157.0,5 Days (Swing),TP REACHED (Peak > +5%),SWING,14,Rank #1,"Point-in-Time Execution: Coiling proximity to 20-DMA (-0.50%), RSI-14 (50.6), clean gap (+0.64%) holding above prev_close. PIT-Score: 1.19 (Rank #1)."
188,2022-12-30,2022-12-30,AWL,AWL Agri Business Ltd.,Mid-Cap Equities,615.228,616.458456,2148,1321509.744,2643.0194879998453,2129.294234811585,0.16112588230840807,True,513.7252531882602,2.043468078983531,-1.0123076322924105,627.7999877929688,609.0,1 Day (Intraday),BREAKEVEN RATCHET / INTRADAY CLOSE,INTRADAY,22,Rank #1,"Point-in-Time Execution: Coiling proximity to 20-DMA (-1.10%), RSI-14 (48.7), clean gap (+1.45%) holding above prev_close. PIT-Score: 1.26 (Rank #1)."
189,2022-12-30,2023-01-04,SUZLON,Suzlon Energy Ltd.,Mid-Cap Equities,10.2705,10.578800380706786,128745,1322275.5225,39692.13251409517,36696.37861485744,2.775244492575672,True,2995.7538992377204,7.102867435859986,-1.1732669438657002,11.0,10.149999618530273,4 Days (Swing),SL HIT (Trailing Stop Triggered),SWING,4,Rank #2,"Point-in-Time Execution: Coiling proximity to 20-DMA (-0.51%), RSI-14 (53.5), clean gap (+0.99%) holding above prev_close. PIT-Score: 1.20 (Rank #2)."
191,2023-01-02,2023-01-04,SAIL,Steel Authority of India Ltd.,Mid-Cap Equities,83.46660305786133,87.5245969543457,15842,1322277.9256426392,64286.739308105316,61265.4944969787,4.633329598027065,True,3021.2448111266153,7.4681293619433555,-0.4991217934372188,89.69999694824219,83.05000305175781,3 Days (Swing),SL HIT (Trailing Stop Triggered),SWING,1,Rank #1,"Point-in-Time Execution: Coiling proximity to 20-DMA (+0.09%), RSI-14 (51.9), clean gap (+0.79%) holding above prev_close. PIT-Score: 3.40 (Rank #1)."
190,2022-12-30,2023-01-05,NIACL,The New India Assurance Company Ltd.,Mid-Cap Equities,116.93339694213867,135.0294030456543,11307,1322165.919224762,204611.5410124513,201445.13692224122,15.235995270575152,True,3166.4040902100787,19.726274666659357,-0.19960079840319303,140.0,116.69999694824219,5 Days (Swing),TP REACHED (Peak > +5%),SWING,1,Rank #3,"Point-in-Time Execution: Coiling proximity to 20-DMA (-0.62%), RSI-14 (52.8), clean gap (+1.17%) holding above prev_close. PIT-Score: 1.17 (Rank #3)."
192,2023-01-03,2023-01-05,RVNL,Rail Vikas Nigam Ltd.,Mid-Cap Equities,69.33839694213867,72.20529847717285,19069,1322213.8912896423,54668.94537156657,51657.80908185553,3.906917740175174,True,3011.136289711045,8.165177315226666,-0.848587461042222,75.0,68.75,3 Days (Swing),SL HIT (Trailing Stop Triggered),SWING,1,Rank #1,"Point-in-Time Execution: Coiling proximity to 20-DMA (-0.87%), RSI-14 (53.5), clean gap (+0.95%) holding above prev_close. PIT-Score: 0.96 (Rank #1)."
193,2023-01-18,2023-01-18,NIACL,The New India Assurance Company Ltd.,Mid-Cap Equities,126.30210305786133,126.55470726397705,10747,1357368.7015628358,2714.737403125502,2188.3530610943308,0.16122023872914729,True,526.3843420311716,2.294414598190244,-0.6350670641595512,129.1999969482422,125.5,1 Day (Intraday),BREAKEVEN RATCHET / INTRADAY CLOSE,INTRADAY,33,Rank #1,"Point-in-Time Execution: Coiling proximity to 20-DMA (+0.49%), RSI-14 (52.5), clean gap (+0.56%) holding above prev_close. PIT-Score: 1.05 (Rank #1)."
194,2023-01-18,2023-01-19,ASTRAL,Astral Ltd.,Mid-Cap Equities,1502.5491489257813,1502.5431387291858,903,1356801.8814799804,-5.427207525586709,-3036.7786388109866,-0.2238188699663735,False,3031.3514312854,1.9517398878555585,-0.7187218423771332,1531.875,1491.75,2 Days (Swing),SL HIT (Trailing Stop Triggered),SWING,10,Rank #2,"Point-in-Time Execution: Coiling proximity to 20-DMA (-0.64%), RSI-14 (45.8), clean gap (+0.53%) holding above prev_close. PIT-Score: 0.85 (Rank #2)."
195,2023-02-08,2023-02-10,PETRONET,Petronet LNG Ltd.,Mid-Cap Equities,220.23960305786133,221.2565969543457,6162,1357116.4340425415,6266.716390136629,3228.1665226078285,0.23786953290307256,True,3038.549867528801,2.7063224813454383,-0.38122533355473476,226.1999969482422,219.39999389648438,3 Days (Swing),SL HIT (Trailing Stop Triggered),SWING,25,Rank #1,"Point-in-Time Execution: Coiling proximity to 20-DMA (-0.55%), RSI-14 (51.3), clean gap (+0.48%) holding above prev_close. PIT-Score: 0.93 (Rank #1)."
196,2023-02-16,2023-02-20,PIIND,PI Industries Ltd.,Mid-Cap Equities,3160.809,3266.1046025390624,429,1355987.061,45171.813489257824,42095.45912595953,3.104414513728132,True,3076.3543632982914,8.037217612840566,-0.3467119444341685,3414.85009765625,3149.85009765625,3 Days (Swing),SL HIT (Trailing Stop Triggered),SWING,3,Rank #1,"Point-in-Time Execution: Coiling proximity to 20-DMA (+1.22%), RSI-14 (47.9), clean gap (+1.04%) holding above prev_close. PIT-Score: 0.96 (Rank #1)."
197,2023-02-16,2023-02-21,ESCORTS,Escorts Kubota Ltd.,Mid-Cap Equities,2058.0077021484376,2081.378948730469,659,1356227.0757158203,15401.65149755869,12355.612328955205,0.9110282894502661,True,3046.0391686034855,3.9354710755946765,-0.6320531324959734,2139.0,2045.0,4 Days (Swing),SL HIT (Trailing Stop Triggered),SWING,32,Rank #2,"Point-in-Time Execution: Coiling proximity to 20-DMA (-0.55%), RSI-14 (46.6), clean gap (+0.50%) holding above prev_close. PIT-Score: 0.89 (Rank #2)."
198,2023-03-01,2023-03-01,JSL,Jindal Stainless Ltd.,Mid-Cap Equities,269.4879122314453,270.60769390869143,5057,1362800.3721544188,5662.7359418338165,5133.59340280956,0.3766944526654321,True,529.1425390242566,1.2104764705561644,-0.5521257777853271,272.75,268.0,1 Day (Intraday),BREAKEVEN RATCHET / INTRADAY CLOSE,INTRADAY,55,Rank #1,"Point-in-Time Execution: Coiling proximity to 20-DMA (+1.59%), RSI-14 (57.5), clean gap (+0.73%) holding above prev_close. PIT-Score: 0.79 (Rank #1)."
199,2023-03-03,2023-03-03,SJVN,SJVN Ltd.,Mid-Cap Equities,32.164198471069334,32.435,42394,1363569.0299825133,11480.360017486848,10949.281408205086,0.8029869531684438,True,531.0786092817619,1.5103844581935935,-0.6659507101429698,32.650001525878906,31.950000762939453,1 Day (Intraday),BREAKEVEN RATCHET / INTRADAY CLOSE,INTRADAY,21,Rank #1,"Point-in-Time Execution: Coiling proximity to 20-DMA (-0.32%), RSI-14 (45.6), clean gap (+0.63%) holding above prev_close. PIT-Score: 1.42 (Rank #1)."
200,2023-03-15,2023-03-16,KPRMILL,K.P.R. Mill Ltd.,Mid-Cap Equities,586.17,586.1676553199999,2328,1364603.76,-5.45841504028067,-3054.1491145082173,-0.22381215734802148,False,3048.6906994679366,4.918368391422291,-0.6687479741371888,615.0,582.25,2 Days (Swing),SL HIT (Trailing Stop Triggered),SWING,9,Rank #1,"Point-in-Time Execution: Coiling proximity to 20-DMA (-1.47%), RSI-14 (52.0), clean gap (+0.68%) holding above prev_close. PIT-Score: 0.74 (Rank #1)."
202,2023-03-21,2023-03-22,BHEL,Bharat Heavy Electricals Ltd.,Mid-Cap Equities,74.79930152893067,74.79900233172457,18240,1364339.2598876953,-5.457357039209455,-3053.5602187998825,-0.22381238366264078,False,3048.102861760673,2.206832664972234,-1.0685949101028946,76.44999694824219,74.0,2 Days (Swing),SL HIT (Trailing Stop Triggered),SWING,16,Rank #1,"Point-in-Time Execution: Coiling proximity to 20-DMA (+1.34%), RSI-14 (49.1), clean gap (+0.54%) holding above prev_close. PIT-Score: 0.71 (Rank #1)."
203,2023-03-22,2023-03-22,KPRMILL,K.P.R. Mill Ltd.,Mid-Cap Equities,594.3864122314453,599.0993878173828,2294,1363522.4296589356,10811.56599414046,10280.69523547407,0.7539806468783671,True,530.8707586663901,1.3902760918766512,-0.5108522979366958,602.6500244140625,591.3499755859375,1 Day (Intraday),BREAKEVEN RATCHET / INTRADAY CLOSE,INTRADAY,17,Rank #1,"Point-in-Time Execution: Coiling proximity to 20-DMA (+0.06%), RSI-14 (54.1), clean gap (+0.53%) holding above prev_close. PIT-Score: 4.75 (Rank #1)."
204,2023-03-22,2023-03-22,FLUOROCHEM,Gujarat Fluorochemicals Ltd.,Mid-Cap Equities,3136.26,3125.3866025390626,435,1364273.1,-4729.927895507775,-5256.614849807156,-0.38530517458763613,False,526.6869542993804,0.755356736108447,-1.0812210194228227,3159.949951171875,3102.35009765625,1 Day (Intraday),INTRADAY SQUARE OFF,INTRADAY,38,Rank #2,"Point-in-Time Execution: Coiling proximity to 20-DMA (-1.18%), RSI-14 (51.4), clean gap (+1.07%) holding above prev_close. PIT-Score: 0.83 (Rank #2)."
201,2023-03-17,2023-03-23,KPITTECH,KPIT Technologies Ltd.,Mid-Cap Equities,827.151,878.4396121826172,1649,1363971.9989999998,84574.92148913606,81439.99045941951,5.97079635939209,True,3134.9310297165493,9.40566017656163,-0.199600798403188,904.9500122070312,825.5,5 Days (Swing),SL HIT (Trailing Stop Triggered),SWING,2,Rank #1,"Point-in-Time Execution: Coiling proximity to 20-DMA (-1.46%), RSI-14 (51.2), clean gap (+1.20%) holding above prev_close. PIT-Score: 0.90 (Rank #1)."
208,2023-04-05,2023-04-05,ICICIGI,ICICI Lombard General Insurance Company Ltd.,Mid-Cap Equities,1094.184,1096.372368,1254,1372106.736,2744.2134720000904,2212.6262434381815,0.1612575891791396,True,531.5872285619088,1.719637647781363,-1.1135238680148831,1113.0,1082.0,1 Day (Intraday),BREAKEVEN RATCHET / INTRADAY CLOSE,INTRADAY,32,Rank #1,"Point-in-Time Execution: Coiling proximity to 20-DMA (+0.27%), RSI-14 (45.6), clean gap (+1.14%) holding above prev_close. PIT-Score: 1.71 (Rank #1)."
209,2023-04-05,2023-04-05,NAM-INDIA,Nippon Life India Asset Management Ltd.,Mid-Cap Equities,217.23360305786133,218.9611939086914,6320,1372916.3713256835,10918.374177246122,10384.161933772386,0.7563579363355886,True,534.2122434737363,1.3885498834796917,-0.4758039709647667,220.25,216.1999969482422,1 Day (Intraday),BREAKEVEN RATCHET / INTRADAY CLOSE,INTRADAY,22,Rank #2,"Point-in-Time Execution: Coiling proximity to 20-DMA (+0.29%), RSI-14 (49.8), clean gap (+0.46%) holding above prev_close. PIT-Score: 1.45 (Rank #2)."
205,2023-03-31,2023-04-06,APOLLOTYRE,Apollo Tyres Ltd.,Mid-Cap Equities,313.7262061157227,319.859,4375,1372552.1517562866,26830.97324371338,23736.809016857875,1.7293921390516775,True,3094.1642268555033,3.1632001367144826,-0.5502269437720921,323.6499938964844,312.0,4 Days (Swing),SL HIT (Trailing Stop Triggered),SWING,27,Rank #1,"Point-in-Time Execution: Coiling proximity to 20-DMA (-0.15%), RSI-14 (46.6), clean gap (+0.51%) holding above prev_close. PIT-Score: 2.31 (Rank #1)."
207,2023-04-03,2023-04-06,POLYCAB,Polycab India Ltd.,Mid-Cap Equities,2909.2067021484377,2911.6150512695312,471,1370236.356711914,1134.3324360351544,-1928.0575201748152,-0.14070984985404095,False,3062.3899562099696,2.0879660760639207,-0.31646778971183304,2969.949951171875,2900.0,3 Days (Swing),SL HIT (Trailing Stop Triggered),SWING,16,Rank #1,"Point-in-Time Execution: Coiling proximity to 20-DMA (-1.36%), RSI-14 (47.0), clean gap (+0.81%) holding above prev_close. PIT-Score: 0.82 (Rank #1)."
206,2023-03-31,2023-04-10,APARINDS,Apar Industries Ltd.,Mid-Cap Equities,2303.046851074219,2689.9094487304687,596,1372615.9232402344,230570.10820312495,227264.68245834496,16.55704837824246,True,3305.4257447799964,19.407036757298577,-0.7510420843653738,2750.0,2285.75,5 Days (Swing),TP REACHED (Peak > +5%),SWING,1,Rank #2,"Point-in-Time Execution: Coiling proximity to 20-DMA (-0.93%), RSI-14 (52.4), clean gap (+0.82%) holding above prev_close. PIT-Score: 0.97 (Rank #2)."
211,2023-04-11,2023-04-11,POLICYBZR,PB Fintech Ltd.,Mid-Cap Equities,593.2841755371094,595.5066121826172,2357,1398370.8017409667,5238.283173462143,4696.725254807328,0.3358712330778018,True,541.5579186548146,3.4832947720563707,-0.36815408892281454,613.9500122070312,591.0999755859375,1 Day (Intraday),BREAKEVEN RATCHET / INTRADAY CLOSE,INTRADAY,28,Rank #1,"Point-in-Time Execution: Coiling proximity to 20-DMA (+0.33%), RSI-14 (54.0), clean gap (+0.42%) holding above prev_close. PIT-Score: 1.30 (Rank #1)."
213,2023-04-11,2023-04-11,AWL,AWL Agri Business Ltd.,Mid-Cap Equities,413.0745,415.8166939086914,3387,1399083.3315,9287.81076873769,8744.84263745876,0.6250408707309196,True,542.9681312789309,3.1290965673262323,-0.19960079840319372,426.0,412.25,1 Day (Intraday),BREAKEVEN RATCHET / INTRADAY CLOSE,INTRADAY,22,Rank #3,"Point-in-Time Execution: Coiling proximity to 20-DMA (-1.13%), RSI-14 (49.0), clean gap (+0.55%) holding above prev_close. PIT-Score: 0.73 (Rank #3)."
210,2023-04-05,2023-04-12,GICRE,General Insurance Corporation of India,Mid-Cap Equities,138.276,145.8576939086914,9936,1373910.3360000001,75331.71067675762,72184.27022546601,5.25392875605137,True,3147.4404512916058,6.23679734479184,-1.3567112901122649,146.89999389648438,136.39999389648438,5 Days (Swing),TP REACHED (Peak > +5%),SWING,6,Rank #3,"Point-in-Time Execution: Coiling proximity to 20-DMA (-0.87%), RSI-14 (45.2), clean gap (+1.28%) holding above prev_close. PIT-Score: 1.11 (Rank #3)."
215,2023-04-12,2023-04-12,ESCORTS,Escorts Kubota Ltd.,Mid-Cap Equities,1908.7598510742187,1917.3077243652344,737,1406756.0102416992,6299.782615478616,5754.965484578011,0.4090947856401361,True,544.8171309006053,1.3747223838040084,-0.45892892546376424,1935.0,1900.0,1 Day (Intraday),BREAKEVEN RATCHET / INTRADAY CLOSE,INTRADAY,24,Rank #2,"Point-in-Time Execution: Coiling proximity to 20-DMA (+0.43%), RSI-14 (45.8), clean gap (+0.52%) holding above prev_close. PIT-Score: 1.09 (Rank #2)."
214,2023-04-12,2023-04-13,TIINDIA,Tube Investments of India Ltd.,Mid-Cap Equities,2594.7792978515627,2594.7689187343713,542,1406370.379435547,-5.6254815177526325,-3147.1403147648316,-0.22377748854664803,False,3141.514833247079,2.340110474856692,-0.7160280142157398,2655.5,2576.199951171875,2 Days (Swing),SL HIT (Trailing Stop Triggered),SWING,12,Rank #1,"Point-in-Time Execution: Coiling proximity to 20-DMA (-0.19%), RSI-14 (48.4), clean gap (+0.53%) holding above prev_close. PIT-Score: 1.88 (Rank #1)."
212,2023-04-11,2023-04-17,TORNTPOWER,Torrent Power Ltd.,Mid-Cap Equities,526.05,534.429,2660,1399292.9999999998,22288.14000000013,19139.252923404492,1.367780223541781,True,3148.88707659564,4.514777643373975,-2.3286783018783774,549.7999877929688,513.7999877929688,4 Days (Swing),SL HIT (Trailing Stop Triggered),SWING,3,Rank #2,"Point-in-Time Execution: Coiling proximity to 20-DMA (-0.53%), RSI-14 (52.5), clean gap (+0.96%) holding above prev_close. PIT-Score: 1.24 (Rank #2)."
216,2023-04-18,2023-04-21,BHEL,Bharat Heavy Electricals Ltd.,Mid-Cap Equities,73.24619847106933,75.0995,19244,1409549.8433772582,35664.934622742,32479.390821684145,2.304238546390389,True,3185.5438010578596,5.056642603282372,-0.33612457193471607,76.94999694824219,73.0,4 Days (Swing),SL HIT (Trailing Stop Triggered),SWING,4,Rank #1,"Point-in-Time Execution: Coiling proximity to 20-DMA (+0.43%), RSI-14 (51.1), clean gap (+0.62%) holding above prev_close. PIT-Score: 1.19 (Rank #1)."
217,2023-04-24,2023-04-24,OBEROIRLTY,Oberoi Realty Ltd.,Mid-Cap Equities,879.756,875.8947243652344,1605,1412008.38,-6197.347393798642,-6740.438729391264,-0.47736534887925136,False,543.0913355926225,0.5847103531050118,-0.665636333930939,884.9000244140625,873.9000244140625,1 Day (Intraday),INTRADAY SQUARE OFF,INTRADAY,58,Rank #1,"Point-in-Time Execution: Coiling proximity to 20-DMA (-0.30%), RSI-14 (47.3), clean gap (+0.53%) holding above prev_close. PIT-Score: 1.40 (Rank #1)."
218,2023-04-27,2023-04-28,JSL,Jindal Stainless Ltd.,Mid-Cap Equities,273.9969122314453,273.99581624379636,5154,1412180.085640869,-5.648720342665911,-3160.075322684501,-0.22377282860849929,False,3154.426602341835,5.804109811137475,-0.6558103190944828,289.8999938964844,272.20001220703125,2 Days (Swing),SL HIT (Trailing Stop Triggered),SWING,10,Rank #1,"Point-in-Time Execution: Coiling proximity to 20-DMA (-1.39%), RSI-14 (46.2), clean gap (+0.50%) holding above prev_close. PIT-Score: 0.66 (Rank #1)."
220,2023-04-28,2023-04-28,TATACOMM,Tata Communications Ltd.,Mid-Cap Equities,1261.518,1266.961,1119,1411638.642,6090.716999999946,5544.23881578572,0.3927519870050228,True,546.478184214226,1.3065211911363905,-0.5047867399385129,1278.0,1255.1500244140625,1 Day (Intraday),BREAKEVEN RATCHET / INTRADAY CLOSE,INTRADAY,47,Rank #2,"Point-in-Time Execution: Coiling proximity to 20-DMA (+0.48%), RSI-14 (53.7), clean gap (+0.78%) holding above prev_close. PIT-Score: 1.20 (Rank #2)."
221,2023-05-02,2023-05-02,THERMAX,Thermax Ltd.,Mid-Cap Equities,2302.6962978515626,2307.3016904472656,613,1411552.8305830078,2823.1056611661334,2277.592996680518,0.16135371962945327,True,545.5126644856152,1.8371377149434418,-0.3320563389349954,2345.0,2295.050048828125,1 Day (Intraday),BREAKEVEN RATCHET / INTRADAY CLOSE,INTRADAY,49,Rank #1,"Point-in-Time Execution: Coiling proximity to 20-DMA (+0.45%), RSI-14 (54.8), clean gap (+0.50%) holding above prev_close. PIT-Score: 1.18 (Rank #1)."
219,2023-04-28,2023-05-03,AWL,AWL Agri Business Ltd.,Mid-Cap Equities,405.5595,412.3736121826172,3481,1411752.6195,23719.92450769036,20541.862872484442,1.4550610771850203,True,3178.06163520592,4.349673033680936,-3.762582853325163,423.20001220703125,390.29998779296875,3 Days (Swing),SL HIT (Trailing Stop Triggered),SWING,19,Rank #1,"Point-in-Time Execution: Coiling proximity to 20-DMA (+0.01%), RSI-14 (46.3), clean gap (+0.65%) holding above prev_close. PIT-Score: 17.70 (Rank #1)."
222,2023-05-04,2023-05-08,SUZLON,Suzlon Energy Ltd.,Mid-Cap Equities,8.216399808883667,8.483,172181,1414707.9354933987,45903.487506601494,42695.8706387033,3.0179989499961724,True,3207.6168678981903,8.319943351679292,-0.19960079840319034,8.899999618530273,8.199999809265137,3 Days (Swing),SL HIT (Trailing Stop Triggered),SWING,4,Rank #1,"Point-in-Time Execution: Coiling proximity to 20-DMA (+0.19%), RSI-14 (50.1), clean gap (+1.23%) holding above prev_close. PIT-Score: 2.35 (Rank #1)."
223,2023-05-22,2023-05-22,UNOMINDA,UNO Minda Ltd.,Mid-Cap Equities,537.0219122314453,534.2792756347657,2642,1418811.8921154784,-7246.045888427412,-7791.234970696836,-0.5491379804464382,False,545.1890822694236,0.7873212753993701,-0.6930675180480301,541.25,533.2999877929688,1 Day (Intraday),INTRADAY SQUARE OFF,INTRADAY,68,Rank #1,"Point-in-Time Execution: Coiling proximity to 20-DMA (+0.20%), RSI-14 (52.0), clean gap (+0.54%) holding above prev_close. PIT-Score: 1.91 (Rank #1)."
224,2023-05-23,2023-05-23,APARINDS,Apar Industries Ltd.,Mid-Cap Equities,2829.648,2814.36,501,1417653.648,-7659.287999999942,-8203.950576177751,-0.5786992180884051,False,544.6625761778081,0.5319372293612089,-1.0459941014527296,2844.699951171875,2800.050048828125,1 Day (Intraday),INTRADAY SQUARE OFF,INTRADAY,45,Rank #1,"Point-in-Time Execution: Coiling proximity to 20-DMA (+0.29%), RSI-14 (54.2), clean gap (+1.08%) holding above prev_close. PIT-Score: 1.68 (Rank #1)."
225,2023-05-29,2023-05-29,IDEA,Vodafone Idea Ltd.,Mid-Cap Equities,7.114199904441834,7.1284283042507175,199232,1417376.2753617554,2834.752550723497,2287.184067836112,0.1613674581403838,True,547.5684828873849,2.611682111673909,-0.9024164989640855,7.300000190734863,7.050000190734863,1 Day (Intraday),BREAKEVEN RATCHET / INTRADAY CLOSE,INTRADAY,45,Rank #1,"Point-in-Time Execution: Coiling proximity to 20-DMA (+0.93%), RSI-14 (57.3), clean gap (+0.71%) holding above prev_close. PIT-Score: 0.90 (Rank #1)."
226,2023-05-29,2023-05-29,VOLTAS,Voltas Ltd.,Mid-Cap Equities,819.636,824.0985,1729,1417150.6439999999,7715.662500000093,7166.77649800628,0.5057173369923177,True,548.886001993813,0.9594502925689005,-0.5656169323943759,827.5,815.0,1 Day (Intraday),INTRADAY SQUARE OFF,INTRADAY,26,Rank #2,"Point-in-Time Execution: Coiling proximity to 20-DMA (+1.15%), RSI-14 (50.3), clean gap (+0.42%) holding above prev_close. PIT-Score: 0.67 (Rank #2)."
227,2023-05-30,2023-06-01,AUROPHARMA,Aurobindo Pharma Ltd.,Mid-Cap Equities,615.2780877685547,645.8557243652343,2305,1418215.9923065184,70481.45235534664,67240.57067336467,4.741208041520378,True,3240.8816819819776,7.748028962216033,-0.41088538968181665,662.9500122070312,612.75,3 Days (Swing),SL HIT (Trailing Stop Triggered),SWING,2,Rank #1,"Point-in-Time Execution: Coiling proximity to 20-DMA (+0.06%), RSI-14 (56.8), clean gap (+0.45%) holding above prev_close. PIT-Score: 4.70 (Rank #1)."
228,2023-06-01,2023-06-01,COLPAL,Colgate Palmolive (India) Ltd.,Mid-Cap Equities,1605.1538510742187,1608.364158776367,887,1423771.4659028319,2847.5429318055976,2297.716790282014,0.16138241602032682,True,549.8261415235838,1.236401664083457,-0.2619001225041627,1625.0,1600.949951171875,1 Day (Intraday),BREAKEVEN RATCHET / INTRADAY CLOSE,INTRADAY,39,Rank #1,"Point-in-Time Execution: Coiling proximity to 20-DMA (-1.06%), RSI-14 (49.6), clean gap (+0.66%) holding above prev_close. PIT-Score: 0.84 (Rank #1)."
229,2023-06-02,2023-06-02,KPRMILL,K.P.R. Mill Ltd.,Mid-Cap Equities,579.156,578.9397756347656,2460,1424723.7599999998,-531.9119384763762,-1081.1064301093938,-0.07588182779442058,False,549.1944916330176,0.8191272151307336,-0.47586066378271996,583.9000244140625,576.4000244140625,1 Day (Intraday),INTRADAY SQUARE OFF,INTRADAY,41,Rank #1,"Point-in-Time Execution: Coiling proximity to 20-DMA (+0.25%), RSI-14 (47.8), clean gap (+0.52%) holding above prev_close. PIT-Score: 1.61 (Rank #1)."
230,2023-06-02,2023-06-02,BHEL,Bharat Heavy Electricals Ltd.,Mid-Cap Equities,82.61489694213867,83.0335969543457,17250,1425106.972251892,7222.575210571289,6671.026119174944,0.4681070438265893,True,551.5490913963448,1.5555361457877133,-0.7442930571823249,83.9000015258789,82.0,1 Day (Intraday),BREAKEVEN RATCHET / INTRADAY CLOSE,INTRADAY,25,Rank #2,"Point-in-Time Execution: Coiling proximity to 20-DMA (+1.24%), RSI-14 (55.6), clean gap (+0.55%) holding above prev_close. PIT-Score: 0.71 (Rank #2)."
231,2023-06-02,2023-06-02,SAIL,Steel Authority of India Ltd.,Mid-Cap Equities,82.81530152893066,83.43279847717285,17217,1425831.0464235991,10631.444957885891,10078.664957947285,0.7068624984164513,True,552.7799999386062,1.3097821017645113,-0.3203495879081828,83.9000015258789,82.55000305175781,1 Day (Intraday),BREAKEVEN RATCHET / INTRADAY CLOSE,INTRADAY,21,Rank #3,"Point-in-Time Execution: Coiling proximity to 20-DMA (-1.07%), RSI-14 (45.6), clean gap (+0.55%) holding above prev_close. PIT-Score: 0.68 (Rank #3)."
232,2023-06-05,2023-06-05,BIOCON,Biocon Ltd.,Mid-Cap Equities,243.18539694213868,240.91719390869142,5867,1426768.7238595276,-13307.54719723505,-13853.805721492712,-0.9709916884088278,False,546.2585242576625,0.4994530796743048,-1.10425912735937,244.39999389648438,240.5,1 Day (Intraday),INTRADAY SQUARE OFF,INTRADAY,57,Rank #1,"Point-in-Time Execution: Coiling proximity to 20-DMA (-1.42%), RSI-14 (51.1), clean gap (+1.02%) holding above prev_close. PIT-Score: 0.83 (Rank #1)."
233,2023-06-05,2023-06-05,SJVN,SJVN Ltd.,Mid-Cap Equities,36.02190076446533,35.6785,39572,1425458.657051422,-13589.05505142198,-14134.771265145919,-0.9915946137914556,False,545.7162137239394,0.6332237630272002,-0.8936230312516483,36.25,35.70000076293945,1 Day (Intraday),INTRADAY SQUARE OFF,INTRADAY,68,Rank #2,"Point-in-Time Execution: Coiling proximity to 20-DMA (-1.53%), RSI-14 (50.7), clean gap (+0.70%) holding above prev_close. PIT-Score: 0.82 (Rank #2)."
234,2023-06-05,2023-06-07,KPRMILL,K.P.R. Mill Ltd.,Mid-Cap Equities,585.168,602.9916121826171,2433,1423713.744,43364.848440307425,40139.847199087235,2.8193762523014065,True,3225.0012412201936,5.491070563149171,-0.4901177451657056,617.2999877929688,582.2999877929688,3 Days (Swing),SL HIT (Trailing Stop Triggered),SWING,3,Rank #3,"Point-in-Time Execution: Coiling proximity to 20-DMA (+1.10%), RSI-14 (50.9), clean gap (+0.67%) holding above prev_close. PIT-Score: 0.80 (Rank #3)."
236,2023-06-07,2023-06-07,AWL,AWL Agri Business Ltd.,Mid-Cap Equities,436.872,437.745744,3268,1427697.696,2855.3953919999767,2304.183195247914,0.16139153279462282,True,551.2121967520626,1.173799190609603,-0.8863007929095967,442.0,433.0,1 Day (Intraday),BREAKEVEN RATCHET / INTRADAY CLOSE,INTRADAY,64,Rank #2,"Point-in-Time Execution: Coiling proximity to 20-DMA (+1.40%), RSI-14 (52.0), clean gap (+1.48%) holding above prev_close. PIT-Score: 1.04 (Rank #2)."
238,2023-06-07,2023-06-07,GODREJIND,Godrej Industries Ltd.,Mid-Cap Equities,472.944,472.6028878173828,3020,1428290.8800000001,-1030.1587915041018,-1580.4679105116047,-0.11065448450609758,False,550.309119007503,0.6567347916389115,-0.3898968792255303,476.04998779296875,471.1000061035156,1 Day (Intraday),INTRADAY SQUARE OFF,INTRADAY,76,Rank #4,"Point-in-Time Execution: Coiling proximity to 20-DMA (-0.58%), RSI-14 (53.3), clean gap (+0.40%) holding above prev_close. PIT-Score: 0.90 (Rank #4)."
235,2023-06-07,2023-06-09,RVNL,Rail Vikas Nigam Ltd.,Mid-Cap Equities,121.64280152893066,122.85379847717284,11739,1427964.8471481171,14215.893175414763,11011.64896681915,0.7711428603309977,True,3204.244208595614,8.678849292040251,-0.5284336770045387,132.1999969482422,121.0,3 Days (Swing),SL HIT (Trailing Stop Triggered),SWING,5,Rank #1,"Point-in-Time Execution: Coiling proximity to 20-DMA (+1.04%), RSI-14 (57.5), clean gap (+1.29%) holding above prev_close. PIT-Score: 1.09 (Rank #1)."
237,2023-06-07,2023-06-09,SJVN,SJVN Ltd.,Mid-Cap Equities,36.12209923553467,36.82620152282715,39540,1428267.8037730409,27840.204439544585,24621.16905882801,1.7238482162649407,True,3219.035380716574,6.859787473671579,-0.6148527199584164,38.599998474121094,35.900001525878906,3 Days (Swing),SL HIT (Trailing Stop Triggered),SWING,4,Rank #3,"Point-in-Time Execution: Coiling proximity to 20-DMA (-0.48%), RSI-14 (52.9), clean gap (+0.42%) holding above prev_close. PIT-Score: 1.03 (Rank #3)."
239,2023-06-13,2023-06-13,GODREJIND,Godrej Industries Ltd.,Mid-Cap Equities,475.7495877685547,480.23761218261717,3009,1431530.509595581,13504.465461913962,12948.854341614679,0.9045461661360493,True,555.6111202992836,1.3243101384418012,-0.3152052691392414,482.04998779296875,474.25,1 Day (Intraday),BREAKEVEN RATCHET / INTRADAY CLOSE,INTRADAY,32,Rank #1,"Point-in-Time Execution: Coiling proximity to 20-DMA (-0.04%), RSI-14 (54.1), clean gap (+0.53%) holding above prev_close. PIT-Score: 6.38 (Rank #1)."
242,2023-06-14,2023-06-14,CONCOR,Container Corporation of India Ltd.,Mid-Cap Equities,656.31,660.9753878173829,2183,1432724.73,10184.541605346836,9629.459828203344,0.6721081605259472,True,555.0817771434921,1.4078694203910966,-0.7633606385749411,665.5499877929688,651.2999877929688,1 Day (Intraday),BREAKEVEN RATCHET / INTRADAY CLOSE,INTRADAY,27,Rank #1,"Point-in-Time Execution: Coiling proximity to 20-DMA (-1.54%), RSI-14 (47.9), clean gap (+0.61%) holding above prev_close. PIT-Score: 0.74 (Rank #1)."
241,2023-06-13,2023-06-15,POLICYBZR,PB Fintech Ltd.,Mid-Cap Equities,616.1298244628906,628.3907243652344,2325,1432501.8418762207,28506.592272949405,25277.456417383284,1.7645671145718116,True,3229.1358555661195,9.546719767285566,-0.4024801186973652,674.9500122070312,613.6500244140625,3 Days (Swing),SL HIT (Trailing Stop Triggered),SWING,7,Rank #3,"Point-in-Time Execution: Coiling proximity to 20-DMA (-1.07%), RSI-14 (49.7), clean gap (+0.73%) holding above prev_close. PIT-Score: 0.83 (Rank #3)."
245,2023-06-16,2023-06-16,LTTS,L&T Technology Services Ltd.,Mid-Cap Equities,3859.653851074219,3870.693051269531,372,1435791.2325996095,4106.582472656155,3552.159570469139,0.24740084002586385,True,554.4229021870161,1.428786100560749,-0.479419902521022,3914.800048828125,3841.14990234375,1 Day (Intraday),BREAKEVEN RATCHET / INTRADAY CLOSE,INTRADAY,51,Rank #3,"Point-in-Time Execution: Coiling proximity to 20-DMA (-0.93%), RSI-14 (50.3), clean gap (+0.41%) holding above prev_close. PIT-Score: 0.65 (Rank #3)."
246,2023-06-16,2023-06-16,MARICO,Marico Ltd.,Mid-Cap Equities,548.6951755371093,547.0537243652344,2618,1436483.9695561521,-4297.319167968351,-4849.580811530185,-0.33760076090710706,False,552.261643561834,0.8665716197098857,-0.39096165590314874,553.4500122070312,546.5499877929688,1 Day (Intraday),INTRADAY SQUARE OFF,INTRADAY,64,Rank #4,"Point-in-Time Execution: Coiling proximity to 20-DMA (+1.01%), RSI-14 (58.1), clean gap (+0.40%) holding above prev_close. PIT-Score: 0.64 (Rank #4)."
240,2023-06-13,2023-06-19,DALBHARAT,Dalmia Bharat Ltd.,Mid-Cap Equities,2118.3282978515626,2239.013,676,1431989.9293476564,81582.85865234351,78299.86149059507,5.467905876004631,True,3282.9971617484407,8.047466067911056,-0.4403612915440692,2288.800048828125,2109.0,5 Days (Swing),SL HIT (Trailing Stop Triggered),SWING,18,Rank #2,"Point-in-Time Execution: Coiling proximity to 20-DMA (+0.09%), RSI-14 (53.8), clean gap (+0.57%) holding above prev_close. PIT-Score: 3.38 (Rank #2)."
244,2023-06-16,2023-06-20,LICHSGFIN,LIC Housing Finance Ltd.,Mid-Cap Equities,378.75600000000003,382.6331939086914,3792,1436242.752,14702.319301757729,11479.173799569042,0.7992502509470657,True,3223.1455021886873,3.7475346151694544,-0.45042513043523497,392.95001220703125,377.04998779296875,3 Days (Swing),SL HIT (Trailing Stop Triggered),SWING,19,Rank #2,"Point-in-Time Execution: Coiling proximity to 20-DMA (+0.53%), RSI-14 (55.2), clean gap (+0.41%) holding above prev_close. PIT-Score: 0.88 (Rank #2)."
243,2023-06-16,2023-06-22,GVT&D,GE Vernova T&D India Ltd.,Mid-Cap Equities,200.34989694213868,215.069,7169,1436308.4111781921,105521.24982180772,102203.84945815007,7.115731458699255,True,3317.400363657648,13.301780267727265,-1.447417761704161,227.0,197.4499969482422,5 Days (Swing),SL HIT (Trailing Stop Triggered),SWING,2,Rank #1,"Point-in-Time Execution: Coiling proximity to 20-DMA (-1.43%), RSI-14 (50.5), clean gap (+1.57%) holding above prev_close. PIT-Score: 1.08 (Rank #1)."
247,2023-06-26,2023-06-26,RVNL,Rail Vikas Nigam Ltd.,Mid-Cap Equities,123.246,123.492492,11810,1455535.26,2911.0705200000666,2350.030982471889,0.1614547614924759,True,561.0395375281776,1.1797518363615798,-0.7675680738053833,124.69999694824219,122.30000305175781,1 Day (Intraday),BREAKEVEN RATCHET / INTRADAY CLOSE,INTRADAY,33,Rank #1,"Point-in-Time Execution: Coiling proximity to 20-DMA (-0.65%), RSI-14 (52.5), clean gap (+1.53%) holding above prev_close. PIT-Score: 1.30 (Rank #1)."
249,2023-06-27,2023-06-27,BHEL,Bharat Heavy Electricals Ltd.,Mid-Cap Equities,84.31830152893066,84.48693813198852,17265,1455755.4758969878,2911.5109517939854,2350.393672669452,0.16145525203820496,True,561.1172791245334,1.2235741547005008,-0.25890352491821095,85.3499984741211,84.0999984741211,1 Day (Intraday),BREAKEVEN RATCHET / INTRADAY CLOSE,INTRADAY,45,Rank #2,"Point-in-Time Execution: Coiling proximity to 20-DMA (-1.14%), RSI-14 (49.6), clean gap (+0.42%) holding above prev_close. PIT-Score: 0.69 (Rank #2)."
251,2023-06-28,2023-06-28,BHEL,Bharat Heavy Electricals Ltd.,Mid-Cap Equities,84.86939694213868,85.03913573602296,17156,1456019.3739393312,2912.038747878745,2350.8283062924297,0.16145583969340666,True,561.2104415863155,1.0965155204927315,-0.4352534075274761,85.80000305175781,84.5,1 Day (Intraday),BREAKEVEN RATCHET / INTRADAY CLOSE,INTRADAY,39,Rank #2,"Point-in-Time Execution: Coiling proximity to 20-DMA (-0.63%), RSI-14 (51.5), clean gap (+0.41%) holding above prev_close. PIT-Score: 0.88 (Rank #2)."
252,2023-06-28,2023-06-28,GICRE,General Insurance Corporation of India,Mid-Cap Equities,183.76679388427735,184.1343274720459,7924,1456168.0747390138,2912.3361494778655,2351.07321287323,0.1614561707304707,True,561.2629366046353,2.4124070351668325,-0.6621385761813856,188.1999969482422,182.5500030517578,1 Day (Intraday),BREAKEVEN RATCHET / INTRADAY CLOSE,INTRADAY,57,Rank #3,"Point-in-Time Execution: Coiling proximity to 20-DMA (-0.91%), RSI-14 (53.1), clean gap (+0.52%) holding above prev_close. PIT-Score: 0.78 (Rank #3)."
250,2023-06-28,2023-07-03,POLYCAB,Polycab India Ltd.,Mid-Cap Equities,3517.02,3527.93,413,1452529.26,4505.829999999842,1257.054382856742,0.08654244822969982,True,3248.7756171430997,3.4384209123597542,-0.30337906363199474,3637.949951171875,3506.35009765625,3 Days (Swing),SL HIT (Trailing Stop Triggered),SWING,3,Rank #1,"Point-in-Time Execution: Coiling proximity to 20-DMA (-1.31%), RSI-14 (50.9), clean gap (+1.00%) holding above prev_close. PIT-Score: 0.92 (Rank #1)."
255,2023-07-03,2023-07-03,GODFRYPHLP,Godfrey Phillips India Ltd.,Mid-Cap Equities,567.5161285400391,564.136129272461,2566,1456246.3858337402,-8673.078120605554,-9231.052611327279,-0.6338935980288977,False,557.974490721725,0.4964060590647039,-0.7370390622233582,570.3333129882812,563.3333129882812,1 Day (Intraday),INTRADAY SQUARE OFF,INTRADAY,47,Rank #2,"Point-in-Time Execution: Coiling proximity to 20-DMA (-0.82%), RSI-14 (46.8), clean gap (+0.80%) holding above prev_close. PIT-Score: 0.84 (Rank #2)."
256,2023-07-03,2023-07-03,FEDERALBNK,Federal Bank Ltd.,Mid-Cap Equities,127.45439694213867,127.2949030456543,11421,1455656.6674761658,-1821.5797917481977,-2381.3075120160343,-0.16358991548087864,False,559.7277202678366,0.8203742538093899,-0.7488144505300559,128.5,126.5,1 Day (Intraday),INTRADAY SQUARE OFF,INTRADAY,34,Rank #3,"Point-in-Time Execution: Coiling proximity to 20-DMA (+1.51%), RSI-14 (55.0), clean gap (+0.83%) holding above prev_close. PIT-Score: 0.71 (Rank #3)."
248,2023-06-27,2023-07-04,GODREJIND,Godrej Industries Ltd.,Mid-Cap Equities,483.16441223144534,507.7325,3013,1455774.3740533448,74023.64844665513,70695.62454835625,4.856221252989696,True,3328.023898298888,8.327519818107692,-0.38587784846693,523.4000244140625,481.29998779296875,5 Days (Swing),TP REACHED (Peak > +5%),SWING,2,Rank #1,"Point-in-Time Execution: Coiling proximity to 20-DMA (-0.91%), RSI-14 (49.4), clean gap (+0.50%) holding above prev_close. PIT-Score: 0.76 (Rank #1)."
253,2023-06-30,2023-07-04,BHEL,Bharat Heavy Electricals Ltd.,Mid-Cap Equities,85.671,86.92579847717285,17000,1456407.0,21331.574111938477,18056.745130258758,1.2398144976135625,True,3274.8289816797173,4.06088586088513,-0.6665050318998409,89.1500015258789,85.0999984741211,3 Days (Swing),SL HIT (Trailing Stop Triggered),SWING,14,Rank #1,"Point-in-Time Execution: Coiling proximity to 20-DMA (+0.01%), RSI-14 (53.9), clean gap (+0.53%) holding above prev_close. PIT-Score: 14.27 (Rank #1)."
254,2023-07-03,2023-07-07,MAHABANK,Bank of Maharashtra,Mid-Cap Equities,29.208299617767334,31.936,49869,1456588.6936384393,136027.6903615608,132633.60647673404,9.105769326372167,True,3394.083884826735,12.1256643782107,-0.3707824067640339,32.75,29.100000381469727,5 Days (Swing),TP REACHED (Peak > +5%),SWING,8,Rank #1,"Point-in-Time Execution: Coiling proximity to 20-DMA (+0.71%), RSI-14 (52.2), clean gap (+0.87%) holding above prev_close. PIT-Score: 0.96 (Rank #1)."
257,2023-07-05,2023-07-07,BHEL,Bharat Heavy Electricals Ltd.,Mid-Cap Equities,87.77519847106933,92.5145969543457,16682,1464265.8608943785,79062.64549801662,75710.52813804636,5.170545196744675,True,3352.1173599702606,8.572814088445103,-0.7692377900698026,95.30000305175781,87.0999984741211,3 Days (Swing),SL HIT (Trailing Stop Triggered),SWING,1,Rank #1,"Point-in-Time Execution: Coiling proximity to 20-DMA (+1.47%), RSI-14 (57.4), clean gap (+0.81%) holding above prev_close. PIT-Score: 0.81 (Rank #1)."
258,2023-07-11,2023-07-11,DABUR,Dabur India Ltd.,Mid-Cap Equities,576.9015,580.4867243652344,2574,1484944.4610000001,9228.367516113212,8655.154472224172,0.5828604839803616,True,573.2130438890391,0.9531132115382686,-0.6762852930699703,582.4000244140625,573.0,1 Day (Intraday),INTRADAY SQUARE OFF,INTRADAY,32,Rank #1,"Point-in-Time Execution: Coiling proximity to 20-DMA (+0.22%), RSI-14 (54.7), clean gap (+0.53%) holding above prev_close. PIT-Score: 1.85 (Rank #1)."
259,2023-07-11,2023-07-11,NHPC,NHPC Ltd.,Mid-Cap Equities,46.593,46.75629847717285,31893,1485990.549,5208.078332473524,4635.647304068585,0.3119567151478959,True,572.4310284049386,1.624704299188913,-0.8434727041842129,47.349998474121094,46.20000076293945,1 Day (Intraday),BREAKEVEN RATCHET / INTRADAY CLOSE,INTRADAY,27,Rank #2,"Point-in-Time Execution: Coiling proximity to 20-DMA (+0.83%), RSI-14 (56.4), clean gap (+1.09%) holding above prev_close. PIT-Score: 0.96 (Rank #2)."
260,2023-07-12,2023-07-12,TATAINVEST,Tata Investment Corporation Ltd.,Mid-Cap Equities,234.468,234.936936,6339,1486292.652,2972.5853039999492,2400.6876550160223,0.16152186797032098,True,571.8976489839267,1.5895590546337928,-0.7881693377401136,238.19500732421875,232.6199951171875,1 Day (Intraday),BREAKEVEN RATCHET / INTRADAY CLOSE,INTRADAY,39,Rank #1,"Point-in-Time Execution: Coiling proximity to 20-DMA (-1.40%), RSI-14 (51.2), clean gap (+0.73%) holding above prev_close. PIT-Score: 0.77 (Rank #1)."
261,2023-07-14,2023-07-17,TATACOMM,Tata Communications Ltd.,Mid-Cap Equities,1602.198,1602.191591208,927,1485237.546,-5.940950183896348,-3322.733948599642,-0.22371734121240983,False,3316.792998415746,2.172141021272022,-1.0734004161782809,1637.0,1585.0,2 Days (Swing),SL HIT (Trailing Stop Triggered),SWING,16,Rank #1,"Point-in-Time Execution: Coiling proximity to 20-DMA (+0.13%), RSI-14 (58.2), clean gap (+0.92%) holding above prev_close. PIT-Score: 2.92 (Rank #1)."
263,2023-07-17,2023-07-17,TATAINVEST,Tata Investment Corporation Ltd.,Mid-Cap Equities,235.48502938842773,234.47511730957032,6312,1486381.505499756,-6374.565041748108,-6943.818609870869,-0.4671626082656482,False,569.2535681227606,0.4734809333670041,-0.6285004653837095,236.60000610351562,234.0050048828125,1 Day (Intraday),INTRADAY SQUARE OFF,INTRADAY,56,Rank #1,"Point-in-Time Execution: Coiling proximity to 20-DMA (-0.50%), RSI-14 (53.4), clean gap (+0.53%) holding above prev_close. PIT-Score: 1.05 (Rank #1)."
264,2023-07-17,2023-07-17,FEDERALBNK,Federal Bank Ltd.,Mid-Cap Equities,131.262,132.3348060913086,11318,1485623.316,12142.019341430627,11567.733070831775,0.7786450943687111,True,574.2862705988523,1.857351669365229,-1.113800603557913,133.6999969482422,129.8000030517578,1 Day (Intraday),BREAKEVEN RATCHET / INTRADAY CLOSE,INTRADAY,15,Rank #2,"Point-in-Time Execution: Coiling proximity to 20-DMA (+1.22%), RSI-14 (51.6), clean gap (+1.31%) holding above prev_close. PIT-Score: 0.94 (Rank #2)."
265,2023-07-19,2023-07-19,TATACOMM,Tata Communications Ltd.,Mid-Cap Equities,1615.224,1618.454448,920,1486006.0799999998,2972.0121600001585,2400.2156779394904,0.16152125554826066,True,571.7964820606682,1.0571938522536235,-0.4751013588130769,1632.300048828125,1607.550048828125,1 Day (Intraday),BREAKEVEN RATCHET / INTRADAY CLOSE,INTRADAY,38,Rank #1,"Point-in-Time Execution: Coiling proximity to 20-DMA (+1.30%), RSI-14 (58.9), clean gap (+0.63%) holding above prev_close. PIT-Score: 0.78 (Rank #1)."
262,2023-07-14,2023-07-20,NATIONALUM,National Aluminium Co. Ltd.,Mid-Cap Equities,85.37039694213867,91.66629847717284,17415,1486725.462747345,109643.12523262016,106209.40419739911,7.143847795620112,True,3433.721035221059,10.108425598290472,-0.2581637478025779,94.0,85.1500015258789,5 Days (Swing),SL HIT (Trailing Stop Triggered),SWING,2,Rank #2,"Point-in-Time Execution: Coiling proximity to 20-DMA (+1.15%), RSI-14 (56.0), clean gap (+0.77%) holding above prev_close. PIT-Score: 0.76 (Rank #2)."
266,2023-07-24,2023-07-26,NIACL,The New India Assurance Company Ltd.,Mid-Cap Equities,120.08969847106934,122.9535969543457,12471,1497638.6296327058,35715.67798493942,32334.308503099335,2.159019396490146,True,3381.3694818400877,5.254658089036482,-0.5326864260395012,126.4000015258789,119.44999694824219,3 Days (Swing),SL HIT (Trailing Stop Triggered),SWING,9,Rank #1,"Point-in-Time Execution: Coiling proximity to 20-DMA (+1.41%), RSI-14 (54.5), clean gap (+0.76%) holding above prev_close. PIT-Score: 1.01 (Rank #1)."
267,2023-07-26,2023-08-01,GODFRYPHLP,Godfrey Phillips India Ltd.,Mid-Cap Equities,567.5829122314453,692.844870727539,2644,1500689.2199399415,331192.61826367164,327498.2881033848,21.823191887557602,True,3694.3301602868537,29.026666801705097,-0.39634724631152335,732.3333129882812,565.3333129882812,5 Days (Swing),SL HIT (Trailing Stop Triggered),SWING,17,Rank #1,"Point-in-Time Execution: Coiling proximity to 20-DMA (+1.18%), RSI-14 (52.9), clean gap (+0.72%) holding above prev_close. PIT-Score: 0.70 (Rank #1)."
268,2023-07-26,2023-08-01,TORNTPOWER,Torrent Power Ltd.,Mid-Cap Equities,615.228,676.4443878173828,2439,1500541.092,149306.7698865966,145801.2437786665,9.716577876873398,True,3505.5261079300926,10.853212142490271,-0.2808714817921083,682.0,613.5,5 Days (Swing),TP REACHED (Peak > +5%),SWING,5,Rank #2,"Point-in-Time Execution: Coiling proximity to 20-DMA (-0.81%), RSI-14 (47.6), clean gap (+0.40%) holding above prev_close. PIT-Score: 0.70 (Rank #2)."
271,2023-08-01,2023-08-01,LAURUSLABS,Laurus Labs Ltd.,Mid-Cap Equities,354.4575,357.5833878173828,4368,1548270.3599999999,13653.87798632821,13057.078906524976,0.8433332603825715,True,596.7990798032348,1.2815358681929478,-0.6933130206019007,359.0,352.0,1 Day (Intraday),BREAKEVEN RATCHET / INTRADAY CLOSE,INTRADAY,19,Rank #1,"Point-in-Time Execution: Coiling proximity to 20-DMA (+0.17%), RSI-14 (51.9), clean gap (+0.50%) holding above prev_close. PIT-Score: 2.17 (Rank #1)."
272,2023-08-01,2023-08-01,RVNL,Rail Vikas Nigam Ltd.,Mid-Cap Equities,126.15180152893066,124.84979847717285,12283,1549522.5781798554,-15992.503484741086,-16581.258346163308,-1.0700882052096627,False,588.7548614222229,0.2760154566555953,-1.2697388842326642,126.5,124.55000305175781,1 Day (Intraday),INTRADAY SQUARE OFF,INTRADAY,42,Rank #2,"Point-in-Time Execution: Coiling proximity to 20-DMA (-0.24%), RSI-14 (49.7), clean gap (+1.45%) holding above prev_close. PIT-Score: 2.15 (Rank #2)."
269,2023-07-31,2023-08-02,SUZLON,Suzlon Energy Ltd.,Mid-Cap Equities,18.236400764465333,19.06180038070679,82305,1500946.9649193194,67934.51541475276,64512.40731950373,4.298113712696802,True,3422.1080952490383,8.848235119665631,-1.022139893788694,19.850000381469727,18.049999237060547,3 Days (Swing),SL HIT (Trailing Stop Triggered),SWING,6,Rank #1,"Point-in-Time Execution: Coiling proximity to 20-DMA (-0.21%), RSI-14 (57.4), clean gap (+0.83%) holding above prev_close. PIT-Score: 1.95 (Rank #1)."
270,2023-07-31,2023-08-02,SUPREMEIND,Supreme Industries Ltd.,Mid-Cap Equities,3403.593648925781,3483.02,440,1497581.2055273436,34947.59447265649,31567.148521239815,2.107875579950542,True,3380.4459514166783,5.779373808751438,-0.6329662797571473,3600.300048828125,3382.050048828125,3 Days (Swing),SL HIT (Trailing Stop Triggered),SWING,1,Rank #2,"Point-in-Time Execution: Coiling proximity to 20-DMA (-0.72%), RSI-14 (51.1), clean gap (+1.10%) holding above prev_close. PIT-Score: 1.15 (Rank #2)."
275,2023-08-07,2023-08-07,RVNL,Rail Vikas Nigam Ltd.,Mid-Cap Equities,124.248,124.89970152282714,12535,1557448.6800000002,8169.078588637989,7570.614483786518,0.48609078302255954,True,598.4641048514716,1.3296000948738824,-1.286136174522808,125.9000015258789,122.6500015258789,1 Day (Intraday),BREAKEVEN RATCHET / INTRADAY CLOSE,INTRADAY,21,Rank #1,"Point-in-Time Execution: Coiling proximity to 20-DMA (-1.56%), RSI-14 (47.7), clean gap (+1.10%) holding above prev_close. PIT-Score: 0.87 (Rank #1)."
273,2023-08-04,2023-08-08,IDEA,Vodafone Idea Ltd.,Mid-Cap Equities,7.915800095558167,8.2335,196764,1557544.490002407,62511.90399759286,58969.62967046622,3.7860639005165813,True,3542.274327126639,8.643476056141044,-0.8312512965369236,8.600000381469727,7.849999904632568,3 Days (Swing),SL HIT (Trailing Stop Triggered),SWING,6,Rank #1,"Point-in-Time Execution: Coiling proximity to 20-DMA (+0.51%), RSI-14 (50.8), clean gap (+0.64%) holding above prev_close. PIT-Score: 1.09 (Rank #1)."
274,2023-08-04,2023-08-08,POLICYBZR,PB Fintech Ltd.,Mid-Cap Equities,732.4119122314453,771.5038878173829,2126,1557107.7254040528,83109.54009570321,79546.8926508683,5.108631301037746,True,3562.647444834897,11.685785872569003,-0.5682474795863374,818.0,728.25,3 Days (Swing),SL HIT (Trailing Stop Triggered),SWING,1,Rank #2,"Point-in-Time Execution: Coiling proximity to 20-DMA (-1.53%), RSI-14 (51.0), clean gap (+1.31%) holding above prev_close. PIT-Score: 0.97 (Rank #2)."
276,2023-08-08,2023-08-08,BHEL,Bharat Heavy Electricals Ltd.,Mid-Cap Equities,97.84530152893066,98.65229847717285,16067,1572080.459665329,12966.019967407221,12361.025853206065,0.7862845554252059,True,604.9941142011558,3.173065411212961,-0.6084109503762372,100.94999694824219,97.25,1 Day (Intraday),BREAKEVEN RATCHET / INTRADAY CLOSE,INTRADAY,18,Rank #1,"Point-in-Time Execution: Coiling proximity to 20-DMA (-1.15%), RSI-14 (51.3), clean gap (+1.09%) holding above prev_close. PIT-Score: 1.03 (Rank #1)."
277,2023-08-08,2023-08-09,BIOCON,Biocon Ltd.,Mid-Cap Equities,264.7284122314453,264.72735331779637,5943,1573280.9538914794,-6.293123815674335,-3518.758005255181,-0.22365731921889748,False,3512.464881439507,4.446665799613188,-0.3884736117840462,276.5,263.70001220703125,2 Days (Swing),SL HIT (Trailing Stop Triggered),SWING,4,Rank #2,"Point-in-Time Execution: Coiling proximity to 20-DMA (+1.45%), RSI-14 (57.7), clean gap (+1.07%) holding above prev_close. PIT-Score: 0.80 (Rank #2)."
278,2023-08-11,2023-08-11,IDEA,Vodafone Idea Ltd.,Mid-Cap Equities,8.116200382232666,8.132432782997132,193814,1573033.2608820419,3146.0665217642672,2543.5473168636113,0.16169698251881692,True,602.5192049006561,1.0324957872641694,-0.8156549663648387,8.199999809265137,8.050000190734863,1 Day (Intraday),BREAKEVEN RATCHET / INTRADAY CLOSE,INTRADAY,47,Rank #1,"Point-in-Time Execution: Coiling proximity to 20-DMA (+0.28%), RSI-14 (52.7), clean gap (+0.62%) holding above prev_close. PIT-Score: 1.55 (Rank #1)."
279,2023-08-11,2023-08-14,BHEL,Bharat Heavy Electricals Ltd.,Mid-Cap Equities,100.65089694213867,100.65049433855091,15631,1573274.1701025695,-6.2930966801941395,-3518.7429015025896,-0.22365732358481327,False,3512.4498048223954,3.277765133081798,-0.7957191563608144,103.94999694824219,99.8499984741211,2 Days (Swing),SL HIT (Trailing Stop Triggered),SWING,7,Rank #2,"Point-in-Time Execution: Coiling proximity to 20-DMA (+1.15%), RSI-14 (57.0), clean gap (+0.60%) holding above prev_close. PIT-Score: 0.76 (Rank #2)."
280,2023-08-21,2023-08-21,GICRE,General Insurance Corporation of India,Mid-Cap Equities,205.1595,205.1389030456543,7666,1572752.727,-157.89625201397575,-759.3709021379508,-0.04828291753061769,False,601.474650123975,0.38530847864328926,-1.0282228940128026,205.9499969482422,203.0500030517578,1 Day (Intraday),INTRADAY SQUARE OFF,INTRADAY,28,Rank #1,"Point-in-Time Execution: Coiling proximity to 20-DMA (+0.06%), RSI-14 (57.4), clean gap (+1.19%) holding above prev_close. PIT-Score: 5.21 (Rank #1)."
281,2023-08-21,2023-08-21,ATGL,Adani Total Gas Ltd.,Mid-Cap Equities,660.318,663.171,2381,1572217.158,6792.993000000017,6189.717587014183,0.3936935527969974,True,603.2754129858341,2.0190308933063337,-0.6539273501555287,673.6500244140625,656.0,1 Day (Intraday),BREAKEVEN RATCHET / INTRADAY CLOSE,INTRADAY,30,Rank #2,"Point-in-Time Execution: Coiling proximity to 20-DMA (+0.74%), RSI-14 (52.4), clean gap (+0.69%) holding above prev_close. PIT-Score: 0.97 (Rank #2)."
284,2023-08-22,2023-08-22,GODREJIND,Godrej Industries Ltd.,Mid-Cap Equities,496.09020611572265,493.9601121826172,3171,1573102.0435929566,-6754.527861877577,-7354.237501854208,-0.46749907495238957,False,599.709639976631,0.7881215625864046,-0.6329884907985646,500.0,492.95001220703125,1 Day (Intraday),INTRADAY SQUARE OFF,INTRADAY,71,Rank #3,"Point-in-Time Execution: Coiling proximity to 20-DMA (+1.46%), RSI-14 (52.1), clean gap (+0.52%) holding above prev_close. PIT-Score: 0.70 (Rank #3)."
282,2023-08-22,2023-08-24,BHEL,Bharat Heavy Electricals Ltd.,Mid-Cap Equities,101.703,108.33290304565429,15471,1573447.1130000001,102571.23001931747,98952.1023607384,6.288873743717523,True,3619.1276585790733,11.156999352779966,-0.6420626217930547,113.05000305175781,101.05000305175781,3 Days (Swing),SL HIT (Trailing Stop Triggered),SWING,1,Rank #1,"Point-in-Time Execution: Coiling proximity to 20-DMA (+0.31%), RSI-14 (56.2), clean gap (+0.54%) holding above prev_close. PIT-Score: 1.43 (Rank #1)."
283,2023-08-22,2023-08-24,NIACL,The New India Assurance Company Ltd.,Mid-Cap Equities,124.79910305786133,129.8398060913086,12608,1573467.0913535156,63553.183845703024,59974.443300106526,3.8116109087807977,True,3578.740545596501,9.055275854358337,-0.3999227509448665,136.10000610351562,124.30000305175781,3 Days (Swing),SL HIT (Trailing Stop Triggered),SWING,4,Rank #2,"Point-in-Time Execution: Coiling proximity to 20-DMA (-0.60%), RSI-14 (51.8), clean gap (+0.57%) holding above prev_close. PIT-Score: 0.94 (Rank #2)."
285,2023-08-24,2023-08-24,NAM-INDIA,Nippon Life India Asset Management Ltd.,Mid-Cap Equities,315.63,312.7233060913086,5033,1588565.79,-14629.390442444012,-15232.296320352312,-0.9588709775974914,False,602.905877908301,0.7508791939929679,-1.2134499911387528,318.0,311.79998779296875,1 Day (Intraday),INTRADAY SQUARE OFF,INTRADAY,38,Rank #1,"Point-in-Time Execution: Coiling proximity to 20-DMA (-1.08%), RSI-14 (54.1), clean gap (+1.27%) holding above prev_close. PIT-Score: 1.08 (Rank #1)."
286,2023-09-04,2023-09-04,TATAINVEST,Tata Investment Corporation Ltd.,Mid-Cap Equities,247.48398550415038,245.52296939086915,6413,1587114.7990381164,-12575.996334472438,-13178.97854249619,-0.8303733636964015,False,602.9822080237515,0.40851516552781664,-0.7895406730552827,248.4949951171875,245.52999877929688,1 Day (Intraday),INTRADAY SQUARE OFF,INTRADAY,72,Rank #1,"Point-in-Time Execution: Coiling proximity to 20-DMA (-0.65%), RSI-14 (51.8), clean gap (+0.79%) holding above prev_close. PIT-Score: 1.06 (Rank #1)."
287,2023-09-04,2023-09-06,BDL,Bharat Dynamics Ltd.,Mid-Cap Equities,575.77425,580.0126378173828,2754,1585682.2845,11672.520049072336,8120.391915760372,0.5121071222865372,True,3552.128133311964,4.871833397730308,-0.44275589157774103,603.8250122070312,573.2249755859375,3 Days (Swing),SL HIT (Trailing Stop Triggered),SWING,17,Rank #2,"Point-in-Time Execution: Coiling proximity to 20-DMA (+0.95%), RSI-14 (50.5), clean gap (+0.50%) holding above prev_close. PIT-Score: 0.76 (Rank #2)."
288,2023-09-06,2023-09-06,OIL,Oil India Ltd.,Mid-Cap Equities,190.27979388427735,187.98993536376952,8338,1586552.9214071045,-19092.84034399432,-19693.759226929797,-1.2412922986182848,False,600.9188829354769,0.39602027858117944,-1.618562262006763,191.03334045410156,187.1999969482422,1 Day (Intraday),INTRADAY SQUARE OFF,INTRADAY,38,Rank #1,"Point-in-Time Execution: Coiling proximity to 20-DMA (-0.28%), RSI-14 (56.0), clean gap (+1.51%) holding above prev_close. PIT-Score: 1.92 (Rank #1)."
290,2023-09-08,2023-09-08,TATAINVEST,Tata Investment Corporation Ltd.,Mid-Cap Equities,249.34770611572264,247.99302548217773,6355,1584604.6723654175,-8608.995426177979,-9212.22839383766,-0.5813581491013852,False,603.2329676596828,0.622539426948372,-0.6969005379839388,250.89999389648438,247.61000061035156,1 Day (Intraday),INTRADAY SQUARE OFF,INTRADAY,67,Rank #2,"Point-in-Time Execution: Coiling proximity to 20-DMA (+0.68%), RSI-14 (56.4), clean gap (+0.59%) holding above prev_close. PIT-Score: 1.01 (Rank #2)."
291,2023-09-08,2023-09-08,360ONE,360 ONE WAM Ltd.,Mid-Cap Equities,520.9899122314453,522.0318920559082,3039,1583288.3432713621,3166.576686542947,2560.437186801586,0.16171641746008542,True,606.1394997413606,1.2591559658854266,-1.437630951310614,527.5499877929688,513.5,1 Day (Intraday),BREAKEVEN RATCHET / INTRADAY CLOSE,INTRADAY,36,Rank #3,"Point-in-Time Execution: Coiling proximity to 20-DMA (+1.13%), RSI-14 (54.6), clean gap (+1.29%) holding above prev_close. PIT-Score: 0.99 (Rank #3)."
292,2023-09-11,2023-09-11,HINDPETRO,Hindustan Petroleum Corporation Ltd.,Mid-Cap Equities,175.35,176.8455969543457,9033,1583936.55,13509.727288604714,12900.398848481205,0.8144517435677081,True,609.3284401235081,2.1385834636530543,-0.9980005112542739,179.10000610351562,173.60000610351562,1 Day (Intraday),BREAKEVEN RATCHET / INTRADAY CLOSE,INTRADAY,31,Rank #1,"Point-in-Time Execution: Coiling proximity to 20-DMA (+0.48%), RSI-14 (47.0), clean gap (+0.81%) holding above prev_close. PIT-Score: 1.09 (Rank #1)."
293,2023-09-11,2023-09-11,TATAINVEST,Tata Investment Corporation Ltd.,Mid-Cap Equities,250.55510266113282,251.0562128664551,6327,1585262.1345369874,3170.5242690739688,2563.6879727526984,0.16172012923916101,True,606.8362963212703,2.0414254004358523,-0.6306383469484644,255.6699981689453,248.97500610351562,1 Day (Intraday),BREAKEVEN RATCHET / INTRADAY CLOSE,INTRADAY,52,Rank #2,"Point-in-Time Execution: Coiling proximity to 20-DMA (+1.11%), RSI-14 (58.5), clean gap (+0.63%) holding above prev_close. PIT-Score: 0.83 (Rank #2)."
289,2023-09-08,2023-09-12,POWERINDIA,Hitachi Energy India Ltd.,Mid-Cap Equities,4509.0,4533.514897460937,351,1582659.0,8604.729008788941,5062.49890499908,0.31987300517667294,True,3542.230103789861,3.9465556733754714,-4.29585707058106,4686.9501953125,4315.2998046875,3 Days (Swing),SL HIT (Trailing Stop Triggered),SWING,16,Rank #1,"Point-in-Time Execution: Coiling proximity to 20-DMA (+0.67%), RSI-14 (55.5), clean gap (+0.82%) holding above prev_close. PIT-Score: 1.07 (Rank #1)."
294,2023-09-11,2023-09-12,ICICIPRULI,ICICI Prudential Life Insurance Company Ltd.,Mid-Cap Equities,562.623,562.620749508,2818,1585471.614,-6.3418864561244845,-3545.8998743060174,-0.22364953386708927,False,3539.557987849893,3.141888581335762,-1.8792356883794825,580.2999877929688,552.0499877929688,2 Days (Swing),SL HIT (Trailing Stop Triggered),SWING,15,Rank #3,"Point-in-Time Execution: Coiling proximity to 20-DMA (+1.27%), RSI-14 (51.4), clean gap (+0.86%) holding above prev_close. PIT-Score: 0.76 (Rank #3)."
295,2023-09-14,2023-09-20,POLYCAB,Polycab India Ltd.,Mid-Cap Equities,5078.086095703125,5112.3548974609375,312,1584362.861859375,10691.866148437606,7143.6865476809835,0.45088702339925485,True,3548.1796007566227,4.370030364090326,-0.646623453881752,5300.0,5045.25,4 Days (Swing),SL HIT (Trailing Stop Triggered),SWING,25,Rank #1,"Point-in-Time Execution: Coiling proximity to 20-DMA (-0.55%), RSI-14 (54.6), clean gap (+0.49%) holding above prev_close. PIT-Score: 1.08 (Rank #1)."
296,2023-09-14,2023-09-20,NIACL,The New India Assurance Company Ltd.,Mid-Cap Equities,129.258,140.5184030456543,12267,1585607.8860000002,138131.36416104133,134448.3614326257,8.479294447241776,True,3683.0027284156113,16.665895381142988,-0.4316971110165887,150.8000030517578,128.6999969482422,4 Days (Swing),SL HIT (Trailing Stop Triggered),SWING,5,Rank #2,"Point-in-Time Execution: Coiling proximity to 20-DMA (-1.31%), RSI-14 (49.1), clean gap (+0.51%) holding above prev_close. PIT-Score: 0.69 (Rank #2)."
297,2023-09-15,2023-09-20,GICRE,General Insurance Corporation of India,Mid-Cap Equities,222.444,229.6896939086914,7128,1585580.832,51647.30618115235,48053.98060841742,3.030686272096497,True,3593.325572734934,7.667547787308273,-1.2785212891713704,239.5,219.60000610351562,3 Days (Swing),SL HIT (Trailing Stop Triggered),SWING,2,Rank #1,"Point-in-Time Execution: Coiling proximity to 20-DMA (+0.45%), RSI-14 (54.9), clean gap (+1.12%) holding above prev_close. PIT-Score: 1.39 (Rank #1)."
298,2023-09-27,2023-09-27,KPRMILL,K.P.R. Mill Ltd.,Mid-Cap Equities,750.3978244628906,751.8986201118164,2138,1604350.5487016602,3208.7010974031873,2595.1261241318844,0.16175555437257905,True,613.5749732713028,1.2662883128656741,-0.5260959090180065,759.9000244140625,746.4500122070312,1 Day (Intraday),BREAKEVEN RATCHET / INTRADAY CLOSE,INTRADAY,41,Rank #1,"Point-in-Time Execution: Coiling proximity to 20-DMA (-0.61%), RSI-14 (56.4), clean gap (+0.53%) holding above prev_close. PIT-Score: 0.95 (Rank #1)."
299,2023-09-29,2023-09-29,ACC,ACC Ltd.,Mid-Cap Equities,2014.02,2008.2255,796,1603159.92,-4612.4220000000205,-5223.338725024489,-0.3258152015816669,False,610.9167250244678,0.4955263602148945,-0.5893673144227705,2024.0,2002.1500244140625,1 Day (Intraday),INTRADAY SQUARE OFF,INTRADAY,72,Rank #1,"Point-in-Time Execution: Coiling proximity to 20-DMA (-1.29%), RSI-14 (49.3), clean gap (+0.68%) holding above prev_close. PIT-Score: 0.66 (Rank #1)."
300,2023-10-06,2023-10-06,POLYCAB,Polycab India Ltd.,Mid-Cap Equities,5283.345404296875,5248.7315,303,1600853.6575019532,-10488.013001953252,-11096.435133237634,-0.6931573714584898,False,608.4221312843814,0.9776872748299754,-0.7257788647641572,5335.0,5245.0,1 Day (Intraday),INTRADAY SQUARE OFF,INTRADAY,72,Rank #1,"Point-in-Time Execution: Coiling proximity to 20-DMA (+0.59%), RSI-14 (54.5), clean gap (+0.62%) holding above prev_close. PIT-Score: 1.00 (Rank #1)."
301,2023-10-06,2023-10-06,MFSL,Max Financial Services Ltd.,Mid-Cap Equities,921.6896755371093,915.8147243652344,1739,1602818.3457590332,-10216.540087890578,-10825.732380086845,-0.6754185468821917,False,609.1922921962663,0.24523836274988262,-0.9156743056920069,923.9500122070312,913.25,1 Day (Intraday),INTRADAY SQUARE OFF,INTRADAY,59,Rank #2,"Point-in-Time Execution: Coiling proximity to 20-DMA (-1.27%), RSI-14 (51.6), clean gap (+0.87%) holding above prev_close. PIT-Score: 0.77 (Rank #2)."
302,2023-10-06,2023-10-06,BHEL,Bharat Heavy Electricals Ltd.,Mid-Cap Equities,128.35620611572264,128.6421939086914,12482,1602142.16473645,3569.6996318362653,2956.799680743752,0.18455289086222515,True,612.8999510925132,1.2027371542673158,-0.6280982340954967,129.89999389648438,127.55000305175781,1 Day (Intraday),BREAKEVEN RATCHET / INTRADAY CLOSE,INTRADAY,34,Rank #3,"Point-in-Time Execution: Coiling proximity to 20-DMA (-1.60%), RSI-14 (54.4), clean gap (+0.55%) holding above prev_close. PIT-Score: 0.65 (Rank #3)."
303,2023-10-10,2023-10-10,POLYCAB,Polycab India Ltd.,Mid-Cap Equities,5210.800702148437,5194.8395,307,1599715.8155595702,-4900.089059570106,-5509.709565304543,-0.3444180217332715,False,609.6205057344372,0.8491804823933993,-0.6102843682992076,5255.0498046875,5179.0,1 Day (Intraday),INTRADAY SQUARE OFF,INTRADAY,89,Rank #1,"Point-in-Time Execution: Coiling proximity to 20-DMA (-0.54%), RSI-14 (51.1), clean gap (+0.41%) holding above prev_close. PIT-Score: 0.96 (Rank #1)."
304,2023-10-10,2023-10-10,NIACL,The New India Assurance Company Ltd.,Mid-Cap Equities,136.97339694213866,137.6740969543457,11695,1601903.8772383116,8194.686642761575,7580.546885042167,0.47322108353411685,True,614.1397577194084,1.2605367499448727,-0.6376353789283495,138.6999969482422,136.10000610351562,1 Day (Intraday),BREAKEVEN RATCHET / INTRADAY CLOSE,INTRADAY,42,Rank #2,"Point-in-Time Execution: Coiling proximity to 20-DMA (-1.30%), RSI-14 (49.7), clean gap (+0.81%) holding above prev_close. PIT-Score: 0.78 (Rank #2)."
305,2023-10-11,2023-10-11,AWL,AWL Agri Business Ltd.,Mid-Cap Equities,349.698,350.39739599999996,4583,1602665.934,3205.331867999863,2592.3516049104446,0.16175246193948517,True,612.9802630894181,1.2302043477514946,-0.5570520849418582,354.0,347.75,1 Day (Intraday),BREAKEVEN RATCHET / INTRADAY CLOSE,INTRADAY,47,Rank #1,"Point-in-Time Execution: Coiling proximity to 20-DMA (-0.21%), RSI-14 (45.6), clean gap (+0.90%) holding above prev_close. PIT-Score: 2.02 (Rank #1)."
307,2023-10-12,2023-10-12,GICRE,General Insurance Corporation of India,Mid-Cap Equities,223.09529388427734,223.54148447204588,7185,1602939.6865585328,3205.8793731168844,2592.8024686805065,0.16175296490706909,True,613.0769044363776,1.189942678530769,-0.46854006389831504,225.75,222.0500030517578,1 Day (Intraday),BREAKEVEN RATCHET / INTRADAY CLOSE,INTRADAY,26,Rank #2,"Point-in-Time Execution: Coiling proximity to 20-DMA (-0.55%), RSI-14 (50.6), clean gap (+0.75%) holding above prev_close. PIT-Score: 1.06 (Rank #2)."
306,2023-10-12,2023-10-13,APARINDS,Apar Industries Ltd.,Mid-Cap Equities,5380.038404296875,5380.016884143259,297,1597871.406076172,-6.391485624015331,-3573.5073647772338,-0.22364173682490204,False,3567.1158791532184,2.4156257992383146,-0.3343582007706188,5510.0,5362.0498046875,2 Days (Swing),SL HIT (Trailing Stop Triggered),SWING,8,Rank #1,"Point-in-Time Execution: Coiling proximity to 20-DMA (-0.20%), RSI-14 (54.5), clean gap (+0.85%) holding above prev_close. PIT-Score: 1.98 (Rank #1)."
309,2023-10-16,2023-10-17,POLYCAB,Polycab India Ltd.,Mid-Cap Equities,5355.69,5355.66857724,299,1601351.3099999998,-6.405405239900574,-3581.25518940457,-0.2236395703454085,False,3574.8497841646695,2.414441463191492,-0.352712634833226,5485.0,5336.7998046875,2 Days (Swing),SL HIT (Trailing Stop Triggered),SWING,20,Rank #2,"Point-in-Time Execution: Coiling proximity to 20-DMA (+1.58%), RSI-14 (58.3), clean gap (+0.41%) holding above prev_close. PIT-Score: 0.62 (Rank #2)."
310,2023-10-17,2023-10-17,GICRE,General Insurance Corporation of India,Mid-Cap Equities,225.34979388427735,226.4461939086914,7111,1602462.3843110963,7796.500573608326,7182.27794015993,0.4482025918659934,True,614.2226334483961,3.638880260831956,-0.6211662819421033,233.5500030517578,223.9499969482422,1 Day (Intraday),BREAKEVEN RATCHET / INTRADAY CLOSE,INTRADAY,27,Rank #1,"Point-in-Time Execution: Coiling proximity to 20-DMA (+0.09%), RSI-14 (53.0), clean gap (+0.45%) holding above prev_close. PIT-Score: 3.52 (Rank #1)."
312,2023-10-17,2023-10-17,UBL,United Breweries Ltd.,Mid-Cap Equities,1577.9496489257813,1569.2052756347657,1016,1603196.8433085938,-8884.28326367191,-9493.990284628284,-0.5921911787847014,False,609.7070209563727,0.8555597610661599,-0.8016478920140278,1591.449951171875,1565.300048828125,1 Day (Intraday),INTRADAY SQUARE OFF,INTRADAY,61,Rank #3,"Point-in-Time Execution: Coiling proximity to 20-DMA (-0.58%), RSI-14 (47.8), clean gap (+0.61%) holding above prev_close. PIT-Score: 0.95 (Rank #3)."
314,2023-10-17,2023-10-17,LAURUSLABS,Laurus Labs Ltd.,Mid-Cap Equities,401.85208776855467,399.4495,3987,1602184.2739332274,-9579.117433227366,-10188.268692477237,-0.6358986827068209,False,609.151259249871,0.22344346558738834,-0.7843870064297999,402.75,398.70001220703125,1 Day (Intraday),INTRADAY SQUARE OFF,INTRADAY,67,Rank #5,"Point-in-Time Execution: Coiling proximity to 20-DMA (+0.85%), RSI-14 (53.1), clean gap (+0.59%) holding above prev_close. PIT-Score: 0.83 (Rank #5)."
311,2023-10-17,2023-10-18,RVNL,Rail Vikas Nigam Ltd.,Mid-Cap Equities,167.53439694213867,167.53372680455092,9569,1603136.644339325,-6.412546577164903,-3585.230143214897,-0.22363846250251615,False,3578.817596637732,3.9786456559160293,-0.9158697975727366,174.1999969482422,166.0,2 Days (Swing),SL HIT (Trailing Stop Triggered),SWING,12,Rank #2,"Point-in-Time Execution: Coiling proximity to 20-DMA (-0.62%), RSI-14 (54.4), clean gap (+0.75%) holding above prev_close. PIT-Score: 1.02 (Rank #2)."
313,2023-10-17,2023-10-19,TATAINVEST,Tata Investment Corporation Ltd.,Mid-Cap Equities,314.628,326.7352346191406,5092,1602085.7759999998,61650.038680664264,58009.6665706396,3.6208839401517543,True,3640.3721100246617,7.905208690898463,-0.19960079840318912,339.5,314.0,3 Days (Swing),SL HIT (Trailing Stop Triggered),SWING,3,Rank #4,"Point-in-Time Execution: Coiling proximity to 20-DMA (+0.92%), RSI-14 (56.3), clean gap (+0.97%) holding above prev_close. PIT-Score: 0.93 (Rank #4)."
308,2023-10-16,2023-10-20,KPRMILL,K.P.R. Mill Ltd.,Mid-Cap Equities,758.3636755371094,828.34,2113,1602422.4464099123,147859.97359008784,144129.52027022588,8.994477117637455,True,3730.453319861965,10.534038883957786,-0.9380295716393832,838.25,751.25,5 Days (Swing),TP REACHED (Peak > +5%),SWING,12,Rank #1,"Point-in-Time Execution: Coiling proximity to 20-DMA (+1.43%), RSI-14 (54.7), clean gap (+0.75%) holding above prev_close. PIT-Score: 0.80 (Rank #1)."
315,2023-10-27,2023-11-01,GICRE,General Insurance Corporation of India,Mid-Cap Equities,220.44,225.049,7353,1620895.32,33889.976999999955,30236.567278968512,1.865423812746187,True,3653.409721031442,5.652328931448184,-0.6986055631988853,232.89999389648438,218.89999389648438,4 Days (Swing),SL HIT (Trailing Stop Triggered),SWING,17,Rank #1,"Point-in-Time Execution: Coiling proximity to 20-DMA (-1.39%), RSI-14 (47.6), clean gap (+0.53%) holding above prev_close. PIT-Score: 0.72 (Rank #1)."
317,2023-10-31,2023-11-01,KPITTECH,KPIT Technologies Ltd.,Mid-Cap Equities,1202.4,1202.3951904,1348,1620835.2000000002,-6.483340800041333,-3624.635054504138,-0.22362761214120586,False,3618.151713704097,4.34963000431428,-0.19960079840320114,1254.699951171875,1200.0,2 Days (Swing),SL HIT (Trailing Stop Triggered),SWING,8,Rank #2,"Point-in-Time Execution: Coiling proximity to 20-DMA (+1.16%), RSI-14 (54.1), clean gap (+1.23%) holding above prev_close. PIT-Score: 1.04 (Rank #2)."
319,2023-11-03,2023-11-03,DABUR,Dabur India Ltd.,Mid-Cap Equities,535.1681755371094,534.429,3034,1623700.24457959,-2242.658579590032,-2861.493070997996,-0.17623284104012046,False,618.834491407964,0.5011135137354872,-0.7041059792587764,537.8499755859375,531.4000244140625,1 Day (Intraday),INTRADAY SQUARE OFF,INTRADAY,49,Rank #1,"Point-in-Time Execution: Coiling proximity to 20-DMA (-0.31%), RSI-14 (46.5), clean gap (+0.70%) holding above prev_close. PIT-Score: 1.51 (Rank #1)."
320,2023-11-03,2023-11-03,LUPIN,Lupin Ltd.,Mid-Cap Equities,1177.35,1184.1769487304687,1378,1622388.2999999998,9407.535350586055,8785.828668261198,0.5415367374297017,True,621.7066823248568,2.140404198252439,-0.20385177119165154,1202.550048828125,1174.949951171875,1 Day (Intraday),BREAKEVEN RATCHET / INTRADAY CLOSE,INTRADAY,32,Rank #2,"Point-in-Time Execution: Coiling proximity to 20-DMA (+0.57%), RSI-14 (55.9), clean gap (+0.50%) holding above prev_close. PIT-Score: 0.98 (Rank #2)."
316,2023-10-31,2023-11-06,OBEROIRLTY,Oberoi Realty Ltd.,Mid-Cap Equities,1124.244,1242.7095512695312,1441,1620035.6039999998,170708.85937939468,166915.5850526944,10.303204734548194,True,3793.27432670028,11.29701381550625,-0.5998697791582535,1251.25,1117.5,5 Days (Swing),TP REACHED (Peak > +5%),SWING,21,Rank #1,"Point-in-Time Execution: Coiling proximity to 20-DMA (-0.16%), RSI-14 (50.2), clean gap (+0.40%) holding above prev_close. PIT-Score: 2.12 (Rank #1)."
318,2023-11-02,2023-11-06,SJVN,SJVN Ltd.,Mid-Cap Equities,71.8935,73.4029030456543,22585,1623714.6975,34089.86778610223,30429.985001877438,1.87409678860023,True,3659.882784224791,5.225092012322259,-0.6168889423352814,75.6500015258789,71.44999694824219,3 Days (Swing),SL HIT (Trailing Stop Triggered),SWING,3,Rank #1,"Point-in-Time Execution: Coiling proximity to 20-DMA (-0.42%), RSI-14 (51.3), clean gap (+0.99%) holding above prev_close. PIT-Score: 1.34 (Rank #1)."
321,2023-11-03,2023-11-06,MOTILALOFS,Motilal Oswal Financial Services Ltd.,Mid-Cap Equities,996.99,996.98601204,1629,1624096.71,-6.496386840008199,-3631.8966364479784,-0.22362563842937522,False,3625.40024960797,2.7292100394061114,-1.4985117410436672,1024.199951171875,982.0499877929688,2 Days (Swing),SL HIT (Trailing Stop Triggered),SWING,16,Rank #3,"Point-in-Time Execution: Coiling proximity to 20-DMA (+1.27%), RSI-14 (54.0), clean gap (+1.34%) holding above prev_close. PIT-Score: 0.93 (Rank #3)."
322,2023-11-06,2023-11-06,TATAINVEST,Tata Investment Corporation Ltd.,Mid-Cap Equities,324.8484122314453,320.8120765991211,5059,1643408.1174788817,-20419.821963928174,-21040.399757788393,-1.280290606697625,False,620.5777938602195,0.7546829441717459,-1.492515292945607,327.29998779296875,320.0,1 Day (Intraday),INTRADAY SQUARE OFF,INTRADAY,73,Rank #1,"Point-in-Time Execution: Coiling proximity to 20-DMA (+0.36%), RSI-14 (56.4), clean gap (+1.50%) holding above prev_close. PIT-Score: 1.65 (Rank #1)."
323,2023-11-06,2023-11-06,LICHSGFIN,LIC Housing Finance Ltd.,Mid-Cap Equities,465.6294122314453,463.9203060913086,3525,1641343.6781158447,-6024.599143981934,-6648.569609106634,-0.40506870667932005,False,623.9704651247004,0.390997631971107,-0.6613466326620082,467.45001220703125,462.54998779296875,1 Day (Intraday),INTRADAY SQUARE OFF,INTRADAY,79,Rank #2,"Point-in-Time Execution: Coiling proximity to 20-DMA (+0.30%), RSI-14 (53.5), clean gap (+0.50%) holding above prev_close. PIT-Score: 1.39 (Rank #2)."
325,2023-11-06,2023-11-07,TATACOMM,Tata Communications Ltd.,Mid-Cap Equities,1716.3758510742186,1716.3689855708142,956,1640855.313626953,-6.563421254511923,-3669.2087935476084,-0.22361562065074314,False,3662.6453722930964,1.6444023314622132,-0.6598672568718109,1744.5999755859375,1705.050048828125,2 Days (Swing),SL HIT (Trailing Stop Triggered),SWING,38,Rank #4,"Point-in-Time Execution: Coiling proximity to 20-DMA (-1.41%), RSI-14 (45.1), clean gap (+0.55%) holding above prev_close. PIT-Score: 0.68 (Rank #4)."
328,2023-11-08,2023-11-08,ABCAPITAL,Aditya Birla Capital Ltd.,Mid-Cap Equities,175.70070611572265,174.30069390869141,9337,1640517.4930025025,-13071.913977050688,-13693.576126844411,-0.8347107656732267,False,621.6621497937228,0.9671490902503894,-0.7687504746380527,177.39999389648438,174.35000610351562,1 Day (Intraday),INTRADAY SQUARE OFF,INTRADAY,84,Rank #2,"Point-in-Time Execution: Coiling proximity to 20-DMA (-1.12%), RSI-14 (46.8), clean gap (+0.75%) holding above prev_close. PIT-Score: 0.72 (Rank #2)."
324,2023-11-06,2023-11-09,NIACL,The New India Assurance Company Ltd.,Mid-Cap Equities,139.32810305786134,143.213,11777,1640867.069712433,45752.4312875669,42042.34312788697,2.5622028684660614,True,3710.088159679927,5.542241532341581,-4.5418712513679695,147.0500030517578,133.0,4 Days (Swing),SL HIT (Trailing Stop Triggered),SWING,35,Rank #3,"Point-in-Time Execution: Coiling proximity to 20-DMA (-0.56%), RSI-14 (50.4), clean gap (+0.54%) holding above prev_close. PIT-Score: 0.99 (Rank #3)."
326,2023-11-07,2023-11-09,COCHINSHIP,Cochin Shipyard Ltd.,Mid-Cap Equities,510.01800000000003,520.9809743652344,3216,1640217.888,35256.92555859382,31559.155890028567,1.9240831429115937,True,3697.769668565255,5.221781273222214,-0.6652706375069173,536.6500244140625,506.625,3 Days (Swing),SL HIT (Trailing Stop Triggered),SWING,11,Rank #1,"Point-in-Time Execution: Coiling proximity to 20-DMA (+0.68%), RSI-14 (52.3), clean gap (+1.36%) holding above prev_close. PIT-Score: 1.18 (Rank #1)."
327,2023-11-08,2023-11-09,JSL,Jindal Stainless Ltd.,Mid-Cap Equities,456.912,456.91017235199996,3590,1640314.0799999998,-6.561256319982931,-3668.003765099751,-0.2236159409848967,False,3661.442508779768,4.538728222608379,-0.5060041969754248,477.6499938964844,454.6000061035156,2 Days (Swing),SL HIT (Trailing Stop Triggered),SWING,13,Rank #1,"Point-in-Time Execution: Coiling proximity to 20-DMA (-0.60%), RSI-14 (48.1), clean gap (+0.78%) holding above prev_close. PIT-Score: 1.20 (Rank #1)."
329,2023-11-13,2023-11-13,TATAINVEST,Tata Investment Corporation Ltd.,Mid-Cap Equities,323.4506026611328,321.6204846191406,5089,1646040.116942505,-9313.47071569832,-9938.15508952587,-0.6037614142713511,False,624.6843738275484,0.27187579924039645,-1.0668097795284863,324.3299865722656,320.0,1 Day (Intraday),INTRADAY SQUARE OFF,INTRADAY,50,Rank #1,"Point-in-Time Execution: Coiling proximity to 20-DMA (+0.47%), RSI-14 (54.7), clean gap (+1.04%) holding above prev_close. PIT-Score: 1.26 (Rank #1)."
330,2023-11-13,2023-11-13,INDUSTOWER,Indus Towers Ltd.,Mid-Cap Equities,185.57039694213867,186.9753060913086,8865,1645081.5688920594,12454.519607391208,11823.94251094292,0.7187450600948735,True,630.5770964482892,1.605647322373401,-0.8193084217279126,188.5500030517578,184.0500030517578,1 Day (Intraday),BREAKEVEN RATCHET / INTRADAY CLOSE,INTRADAY,22,Rank #2,"Point-in-Time Execution: Coiling proximity to 20-DMA (+0.55%), RSI-14 (50.8), clean gap (+0.98%) holding above prev_close. PIT-Score: 1.17 (Rank #2)."
332,2023-11-15,2023-11-15,TATAINVEST,Tata Investment Corporation Ltd.,Mid-Cap Equities,325.64498510742186,326.2962750776367,5055,1646135.3997180176,3292.270799436141,2663.9447520328868,0.16183023294980592,True,628.3260474032542,2.5626082109633406,-0.8736499699249534,333.989990234375,322.79998779296875,1 Day (Intraday),BREAKEVEN RATCHET / INTRADAY CLOSE,INTRADAY,64,Rank #1,"Point-in-Time Execution: Coiling proximity to 20-DMA (+1.27%), RSI-14 (56.6), clean gap (+0.85%) holding above prev_close. PIT-Score: 0.80 (Rank #1)."
333,2023-11-17,2023-11-17,KALYANKJIL,Kalyan Jewellers India Ltd.,Mid-Cap Equities,316.632,317.265264,5200,1646486.4000000001,3292.972799999872,2664.5228409144192,0.1618308442094887,True,628.4499590854529,1.2531917505228847,-0.7996645621681888,320.6000061035156,314.1000061035156,1 Day (Intraday),BREAKEVEN RATCHET / INTRADAY CLOSE,INTRADAY,46,Rank #1,"Point-in-Time Execution: Coiling proximity to 20-DMA (+1.10%), RSI-14 (56.5), clean gap (+0.80%) holding above prev_close. PIT-Score: 0.74 (Rank #1)."
331,2023-11-13,2023-11-20,APARINDS,Apar Industries Ltd.,Mid-Cap Equities,5169.668797851563,5860.0065,318,1643954.677716797,219527.38928320305,215630.36893331463,13.11656409121889,True,3897.0203498884266,15.959076484818677,-0.9133777111347293,5994.7001953125,5122.4501953125,5 Days (Swing),TP REACHED (Peak > +5%),SWING,6,Rank #3,"Point-in-Time Execution: Coiling proximity to 20-DMA (-1.51%), RSI-14 (47.4), clean gap (+1.01%) holding above prev_close. PIT-Score: 0.86 (Rank #3)."
334,2023-11-20,2023-11-20,GODREJIND,Godrej Industries Ltd.,Mid-Cap Equities,661.32,667.2128878173828,2522,1667849.04,14861.863075439353,14222.572493972642,0.8527493887559898,True,639.2905814667107,1.6829994869399383,-0.7137277587344326,672.4500122070312,656.5999755859375,1 Day (Intraday),BREAKEVEN RATCHET / INTRADAY CLOSE,INTRADAY,13,Rank #1,"Point-in-Time Execution: Coiling proximity to 20-DMA (+1.25%), RSI-14 (54.7), clean gap (+0.61%) holding above prev_close. PIT-Score: 0.73 (Rank #1)."
335,2023-11-21,2023-11-21,NATIONALUM,National Aluminium Co. Ltd.,Mid-Cap Equities,93.48660305786133,93.67357626397705,17862,1669857.7038195191,3339.7154076390434,2703.0148068301796,0.16187096664868433,True,636.700600808864,1.2444547453473283,-0.30657452538066327,94.6500015258789,93.19999694824219,1 Day (Intraday),BREAKEVEN RATCHET / INTRADAY CLOSE,INTRADAY,35,Rank #1,"Point-in-Time Execution: Coiling proximity to 20-DMA (+0.16%), RSI-14 (47.2), clean gap (+0.76%) holding above prev_close. PIT-Score: 2.23 (Rank #1)."
336,2023-11-21,2023-11-21,VOLTAS,Voltas Ltd.,Mid-Cap Equities,836.5698244628907,841.9627243652344,1996,1669793.3696279298,10764.228205078049,10125.42519038372,0.6063879144902766,True,638.8030146943299,1.89227479742476,-0.6538424787751596,852.4000244140625,831.0999755859375,1 Day (Intraday),BREAKEVEN RATCHET / INTRADAY CLOSE,INTRADAY,18,Rank #2,"Point-in-Time Execution: Coiling proximity to 20-DMA (+0.25%), RSI-14 (47.4), clean gap (+0.79%) holding above prev_close. PIT-Score: 1.81 (Rank #2)."
337,2023-12-01,2023-12-01,FEDERALBNK,Federal Bank Ltd.,Mid-Cap Equities,149.0475,148.4525,11212,1671120.57,-6671.14000000013,-7305.42033342013,-0.4371569870281789,False,634.28033342,0.8403381819606494,-0.7027960884952875,150.3000030517578,148.0,1 Day (Intraday),INTRADAY SQUARE OFF,INTRADAY,51,Rank #1,"Point-in-Time Execution: Coiling proximity to 20-DMA (+0.09%), RSI-14 (51.0), clean gap (+0.95%) holding above prev_close. PIT-Score: 3.50 (Rank #1)."
338,2023-12-01,2023-12-01,OIL,Oil India Ltd.,Mid-Cap Equities,205.74399490356444,206.1868060913086,8119,1670435.4946220396,3595.184033294907,2958.2066671992657,0.17709194259360508,True,636.9773660956411,1.9065814539101704,-1.0096640495429428,209.6666717529297,203.6666717529297,1 Day (Intraday),BREAKEVEN RATCHET / INTRADAY CLOSE,INTRADAY,31,Rank #2,"Point-in-Time Execution: Coiling proximity to 20-DMA (-0.76%), RSI-14 (49.2), clean gap (+0.92%) holding above prev_close. PIT-Score: 1.05 (Rank #2)."
339,2023-12-01,2023-12-01,ACC,ACC Ltd.,Mid-Cap Equities,1902.8481489257813,1896.4495,878,1670700.674756836,-5618.013756836066,-6252.447529449898,-0.3742410369445693,False,634.433772613832,0.4389106009751,-0.8906714138638203,1911.199951171875,1885.9000244140625,1 Day (Intraday),INTRADAY SQUARE OFF,INTRADAY,38,Rank #3,"Point-in-Time Execution: Coiling proximity to 20-DMA (+1.60%), RSI-14 (50.6), clean gap (+1.25%) holding above prev_close. PIT-Score: 0.99 (Rank #3)."
340,2023-12-01,2023-12-01,IDFCFIRSTB,IDFC First Bank Ltd.,Mid-Cap Equities,85.97160305786133,85.92779847717286,19426,1670084.3610020143,-850.9477844543289,-1486.5287942776577,-0.08900920390547054,False,635.5810098233288,0.4983022914313369,-0.664872483065972,86.4000015258789,85.4000015258789,1 Day (Intraday),INTRADAY SQUARE OFF,INTRADAY,47,Rank #4,"Point-in-Time Execution: Coiling proximity to 20-DMA (+0.92%), RSI-14 (47.7), clean gap (+0.70%) holding above prev_close. PIT-Score: 0.88 (Rank #4)."
341,2023-12-01,2023-12-01,TATAELXSI,Tata Elxsi Ltd.,Mid-Cap Equities,8349.9165,8406.4035,200,1669983.2999999998,11297.400000000373,10658.377436336372,0.6382325761183584,True,639.0225636640001,1.0788550999282527,-0.40200271014685435,8440.0,8316.349609375,1 Day (Intraday),BREAKEVEN RATCHET / INTRADAY CLOSE,INTRADAY,22,Rank #5,"Point-in-Time Execution: Coiling proximity to 20-DMA (+1.41%), RSI-14 (58.6), clean gap (+0.97%) holding above prev_close. PIT-Score: 0.78 (Rank #5)."
342,2023-12-04,2023-12-04,POLYCAB,Polycab India Ltd.,Mid-Cap Equities,5310.6,5330.916897460937,314,1667528.4000000001,6379.505802734289,5742.756102669596,0.3443873041484388,True,636.7497000646935,0.8492485841995187,-0.801231410998764,5355.7001953125,5268.0498046875,1 Day (Intraday),INTRADAY SQUARE OFF,INTRADAY,32,Rank #1,"Point-in-Time Execution: Coiling proximity to 20-DMA (+0.79%), RSI-14 (53.0), clean gap (+1.25%) holding above prev_close. PIT-Score: 1.13 (Rank #1)."
343,2023-12-04,2023-12-04,DABUR,Dabur India Ltd.,Mid-Cap Equities,545.9898244628906,545.906,3061,1671274.8526809083,-256.5866809084546,-892.7574035062163,-0.05341774885645741,False,636.1707225977617,0.5330135875764245,-0.7856945429485637,548.9000244140625,541.7000122070312,1 Day (Intraday),INTRADAY SQUARE OFF,INTRADAY,59,Rank #2,"Point-in-Time Execution: Coiling proximity to 20-DMA (+0.87%), RSI-14 (54.5), clean gap (+0.69%) holding above prev_close. PIT-Score: 0.92 (Rank #2)."
344,2023-12-06,2023-12-06,ICICIPRULI,ICICI Prudential Life Insurance Company Ltd.,Mid-Cap Equities,549.8975877685547,550.2972243652343,3039,1671138.7692286377,1214.4956173095852,577.9517955948534,0.0345843089895894,True,636.5438217147318,0.8278676865905145,-0.8633540972160738,554.4500122070312,545.1500244140625,1 Day (Intraday),INTRADAY SQUARE OFF,INTRADAY,35,Rank #1,"Point-in-Time Execution: Coiling proximity to 20-DMA (-0.41%), RSI-14 (48.8), clean gap (+0.81%) holding above prev_close. PIT-Score: 1.26 (Rank #1)."
345,2023-12-06,2023-12-06,VOLTAS,Voltas Ltd.,Mid-Cap Equities,840.678,843.3598878173829,1988,1671267.864,5331.592980957124,4693.825239222029,0.28085415511956674,True,637.7677417350955,1.0969746340528124,-0.8300428693231828,849.9000244140625,833.7000122070312,1 Day (Intraday),BREAKEVEN RATCHET / INTRADAY CLOSE,INTRADAY,30,Rank #2,"Point-in-Time Execution: Coiling proximity to 20-DMA (+0.55%), RSI-14 (49.9), clean gap (+0.78%) holding above prev_close. PIT-Score: 1.18 (Rank #2)."
346,2023-12-07,2023-12-07,BERGEPAINT,Berger Paints India Ltd.,Mid-Cap Equities,585.9695877685547,587.3728878173828,2853,1671771.2339036865,4003.61503930646,3366.0499856563974,0.20134632761902882,True,637.5650536500625,1.7970919397961334,-0.5067818928731841,596.5,583.0,1 Day (Intraday),BREAKEVEN RATCHET / INTRADAY CLOSE,INTRADAY,38,Rank #1,"Point-in-Time Execution: Coiling proximity to 20-DMA (-0.00%), RSI-14 (51.8), clean gap (+1.03%) holding above prev_close. PIT-Score: 21.66 (Rank #1)."
347,2023-12-07,2023-12-07,GODREJIND,Godrej Industries Ltd.,Mid-Cap Equities,661.1195877685547,666.6141121826172,2529,1671971.4374666747,13895.652243164135,13255.185269127178,0.79278778166277,True,640.4669740369565,2.1222237103674555,-0.4567422049631149,675.1500244140625,658.0999755859375,1 Day (Intraday),BREAKEVEN RATCHET / INTRADAY CLOSE,INTRADAY,30,Rank #2,"Point-in-Time Execution: Coiling proximity to 20-DMA (-0.92%), RSI-14 (51.4), clean gap (+0.90%) holding above prev_close. PIT-Score: 0.95 (Rank #2)."
349,2023-12-14,2023-12-14,KPITTECH,KPIT Technologies Ltd.,Mid-Cap Equities,1500.1443244628906,1479.9840512695312,1115,1672660.921776123,-22478.704610595945,-23109.00330809191,-1.3815713039767499,False,630.2986974959656,0.2503559084234496,-1.6094667739075843,1503.9000244140625,1476.0,1 Day (Intraday),INTRADAY SQUARE OFF,INTRADAY,75,Rank #2,"Point-in-Time Execution: Coiling proximity to 20-DMA (-0.38%), RSI-14 (58.0), clean gap (+1.51%) holding above prev_close. PIT-Score: 1.54 (Rank #2)."
350,2023-12-14,2023-12-14,TATACOMM,Tata Communications Ltd.,Mid-Cap Equities,1733.46,1746.1507243652343,964,1671055.44,12233.85828808602,11594.189807824774,0.6938243657448477,True,639.6684802612457,1.3897089536605958,-0.713026225817875,1757.550048828125,1721.0999755859375,1 Day (Intraday),BREAKEVEN RATCHET / INTRADAY CLOSE,INTRADAY,38,Rank #3,"Point-in-Time Execution: Coiling proximity to 20-DMA (+1.13%), RSI-14 (52.4), clean gap (+0.59%) holding above prev_close. PIT-Score: 0.73 (Rank #3)."
348,2023-12-14,2023-12-18,INDUSTOWER,Indus Towers Ltd.,Mid-Cap Equities,190.17960305786133,195.6579030456543,8800,1673580.5069091797,48209.039892578265,44423.70208726522,2.654410821819877,True,3785.337805313047,6.741205016732589,-1.1986612258746758,203.0,187.89999389648438,3 Days (Swing),SL HIT (Trailing Stop Triggered),SWING,6,Rank #1,"Point-in-Time Execution: Coiling proximity to 20-DMA (+0.14%), RSI-14 (51.7), clean gap (+1.01%) holding above prev_close. PIT-Score: 2.74 (Rank #1)."
352,2023-12-22,2023-12-22,JSL,Jindal Stainless Ltd.,Mid-Cap Equities,547.9436755371094,548.0017756347656,3060,1676707.6471435546,177.7862988281995,-460.42355188400893,-0.027459978050937396,False,638.2098507122084,0.8862794613149066,-1.6048458109178976,552.7999877929688,539.1500244140625,1 Day (Intraday),INTRADAY SQUARE OFF,INTRADAY,37,Rank #2,"Point-in-Time Execution: Coiling proximity to 20-DMA (+0.78%), RSI-14 (54.7), clean gap (+1.46%) holding above prev_close. PIT-Score: 1.23 (Rank #2)."
351,2023-12-22,2023-12-27,COROMANDEL,Coromandel International Ltd.,Mid-Cap Equities,1215.927,1224.8952756347655,1379,1676763.3329999999,12367.25210034172,8611.980809214276,0.5136074149358965,True,3755.2712911274443,4.574538506680508,-0.40520524669654573,1271.550048828125,1211.0,3 Days (Swing),SL HIT (Trailing Stop Triggered),SWING,27,Rank #1,"Point-in-Time Execution: Coiling proximity to 20-DMA (+0.10%), RSI-14 (54.0), clean gap (+0.88%) holding above prev_close. PIT-Score: 3.19 (Rank #1)."
353,2023-12-22,2023-12-29,APARINDS,Apar Industries Ltd.,Mid-Cap Equities,5454.888,6041.293102539063,307,1674650.616,180026.36647949228,176102.05786703026,10.515749146986865,True,3924.30861246201,11.873976104665212,-1.1583703402801289,6102.60009765625,5391.7001953125,5 Days (Swing),TP REACHED (Peak > +5%),SWING,4,Rank #3,"Point-in-Time Execution: Coiling proximity to 20-DMA (-0.81%), RSI-14 (49.6), clean gap (+1.01%) holding above prev_close. PIT-Score: 1.05 (Rank #3)."
354,2023-12-29,2024-01-03,IDEA,Vodafone Idea Ltd.,Mid-Cap Equities,13.476899808883667,15.918099809646606,125803,1695434.426656992,307110.28369598,303008.09640275413,17.872003283560584,True,4102.187293225836,36.52991325498621,-1.3126135881205825,18.399999618530273,13.300000190734863,4 Days (Swing),SL HIT (Trailing Stop Triggered),SWING,1,Rank #1,"Point-in-Time Execution: Coiling proximity to 20-DMA (-0.92%), RSI-14 (48.3), clean gap (+1.51%) holding above prev_close. PIT-Score: 1.19 (Rank #1)."
355,2024-01-03,2024-01-03,TATAINVEST,Tata Investment Corporation Ltd.,Mid-Cap Equities,424.848,425.697696,4062,1725732.5760000001,3451.4651519998442,2795.039355058896,0.1619624844503657,True,656.4257969409483,1.2126690016193995,-0.8716084308571861,430.0,421.1449890136719,1 Day (Intraday),BREAKEVEN RATCHET / INTRADAY CLOSE,INTRADAY,37,Rank #1,"Point-in-Time Execution: Coiling proximity to 20-DMA (-0.33%), RSI-14 (56.5), clean gap (+0.68%) holding above prev_close. PIT-Score: 1.39 (Rank #1)."
356,2024-01-09,2024-01-09,BSE,BSE Ltd.,Mid-Cap Equities,764.2921959228515,765.466,2258,1725771.7783937987,2650.4496062013786,1994.2392637739429,0.11555637244398623,True,656.2103424274358,0.5723584660687524,-0.6706216468616353,768.6666870117188,759.1666870117188,1 Day (Intraday),INTRADAY SQUARE OFF,INTRADAY,42,Rank #1,"Point-in-Time Execution: Coiling proximity to 20-DMA (-1.12%), RSI-14 (50.8), clean gap (+0.58%) holding above prev_close. PIT-Score: 0.80 (Rank #1)."
357,2024-01-09,2024-01-09,AWL,AWL Agri Business Ltd.,Mid-Cap Equities,373.746,374.493492,4618,1725959.028,3451.918056000024,2795.412315965871,0.16196284330139216,True,656.5057400341527,1.2452290851231569,-0.7347235823259597,378.3999938964844,371.0,1 Day (Intraday),BREAKEVEN RATCHET / INTRADAY CLOSE,INTRADAY,63,Rank #2,"Point-in-Time Execution: Coiling proximity to 20-DMA (+1.22%), RSI-14 (55.6), clean gap (+0.69%) holding above prev_close. PIT-Score: 0.78 (Rank #2)."
358,2024-01-09,2024-01-11,PATANJALI,Patanjali Foods Ltd.,Mid-Cap Equities,536.7380203857422,549.0829829101563,3216,1726149.4735605468,39701.39947851584,35808.045506326234,2.074446393826173,True,3893.353972189609,6.4330531656950765,-0.5070178904282098,571.2666625976562,534.0166625976562,3 Days (Swing),SL HIT (Trailing Stop Triggered),SWING,3,Rank #3,"Point-in-Time Execution: Coiling proximity to 20-DMA (+1.34%), RSI-14 (59.1), clean gap (+0.48%) holding above prev_close. PIT-Score: 0.68 (Rank #3)."
359,2024-01-11,2024-01-11,DABUR,Dabur India Ltd.,Mid-Cap Equities,550.6991755371093,550.896,3141,1729746.1103620604,618.2256379395258,-38.803790401247966,-0.0022433228881853524,False,657.0294283407737,0.9625626291742031,-0.40841959276304174,556.0,548.4500122070312,1 Day (Intraday),INTRADAY SQUARE OFF,INTRADAY,54,Rank #1,"Point-in-Time Execution: Coiling proximity to 20-DMA (+0.13%), RSI-14 (49.9), clean gap (+0.41%) holding above prev_close. PIT-Score: 2.51 (Rank #1)."
360,2024-01-12,2024-01-12,SJVN,SJVN Ltd.,Mid-Cap Equities,94.188,94.37637600000001,18368,1730045.1840000001,3460.090368000092,2802.1421149832527,0.16196930235685986,True,657.9482530168393,1.3929587633244125,-0.57119640943761,95.5,93.6500015258789,1 Day (Intraday),BREAKEVEN RATCHET / INTRADAY CLOSE,INTRADAY,30,Rank #1,"Point-in-Time Execution: Coiling proximity to 20-DMA (+0.77%), RSI-14 (56.2), clean gap (+0.91%) holding above prev_close. PIT-Score: 1.03 (Rank #1)."
361,2024-01-19,2024-01-24,NIACL,The New India Assurance Company Ltd.,Mid-Cap Equities,223.446,223.7515969543457,7743,1730142.378,2366.2372174987104,-1497.303127299086,-0.08654219134438693,False,3863.5403447977965,9.109137353883181,-0.8709039320462205,243.8000030517578,221.5,3 Days (Swing),SL HIT (Trailing Stop Triggered),SWING,5,Rank #1,"Point-in-Time Execution: Coiling proximity to 20-DMA (+1.42%), RSI-14 (54.6), clean gap (+0.81%) holding above prev_close. PIT-Score: 0.81 (Rank #1)."
362,2024-01-19,2024-01-24,GICRE,General Insurance Corporation of India,Mid-Cap Equities,308.115,330.338,5615,1730065.725,124782.14500000002,120791.92446635755,6.9819269129996515,True,3990.220533642471,21.383249760641316,-0.19960079840319656,374.0,307.5,3 Days (Swing),SL HIT (Trailing Stop Triggered),SWING,2,Rank #2,"Point-in-Time Execution: Coiling proximity to 20-DMA (-1.50%), RSI-14 (50.1), clean gap (+0.59%) holding above prev_close. PIT-Score: 0.72 (Rank #2)."
363,2024-01-29,2024-01-30,VOLTAS,Voltas Ltd.,Mid-Cap Equities,1011.9699122314453,1011.9658643517963,1721,1741600.2189503172,-6.966400875709951,-3893.5120719165666,-0.22355946155445658,False,3886.5456710408566,4.444800027823598,-0.5108772875545855,1056.949951171875,1006.7999877929688,2 Days (Swing),SL HIT (Trailing Stop Triggered),SWING,20,Rank #1,"Point-in-Time Execution: Coiling proximity to 20-DMA (-1.14%), RSI-14 (53.4), clean gap (+0.47%) holding above prev_close. PIT-Score: 0.71 (Rank #1)."
364,2024-02-07,2024-02-07,PATANJALI,Patanjali Foods Ltd.,Mid-Cap Equities,540.6958714599609,543.0450950927734,3221,1741581.4019725341,7566.849321288988,6903.659643987129,0.39640177807181265,True,663.1896773018589,2.149226495716752,-0.9301318381926268,552.316650390625,535.6666870117188,1 Day (Intraday),BREAKEVEN RATCHET / INTRADAY CLOSE,INTRADAY,29,Rank #1,"Point-in-Time Execution: Coiling proximity to 20-DMA (+0.70%), RSI-14 (54.6), clean gap (+0.83%) holding above prev_close. PIT-Score: 1.10 (Rank #1)."
365,2024-02-15,2024-02-15,BHEL,Bharat Heavy Electricals Ltd.,Mid-Cap Equities,227.955,228.41091,7644,1742488.02,3484.976040000096,2822.635161623031,0.16198878438332281,True,662.340878377065,2.2789558888747177,-1.3840437578654559,233.14999389648438,224.8000030517578,1 Day (Intraday),BREAKEVEN RATCHET / INTRADAY CLOSE,INTRADAY,54,Rank #1,"Point-in-Time Execution: Coiling proximity to 20-DMA (+1.39%), RSI-14 (57.7), clean gap (+1.36%) holding above prev_close. PIT-Score: 1.08 (Rank #1)."
366,2024-02-15,2024-02-15,FORTIS,Fortis Healthcare Ltd.,Mid-Cap Equities,428.45520611572266,432.134,4067,1742527.323272644,14961.654727356043,14296.01507262796,0.8204184164974003,True,665.6396547280823,1.3408183654458754,-0.37464826877922974,434.20001220703125,426.8500061035156,1 Day (Intraday),BREAKEVEN RATCHET / INTRADAY CLOSE,INTRADAY,44,Rank #2,"Point-in-Time Execution: Coiling proximity to 20-DMA (-1.14%), RSI-14 (48.9), clean gap (+0.49%) holding above prev_close. PIT-Score: 0.64 (Rank #2)."
368,2024-02-19,2024-02-19,INDUSTOWER,Indus Towers Ltd.,Mid-Cap Equities,222.49410305786134,222.93909126397705,7839,1744131.273870575,3488.2625477411784,2825.341560566957,0.1619913364833463,True,662.9209871742216,2.4746260087202447,-0.8513020921966359,228.0,220.60000610351562,1 Day (Intraday),BREAKEVEN RATCHET / INTRADAY CLOSE,INTRADAY,49,Rank #2,"Point-in-Time Execution: Coiling proximity to 20-DMA (-0.29%), RSI-14 (53.2), clean gap (+0.68%) holding above prev_close. PIT-Score: 1.51 (Rank #2)."
367,2024-02-19,2024-02-20,BDL,Bharat Dynamics Ltd.,Mid-Cap Equities,865.227,865.223539092,2016,1744297.632,-6.977190528064966,-3899.5177214154965,-0.2235580470830735,False,3892.5405308874315,2.86317925816,-0.6012266822391669,890.0,860.0250244140625,2 Days (Swing),SL HIT (Trailing Stop Triggered),SWING,21,Rank #1,"Point-in-Time Execution: Coiling proximity to 20-DMA (-0.16%), RSI-14 (51.9), clean gap (+1.00%) holding above prev_close. PIT-Score: 2.36 (Rank #1)."
369,2024-02-19,2024-02-21,AWL,AWL Agri Business Ltd.,Mid-Cap Equities,348.696,361.0763878173828,5003,1744526.0880000002,61939.08025036589,57981.8418716666,3.32364429918841,True,3957.2383786992923,8.676329010665802,-0.24261646146913107,378.95001220703125,347.8500061035156,3 Days (Swing),SL HIT (Trailing Stop Triggered),SWING,4,Rank #3,"Point-in-Time Execution: Coiling proximity to 20-DMA (-0.53%), RSI-14 (47.3), clean gap (+0.43%) holding above prev_close. PIT-Score: 1.09 (Rank #3)."
370,2024-02-23,2024-02-23,BHEL,Bharat Heavy Electricals Ltd.,Mid-Cap Equities,229.90889694213868,230.36871473602295,7611,1749836.6146266174,3499.673229253385,2834.7381172852884,0.16200016010581472,True,664.9351119680969,1.670706575060473,-0.6128066207430242,233.75,228.5,1 Day (Intraday),BREAKEVEN RATCHET / INTRADAY CLOSE,INTRADAY,55,Rank #1,"Point-in-Time Execution: Coiling proximity to 20-DMA (+0.87%), RSI-14 (57.7), clean gap (+0.42%) holding above prev_close. PIT-Score: 0.79 (Rank #1)."
371,2024-03-01,2024-03-06,BHEL,Bharat Heavy Electricals Ltd.,Mid-Cap Equities,230.46,254.1905969543457,7594,1750113.24,180210.15327130118,176117.942154553,10.063231231514653,True,4092.211116748187,19.69539447345119,-0.37316406165251365,275.8500061035156,229.60000610351562,4 Days (Swing),SL HIT (Trailing Stop Triggered),SWING,16,Rank #1,"Point-in-Time Execution: Coiling proximity to 20-DMA (+0.28%), RSI-14 (55.8), clean gap (+1.08%) holding above prev_close. PIT-Score: 1.96 (Rank #1)."
372,2024-03-21,2024-03-21,APARINDS,Apar Industries Ltd.,Mid-Cap Equities,6212.4,6224.824799999999,284,1764321.5999999999,3528.6432000000495,2858.5945340082862,0.16202230557106406,True,670.0486659917632,2.6173459532547865,-0.5054407314403393,6375.0,6181.0,1 Day (Intraday),BREAKEVEN RATCHET / INTRADAY CLOSE,INTRADAY,101,Rank #1,"Point-in-Time Execution: Coiling proximity to 20-DMA (+0.16%), RSI-14 (53.0), clean gap (+0.82%) holding above prev_close. PIT-Score: 2.38 (Rank #1)."
373,2024-03-21,2024-03-21,SJVN,SJVN Ltd.,Mid-Cap Equities,119.93939694213867,120.45859695434571,14742,1768146.5897210082,7654.04657995631,6981.468990979567,0.3948467299920623,True,672.5775889767433,3.5939842685225902,-0.6581619020817542,124.25,119.1500015258789,1 Day (Intraday),BREAKEVEN RATCHET / INTRADAY CLOSE,INTRADAY,48,Rank #2,"Point-in-Time Execution: Coiling proximity to 20-DMA (-1.24%), RSI-14 (48.9), clean gap (+1.57%) holding above prev_close. PIT-Score: 1.16 (Rank #2)."
375,2024-03-21,2024-03-22,POLICYBZR,PB Fintech Ltd.,Mid-Cap Equities,1123.1918510742187,1123.1873583068143,1574,1767903.97359082,-7.0716158943250775,-3952.0760100169387,-0.22354585254932197,False,3945.0043941226136,3.886969485218778,-0.45778486027797166,1166.8499755859375,1118.050048828125,2 Days (Swing),SL HIT (Trailing Stop Triggered),SWING,52,Rank #4,"Point-in-Time Execution: Coiling proximity to 20-DMA (+1.51%), RSI-14 (57.1), clean gap (+0.61%) holding above prev_close. PIT-Score: 0.68 (Rank #4)."
377,2024-03-27,2024-03-27,ICICIGI,ICICI Lombard General Insurance Company Ltd.,Mid-Cap Equities,1663.32,1659.3247243652343,1063,1768109.16,-4246.97799975588,-4916.136013891241,-0.278044824669719,False,669.1580141353618,0.3955958212528295,-0.7376783283959152,1669.9000244140625,1651.050048828125,1 Day (Intraday),INTRADAY SQUARE OFF,INTRADAY,50,Rank #1,"Point-in-Time Execution: Coiling proximity to 20-DMA (-1.00%), RSI-14 (51.8), clean gap (+0.71%) holding above prev_close. PIT-Score: 0.74 (Rank #1)."
378,2024-03-27,2024-03-27,BHEL,Bharat Heavy Electricals Ltd.,Mid-Cap Equities,241.83270611572266,242.6138060913086,7310,1767797.0817059327,5709.840821532998,5037.942899592595,0.28498422990555883,True,671.8979219404036,3.1704950117906554,-0.5510859705985868,249.5,240.5,1 Day (Intraday),BREAKEVEN RATCHET / INTRADAY CLOSE,INTRADAY,35,Rank #2,"Point-in-Time Execution: Coiling proximity to 20-DMA (+1.34%), RSI-14 (54.8), clean gap (+0.65%) holding above prev_close. PIT-Score: 0.70 (Rank #2)."
374,2024-03-21,2024-03-28,POLYCAB,Polycab India Ltd.,Mid-Cap Equities,4808.598,5016.796397460937,367,1764755.466,76408.81186816399,72391.62075575445,4.102076585139443,True,4017.191112409532,6.8149137167943765,-0.8026871865770429,5136.2998046875,4770.0,5 Days (Swing),SL HIT (Trailing Stop Triggered),SWING,7,Rank #3,"Point-in-Time Execution: Coiling proximity to 20-DMA (-1.27%), RSI-14 (49.5), clean gap (+1.15%) holding above prev_close. PIT-Score: 0.99 (Rank #3)."
376,2024-03-26,2024-04-02,BSE,BSE Ltd.,Mid-Cap Equities,742.8159796142578,916.9457585449219,2380,1767902.0314819335,414428.8738549806,410054.4244750702,23.194408806202034,True,4374.4493799103375,24.620368652777852,-0.6034693314358133,925.7000122070312,738.3333129882812,5 Days (Swing),TP REACHED (Peak > +5%),SWING,5,Rank #1,"Point-in-Time Execution: Coiling proximity to 20-DMA (-0.33%), RSI-14 (49.8), clean gap (+1.19%) holding above prev_close. PIT-Score: 1.63 (Rank #1)."
381,2024-04-02,2024-04-02,JUBLFOOD,Jubilant Foodworks Ltd.,Mid-Cap Equities,457.914,458.82982799999996,3967,1816544.838,3633.089675999945,2944.6049300315663,0.16209921541345218,True,688.4847459683789,1.5583685567527448,-0.1996007984031908,465.04998779296875,457.0,1 Day (Intraday),BREAKEVEN RATCHET / INTRADAY CLOSE,INTRADAY,73,Rank #1,"Point-in-Time Execution: Coiling proximity to 20-DMA (+0.77%), RSI-14 (46.2), clean gap (+0.47%) holding above prev_close. PIT-Score: 0.89 (Rank #1)."
379,2024-04-01,2024-04-05,LICHSGFIN,LIC Housing Finance Ltd.,Mid-Cap Equities,618.5846755371093,640.5662756347656,2870,1775338.0187915037,63087.19228027342,59060.286160826385,3.3267065502844075,True,4026.9061194470337,6.856834018085234,-0.7088218482410547,661.0,614.2000122070312,5 Days (Swing),SL HIT (Trailing Stop Triggered),SWING,28,Rank #1,"Point-in-Time Execution: Coiling proximity to 20-DMA (-0.25%), RSI-14 (51.2), clean gap (+1.05%) holding above prev_close. PIT-Score: 1.73 (Rank #1)."
380,2024-04-01,2024-04-05,SJVN,SJVN Ltd.,Mid-Cap Equities,122.94539694213867,130.738,14443,1775700.3680353088,112548.56596469111,108469.60138003498,6.1085531845696,True,4078.9645846561352,11.838265945581604,-0.19960079840319342,137.5,122.69999694824219,5 Days (Swing),SL HIT (Trailing Stop Triggered),SWING,36,Rank #2,"Point-in-Time Execution: Coiling proximity to 20-DMA (+1.53%), RSI-14 (51.4), clean gap (+1.07%) holding above prev_close. PIT-Score: 0.87 (Rank #2)."
383,2024-04-22,2024-04-22,RVNL,Rail Vikas Nigam Ltd.,Mid-Cap Equities,262.2735,263.6216939086914,6991,1833554.0385,9425.223615661496,8729.086083629478,0.47607465612361216,True,696.1375320320185,1.039563661597526,-0.6190126350987186,265.0,260.6499938964844,1 Day (Intraday),BREAKEVEN RATCHET / INTRADAY CLOSE,INTRADAY,33,Rank #2,"Point-in-Time Execution: Coiling proximity to 20-DMA (+0.53%), RSI-14 (52.3), clean gap (+1.28%) holding above prev_close. PIT-Score: 1.34 (Rank #2)."
384,2024-04-24,2024-04-24,AWL,AWL Agri Business Ltd.,Mid-Cap Equities,344.63791223144534,342.9626939086914,5323,1834507.6068079835,-8917.187132019084,-9608.410676249721,-0.5237596530312685,False,691.2235442306383,0.10506324339369108,-0.6348402038092614,345.0,342.45001220703125,1 Day (Intraday),INTRADAY SQUARE OFF,INTRADAY,71,Rank #1,"Point-in-Time Execution: Coiling proximity to 20-DMA (+0.18%), RSI-14 (47.8), clean gap (+0.54%) holding above prev_close. PIT-Score: 2.04 (Rank #1)."
382,2024-04-22,2024-04-26,JSL,Jindal Stainless Ltd.,Mid-Cap Equities,701.4,722.0031121826172,2614,1833459.5999999999,53856.535245361505,49710.02174833114,2.711268999236806,True,4146.513497030359,6.643855146849162,-0.613063075857211,748.0,697.0999755859375,5 Days (Swing),SL HIT (Trailing Stop Triggered),SWING,25,Rank #1,"Point-in-Time Execution: Coiling proximity to 20-DMA (-0.26%), RSI-14 (53.5), clean gap (+1.07%) holding above prev_close. PIT-Score: 1.80 (Rank #1)."
387,2024-04-26,2024-04-26,AWL,AWL Agri Business Ltd.,Mid-Cap Equities,344.63791223144534,342.1643060913086,5335,1838643.261754761,-13196.6887576296,-13888.145017085248,-0.7553474513501169,False,691.4562594556477,0.6853824506017705,-0.6638579351633397,347.0,342.3500061035156,1 Day (Intraday),INTRADAY SQUARE OFF,INTRADAY,79,Rank #1,"Point-in-Time Execution: Coiling proximity to 20-DMA (-0.01%), RSI-14 (48.0), clean gap (+0.50%) holding above prev_close. PIT-Score: 13.40 (Rank #1)."
385,2024-04-24,2024-04-29,ENDURANCE,Endurance Technologies Ltd.,Mid-Cap Equities,1880.0025,1952.088,975,1833002.4375,70283.36250000005,66120.84311918337,3.607242509146056,True,4162.519380816675,6.297732285678473,-0.7182171300304151,1998.4000244140625,1866.5,4 Days (Swing),SL HIT (Trailing Stop Triggered),SWING,13,Rank #2,"Point-in-Time Execution: Coiling proximity to 20-DMA (+0.49%), RSI-14 (51.8), clean gap (+0.53%) holding above prev_close. PIT-Score: 1.00 (Rank #2)."
386,2024-04-24,2024-04-30,POLICYBZR,PB Fintech Ltd.,Mid-Cap Equities,1204.404,1262.3702243652344,1522,1833102.888,88224.59348388668,84043.25968663787,4.584754093008547,True,4181.333797248811,6.106418707665783,-0.9759163524811855,1277.949951171875,1192.6500244140625,5 Days (Swing),TP REACHED (Peak > +5%),SWING,17,Rank #3,"Point-in-Time Execution: Coiling proximity to 20-DMA (-1.33%), RSI-14 (51.5), clean gap (+0.87%) holding above prev_close. PIT-Score: 0.89 (Rank #3)."
388,2024-04-30,2024-05-03,AWL,AWL Agri Business Ltd.,Mid-Cap Equities,345.79020611572264,349.9986121826172,5356,1852052.3439558104,22540.222894287203,18384.83869334907,0.9926738168793208,True,4155.384200938135,4.485315489836513,-0.9225825242544256,361.29998779296875,342.6000061035156,3 Days (Swing),SL HIT (Trailing Stop Triggered),SWING,7,Rank #1,"Point-in-Time Execution: Coiling proximity to 20-DMA (-0.21%), RSI-14 (48.9), clean gap (+0.57%) holding above prev_close. PIT-Score: 1.88 (Rank #1)."
390,2024-04-30,2024-05-03,POLICYBZR,PB Fintech Ltd.,Mid-Cap Equities,1247.3396755371093,1252.9390512695313,1484,1851052.0784970701,8309.473586914362,4171.058700377317,0.22533448674031561,True,4138.414886537045,5.664882296994528,-0.5643712652652554,1318.0,1240.300048828125,3 Days (Swing),SL HIT (Trailing Stop Triggered),SWING,21,Rank #3,"Point-in-Time Execution: Coiling proximity to 20-DMA (+0.70%), RSI-14 (56.5), clean gap (+0.50%) holding above prev_close. PIT-Score: 0.89 (Rank #3)."
389,2024-04-30,2024-05-06,THERMAX,Thermax Ltd.,Mid-Cap Equities,4500.984,4635.9595,411,1849904.424,55474.930499999784,51290.19214773984,2.772586058085985,True,4184.738352259942,6.621129957360426,-0.46620916670666623,4799.0,4480.0,4 Days (Swing),SL HIT (Trailing Stop Triggered),SWING,5,Rank #2,"Point-in-Time Execution: Coiling proximity to 20-DMA (-1.09%), RSI-14 (56.5), clean gap (+0.84%) holding above prev_close. PIT-Score: 0.90 (Rank #2)."
391,2024-05-14,2024-05-14,THERMAX,Thermax Ltd.,Mid-Cap Equities,4658.999595703125,4686.158705078125,399,1858940.838685547,10836.484640625073,10130.995540495927,0.544987518142833,True,705.4891001291461,3.8785279092110327,-0.4324855075209383,4839.7001953125,4638.85009765625,1 Day (Intraday),BREAKEVEN RATCHET / INTRADAY CLOSE,INTRADAY,49,Rank #1,"Point-in-Time Execution: Coiling proximity to 20-DMA (+0.31%), RSI-14 (55.8), clean gap (+0.88%) holding above prev_close. PIT-Score: 1.57 (Rank #1)."
392,2024-05-15,2024-05-15,ATGL,Adani Total Gas Ltd.,Mid-Cap Equities,916.7298244628906,918.5632841118164,2029,1860044.813835205,3720.089627670357,3016.2483265707415,0.16215998153031452,True,703.8413010996153,1.529368322376088,-0.8213774718490345,930.75,909.2000122070312,1 Day (Intraday),BREAKEVEN RATCHET / INTRADAY CLOSE,INTRADAY,47,Rank #1,"Point-in-Time Execution: Coiling proximity to 20-DMA (-0.27%), RSI-14 (46.5), clean gap (+0.65%) holding above prev_close. PIT-Score: 1.55 (Rank #1)."
394,2024-05-15,2024-05-15,INDUSTOWER,Indus Towers Ltd.,Mid-Cap Equities,343.1349122314453,343.8211820559082,5423,1860820.6290311278,3721.641258062329,3017.52607522832,0.1621610394979044,True,704.1151828340091,1.3886904232656507,-0.913609230567245,347.8999938964844,340.0,1 Day (Intraday),BREAKEVEN RATCHET / INTRADAY CLOSE,INTRADAY,52,Rank #3,"Point-in-Time Execution: Coiling proximity to 20-DMA (-1.44%), RSI-14 (57.2), clean gap (+0.87%) holding above prev_close. PIT-Score: 0.81 (Rank #3)."
395,2024-05-16,2024-05-16,SJVN,SJVN Ltd.,Mid-Cap Equities,130.41029388427734,131.5364030456543,14272,1861215.714316406,16071.829951172229,15364.040574630379,0.8254841422437345,True,707.7893765418502,2.3308766305382327,-0.42963462781465434,133.4499969482422,129.85000610351562,1 Day (Intraday),BREAKEVEN RATCHET / INTRADAY CLOSE,INTRADAY,31,Rank #1,"Point-in-Time Execution: Coiling proximity to 20-DMA (-0.46%), RSI-14 (50.8), clean gap (+0.66%) holding above prev_close. PIT-Score: 1.15 (Rank #1)."
396,2024-05-16,2024-05-16,RVNL,Rail Vikas Nigam Ltd.,Mid-Cap Equities,277.7544122314453,279.6895,6706,1862621.0884240724,12976.698575927643,12269.299779543808,0.6587115251618151,True,707.3987963838347,2.3026030850987143,-0.667646760338663,284.1499938964844,275.8999938964844,1 Day (Intraday),BREAKEVEN RATCHET / INTRADAY CLOSE,INTRADAY,33,Rank #2,"Point-in-Time Execution: Coiling proximity to 20-DMA (+0.81%), RSI-14 (54.8), clean gap (+0.58%) holding above prev_close. PIT-Score: 0.86 (Rank #2)."
400,2024-05-17,2024-05-17,INDUSTOWER,Indus Towers Ltd.,Mid-Cap Equities,344.08679388427737,344.77496747204594,5417,1863918.1624711305,3727.8363249422982,3022.6276370630803,0.1621652547800578,True,705.2086878792178,1.4278973221433864,-0.46116093743808056,349.0,342.5,1 Day (Intraday),BREAKEVEN RATCHET / INTRADAY CLOSE,INTRADAY,63,Rank #3,"Point-in-Time Execution: Coiling proximity to 20-DMA (-1.23%), RSI-14 (57.8), clean gap (+0.70%) holding above prev_close. PIT-Score: 0.77 (Rank #3)."
393,2024-05-15,2024-05-21,POLICYBZR,PB Fintech Ltd.,Mid-Cap Equities,1237.47,1290.7134487304688,1503,1859917.4100000001,80024.90344189457,75792.47238861126,4.075045052060202,True,4232.4310532833015,11.113804779105754,-0.36122087808189507,1375.0,1233.0,4 Days (Swing),SL HIT (Trailing Stop Triggered),SWING,14,Rank #2,"Point-in-Time Execution: Coiling proximity to 20-DMA (-0.79%), RSI-14 (50.7), clean gap (+0.46%) holding above prev_close. PIT-Score: 0.83 (Rank #2)."
398,2024-05-17,2024-05-21,SUNDARMFIN,Sundaram Finance Ltd.,Mid-Cap Equities,4684.249702148438,4684.230965149629,397,1859647.1317529299,-7.4385885272640735,-4156.337367726992,-0.22350139963430424,False,4148.898779199728,2.84464548912597,-1.7484039003007126,4817.5,4602.35009765625,2 Days (Swing),SL HIT (Trailing Stop Triggered),SWING,25,Rank #1,"Point-in-Time Execution: Coiling proximity to 20-DMA (-0.66%), RSI-14 (53.3), clean gap (+0.93%) holding above prev_close. PIT-Score: 1.01 (Rank #1)."
397,2024-05-16,2024-05-23,APLAPOLLO,APL Apollo Tubes Ltd.,Mid-Cap Equities,1593.6308510742188,1693.7057756347656,1169,1862954.4649057616,116987.58681127941,112710.10435570957,6.050072960930425,True,4277.482455569845,8.491245008619261,-0.7204194530005097,1728.949951171875,1582.1500244140625,5 Days (Swing),TP REACHED (Peak > +5%),SWING,14,Rank #3,"Point-in-Time Execution: Coiling proximity to 20-DMA (+1.28%), RSI-14 (55.6), clean gap (+0.65%) holding above prev_close. PIT-Score: 0.65 (Rank #3)."
402,2024-05-23,2024-05-23,INDUSTOWER,Indus Towers Ltd.,Mid-Cap Equities,342.33329388427734,343.1123878173828,5499,1882490.783069641,4284.237538146786,3572.3236364987315,0.18976579692324458,True,711.9139016480547,1.5530771056128414,-0.6377702744072006,347.6499938964844,340.1499938964844,1 Day (Intraday),BREAKEVEN RATCHET / INTRADAY CLOSE,INTRADAY,41,Rank #1,"Point-in-Time Execution: Coiling proximity to 20-DMA (-1.34%), RSI-14 (55.5), clean gap (+0.63%) holding above prev_close. PIT-Score: 0.74 (Rank #1)."
399,2024-05-17,2024-05-24,DIXON,Dixon Technologies (India) Ltd.,Mid-Cap Equities,8326.62,9279.603794921875,223,1856836.2600000002,212515.386267578,208152.51283921796,11.210062907712603,True,4362.873428360029,13.95020062537379,-0.19960079840320322,9488.2001953125,8310.0,5 Days (Swing),TP REACHED (Peak > +5%),SWING,4,Rank #2,"Point-in-Time Execution: Coiling proximity to 20-DMA (+0.96%), RSI-14 (56.7), clean gap (+0.61%) holding above prev_close. PIT-Score: 0.85 (Rank #2)."
401,2024-05-22,2024-05-24,NIACL,The New India Assurance Company Ltd.,Mid-Cap Equities,233.967,244.9091939086914,7999,1871502.033,87526.6090756224,83260.65829136148,4.448868172368236,True,4265.950784260912,9.844550727239305,-0.37056247098282574,257.0,233.10000610351562,3 Days (Swing),SL HIT (Trailing Stop Triggered),SWING,2,Rank #1,"Point-in-Time Execution: Coiling proximity to 20-DMA (+0.70%), RSI-14 (51.1), clean gap (+0.80%) holding above prev_close. PIT-Score: 1.03 (Rank #1)."
403,2024-05-27,2024-05-28,JSL,Jindal Stainless Ltd.,Mid-Cap Equities,711.2696755371094,711.2668304584072,2688,1911892.88784375,-7.647571551380679,-4272.65981931302,-0.22347799118243306,False,4265.01224776164,2.6193087541493414,-0.7408829194257476,729.9000244140625,706.0,2 Days (Swing),SL HIT (Trailing Stop Triggered),SWING,22,Rank #1,"Point-in-Time Execution: Coiling proximity to 20-DMA (+0.18%), RSI-14 (51.7), clean gap (+0.65%) holding above prev_close. PIT-Score: 2.18 (Rank #1)."
404,2024-05-31,2024-05-31,VOLTAS,Voltas Ltd.,Mid-Cap Equities,1358.712,1361.429424,1407,1911707.784,3823.4155679999385,3101.335975169204,0.16222855820987775,True,722.0795928307343,2.0635719711020446,-0.49031370679547903,1386.75,1352.050048828125,1 Day (Intraday),BREAKEVEN RATCHET / INTRADAY CLOSE,INTRADAY,56,Rank #1,"Point-in-Time Execution: Coiling proximity to 20-DMA (-0.15%), RSI-14 (52.2), clean gap (+0.41%) holding above prev_close. PIT-Score: 2.32 (Rank #1)."
405,2024-06-06,2024-06-06,BSE,BSE Ltd.,Mid-Cap Equities,902.1339796142578,903.9382475734863,2119,1911621.9028026122,3823.2438056052197,3101.1945309371304,0.16222844728816385,True,722.0492746680894,1.1305785619985833,-0.8646904786040771,912.3333129882812,894.3333129882812,1 Day (Intraday),BREAKEVEN RATCHET / INTRADAY CLOSE,INTRADAY,79,Rank #1,"Point-in-Time Execution: Coiling proximity to 20-DMA (-1.10%), RSI-14 (48.1), clean gap (+1.44%) holding above prev_close. PIT-Score: 1.16 (Rank #1)."
407,2024-06-07,2024-06-07,GODREJIND,Godrej Industries Ltd.,Mid-Cap Equities,811.2191755371093,812.9707756347656,2357,1912043.5967409667,4128.521430175751,3406.236150242331,0.1781463642381471,True,722.2852799334207,2.247337984565178,-0.6988478471785379,829.4500122070312,805.5499877929688,1 Day (Intraday),BREAKEVEN RATCHET / INTRADAY CLOSE,INTRADAY,73,Rank #1,"Point-in-Time Execution: Coiling proximity to 20-DMA (-1.30%), RSI-14 (45.2), clean gap (+0.65%) holding above prev_close. PIT-Score: 0.82 (Rank #1)."
409,2024-06-11,2024-06-11,BSE,BSE Ltd.,Mid-Cap Equities,893.4500203857422,889.0183878173829,2140,1911983.0436254882,-9483.693696288858,-10202.061464268834,-0.5335853525627382,False,718.3677679799766,0.35069590139874907,-0.5353778347845619,896.5833129882812,888.6666870117188,1 Day (Intraday),INTRADAY SQUARE OFF,INTRADAY,68,Rank #1,"Point-in-Time Execution: Coiling proximity to 20-DMA (-0.93%), RSI-14 (47.9), clean gap (+0.54%) holding above prev_close. PIT-Score: 0.79 (Rank #1)."
406,2024-06-06,2024-06-12,GICRE,General Insurance Corporation of India,Mid-Cap Equities,350.7,388.4715,5453,1912367.0999999999,205967.9894999999,201488.48602798308,10.536077828780002,True,4479.503472016826,13.915027088679787,-0.1996007984031904,399.5,350.0,5 Days (Swing),TP REACHED (Peak > +5%),SWING,26,Rank #2,"Point-in-Time Execution: Coiling proximity to 20-DMA (-0.96%), RSI-14 (47.8), clean gap (+1.41%) holding above prev_close. PIT-Score: 1.13 (Rank #2)."
408,2024-06-10,2024-06-13,TATACOMM,Tata Communications Ltd.,Mid-Cap Equities,1832.658,1884.1740512695312,1043,1911462.294,53731.24147412111,49411.50056646846,2.5850104771393654,True,4319.740907652651,5.09325798921567,-0.7316149548906508,1926.0,1819.25,4 Days (Swing),SL HIT (Trailing Stop Triggered),SWING,18,Rank #1,"Point-in-Time Execution: Coiling proximity to 20-DMA (+1.59%), RSI-14 (53.3), clean gap (+0.90%) holding above prev_close. PIT-Score: 0.85 (Rank #1)."
410,2024-06-18,2024-06-19,NYKAA,FSN E-Commerce Ventures Ltd.,Mid-Cap Equities,172.344,172.343310624,11238,1936801.872,-7.747207487933338,-4328.118373660252,-0.22346727542094463,False,4320.371166172318,3.4442735339187216,-0.37367303286323084,178.27999877929688,171.6999969482422,2 Days (Swing),SL HIT (Trailing Stop Triggered),SWING,24,Rank #1,"Point-in-Time Execution: Coiling proximity to 20-DMA (+1.60%), RSI-14 (53.5), clean gap (+0.55%) holding above prev_close. PIT-Score: 0.69 (Rank #1)."
411,2024-06-20,2024-06-20,AUBANK,AU Small Finance Bank Ltd.,Mid-Cap Equities,661.2198244628906,665.4165,2928,1936051.6460273438,12287.865972656291,11554.783591184772,0.5968220741886955,True,733.082381471519,1.6984045741917821,-0.6230679608403603,672.4500122070312,657.0999755859375,1 Day (Intraday),BREAKEVEN RATCHET / INTRADAY CLOSE,INTRADAY,36,Rank #1,"Point-in-Time Execution: Coiling proximity to 20-DMA (+1.18%), RSI-14 (54.3), clean gap (+0.45%) holding above prev_close. PIT-Score: 0.73 (Rank #1)."
412,2024-06-28,2024-06-28,NIACL,The New India Assurance Company Ltd.,Mid-Cap Equities,235.47,236.46612243652345,8228,1937447.16,8196.095407715067,7463.692345674579,0.3852333369274742,True,732.4030620404887,1.6562598705514509,-1.036225939908746,239.3699951171875,233.02999877929688,1 Day (Intraday),BREAKEVEN RATCHET / INTRADAY CLOSE,INTRADAY,25,Rank #1,"Point-in-Time Execution: Coiling proximity to 20-DMA (-0.95%), RSI-14 (47.3), clean gap (+1.15%) holding above prev_close. PIT-Score: 1.07 (Rank #1)."
413,2024-06-28,2024-07-01,JSL,Jindal Stainless Ltd.,Mid-Cap Equities,809.5158244628906,809.5125863995927,2394,1937980.88376416,-7.75192353525199,-4330.74338187396,-0.22346677504178022,False,4322.991458338708,2.036300593388225,-0.66284066187196,826.0,804.1500244140625,2 Days (Swing),SL HIT (Trailing Stop Triggered),SWING,21,Rank #2,"Point-in-Time Execution: Coiling proximity to 20-DMA (+0.89%), RSI-14 (57.1), clean gap (+0.57%) holding above prev_close. PIT-Score: 0.79 (Rank #2)."
414,2024-07-03,2024-07-03,DABUR,Dabur India Ltd.,Mid-Cap Equities,608.214,608.4806121826172,3186,1937769.8040000002,849.4264138180297,119.01244293390016,0.0061417224423784104,True,730.4139708841295,0.8362168238430377,-0.528432426744543,613.2999877929688,605.0,1 Day (Intraday),INTRADAY SQUARE OFF,INTRADAY,47,Rank #1,"Point-in-Time Execution: Coiling proximity to 20-DMA (-0.02%), RSI-14 (57.4), clean gap (+0.70%) holding above prev_close. PIT-Score: 12.02 (Rank #1)."
415,2024-07-05,2024-07-10,GICRE,General Insurance Corporation of India,Mid-Cap Equities,389.5775877685547,408.5313060913086,4974,1937758.921560791,94275.7949373778,89855.5977167524,4.637088582948034,True,4420.197220625402,9.09251798450211,-0.610295775776488,425.0,387.20001220703125,4 Days (Swing),SL HIT (Trailing Stop Triggered),SWING,9,Rank #1,"Point-in-Time Execution: Coiling proximity to 20-DMA (+0.21%), RSI-14 (55.5), clean gap (+0.86%) holding above prev_close. PIT-Score: 1.98 (Rank #1)."
416,2024-07-15,2024-07-19,ABBOTINDIA,Abbott India Ltd.,Mid-Cap Equities,27955.8,28542.8,69,1928950.2,40503.0,36158.1005084316,1.8744963197303695,True,4344.899491568401,3.463324247562226,-2.6284348864994,28924.0,27221.0,4 Days (Swing),SL HIT (Trailing Stop Triggered),SWING,6,Rank #1,"Point-in-Time Execution: Coiling proximity to 20-DMA (-0.08%), RSI-14 (50.6), clean gap (+1.56%) holding above prev_close. PIT-Score: 4.41 (Rank #1)."
419,2024-07-29,2024-07-29,VOLTAS,Voltas Ltd.,Mid-Cap Equities,1503.0,1513.1675512695313,1297,1949391.0,13187.31399658206,12449.272687714074,0.6386236874856852,True,738.0413088679858,2.0226230481744842,-0.6852993232285429,1533.4000244140625,1492.699951171875,1 Day (Intraday),BREAKEVEN RATCHET / INTRADAY CLOSE,INTRADAY,32,Rank #1,"Point-in-Time Execution: Coiling proximity to 20-DMA (+0.69%), RSI-14 (53.3), clean gap (+0.65%) holding above prev_close. PIT-Score: 0.94 (Rank #1)."
420,2024-07-29,2024-07-31,RVNL,Rail Vikas Nigam Ltd.,Mid-Cap Equities,558.615,609.778,3493,1951242.195,178712.35899999994,174174.70048832067,8.926349631769861,True,4537.658511679274,12.206078926088404,-0.5486806131291245,626.7999877929688,555.5499877929688,3 Days (Swing),SL HIT (Trailing Stop Triggered),SWING,1,Rank #2,"Point-in-Time Execution: Coiling proximity to 20-DMA (+1.10%), RSI-14 (55.8), clean gap (+0.93%) holding above prev_close. PIT-Score: 0.88 (Rank #2)."
421,2024-07-31,2024-07-31,JSWENERGY,JSW Energy Ltd.,Mid-Cap Equities,723.444,726.544,2721,1968491.1239999998,8435.100000000093,7691.687021431445,0.39074024402009166,True,743.4129785686479,0.8924014041256187,-0.9183865243240956,729.9000244140625,716.7999877929688,1 Day (Intraday),INTRADAY SQUARE OFF,INTRADAY,25,Rank #1,"Point-in-Time Execution: Coiling proximity to 20-DMA (+0.41%), RSI-14 (54.9), clean gap (+0.94%) holding above prev_close. PIT-Score: 1.28 (Rank #1)."
422,2024-07-31,2024-07-31,IDEA,Vodafone Idea Ltd.,Mid-Cap Equities,16.342619464874268,16.375304703804016,120542,1969972.035534874,3939.9440710695926,3197.2957727695693,0.16230158170247633,True,742.6482983000235,1.0853889933046212,-0.750309041848079,16.520000457763672,16.219999313354492,1 Day (Intraday),BREAKEVEN RATCHET / INTRADAY CLOSE,INTRADAY,62,Rank #2,"Point-in-Time Execution: Coiling proximity to 20-DMA (-1.02%), RSI-14 (50.2), clean gap (+0.62%) holding above prev_close. PIT-Score: 0.78 (Rank #2)."
417,2024-07-26,2024-08-01,ASHOKLEY,Ashok Leyland Ltd.,Mid-Cap Equities,117.78510305786133,126.1970969543457,16560,1950521.3066381838,139302.618925781,134807.39995120137,6.9113523391112475,True,4495.218974579632,9.945992012575463,-0.1996007984031992,129.5,117.55000305175781,5 Days (Swing),SL HIT (Trailing Stop Triggered),SWING,5,Rank #1,"Point-in-Time Execution: Coiling proximity to 20-DMA (+0.86%), RSI-14 (54.6), clean gap (+1.15%) holding above prev_close. PIT-Score: 0.99 (Rank #1)."
418,2024-07-26,2024-08-01,TATACOMM,Tata Communications Ltd.,Mid-Cap Equities,1845.684,1966.9082756347657,1056,1949042.304,128012.83507031249,123532.60187566951,6.338118039928882,True,4480.233194642978,8.677865527681746,-0.5734472647572645,2005.8499755859375,1835.0999755859375,5 Days (Swing),TP REACHED (Peak > +5%),SWING,28,Rank #2,"Point-in-Time Execution: Coiling proximity to 20-DMA (-1.10%), RSI-14 (48.5), clean gap (+0.58%) holding above prev_close. PIT-Score: 0.76 (Rank #2)."
423,2024-08-07,2024-08-07,TATACOMM,Tata Communications Ltd.,Mid-Cap Equities,1863.72,1872.9965,1071,1996044.12,9935.131499999901,9181.578064868943,0.45998873335870666,True,753.5534351309589,1.1418024166720309,-1.012492456702859,1885.0,1844.8499755859375,1 Day (Intraday),BREAKEVEN RATCHET / INTRADAY CLOSE,INTRADAY,77,Rank #1,"Point-in-Time Execution: Coiling proximity to 20-DMA (-1.39%), RSI-14 (46.3), clean gap (+0.99%) holding above prev_close. PIT-Score: 0.86 (Rank #1)."
424,2024-08-09,2024-08-09,TATACOMM,Tata Communications Ltd.,Mid-Cap Equities,1870.1828510742187,1883.725,1067,1995485.1020961914,14449.472903808579,13694.824373773206,0.6862904844234239,True,754.6485300353725,1.9124921435950497,-0.3813959817884457,1905.949951171875,1863.050048828125,1 Day (Intraday),BREAKEVEN RATCHET / INTRADAY CLOSE,INTRADAY,34,Rank #1,"Point-in-Time Execution: Coiling proximity to 20-DMA (-0.79%), RSI-14 (48.0), clean gap (+0.64%) holding above prev_close. PIT-Score: 0.87 (Rank #1)."
426,2024-08-16,2024-08-16,GODREJIND,Godrej Industries Ltd.,Mid-Cap Equities,899.4453244628907,903.8387243652344,2221,1997668.0656320802,9757.74118310539,9003.666158809358,0.45070881963368203,True,754.0750242960335,2.0629019944252183,-0.9333904398174765,918.0,891.0499877929688,1 Day (Intraday),BREAKEVEN RATCHET / INTRADAY CLOSE,INTRADAY,71,Rank #2,"Point-in-Time Execution: Coiling proximity to 20-DMA (-0.38%), RSI-14 (50.9), clean gap (+0.85%) holding above prev_close. PIT-Score: 1.35 (Rank #2)."
427,2024-08-16,2024-08-16,APARINDS,Apar Industries Ltd.,Mid-Cap Equities,8425.768095703124,8409.24741015625,237,1996907.0386816405,-3915.4024746094365,-4665.295664218161,-0.23362608142731534,False,749.893189608724,0.8264207385126815,-1.0090248715304766,8495.400390625,8340.75,1 Day (Intraday),INTRADAY SQUARE OFF,INTRADAY,82,Rank #3,"Point-in-Time Execution: Coiling proximity to 20-DMA (-1.13%), RSI-14 (47.2), clean gap (+1.25%) holding above prev_close. PIT-Score: 1.00 (Rank #3)."
428,2024-08-16,2024-08-16,PRESTIGE,Prestige Estates Projects Ltd.,Mid-Cap Equities,1808.61,1813.6154999999999,1105,1998514.0499999998,5531.07750000013,4777.914087861016,0.2390733299003335,True,753.1634121391148,2.006514639090937,-1.0013214568093673,1844.9000244140625,1790.5,1 Day (Intraday),BREAKEVEN RATCHET / INTRADAY CLOSE,INTRADAY,74,Rank #4,"Point-in-Time Execution: Coiling proximity to 20-DMA (+1.35%), RSI-14 (53.0), clean gap (+0.98%) holding above prev_close. PIT-Score: 0.77 (Rank #4)."
425,2024-08-16,2024-08-20,AWL,AWL Agri Business Ltd.,Mid-Cap Equities,357.5135877685547,357.8328878173828,5589,1998143.4420384523,1784.567972900346,-2673.9891318771843,-0.13382368230527295,False,4458.55710477753,3.2128603287887616,-1.3184393927532148,369.0,352.79998779296875,3 Days (Swing),SL HIT (Trailing Stop Triggered),SWING,30,Rank #1,"Point-in-Time Execution: Coiling proximity to 20-DMA (+0.24%), RSI-14 (49.2), clean gap (+1.28%) holding above prev_close. PIT-Score: 1.95 (Rank #1)."
429,2024-08-20,2024-08-20,TATAINVEST,Tata Investment Corporation Ltd.,Mid-Cap Equities,617.4273973388672,617.846851928711,3237,1998612.485185913,1357.7745073244441,605.7709093295653,0.030309572957221656,True,752.0035979948789,0.7405895301764833,-0.2149923632561378,622.0,616.0999755859375,1 Day (Intraday),INTRADAY SQUARE OFF,INTRADAY,60,Rank #1,"Point-in-Time Execution: Coiling proximity to 20-DMA (-0.43%), RSI-14 (46.4), clean gap (+0.42%) holding above prev_close. PIT-Score: 1.19 (Rank #1)."
432,2024-08-21,2024-08-21,TATAINVEST,Tata Investment Corporation Ltd.,Mid-Cap Equities,624.7269404296875,625.9763943105469,3199,1998501.4824345703,3997.0029648691416,3244.2830742114897,0.16233578522340203,True,752.7198906576517,1.4843380315781638,-0.6678034008004794,634.0,620.5549926757812,1 Day (Intraday),BREAKEVEN RATCHET / INTRADAY CLOSE,INTRADAY,40,Rank #2,"Point-in-Time Execution: Coiling proximity to 20-DMA (+0.51%), RSI-14 (49.3), clean gap (+0.71%) holding above prev_close. PIT-Score: 1.14 (Rank #2)."
433,2024-08-22,2024-08-22,RVNL,Rail Vikas Nigam Ltd.,Mid-Cap Equities,572.142,569.6085,3494,1999064.1480000003,-8852.049000000115,-9601.289470513937,-0.48028921333613633,False,749.2404705138221,0.8053944650104252,-0.8987279381692048,576.75,567.0,1 Day (Intraday),INTRADAY SQUARE OFF,INTRADAY,42,Rank #1,"Point-in-Time Execution: Coiling proximity to 20-DMA (-1.22%), RSI-14 (52.1), clean gap (+1.26%) holding above prev_close. PIT-Score: 0.99 (Rank #1)."
431,2024-08-21,2024-08-23,AWL,AWL Agri Business Ltd.,Mid-Cap Equities,362.12279388427737,377.743,5520,1998917.822241211,86223.53775878879,81675.76177527553,4.085998977371649,True,4547.775983513264,10.984450767525697,-0.6414415580950461,401.8999938964844,359.79998779296875,3 Days (Swing),SL HIT (Trailing Stop Triggered),SWING,1,Rank #1,"Point-in-Time Execution: Coiling proximity to 20-DMA (+0.20%), RSI-14 (51.4), clean gap (+1.01%) holding above prev_close. PIT-Score: 2.06 (Rank #1)."
434,2024-08-22,2024-08-23,KPRMILL,K.P.R. Mill Ltd.,Mid-Cap Equities,878.4033244628906,878.3998108495928,2275,1998367.5631530762,-7.993470252724364,-4465.1911746757,-0.22344193615865168,False,4457.197704422975,2.4529378639721777,-1.2811085449510424,899.9500122070312,867.1500244140625,2 Days (Swing),SL HIT (Trailing Stop Triggered),SWING,9,Rank #2,"Point-in-Time Execution: Coiling proximity to 20-DMA (-1.07%), RSI-14 (48.7), clean gap (+1.10%) holding above prev_close. PIT-Score: 0.93 (Rank #2)."
430,2024-08-20,2024-08-26,INDUSTOWER,Indus Towers Ltd.,Mid-Cap Equities,421.842,431.5851121826172,4739,1999109.238,46172.60863342299,41665.90905165764,2.0842237262302943,True,4506.699581765354,4.138513422790705,-0.5314771636025715,439.29998779296875,419.6000061035156,5 Days (Swing),SL HIT (Trailing Stop Triggered),SWING,25,Rank #2,"Point-in-Time Execution: Coiling proximity to 20-DMA (-1.05%), RSI-14 (54.9), clean gap (+0.56%) holding above prev_close. PIT-Score: 0.75 (Rank #2)."
435,2024-08-26,2024-08-26,RVNL,Rail Vikas Nigam Ltd.,Mid-Cap Equities,578.655,579.81231,3456,1999831.68,3999.6633600001223,3246.473877075883,0.16233735616568906,True,753.1894829242394,1.2088419548889282,-0.5452298865472471,585.6500244140625,575.5,1 Day (Intraday),BREAKEVEN RATCHET / INTRADAY CLOSE,INTRADAY,51,Rank #1,"Point-in-Time Execution: Coiling proximity to 20-DMA (+0.55%), RSI-14 (53.9), clean gap (+0.84%) holding above prev_close. PIT-Score: 1.19 (Rank #1)."
437,2024-08-27,2024-08-27,NIACL,The New India Assurance Company Ltd.,Mid-Cap Equities,266.532,268.5118878173828,7503,1999789.596,14855.09829382319,14098.81653576955,0.7050149957760632,True,756.2817580536398,4.171354245075411,-0.649832743172014,277.6499938964844,264.79998779296875,1 Day (Intraday),BREAKEVEN RATCHET / INTRADAY CLOSE,INTRADAY,25,Rank #1,"Point-in-Time Execution: Coiling proximity to 20-DMA (+0.85%), RSI-14 (52.1), clean gap (+0.47%) holding above prev_close. PIT-Score: 0.76 (Rank #1)."
436,2024-08-26,2024-08-28,TATACOMM,Tata Communications Ltd.,Mid-Cap Equities,1919.331,1922.6969487304686,1042,1999942.902,3507.318577148253,-957.0228999873761,-0.04785251114070936,False,4464.341477135629,2.8900199511249025,-0.42363973843620006,1974.800048828125,1911.199951171875,3 Days (Swing),SL HIT (Trailing Stop Triggered),SWING,15,Rank #2,"Point-in-Time Execution: Coiling proximity to 20-DMA (+0.87%), RSI-14 (54.9), clean gap (+0.45%) holding above prev_close. PIT-Score: 0.76 (Rank #2)."
438,2024-08-30,2024-08-30,NIACL,The New India Assurance Company Ltd.,Mid-Cap Equities,264.528,265.05705600000005,7560,1999831.6800000002,3999.6633600001223,3246.4738770758827,0.16233735616568903,True,753.1894829242395,1.5204393459175323,-0.8800534510406346,268.54998779296875,262.20001220703125,1 Day (Intraday),BREAKEVEN RATCHET / INTRADAY CLOSE,INTRADAY,47,Rank #1,"Point-in-Time Execution: Coiling proximity to 20-DMA (+0.91%), RSI-14 (50.0), clean gap (+0.76%) holding above prev_close. PIT-Score: 0.87 (Rank #1)."
439,2024-08-30,2024-08-30,GICRE,General Insurance Corporation of India,Mid-Cap Equities,408.2649122314453,409.0814420559082,4898,1999681.540109619,3999.3630802193657,3246.2266003476516,0.16233717895749034,True,753.1364798717143,1.9558594259082351,-0.6037561310385593,416.25,405.79998779296875,1 Day (Intraday),BREAKEVEN RATCHET / INTRADAY CLOSE,INTRADAY,46,Rank #2,"Point-in-Time Execution: Coiling proximity to 20-DMA (+1.34%), RSI-14 (51.9), clean gap (+0.77%) holding above prev_close. PIT-Score: 0.81 (Rank #2)."
440,2024-09-05,2024-09-05,INDUSTOWER,Indus Towers Ltd.,Mid-Cap Equities,441.3309122314453,442.2138060913086,4531,1999670.3633206787,4000.392079040408,3247.2592439240925,0.16238972700138693,True,753.1328351163154,0.7294017872546528,-1.1625970178411837,444.54998779296875,436.20001220703125,1 Day (Intraday),INTRADAY SQUARE OFF,INTRADAY,24,Rank #1,"Point-in-Time Execution: Coiling proximity to 20-DMA (+1.43%), RSI-14 (54.0), clean gap (+1.39%) holding above prev_close. PIT-Score: 1.03 (Rank #1)."
442,2024-09-10,2024-09-12,JUBLFOOD,Jubilant Foodworks Ltd.,Mid-Cap Equities,647.292,658.7298878173829,3089,1999484.9880000001,35331.63546789554,30835.334498050608,1.5421638413446597,True,4496.300969844931,3.9948005558638866,-0.5008577592541357,673.1500244140625,644.0499877929688,3 Days (Swing),SL HIT (Trailing Stop Triggered),SWING,11,Rank #2,"Point-in-Time Execution: Coiling proximity to 20-DMA (-0.83%), RSI-14 (55.0), clean gap (+0.56%) holding above prev_close. PIT-Score: 0.84 (Rank #2)."
443,2024-09-12,2024-09-12,INDUSTOWER,Indus Towers Ltd.,Mid-Cap Equities,431.7617938842773,432.6253174720459,4632,1999920.6292719725,3999.841258544009,3246.620374351776,0.16233746113882716,True,753.2208841922333,1.2363790161269044,-0.6396568486135094,437.1000061035156,429.0,1 Day (Intraday),BREAKEVEN RATCHET / INTRADAY CLOSE,INTRADAY,57,Rank #1,"Point-in-Time Execution: Coiling proximity to 20-DMA (-0.84%), RSI-14 (50.3), clean gap (+0.68%) holding above prev_close. PIT-Score: 0.96 (Rank #1)."
441,2024-09-10,2024-09-16,TATACOMM,Tata Communications Ltd.,Mid-Cap Equities,1939.8218510742188,2043.405,1031,1999956.3284575196,106794.22654248052,102222.82664619424,5.1112529404596705,True,4571.399896286281,7.174790244202491,-0.5063274789269808,2079.0,1930.0,5 Days (Swing),TP REACHED (Peak > +5%),SWING,10,Rank #1,"Point-in-Time Execution: Coiling proximity to 20-DMA (+0.41%), RSI-14 (51.4), clean gap (+0.52%) holding above prev_close. PIT-Score: 1.19 (Rank #1)."
444,2024-09-13,2024-09-17,NMDC,NMDC Ltd.,Mid-Cap Equities,72.42789949035645,72.70762585449219,27613,1999951.5886272127,7724.0840928801335,3255.3537880691783,0.162771629402474,True,4468.730304810955,2.8609148190462728,-1.6769316368692364,74.5,71.21333312988281,3 Days (Swing),SL HIT (Trailing Stop Triggered),SWING,22,Rank #1,"Point-in-Time Execution: Coiling proximity to 20-DMA (-1.41%), RSI-14 (45.3), clean gap (+0.64%) holding above prev_close. PIT-Score: 0.62 (Rank #1)."
449,2024-09-23,2024-09-23,IDFCFIRSTB,IDFC First Bank Ltd.,Mid-Cap Equities,73.34639694213867,73.87195664978027,27267,1999936.205421295,14330.436548263766,13574.253289259155,0.6787343142477728,True,756.1832590046097,1.0956292568456827,-0.704049731974364,74.1500015258789,72.83000183105469,1 Day (Intraday),BREAKEVEN RATCHET / INTRADAY CLOSE,INTRADAY,48,Rank #3,"Point-in-Time Execution: Coiling proximity to 20-DMA (-1.09%), RSI-14 (45.7), clean gap (+0.51%) holding above prev_close. PIT-Score: 0.63 (Rank #3)."
447,2024-09-23,2024-09-25,JKCEMENT,J.K. Cement Ltd.,Mid-Cap Equities,4674.33,4723.035,427,1995938.91,20797.034999999916,16323.676149202685,0.8178444774746481,True,4473.35885079723,3.2415361700232994,-0.7665269675012233,4825.85009765625,4638.5,3 Days (Swing),SL HIT (Trailing Stop Triggered),SWING,20,Rank #1,"Point-in-Time Execution: Coiling proximity to 20-DMA (+0.18%), RSI-14 (53.8), clean gap (+0.70%) holding above prev_close. PIT-Score: 2.00 (Rank #1)."
445,2024-09-20,2024-09-26,ESCORTS,Escorts Kubota Ltd.,Mid-Cap Equities,3843.6218510742187,4288.954705078125,520,1998683.3625585937,231573.08408203092,226875.21419491986,11.351233439222105,True,4697.869887111058,14.258115717506598,-0.5911598385808527,4391.64990234375,3820.89990234375,5 Days (Swing),SL HIT (Trailing Stop Triggered),SWING,5,Rank #1,"Point-in-Time Execution: Coiling proximity to 20-DMA (+0.34%), RSI-14 (50.3), clean gap (+0.50%) holding above prev_close. PIT-Score: 1.35 (Rank #1)."
446,2024-09-20,2024-09-26,JSL,Jindal Stainless Ltd.,Mid-Cap Equities,739.977,779.1885,2702,1999417.8539999998,105949.47300000023,101380.14519293333,5.070483140385789,True,4569.327807066906,8.516886335656382,-0.3955544844003564,803.0,737.0499877929688,5 Days (Swing),SL HIT (Trailing Stop Triggered),SWING,9,Rank #2,"Point-in-Time Execution: Coiling proximity to 20-DMA (-0.87%), RSI-14 (48.5), clean gap (+0.56%) holding above prev_close. PIT-Score: 0.81 (Rank #2)."
448,2024-09-23,2024-09-27,TATACOMM,Tata Communications Ltd.,Mid-Cap Equities,1982.0061489257812,2122.197051269531,1009,1999844.2042661132,141452.6204648437,136845.55583029025,6.842810831882214,True,4607.064634553436,9.384120789686994,-0.19960079840319062,2168.0,1978.050048828125,5 Days (Swing),TP REACHED (Peak > +5%),SWING,35,Rank #2,"Point-in-Time Execution: Coiling proximity to 20-DMA (-0.45%), RSI-14 (51.1), clean gap (+0.51%) holding above prev_close. PIT-Score: 1.13 (Rank #2)."
450,2024-10-09,2024-10-09,THERMAX,Thermax Ltd.,Mid-Cap Equities,5170.270095703125,5180.610635894531,386,1995724.256941406,3991.448513882933,3239.709051733086,0.16233249861372023,True,751.7394621498471,2.8601949976177115,-1.3388138285686837,5318.14990234375,5101.0498046875,1 Day (Intraday),BREAKEVEN RATCHET / INTRADAY CLOSE,INTRADAY,50,Rank #1,"Point-in-Time Execution: Coiling proximity to 20-DMA (+0.77%), RSI-14 (55.2), clean gap (+1.47%) holding above prev_close. PIT-Score: 1.26 (Rank #1)."
451,2024-10-11,2024-10-11,LAURUSLABS,Laurus Labs Ltd.,Mid-Cap Equities,469.437,473.2016939086914,4260,1999801.62,16037.596051025437,15280.971593485896,0.7641243731708696,True,756.6244575395409,1.7814931062035455,-0.7108502091834233,477.79998779296875,466.1000061035156,1 Day (Intraday),BREAKEVEN RATCHET / INTRADAY CLOSE,INTRADAY,22,Rank #1,"Point-in-Time Execution: Coiling proximity to 20-DMA (-1.06%), RSI-14 (50.8), clean gap (+0.70%) holding above prev_close. PIT-Score: 0.76 (Rank #1)."
452,2024-10-14,2024-10-16,GICRE,General Insurance Corporation of India,Mid-Cap Equities,393.285,393.7608878173828,5085,1999854.225,2419.8895513915922,-2043.128023138389,-0.10216384762436316,False,4463.017574529981,3.131318535798619,-0.6827094591668637,405.6000061035156,390.6000061035156,3 Days (Swing),SL HIT (Trailing Stop Triggered),SWING,13,Rank #1,"Point-in-Time Execution: Coiling proximity to 20-DMA (-0.01%), RSI-14 (49.6), clean gap (+0.54%) holding above prev_close. PIT-Score: 12.59 (Rank #1)."
453,2024-11-01,2024-11-01,DALBHARAT,Dalmia Bharat Ltd.,Mid-Cap Equities,1857.9585,1834.5235512695313,1076,1999163.346,-25216.00483398419,-25960.59647740897,-1.298573052039589,False,744.5916434247799,-0.1996007984031914,-1.3325673758657666,1854.25,1833.199951171875,1 Day (Intraday),INTRADAY SQUARE OFF,INTRADAY,107,Rank #1,"Point-in-Time Execution: Coiling proximity to 20-DMA (-0.40%), RSI-14 (48.8), clean gap (+1.15%) holding above prev_close. PIT-Score: 1.47 (Rank #1)."
454,2024-11-06,2024-11-08,GICRE,General Insurance Corporation of India,Mid-Cap Equities,373.39529388427735,373.4016939086914,5356,1999905.1940441895,34.27853076159954,-4426.380287857116,-0.22132950607054183,False,4460.6588186187155,3.5899472029354986,-2.5161789765859073,386.79998779296875,364.0,3 Days (Swing),SL HIT (Trailing Stop Triggered),SWING,34,Rank #1,"Point-in-Time Execution: Coiling proximity to 20-DMA (-1.44%), RSI-14 (46.5), clean gap (+0.47%) holding above prev_close. PIT-Score: 0.64 (Rank #1)."
456,2024-11-25,2024-11-25,PAGEIND,Page Industries Ltd.,Mid-Cap Equities,45191.202,45397.125359375,44,1988412.8879999998,9060.627812500112,8310.014326042476,0.4179219706426725,True,750.6134864576366,2.2090538773454234,-0.1996007984031881,46189.5,45101.0,1 Day (Intraday),BREAKEVEN RATCHET / INTRADAY CLOSE,INTRADAY,75,Rank #2,"Point-in-Time Execution: Coiling proximity to 20-DMA (+0.67%), RSI-14 (51.5), clean gap (+0.75%) holding above prev_close. PIT-Score: 1.04 (Rank #2)."
457,2024-11-26,2024-11-26,HINDPETRO,Hindustan Petroleum Corporation Ltd.,Mid-Cap Equities,382.86420611572265,383.6299345279541,5223,1999699.7485424194,3999.3994970847853,3246.25658919106,0.16233720045008035,True,753.1429078937254,1.785438801046458,-1.2704781585804397,389.70001220703125,378.0,1 Day (Intraday),BREAKEVEN RATCHET / INTRADAY CLOSE,INTRADAY,46,Rank #1,"Point-in-Time Execution: Coiling proximity to 20-DMA (+0.15%), RSI-14 (47.0), clean gap (+1.39%) holding above prev_close. PIT-Score: 2.58 (Rank #1)."
458,2024-11-26,2024-11-26,ASTRAL,Astral Ltd.,Mid-Cap Equities,1795.584,1799.5935512695312,1113,1998484.992,4462.63056298811,3709.783209692204,0.18562977578228437,True,752.8473532959059,1.3542125800888423,-0.6256473890423706,1819.9000244140625,1784.3499755859375,1 Day (Intraday),BREAKEVEN RATCHET / INTRADAY CLOSE,INTRADAY,34,Rank #2,"Point-in-Time Execution: Coiling proximity to 20-DMA (+1.36%), RSI-14 (49.5), clean gap (+0.52%) holding above prev_close. PIT-Score: 0.61 (Rank #2)."
455,2024-11-25,2024-11-28,APARINDS,Apar Industries Ltd.,Mid-Cap Equities,9429.871904296875,9708.593705078125,212,1999132.8437109375,59089.02176562487,54568.8853981857,2.7296277768560353,True,4520.136367439167,5.939933239685827,-0.20012895708875728,9990.0,9411.0,4 Days (Swing),SL HIT (Trailing Stop Triggered),SWING,35,Rank #1,"Point-in-Time Execution: Coiling proximity to 20-DMA (-0.43%), RSI-14 (48.2), clean gap (+1.14%) holding above prev_close. PIT-Score: 1.40 (Rank #1)."
460,2024-11-28,2024-11-28,RVNL,Rail Vikas Nigam Ltd.,Mid-Cap Equities,442.6335,443.518767,4518,1999818.1530000002,3999.636305999942,3246.451598437465,0.162337340201025,True,753.1847075624772,1.8449773442291924,-0.5836684767491109,450.79998779296875,440.04998779296875,1 Day (Intraday),BREAKEVEN RATCHET / INTRADAY CLOSE,INTRADAY,42,Rank #2,"Point-in-Time Execution: Coiling proximity to 20-DMA (-0.76%), RSI-14 (46.7), clean gap (+0.53%) holding above prev_close. PIT-Score: 0.90 (Rank #2)."
459,2024-11-28,2024-11-29,PRESTIGE,Prestige Estates Projects Ltd.,Mid-Cap Equities,1647.288,1647.281410848,1214,1999807.632,-7.999230528017506,-4468.397412871029,-0.22344136212752633,False,4460.398182343011,2.608044252128346,-1.1405413018245754,1690.25,1628.5,2 Days (Swing),SL HIT (Trailing Stop Triggered),SWING,11,Rank #1,"Point-in-Time Execution: Coiling proximity to 20-DMA (+0.70%), RSI-14 (47.2), clean gap (+0.89%) holding above prev_close. PIT-Score: 0.97 (Rank #1)."
461,2024-11-29,2024-11-29,BSE,BSE Ltd.,Mid-Cap Equities,1540.7419592285157,1553.8027927246094,1298,1999883.0630786135,16952.961877929512,16196.046714114857,0.8098496863702977,True,756.9151638146558,1.8729947727179206,-0.7729123708061486,1569.5999755859375,1528.8333740234375,1 Day (Intraday),BREAKEVEN RATCHET / INTRADAY CLOSE,INTRADAY,18,Rank #1,"Point-in-Time Execution: Coiling proximity to 20-DMA (-0.45%), RSI-14 (53.5), clean gap (+0.85%) holding above prev_close. PIT-Score: 1.24 (Rank #1)."
462,2024-12-02,2024-12-02,BHARTIHEXA,Bharti Hexacom Ltd.,Mid-Cap Equities,1391.4773510742189,1394.2603057763672,1437,1999552.9534936524,3999.10590698733,3246.014821335252,0.16233702716718557,True,753.091085652078,1.3203682041633662,-1.0691784150705754,1409.8499755859375,1376.5999755859375,1 Day (Intraday),BREAKEVEN RATCHET / INTRADAY CLOSE,INTRADAY,56,Rank #1,"Point-in-Time Execution: Coiling proximity to 20-DMA (-0.33%), RSI-14 (49.3), clean gap (+0.91%) holding above prev_close. PIT-Score: 1.45 (Rank #1)."
465,2024-12-04,2024-12-04,RVNL,Rail Vikas Nigam Ltd.,Mid-Cap Equities,443.3349122314453,444.2215820559082,4511,1999883.7890760496,3999.767578152241,3246.559699449985,0.16233741766314844,True,753.2078787022562,1.864300248872686,-0.9777962691064185,451.6000061035156,439.0,1 Day (Intraday),BREAKEVEN RATCHET / INTRADAY CLOSE,INTRADAY,60,Rank #1,"Point-in-Time Execution: Coiling proximity to 20-DMA (-0.08%), RSI-14 (46.4), clean gap (+1.07%) holding above prev_close. PIT-Score: 4.01 (Rank #1)."
464,2024-12-03,2024-12-05,JSL,Jindal Stainless Ltd.,Mid-Cap Equities,696.39,713.6697756347656,2871,1999335.69,49610.23584741214,45099.47082824904,2.255722791016102,True,4510.765019163101,6.5064133900589125,-0.3431984950961367,741.7000122070312,694.0,3 Days (Swing),SL HIT (Trailing Stop Triggered),SWING,8,Rank #1,"Point-in-Time Execution: Coiling proximity to 20-DMA (+0.14%), RSI-14 (48.9), clean gap (+0.47%) holding above prev_close. PIT-Score: 2.47 (Rank #1)."
463,2024-12-02,2024-12-06,MEDANTA,Global Health Ltd.,Mid-Cap Equities,1082.0598244628907,1172.9494487304687,1848,1999646.555607422,167964.02564648422,163329.92846924183,8.167939879736794,True,4634.09717724238,9.328520776308618,-0.6247136694240607,1183.0,1075.300048828125,5 Days (Swing),TP REACHED (Peak > +5%),SWING,28,Rank #2,"Point-in-Time Execution: Coiling proximity to 20-DMA (-0.46%), RSI-14 (49.7), clean gap (+0.44%) holding above prev_close. PIT-Score: 0.98 (Rank #2)."
466,2024-12-05,2024-12-11,BSE,BSE Ltd.,Mid-Cap Equities,1536.066,1847.031809814453,1302,1999957.932,404877.48437841795,399997.1992964012,20.000280650723266,True,4880.285082016774,21.695073674609358,-0.36235422175870247,1869.316650390625,1530.5,5 Days (Swing),TP REACHED (Peak > +5%),SWING,1,Rank #1,"Point-in-Time Execution: Coiling proximity to 20-DMA (-1.18%), RSI-14 (52.7), clean gap (+0.59%) holding above prev_close. PIT-Score: 0.74 (Rank #1)."
467,2024-12-26,2024-12-26,TATAINVEST,Tata Investment Corporation Ltd.,Mid-Cap Equities,689.7768244628907,691.7337551269532,2899,1999663.01411792,5673.141995117068,4919.532965724485,0.2460181005995433,True,753.6090293925835,2.09388685267598,-0.9998624679001811,704.219970703125,682.8800048828125,1 Day (Intraday),BREAKEVEN RATCHET / INTRADAY CLOSE,INTRADAY,12,Rank #1,"Point-in-Time Execution: Coiling proximity to 20-DMA (+0.31%), RSI-14 (52.7), clean gap (+1.25%) holding above prev_close. PIT-Score: 1.93 (Rank #1)."
468,2025-01-01,2025-01-06,GICRE,General Insurance Corporation of India,Mid-Cap Equities,448.29479388427734,451.1958060913086,4461,1999843.0755177613,12941.415455566486,8467.519981524027,0.4234092207125691,True,4473.89547404246,5.1094098426373105,-3.757523376814944,471.20001220703125,431.45001220703125,4 Days (Swing),SL HIT (Trailing Stop Triggered),SWING,9,Rank #1,"Point-in-Time Execution: Coiling proximity to 20-DMA (+0.69%), RSI-14 (54.1), clean gap (+0.71%) holding above prev_close. PIT-Score: 1.00 (Rank #1)."
470,2025-01-07,2025-01-07,HONAUT,Honeywell Automation India Ltd.,Mid-Cap Equities,42220.7221171875,42602.273140625,47,1984373.9395078125,17932.898101562634,17181.16867614321,0.8658231361577287,True,751.7294254194253,1.842763088355081,-0.19960079840319112,42998.75,42136.44921875,1 Day (Intraday),BREAKEVEN RATCHET / INTRADAY CLOSE,INTRADAY,30,Rank #2,"Point-in-Time Execution: Coiling proximity to 20-DMA (+1.03%), RSI-14 (49.1), clean gap (+0.90%) holding above prev_close. PIT-Score: 0.89 (Rank #2)."
469,2025-01-07,2025-01-08,M&MFIN,Mahindra & Mahindra Financial Services Ltd.,Mid-Cap Equities,273.546,273.54490581600004,7311,1999894.8059999999,-7.999579223571345,-4468.591501235903,-0.22344132740529268,False,4460.591922012331,2.5421684104318865,-1.022131561053714,280.5,270.75,2 Days (Swing),SL HIT (Trailing Stop Triggered),SWING,27,Rank #1,"Point-in-Time Execution: Coiling proximity to 20-DMA (-0.27%), RSI-14 (49.1), clean gap (+0.74%) holding above prev_close. PIT-Score: 1.55 (Rank #1)."
471,2025-01-14,2025-01-20,IDEA,Vodafone Idea Ltd.,Mid-Cap Equities,7.815600191116333,9.920119581222535,255898,1999996.4577062875,538542.3028893969,533523.4252256207,26.676218508781584,True,5018.877663776123,33.962843684476354,-0.5834511627354159,10.470000267028809,7.769999980926514,5 Days (Swing),TP REACHED (Peak > +5%),SWING,6,Rank #1,"Point-in-Time Execution: Coiling proximity to 20-DMA (-0.84%), RSI-14 (45.7), clean gap (+0.78%) holding above prev_close. PIT-Score: 1.03 (Rank #1)."
473,2025-01-30,2025-01-31,DABUR,Dabur India Ltd.,Mid-Cap Equities,522.2925,522.29041083,3829,1999857.9825000002,-7.999431930016726,-4468.509515633756,-0.22344134207208663,False,4460.510083703739,3.9264373493719957,-0.6303938884820323,542.7999877929688,519.0,2 Days (Swing),SL HIT (Trailing Stop Triggered),SWING,12,Rank #1,"Point-in-Time Execution: Coiling proximity to 20-DMA (-0.07%), RSI-14 (49.6), clean gap (+0.61%) holding above prev_close. PIT-Score: 4.48 (Rank #1)."
472,2025-01-29,2025-02-01,RVNL,Rail Vikas Nigam Ltd.,Mid-Cap Equities,410.82,435.3775,4868,1999871.76,119545.90999999992,114961.48442710873,5.748442811508511,True,4584.42557289118,22.14594902706021,-0.67426420501223,501.79998779296875,408.04998779296875,4 Days (Swing),SL HIT (Trailing Stop Triggered),SWING,19,Rank #1,"Point-in-Time Execution: Coiling proximity to 20-DMA (-0.30%), RSI-14 (47.1), clean gap (+0.58%) holding above prev_close. PIT-Score: 1.53 (Rank #1)."
474,2025-02-04,2025-02-06,NHPC,NHPC Ltd.,Mid-Cap Equities,77.86541908264161,78.3829209136963,25685,1999973.2891376498,13292.034530639648,8817.486342475553,0.4408802052690156,True,4474.548188164095,3.8201518598287922,-1.432496088485404,80.83999633789062,76.75,3 Days (Swing),SL HIT (Trailing Stop Triggered),SWING,31,Rank #1,"Point-in-Time Execution: Coiling proximity to 20-DMA (-0.68%), RSI-14 (46.3), clean gap (+1.28%) holding above prev_close. PIT-Score: 1.11 (Rank #1)."
475,2025-02-05,2025-02-06,BSE,BSE Ltd.,Mid-Cap Equities,1876.5622836914063,1876.5547774422716,1065,1998538.8321313476,-7.994155328255147,-4465.572496124634,-0.2234418678451352,False,4457.578340796379,4.055519123801772,-1.94836505077168,1952.6666259765625,1840.0,2 Days (Swing),SL HIT (Trailing Stop Triggered),SWING,9,Rank #1,"Point-in-Time Execution: Coiling proximity to 20-DMA (+0.39%), RSI-14 (52.9), clean gap (+0.95%) holding above prev_close. PIT-Score: 1.41 (Rank #1)."
476,2025-02-07,2025-02-07,INDUSTOWER,Indus Towers Ltd.,Mid-Cap Equities,359.0165877685547,362.5733878173828,5570,1999722.3938708496,19811.376271972666,19053.699583823276,0.9528172331431041,True,757.6766881493903,2.878256517111826,-0.36671719535482855,369.3500061035156,357.70001220703125,1 Day (Intraday),BREAKEVEN RATCHET / INTRADAY CLOSE,INTRADAY,17,Rank #1,"Point-in-Time Execution: Coiling proximity to 20-DMA (+0.67%), RSI-14 (53.8), clean gap (+0.62%) holding above prev_close. PIT-Score: 0.97 (Rank #1)."
477,2025-03-06,2025-03-06,BHEL,Bharat Heavy Electricals Ltd.,Mid-Cap Equities,198.396,198.792792,10080,1999831.68,3999.6633599998895,3246.4738770756503,0.16233735616567743,True,753.1894829242393,1.5645476723321103,-0.7036432186132718,201.5,197.0,1 Day (Intraday),BREAKEVEN RATCHET / INTRADAY CLOSE,INTRADAY,57,Rank #1,"Point-in-Time Execution: Coiling proximity to 20-DMA (+0.24%), RSI-14 (49.1), clean gap (+0.99%) holding above prev_close. PIT-Score: 1.90 (Rank #1)."
480,2025-03-24,2025-03-24,NATIONALUM,National Aluminium Co. Ltd.,Mid-Cap Equities,187.57439694213866,186.66591329956054,10662,1999918.2201970825,-9686.252597168088,-10435.555316377113,-0.5217991021327231,False,749.302719209025,0.8026707874105341,-0.8979890539164646,189.0800018310547,185.88999938964844,1 Day (Intraday),INTRADAY SQUARE OFF,INTRADAY,82,Rank #3,"Point-in-Time Execution: Coiling proximity to 20-DMA (-0.97%), RSI-14 (46.6), clean gap (+0.91%) holding above prev_close. PIT-Score: 0.97 (Rank #3)."
479,2025-03-24,2025-03-25,FORTIS,Fortis Healthcare Ltd.,Mid-Cap Equities,639.1758244628907,639.1732677595928,3129,1999981.1547443848,-7.999924618983641,-4468.783752213064,-0.22344129301479412,False,4460.78382759408,3.5239423773682326,-0.8879911044289172,661.7000122070312,633.5,2 Days (Swing),SL HIT (Trailing Stop Triggered),SWING,9,Rank #2,"Point-in-Time Execution: Coiling proximity to 20-DMA (+1.30%), RSI-14 (52.1), clean gap (+1.54%) holding above prev_close. PIT-Score: 1.14 (Rank #2)."
478,2025-03-24,2025-03-26,360ONE,360 ONE WAM Ltd.,Mid-Cap Equities,951.9,964.9662243652343,2101,1999941.9,27452.13739135745,22962.985897298153,1.1481826495708776,True,4489.151494059298,4.800921902083992,-1.1188150015757934,997.5999755859375,941.25,3 Days (Swing),SL HIT (Trailing Stop Triggered),SWING,13,Rank #1,"Point-in-Time Execution: Coiling proximity to 20-DMA (+0.02%), RSI-14 (49.2), clean gap (+0.77%) holding above prev_close. PIT-Score: 10.64 (Rank #1)."
481,2025-04-08,2025-04-08,PATANJALI,Patanjali Foods Ltd.,Mid-Cap Equities,600.1646081542968,604.3721463623046,3332,1999748.474370117,14019.517309081974,13263.489209431968,0.6632578736488206,True,756.0280996500057,1.638782379379253,-1.135460584608042,610.0,593.3499755859375,1 Day (Intraday),BREAKEVEN RATCHET / INTRADAY CLOSE,INTRADAY,67,Rank #1,"Point-in-Time Execution: Coiling proximity to 20-DMA (+0.06%), RSI-14 (47.2), clean gap (+1.21%) holding above prev_close. PIT-Score: 5.35 (Rank #1)."
482,2025-04-08,2025-04-08,EXIDEIND,Exide Industries Ltd.,Mid-Cap Equities,357.714,358.429428,5591,1999978.974,3999.9579479999375,3246.7164666920653,0.16233752998905607,True,753.2414813078722,2.875481529937325,-1.0382596152233345,368.0,354.0,1 Day (Intraday),BREAKEVEN RATCHET / INTRADAY CLOSE,INTRADAY,106,Rank #2,"Point-in-Time Execution: Coiling proximity to 20-DMA (-0.25%), RSI-14 (45.4), clean gap (+1.02%) holding above prev_close. PIT-Score: 1.71 (Rank #2)."
484,2025-04-08,2025-04-08,BHEL,Bharat Heavy Electricals Ltd.,Mid-Cap Equities,211.422,211.844844,9459,1999840.6979999999,3999.6813960000873,3246.48872950134,0.1623373668086707,True,753.1926664987474,1.645048243079896,-1.3442301032746402,214.89999389648438,208.5800018310547,1 Day (Intraday),BREAKEVEN RATCHET / INTRADAY CLOSE,INTRADAY,93,Rank #4,"Point-in-Time Execution: Coiling proximity to 20-DMA (+0.77%), RSI-14 (51.2), clean gap (+1.59%) holding above prev_close. PIT-Score: 1.37 (Rank #4)."
485,2025-04-08,2025-04-08,KPRMILL,K.P.R. Mill Ltd.,Mid-Cap Equities,921.84,924.7967243652344,2169,1999470.96,6413.135148193454,5659.382003378608,0.28304397096012873,True,753.7531448148469,2.951703960879189,-1.0620077461415518,949.0499877929688,912.0499877929688,1 Day (Intraday),BREAKEVEN RATCHET / INTRADAY CLOSE,INTRADAY,72,Rank #5,"Point-in-Time Execution: Coiling proximity to 20-DMA (-0.82%), RSI-14 (49.5), clean gap (+1.41%) holding above prev_close. PIT-Score: 1.19 (Rank #5)."
486,2025-04-08,2025-04-08,PAGEIND,Page Industries Ltd.,Mid-Cap Equities,41583.0,41666.897640625,48,1995984.0,4027.0867500000168,3275.245540299911,0.16409177329577346,True,751.8412097001054,2.5790568711973645,-0.28965976180169783,42655.44921875,41462.55078125,1 Day (Intraday),BREAKEVEN RATCHET / INTRADAY CLOSE,INTRADAY,109,Rank #6,"Point-in-Time Execution: Coiling proximity to 20-DMA (-0.83%), RSI-14 (45.5), clean gap (+0.47%) holding above prev_close. PIT-Score: 0.78 (Rank #6)."
483,2025-04-08,2025-04-09,NYKAA,FSN E-Commerce Ventures Ltd.,Mid-Cap Equities,174.348,174.347302608,11471,1999945.908,-7.999783631879836,-4468.705277174502,-0.22344130705231566,False,4460.705493542622,2.8804432039297763,-1.1230416238509047,179.3699951171875,172.38999938964844,2 Days (Swing),SL HIT (Trailing Stop Triggered),SWING,42,Rank #3,"Point-in-Time Execution: Coiling proximity to 20-DMA (+0.39%), RSI-14 (49.9), clean gap (+1.58%) holding above prev_close. PIT-Score: 1.55 (Rank #3)."
489,2025-04-15,2025-04-15,TATAINVEST,Tata Investment Corporation Ltd.,Mid-Cap Equities,621.2900877685547,621.4047243652344,3219,1999932.7925269776,369.01520471205004,-383.17072962565214,-0.019159180301329223,False,752.1859343377022,0.8707565990481183,-0.207646604050651,626.7000122070312,620.0,1 Day (Intraday),INTRADAY SQUARE OFF,INTRADAY,123,Rank #3,"Point-in-Time Execution: Coiling proximity to 20-DMA (-0.74%), RSI-14 (50.6), clean gap (+0.47%) holding above prev_close. PIT-Score: 0.87 (Rank #3)."
487,2025-04-15,2025-04-17,SJVN,SJVN Ltd.,Mid-Cap Equities,92.70503663635255,93.66229847717285,21573,1999925.7553560336,20651.009692016523,16168.941584004875,0.8084770917471596,True,4482.068108011647,3.219852894037049,-0.39376533541951786,95.69000244140625,92.33999633789062,3 Days (Swing),SL HIT (Trailing Stop Triggered),SWING,80,Rank #1,"Point-in-Time Execution: Coiling proximity to 20-DMA (+0.36%), RSI-14 (50.7), clean gap (+1.19%) holding above prev_close. PIT-Score: 1.53 (Rank #1)."
492,2025-04-21,2025-04-21,HONAUT,Honeywell Automation India Ltd.,Mid-Cap Equities,34814.49,34595.67,57,1984425.93,-12472.73999999999,-13215.78486540111,-0.6659752155829324,False,743.04486540112,0.24561612133339317,-1.4059950325281168,34900.0,34325.0,1 Day (Intraday),INTRADAY SQUARE OFF,INTRADAY,94,Rank #1,"Point-in-Time Execution: Coiling proximity to 20-DMA (+1.37%), RSI-14 (51.0), clean gap (+1.45%) holding above prev_close. PIT-Score: 1.21 (Rank #1)."
494,2025-04-21,2025-04-21,TATAINVEST,Tata Investment Corporation Ltd.,Mid-Cap Equities,633.0635877685547,638.7698878173828,3159,1999847.8737608644,18026.201854248066,17268.99190379337,0.8635152768554205,True,757.2099504546982,3.449327534770659,-0.19960079840319964,654.9000244140625,631.7999877929688,1 Day (Intraday),BREAKEVEN RATCHET / INTRADAY CLOSE,INTRADAY,78,Rank #3,"Point-in-Time Execution: Coiling proximity to 20-DMA (+0.84%), RSI-14 (55.0), clean gap (+0.46%) holding above prev_close. PIT-Score: 0.79 (Rank #3)."
488,2025-04-15,2025-04-22,RVNL,Rail Vikas Nigam Ltd.,Mid-Cap Equities,351.702,373.0523878173828,5686,1999777.572,121398.30512963864,116812.16938506083,5.841258098931256,True,4586.135744577809,8.742632173553535,-0.4697193098223065,382.45001220703125,350.04998779296875,5 Days (Swing),TP REACHED (Peak > +5%),SWING,35,Rank #2,"Point-in-Time Execution: Coiling proximity to 20-DMA (-0.86%), RSI-14 (47.0), clean gap (+1.36%) holding above prev_close. PIT-Score: 1.15 (Rank #2)."
490,2025-04-15,2025-04-22,NIACL,The New India Assurance Company Ltd.,Mid-Cap Equities,157.65467633056642,171.7258673095703,12685,1999849.569253235,178493.05756866443,173847.5987467063,8.69303378711744,True,4645.458821958137,13.526601235892455,-0.25668526934012525,178.97999572753906,157.25,5 Days (Swing),TP REACHED (Peak > +5%),SWING,63,Rank #4,"Point-in-Time Execution: Coiling proximity to 20-DMA (+0.95%), RSI-14 (49.8), clean gap (+0.68%) holding above prev_close. PIT-Score: 0.82 (Rank #4)."
491,2025-04-15,2025-04-22,LAURUSLABS,Laurus Labs Ltd.,Mid-Cap Equities,612.7730877685547,650.3966121826172,3263,1999478.5853887938,122765.56016308605,118178.672116686,5.910474509718564,True,4586.8880464000495,7.282783388549123,-0.6483802984974686,657.4000244140625,608.7999877929688,5 Days (Swing),TP REACHED (Peak > +5%),SWING,66,Rank #5,"Point-in-Time Execution: Coiling proximity to 20-DMA (+1.48%), RSI-14 (54.4), clean gap (+0.94%) holding above prev_close. PIT-Score: 0.75 (Rank #5)."
495,2025-04-22,2025-04-22,JSL,Jindal Stainless Ltd.,Mid-Cap Equities,579.156,579.9377756347657,3453,1999825.6679999998,2699.4712668459397,1946.6560516451796,0.09734128743291937,True,752.8152152007602,0.8795557673580263,-0.7003336603717218,584.25,575.0999755859375,1 Day (Intraday),INTRADAY SQUARE OFF,INTRADAY,23,Rank #1,"Point-in-Time Execution: Coiling proximity to 20-DMA (-1.22%), RSI-14 (46.9), clean gap (+1.52%) holding above prev_close. PIT-Score: 1.11 (Rank #1)."
493,2025-04-21,2025-04-23,SUZLON,Suzlon Energy Ltd.,Mid-Cap Equities,55.66109923553467,58.901960456848144,35931,1999958.9566319962,116447.38454301469,111865.97595243453,5.593413583887787,True,4581.408590580163,10.633822681930297,-0.28942877116559607,61.58000183105469,55.5,3 Days (Swing),SL HIT (Trailing Stop Triggered),SWING,2,Rank #2,"Point-in-Time Execution: Coiling proximity to 20-DMA (-1.04%), RSI-14 (51.0), clean gap (+0.87%) holding above prev_close. PIT-Score: 0.94 (Rank #2)."
497,2025-05-05,2025-05-05,SUZLON,Suzlon Energy Ltd.,Mid-Cap Equities,56.613,56.806158172607425,35327,1999967.451,6823.69876370253,6069.653115660339,0.30348759489188,True,754.0456480421915,1.125183261794995,-0.4645603057229007,57.25,56.349998474121094,1 Day (Intraday),BREAKEVEN RATCHET / INTRADAY CLOSE,INTRADAY,60,Rank #2,"Point-in-Time Execution: Coiling proximity to 20-DMA (-0.23%), RSI-14 (49.0), clean gap (+0.66%) holding above prev_close. PIT-Score: 1.77 (Rank #2)."
496,2025-05-05,2025-05-06,POLICYBZR,PB Fintech Ltd.,Mid-Cap Equities,1600.194,1600.187599224,1249,1998642.3059999999,-7.99456922383979,-4465.8028752976625,-0.22344182657853048,False,4457.808306073823,4.768546813698841,-1.0932454957414512,1676.5,1582.699951171875,2 Days (Swing),SL HIT (Trailing Stop Triggered),SWING,9,Rank #1,"Point-in-Time Execution: Coiling proximity to 20-DMA (-0.03%), RSI-14 (49.8), clean gap (+0.44%) holding above prev_close. PIT-Score: 8.92 (Rank #1)."
498,2025-05-13,2025-05-13,BIOCON,Biocon Ltd.,Mid-Cap Equities,331.4615877685547,332.1245109440918,6033,1999707.7590076905,3999.4155180153903,3246.269782231552,0.16233720990523334,True,753.1457357838378,1.8217532451035228,-0.8029889657815866,337.5,328.79998779296875,1 Day (Intraday),BREAKEVEN RATCHET / INTRADAY CLOSE,INTRADAY,58,Rank #1,"Point-in-Time Execution: Coiling proximity to 20-DMA (+0.22%), RSI-14 (48.5), clean gap (+0.81%) holding above prev_close. PIT-Score: 1.82 (Rank #1)."
499,2025-05-13,2025-05-13,AUROPHARMA,Aurobindo Pharma Ltd.,Mid-Cap Equities,1227.45,1229.9049,1629,1999516.05,3999.032099999953,3245.9540421834986,0.16233698360078172,True,753.0780578164545,1.951201630539937,-0.598804384216265,1251.4000244140625,1220.0999755859375,1 Day (Intraday),BREAKEVEN RATCHET / INTRADAY CLOSE,INTRADAY,37,Rank #2,"Point-in-Time Execution: Coiling proximity to 20-DMA (+1.49%), RSI-14 (53.4), clean gap (+1.58%) holding above prev_close. PIT-Score: 1.04 (Rank #2)."
503,2025-05-14,2025-05-14,BANKINDIA,Bank of India,Mid-Cap Equities,113.3562572479248,113.63228060913086,17643,1999944.4466251372,4869.880161758512,4116.40185533741,0.20582580992605815,True,753.4783064211024,1.361851842530171,-0.5612888451584129,114.9000015258789,112.72000122070312,1 Day (Intraday),BREAKEVEN RATCHET / INTRADAY CLOSE,INTRADAY,62,Rank #4,"Point-in-Time Execution: Coiling proximity to 20-DMA (-1.45%), RSI-14 (52.1), clean gap (+0.51%) holding above prev_close. PIT-Score: 0.62 (Rank #4)."
504,2025-05-15,2025-05-15,CONCOR,Container Corporation of India Ltd.,Mid-Cap Equities,555.1881771240235,551.0956121826172,3602,1999787.8140007325,-14741.418918945361,-15489.228756194054,-0.7745436114647902,False,747.8098372486921,0.6793813348424725,-0.8984638222722657,558.9600219726562,550.2000122070312,1 Day (Intraday),INTRADAY SQUARE OFF,INTRADAY,86,Rank #1,"Point-in-Time Execution: Coiling proximity to 20-DMA (-0.07%), RSI-14 (51.1), clean gap (+0.76%) holding above prev_close. PIT-Score: 4.34 (Rank #1)."
505,2025-05-16,2025-05-16,GODREJIND,Godrej Industries Ltd.,Mid-Cap Equities,1146.288,1148.580576,1744,1999126.272,3998.2525440000463,3245.312087348443,0.16233652335035906,True,752.9404566516031,1.3706852030205314,-1.4209343550660927,1162.0,1130.0,1 Day (Intraday),BREAKEVEN RATCHET / INTRADAY CLOSE,INTRADAY,46,Rank #1,"Point-in-Time Execution: Coiling proximity to 20-DMA (+0.49%), RSI-14 (51.4), clean gap (+1.54%) holding above prev_close. PIT-Score: 1.60 (Rank #1)."
506,2025-05-16,2025-05-16,AWL,AWL Agri Business Ltd.,Mid-Cap Equities,269.037,269.8093060913086,7433,1999752.021,5740.551176696783,4986.89148239019,0.24937549406233053,True,753.6596943065931,1.4358597131563309,-0.6270490291240063,272.8999938964844,267.3500061035156,1 Day (Intraday),BREAKEVEN RATCHET / INTRADAY CLOSE,INTRADAY,54,Rank #2,"Point-in-Time Execution: Coiling proximity to 20-DMA (-1.48%), RSI-14 (50.2), clean gap (+0.56%) holding above prev_close. PIT-Score: 0.71 (Rank #2)."
507,2025-05-16,2025-05-16,TATAINVEST,Tata Investment Corporation Ltd.,Mid-Cap Equities,621.9915,619.6582243652343,3215,1999702.6724999999,-7501.481165771605,-8251.33325315142,-0.41262800548422135,False,749.8520873798158,0.5640752325393557,-0.6738857696658593,625.5,617.7999877929688,1 Day (Intraday),INTRADAY SQUARE OFF,INTRADAY,74,Rank #3,"Point-in-Time Execution: Coiling proximity to 20-DMA (+1.50%), RSI-14 (55.1), clean gap (+0.50%) holding above prev_close. PIT-Score: 0.68 (Rank #3)."
500,2025-05-14,2025-05-20,THERMAX,Thermax Ltd.,Mid-Cap Equities,3356.7,3494.796448730469,595,1997236.5,82167.38699462893,77627.55075797504,3.88674805201963,True,4539.836236653897,7.409059562777435,-0.7090326110837972,3605.39990234375,3332.89990234375,5 Days (Swing),TP REACHED (Peak > +5%),SWING,30,Rank #1,"Point-in-Time Execution: Coiling proximity to 20-DMA (-0.13%), RSI-14 (49.4), clean gap (+0.88%) holding above prev_close. PIT-Score: 2.88 (Rank #1)."
501,2025-05-14,2025-05-20,RVNL,Rail Vikas Nigam Ltd.,Mid-Cap Equities,359.718,415.168,5559,1999672.3620000002,308246.5499999998,303467.0310702079,15.175837644057404,True,4779.518929791924,24.4863998445918,-0.6165941098304832,447.79998779296875,357.5,5 Days (Swing),SL HIT (Trailing Stop Triggered),SWING,12,Rank #2,"Point-in-Time Execution: Coiling proximity to 20-DMA (+0.14%), RSI-14 (52.0), clean gap (+0.55%) holding above prev_close. PIT-Score: 2.47 (Rank #2)."
502,2025-05-14,2025-05-20,SJVN,SJVN Ltd.,Mid-Cap Equities,96.58277938842774,104.39079847717285,20707,1999939.6127961732,161680.65127064497,157052.4137837633,7.852857795250317,True,4628.237486881656,11.303485653137386,-0.5412785106664952,107.5,96.05999755859375,5 Days (Swing),SL HIT (Trailing Stop Triggered),SWING,27,Rank #3,"Point-in-Time Execution: Coiling proximity to 20-DMA (+1.28%), RSI-14 (54.5), clean gap (+0.49%) holding above prev_close. PIT-Score: 0.70 (Rank #3)."
508,2025-05-21,2025-05-21,DABUR,Dabur India Ltd.,Mid-Cap Equities,478.7555877685547,480.7865,4177,1999762.0901092528,8483.120390747208,7728.67215294706,0.3864795813048351,True,754.4482378001485,1.2834118880091476,-0.30403822175118056,484.8999938964844,477.29998779296875,1 Day (Intraday),BREAKEVEN RATCHET / INTRADAY CLOSE,INTRADAY,48,Rank #1,"Point-in-Time Execution: Coiling proximity to 20-DMA (-0.68%), RSI-14 (47.6), clean gap (+0.45%) holding above prev_close. PIT-Score: 0.89 (Rank #1)."
509,2025-05-26,2025-05-26,POLYCAB,Polycab India Ltd.,Mid-Cap Equities,5951.88,5937.601,336,1999831.68,-4797.743999999948,-5548.415436205164,-0.2774441215075243,False,750.671436205216,0.2708387937928837,-0.7288453396237846,5968.0,5908.5,1 Day (Intraday),INTRADAY SQUARE OFF,INTRADAY,41,Rank #1,"Point-in-Time Execution: Coiling proximity to 20-DMA (+0.66%), RSI-14 (55.9), clean gap (+0.96%) holding above prev_close. PIT-Score: 1.10 (Rank #1)."
510,2025-05-26,2025-05-26,GICRE,General Insurance Corporation of India,Mid-Cap Equities,432.1625877685547,430.637,4627,1999616.2936051027,-7058.894605102716,-7808.842927849181,-0.3905170683406785,False,749.9483227464656,0.737550733259663,-0.7318050793995253,435.3500061035156,429.0,1 Day (Intraday),INTRADAY SQUARE OFF,INTRADAY,46,Rank #2,"Point-in-Time Execution: Coiling proximity to 20-DMA (+1.36%), RSI-14 (53.5), clean gap (+0.98%) holding above prev_close. PIT-Score: 0.91 (Rank #2)."
511,2025-05-27,2025-05-27,JKCEMENT,J.K. Cement Ltd.,Mid-Cap Equities,5289.558,5300.137116,378,1999452.9239999999,3998.9058479999658,3245.850075205068,0.1623369090736876,True,753.0557727948976,2.447123181180734,-0.728945594319979,5419.0,5251.0,1 Day (Intraday),BREAKEVEN RATCHET / INTRADAY CLOSE,INTRADAY,18,Rank #1,"Point-in-Time Execution: Coiling proximity to 20-DMA (+1.08%), RSI-14 (57.3), clean gap (+1.27%) holding above prev_close. PIT-Score: 1.08 (Rank #1)."
512,2025-05-29,2025-06-02,WAAREEENER,Waaree Energies Ltd.,Mid-Cap Equities,2822.634,2946.295551269531,708,1998424.872,87552.37829882815,83004.32089444692,4.153487181701116,True,4548.057404381227,8.692802538338304,-0.6495334206232553,3068.0,2804.300048828125,3 Days (Swing),SL HIT (Trailing Stop Triggered),SWING,1,Rank #1,"Point-in-Time Execution: Coiling proximity to 20-DMA (+1.19%), RSI-14 (54.9), clean gap (+0.71%) holding above prev_close. PIT-Score: 0.77 (Rank #1)."
513,2025-06-02,2025-06-02,THERMAX,Thermax Ltd.,Mid-Cap Equities,3422.0303510742187,3441.8025512695312,584,1998465.7250273437,11546.964914062526,10792.096630765696,0.5400191004335606,True,754.8682832968299,1.547901201669746,-0.49474293565672556,3475.0,3405.10009765625,1 Day (Intraday),BREAKEVEN RATCHET / INTRADAY CLOSE,INTRADAY,21,Rank #1,"Point-in-Time Execution: Coiling proximity to 20-DMA (-0.23%), RSI-14 (47.7), clean gap (+0.80%) holding above prev_close. PIT-Score: 1.94 (Rank #1)."
514,2025-06-02,2025-06-04,360ONE,360 ONE WAM Ltd.,Mid-Cap Equities,1007.01,1009.976,1986,1999921.8599999999,5890.476000000024,1423.7117980157282,0.07118837123045038,True,4466.764201984296,3.95130622616707,-0.4329624915281369,1046.800048828125,1002.6500244140625,3 Days (Swing),SL HIT (Trailing Stop Triggered),SWING,14,Rank #2,"Point-in-Time Execution: Coiling proximity to 20-DMA (+1.53%), RSI-14 (52.3), clean gap (+0.76%) holding above prev_close. PIT-Score: 0.69 (Rank #2)."
515,2025-06-04,2025-06-04,GODFRYPHLP,Godfrey Phillips India Ltd.,Mid-Cap Equities,2828.979918457031,2834.637878293945,706,1997259.822430664,3994.5196448613424,3242.2380905461396,0.16233431695433287,True,752.2815543152026,2.710759065114541,-1.0715229971193772,2905.666748046875,2798.666748046875,1 Day (Intraday),BREAKEVEN RATCHET / INTRADAY CLOSE,INTRADAY,89,Rank #1,"Point-in-Time Execution: Coiling proximity to 20-DMA (-1.33%), RSI-14 (53.0), clean gap (+0.89%) holding above prev_close. PIT-Score: 0.75 (Rank #1)."
517,2025-06-09,2025-06-09,DABUR,Dabur India Ltd.,Mid-Cap Equities,484.61729388427733,484.6288060913086,4126,1999530.9545665283,47.49936621100642,-704.4529133414688,-0.03523090811535773,False,751.9522795524753,0.28531918550410795,-0.6741995842892695,486.0,481.3500061035156,1 Day (Intraday),INTRADAY SQUARE OFF,INTRADAY,63,Rank #1,"Point-in-Time Execution: Coiling proximity to 20-DMA (+0.16%), RSI-14 (49.1), clean gap (+0.50%) holding above prev_close. PIT-Score: 2.28 (Rank #1)."
518,2025-06-09,2025-06-09,AWL,AWL Agri Business Ltd.,Mid-Cap Equities,266.031,267.26438781738284,7517,1999755.027,9271.376223266823,8516.70485555974,0.4258874082360159,True,754.6713677070848,0.9280873281685195,-0.5191147285525487,268.5,264.6499938964844,1 Day (Intraday),INTRADAY SQUARE OFF,INTRADAY,46,Rank #2,"Point-in-Time Execution: Coiling proximity to 20-DMA (-0.55%), RSI-14 (47.6), clean gap (+0.63%) holding above prev_close. PIT-Score: 1.03 (Rank #2)."
516,2025-06-06,2025-06-10,VOLTAS,Voltas Ltd.,Mid-Cap Equities,1255.3056489257813,1271.951,1593,1999701.8987387696,26516.04426123039,22028.396162493977,1.1015839999145616,True,4487.648098736414,5.1297707694694665,-0.42265793437013055,1319.699951171875,1250.0,3 Days (Swing),SL HIT (Trailing Stop Triggered),SWING,37,Rank #1,"Point-in-Time Execution: Coiling proximity to 20-DMA (-0.56%), RSI-14 (46.4), clean gap (+0.42%) holding above prev_close. PIT-Score: 0.98 (Rank #1)."
520,2025-06-10,2025-06-10,BIOCON,Biocon Ltd.,Mid-Cap Equities,340.47958776855467,341.1605469440918,5874,1999977.0985524901,3999.9541971050203,3246.7133778759776,0.1623375277759845,True,753.2408192290428,2.252824076239121,-0.2730266391822065,348.1499938964844,339.54998779296875,1 Day (Intraday),BREAKEVEN RATCHET / INTRADAY CLOSE,INTRADAY,35,Rank #1,"Point-in-Time Execution: Coiling proximity to 20-DMA (+0.88%), RSI-14 (54.0), clean gap (+0.49%) holding above prev_close. PIT-Score: 0.69 (Rank #1)."
519,2025-06-09,2025-06-11,NTPCGREEN,NTPC Green Energy Ltd.,Mid-Cap Equities,109.49855877685548,111.34685969543457,18265,1999991.1760592652,33759.2162778473,29263.419710985305,1.4631774410447775,True,4495.7965668619945,3.7091253319735333,-0.19960079840319941,113.55999755859375,109.27999877929688,3 Days (Swing),SL HIT (Trailing Stop Triggered),SWING,9,Rank #3,"Point-in-Time Execution: Coiling proximity to 20-DMA (+0.70%), RSI-14 (53.7), clean gap (+0.50%) holding above prev_close. PIT-Score: 0.91 (Rank #3)."
521,2025-06-24,2025-06-24,NIACL,The New India Assurance Company Ltd.,Mid-Cap Equities,188.42610305786133,188.80295526397705,10614,1999954.65785614,3999.909315712517,3246.676418598006,0.1623375012950691,True,753.2328971145113,1.2120951497386365,-1.250408353941849,190.7100067138672,186.07000732421875,1 Day (Intraday),BREAKEVEN RATCHET / INTRADAY CLOSE,INTRADAY,96,Rank #1,"Point-in-Time Execution: Coiling proximity to 20-DMA (-0.73%), RSI-14 (52.9), clean gap (+1.15%) holding above prev_close. PIT-Score: 1.10 (Rank #1)."
522,2025-06-24,2025-06-24,TATAINVEST,Tata Investment Corporation Ltd.,Mid-Cap Equities,673.2438244628906,674.5903121118164,2970,1999534.1586547852,3999.0683173094876,3245.983866695101,0.16233700497914386,True,753.0844506143866,2.0135592540923968,-0.8531566505601486,686.7999877929688,667.5,1 Day (Intraday),BREAKEVEN RATCHET / INTRADAY CLOSE,INTRADAY,54,Rank #2,"Point-in-Time Execution: Coiling proximity to 20-DMA (-0.76%), RSI-14 (52.6), clean gap (+0.90%) holding above prev_close. PIT-Score: 1.02 (Rank #2)."
524,2025-06-24,2025-06-24,VOLTAS,Voltas Ltd.,Mid-Cap Equities,1309.614,1312.233228,1527,1999780.578,3999.5611560000107,3246.3897133313176,0.16233729585363127,True,753.1714426686933,1.5490079072201783,-0.6119379003326577,1329.9000244140625,1301.5999755859375,1 Day (Intraday),BREAKEVEN RATCHET / INTRADAY CLOSE,INTRADAY,61,Rank #4,"Point-in-Time Execution: Coiling proximity to 20-DMA (+1.51%), RSI-14 (53.5), clean gap (+0.99%) holding above prev_close. PIT-Score: 0.89 (Rank #4)."
525,2025-06-25,2025-06-25,TATAINVEST,Tata Investment Corporation Ltd.,Mid-Cap Equities,679.857,678.0911121826172,2941,1999459.437,-5193.476070922799,-5943.9030405304475,-0.2972755000946012,False,750.4269696076481,0.60939285761565,-0.3466905540429783,684.0,677.5,1 Day (Intraday),INTRADAY SQUARE OFF,INTRADAY,49,Rank #1,"Point-in-Time Execution: Coiling proximity to 20-DMA (+0.00%), RSI-14 (54.8), clean gap (+0.79%) holding above prev_close. PIT-Score: 27.58 (Rank #1)."
526,2025-06-25,2025-06-26,NIACL,The New India Assurance Company Ltd.,Mid-Cap Equities,187.875,187.87424850000002,10645,1999929.375,-7.999717499827966,-4468.668467312062,-0.2234413136369909,False,4460.668749812234,3.526280771789754,-1.5835029160429142,194.5,184.89999389648438,2 Days (Swing),SL HIT (Trailing Stop Triggered),SWING,17,Rank #2,"Point-in-Time Execution: Coiling proximity to 20-DMA (-0.57%), RSI-14 (53.5), clean gap (+0.59%) holding above prev_close. PIT-Score: 1.01 (Rank #2)."
527,2025-06-25,2025-06-26,SJVN,SJVN Ltd.,Mid-Cap Equities,99.39839694213867,99.39799934855091,20121,1999995.1448727723,-7.999980579363182,-4468.814900504271,-0.22344128744315275,False,4460.814919924907,2.9191679130481423,-0.752925036301562,102.30000305175781,98.6500015258789,2 Days (Swing),SL HIT (Trailing Stop Triggered),SWING,15,Rank #3,"Point-in-Time Execution: Coiling proximity to 20-DMA (-0.98%), RSI-14 (49.6), clean gap (+0.72%) holding above prev_close. PIT-Score: 0.89 (Rank #3)."
529,2025-06-27,2025-06-27,KPRMILL,K.P.R. Mill Ltd.,Mid-Cap Equities,1129.254,1139.3167756347657,1771,1999908.8339999998,17821.175649170298,17064.00289698797,0.8532390380444699,True,757.1727521823273,2.1913581886803235,-0.8194790543137244,1154.0,1120.0,1 Day (Intraday),BREAKEVEN RATCHET / INTRADAY CLOSE,INTRADAY,20,Rank #1,"Point-in-Time Execution: Coiling proximity to 20-DMA (-0.18%), RSI-14 (49.7), clean gap (+0.90%) holding above prev_close. PIT-Score: 2.20 (Rank #1)."
531,2025-06-27,2025-06-27,ACC,ACC Ltd.,Mid-Cap Equities,1898.79,1916.3595512695313,1053,1999425.8699999999,18500.737486816477,17743.540447995336,0.8874317730016836,True,757.1970388211416,1.9122691601460688,-0.6525195301185209,1935.0999755859375,1886.4000244140625,1 Day (Intraday),BREAKEVEN RATCHET / INTRADAY CLOSE,INTRADAY,21,Rank #3,"Point-in-Time Execution: Coiling proximity to 20-DMA (+0.70%), RSI-14 (51.5), clean gap (+0.71%) holding above prev_close. PIT-Score: 0.86 (Rank #3)."
523,2025-06-24,2025-06-30,BHEL,Bharat Heavy Electricals Ltd.,Mid-Cap Equities,256.46189694213865,265.7673878173828,7798,1999889.872354797,72564.21784515423,68028.43566935875,3.401609089067377,True,4535.782175795475,6.09763452108644,-0.881963371894882,272.1000061035156,254.1999969482422,5 Days (Swing),TP REACHED (Peak > +5%),SWING,20,Rank #3,"Point-in-Time Execution: Coiling proximity to 20-DMA (-0.90%), RSI-14 (54.3), clean gap (+0.85%) holding above prev_close. PIT-Score: 0.95 (Rank #3)."
532,2025-06-30,2025-06-30,FEDERALBNK,Federal Bank Ltd.,Mid-Cap Equities,211.923,212.69375512695314,9437,1999917.351,7273.616133056814,6519.459364810861,0.3259864394671608,True,754.1567682459523,1.1688178708702561,-0.9026889451187762,214.39999389648438,210.00999450683594,1 Day (Intraday),BREAKEVEN RATCHET / INTRADAY CLOSE,INTRADAY,18,Rank #1,"Point-in-Time Execution: Coiling proximity to 20-DMA (+0.17%), RSI-14 (55.3), clean gap (+1.49%) holding above prev_close. PIT-Score: 2.59 (Rank #1)."
534,2025-06-30,2025-06-30,TATAINVEST,Tata Investment Corporation Ltd.,Mid-Cap Equities,685.368,684.7777243652343,2918,1999903.8240000003,-1722.4243022464216,-2474.0014022045348,-0.12370601888526288,False,751.5770999581133,0.9676553326096269,-0.6008450934388608,692.0,681.25,1 Day (Intraday),INTRADAY SQUARE OFF,INTRADAY,57,Rank #3,"Point-in-Time Execution: Coiling proximity to 20-DMA (+0.66%), RSI-14 (57.2), clean gap (+0.43%) holding above prev_close. PIT-Score: 0.86 (Rank #3)."
528,2025-06-25,2025-07-01,APARINDS,Apar Industries Ltd.,Mid-Cap Equities,7940.85,8742.979,251,1993153.35,201334.37899999972,196680.13343277187,9.867787314647508,True,4654.245567227854,13.627634321262832,-0.28775257056864645,9023.0,7918.0,5 Days (Swing),TP REACHED (Peak > +5%),SWING,12,Rank #4,"Point-in-Time Execution: Coiling proximity to 20-DMA (-1.25%), RSI-14 (56.2), clean gap (+0.61%) holding above prev_close. PIT-Score: 0.77 (Rank #4)."
530,2025-06-27,2025-07-01,HONAUT,Honeywell Automation India Ltd.,Mid-Cap Equities,38977.8,39111.62,51,1987867.8,6824.820000000065,2383.8771762251463,0.11992131349102522,True,4440.942823774919,2.045266792892357,-1.225825982995456,39775.0,38500.0,3 Days (Swing),SL HIT (Trailing Stop Triggered),SWING,14,Rank #2,"Point-in-Time Execution: Coiling proximity to 20-DMA (+0.46%), RSI-14 (58.9), clean gap (+0.65%) holding above prev_close. PIT-Score: 1.13 (Rank #2)."
533,2025-06-30,2025-07-01,JSL,Jindal Stainless Ltd.,Mid-Cap Equities,696.2898244628906,696.2870393035927,2872,1999744.3758574217,-7.998977503506467,-4468.256576368122,-0.22344138732493185,False,4460.257598864616,2.1844604075382494,-0.6807275509990514,711.5,691.5499877929688,2 Days (Swing),SL HIT (Trailing Stop Triggered),SWING,20,Rank #2,"Point-in-Time Execution: Coiling proximity to 20-DMA (+0.44%), RSI-14 (55.6), clean gap (+0.70%) holding above prev_close. PIT-Score: 1.25 (Rank #2)."
535,2025-07-03,2025-07-03,SUZLON,Suzlon Energy Ltd.,Mid-Cap Equities,65.53080152893067,65.66186313198853,30519,1999934.531861435,3999.869063722901,3246.6432715766414,0.1623374775450692,True,753.2257921462598,1.0364554372833912,-0.9320858981340179,66.20999908447266,64.91999816894531,1 Day (Intraday),BREAKEVEN RATCHET / INTRADAY CLOSE,INTRADAY,44,Rank #1,"Point-in-Time Execution: Coiling proximity to 20-DMA (-1.06%), RSI-14 (50.2), clean gap (+0.94%) holding above prev_close. PIT-Score: 0.94 (Rank #1)."
537,2025-07-04,2025-07-04,BHEL,Bharat Heavy Electricals Ltd.,Mid-Cap Equities,259.518,260.037036,7706,1999845.7079999999,3999.691416000249,3246.496980848997,0.1623373727214058,True,753.194435151252,1.4765858643776746,-0.5271334179192184,263.3500061035156,258.1499938964844,1 Day (Intraday),BREAKEVEN RATCHET / INTRADAY CLOSE,INTRADAY,31,Rank #1,"Point-in-Time Execution: Coiling proximity to 20-DMA (+0.07%), RSI-14 (52.6), clean gap (+0.54%) holding above prev_close. PIT-Score: 4.13 (Rank #1)."
536,2025-07-03,2025-07-08,AJANTPHARM,Ajanta Pharmaceuticals Ltd.,Mid-Cap Equities,2571.633,2638.712,777,1998158.8409999998,52120.38300000015,47609.63239150746,2.3826750613920518,True,4510.750608492689,5.711040416731322,-0.8412164566250243,2718.5,2550.0,4 Days (Swing),SL HIT (Trailing Stop Triggered),SWING,8,Rank #2,"Point-in-Time Execution: Coiling proximity to 20-DMA (-1.25%), RSI-14 (47.5), clean gap (+0.69%) holding above prev_close. PIT-Score: 0.68 (Rank #2)."
538,2025-07-15,2025-07-18,PETRONET,Petronet LNG Ltd.,Mid-Cap Equities,306.5619122314453,309.3301121826172,6523,1999703.353485718,18056.968281493988,13578.082464118488,0.6790048354147277,True,4478.8858173755,2.230571180635285,-0.9661689889556605,313.3999938964844,303.6000061035156,4 Days (Swing),SL HIT (Trailing Stop Triggered),SWING,15,Rank #1,"Point-in-Time Execution: Coiling proximity to 20-DMA (+1.16%), RSI-14 (51.0), clean gap (+0.71%) holding above prev_close. PIT-Score: 0.70 (Rank #1)."
541,2025-07-17,2025-07-18,GVT&D,GE Vernova T&D India Ltd.,Mid-Cap Equities,2351.694,2351.684593224,850,1998939.9,-7.995759600074962,-4466.4654528208885,-0.22344170791832652,False,4458.4696932208135,4.248260941102458,-0.5355247044789824,2451.60009765625,2339.10009765625,2 Days (Swing),SL HIT (Trailing Stop Triggered),SWING,6,Rank #2,"Point-in-Time Execution: Coiling proximity to 20-DMA (-0.90%), RSI-14 (53.7), clean gap (+0.52%) holding above prev_close. PIT-Score: 0.84 (Rank #2)."
539,2025-07-16,2025-07-21,THERMAX,Thermax Ltd.,Mid-Cap Equities,3501.99,3852.28,571,1999636.2899999998,200015.59000000008,195348.30297325365,9.769191725023838,True,4667.2870267464195,16.842139721362003,-0.4822944195657264,4091.800048828125,3485.10009765625,4 Days (Swing),SL HIT (Trailing Stop Triggered),SWING,2,Rank #1,"Point-in-Time Execution: Coiling proximity to 20-DMA (+0.94%), RSI-14 (52.6), clean gap (+0.45%) holding above prev_close. PIT-Score: 0.73 (Rank #1)."
540,2025-07-17,2025-07-23,AWL,AWL Agri Business Ltd.,Mid-Cap Equities,264.92879388427735,276.74538781738283,7549,1999947.4650324096,89203.46760101337,84650.31540503883,4.23262695071178,True,4553.152195974537,7.953535667748779,-0.3694508486207213,286.0,263.95001220703125,5 Days (Swing),SL HIT (Trailing Stop Triggered),SWING,2,Rank #1,"Point-in-Time Execution: Coiling proximity to 20-DMA (+0.77%), RSI-14 (49.2), clean gap (+0.78%) holding above prev_close. PIT-Score: 1.01 (Rank #1)."
542,2025-07-21,2025-07-23,JSL,Jindal Stainless Ltd.,Mid-Cap Equities,682.362,683.63,2930,1999320.66,3715.2399999999907,-747.934027742569,-0.03740940824082561,False,4463.17402774256,3.1710441085523575,-1.496562760812804,704.0,672.1500244140625,3 Days (Swing),SL HIT (Trailing Stop Triggered),SWING,9,Rank #1,"Point-in-Time Execution: Coiling proximity to 20-DMA (-1.47%), RSI-14 (47.7), clean gap (+0.66%) holding above prev_close. PIT-Score: 0.78 (Rank #1)."
543,2025-07-23,2025-07-23,IDEA,Vodafone Idea Ltd.,Mid-Cap Equities,7.434840076446533,7.46504001903534,269003,1999994.2850843468,8123.875156216789,7369.447906159778,0.36847344820532735,True,754.4272500570114,1.1454167622215041,-0.8721127854903532,7.519999980926514,7.369999885559082,1 Day (Intraday),BREAKEVEN RATCHET / INTRADAY CLOSE,INTRADAY,22,Rank #1,"Point-in-Time Execution: Coiling proximity to 20-DMA (-1.09%), RSI-14 (50.8), clean gap (+0.68%) holding above prev_close. PIT-Score: 0.80 (Rank #1)."
545,2025-08-13,2025-08-13,DALBHARAT,Dalmia Bharat Ltd.,Mid-Cap Equities,2278.5480000000002,2266.258448730469,877,1998286.5960000001,-10777.936463378835,-11526.35164507006,-0.5768117380230909,False,748.4151816912248,0.6035443988068178,-1.0817458160306574,2292.300048828125,2253.89990234375,1 Day (Intraday),INTRADAY SQUARE OFF,INTRADAY,63,Rank #1,"Point-in-Time Execution: Coiling proximity to 20-DMA (+0.71%), RSI-14 (56.4), clean gap (+0.91%) holding above prev_close. PIT-Score: 0.96 (Rank #1)."
546,2025-08-13,2025-08-13,NIACL,The New India Assurance Company Ltd.,Mid-Cap Equities,186.32189694213866,185.70784182739257,10734,1999979.2417769164,-6591.267601684667,-7341.477693246865,-0.36707769460268,False,750.2100915621979,0.8094082948202044,-0.7041053450148868,187.8300018310547,185.00999450683594,1 Day (Intraday),INTRADAY SQUARE OFF,INTRADAY,67,Rank #2,"Point-in-Time Execution: Coiling proximity to 20-DMA (-1.44%), RSI-14 (47.4), clean gap (+0.64%) holding above prev_close. PIT-Score: 0.67 (Rank #2)."
544,2025-08-11,2025-08-14,POLICYBZR,PB Fintech Ltd.,Mid-Cap Equities,1782.6581755371094,1821.849,1121,1998359.8147770995,43932.91422290029,39430.20102785576,1.9731281992504375,True,4502.713195044535,5.9933994037134735,-0.7156812953892806,1889.5,1769.9000244140625,4 Days (Swing),SL HIT (Trailing Stop Triggered),SWING,2,Rank #1,"Point-in-Time Execution: Coiling proximity to 20-DMA (-1.34%), RSI-14 (45.2), clean gap (+0.55%) holding above prev_close. PIT-Score: 0.70 (Rank #1)."
547,2025-08-18,2025-08-18,BSE,BSE Ltd.,Mid-Cap Equities,2525.04,2489.8104487304686,792,1999831.68,-27901.804605468875,-28645.86305882323,-1.4324137048785641,False,744.0584533543552,0.9884991920920079,-1.5065107879479123,2550.0,2487.0,1 Day (Intraday),INTRADAY SQUARE OFF,INTRADAY,96,Rank #1,"Point-in-Time Execution: Coiling proximity to 20-DMA (+1.04%), RSI-14 (50.2), clean gap (+1.53%) holding above prev_close. PIT-Score: 1.17 (Rank #1)."
548,2025-08-18,2025-08-18,POLYCAB,Polycab India Ltd.,Mid-Cap Equities,7039.05,7072.826,284,1999090.2,9592.384000000078,8837.855071126894,0.4420938620541932,True,754.5289288731841,2.0734332047648447,-0.42690419872000024,7185.0,7009.0,1 Day (Intraday),BREAKEVEN RATCHET / INTRADAY CLOSE,INTRADAY,59,Rank #2,"Point-in-Time Execution: Coiling proximity to 20-DMA (+1.43%), RSI-14 (58.4), clean gap (+0.79%) holding above prev_close. PIT-Score: 0.76 (Rank #2)."
549,2025-08-25,2025-08-25,TATAINVEST,Tata Investment Corporation Ltd.,Mid-Cap Equities,695.889,698.2507243652344,2874,1999984.986,6787.595825683791,6033.554330995317,0.3016799812613852,True,754.0414946884744,1.2230433896875061,-0.55167019553855,704.4000244140625,692.0499877929688,1 Day (Intraday),BREAKEVEN RATCHET / INTRADAY CLOSE,INTRADAY,25,Rank #1,"Point-in-Time Execution: Coiling proximity to 20-DMA (+0.62%), RSI-14 (55.7), clean gap (+0.43%) holding above prev_close. PIT-Score: 0.86 (Rank #1)."
550,2025-08-25,2025-08-25,PATANJALI,Patanjali Foods Ltd.,Mid-Cap Equities,605.2413918457031,600.6962243652343,3304,1999717.558658203,-15017.233355468838,-15764.939485818637,-0.7883583067799236,False,747.7061303497986,0.09229308417955154,-0.7999068630908901,605.7999877929688,600.4000244140625,1 Day (Intraday),INTRADAY SQUARE OFF,INTRADAY,64,Rank #2,"Point-in-Time Execution: Coiling proximity to 20-DMA (-1.47%), RSI-14 (48.9), clean gap (+0.61%) holding above prev_close. PIT-Score: 0.67 (Rank #2)."
551,2025-09-03,2025-09-05,NIACL,The New India Assurance Company Ltd.,Mid-Cap Equities,194.388,196.96528060913087,10288,1999863.744,26515.06290673837,22027.056131582485,1.101427844655325,True,4488.006775155886,9.008783410747768,-0.40537167751321085,211.89999389648438,193.60000610351562,3 Days (Swing),SL HIT (Trailing Stop Triggered),SWING,6,Rank #1,"Point-in-Time Execution: Coiling proximity to 20-DMA (+0.73%), RSI-14 (52.6), clean gap (+0.59%) holding above prev_close. PIT-Score: 0.86 (Rank #1)."
553,2025-09-08,2025-09-08,BSE,BSE Ltd.,Mid-Cap Equities,2333.658,2341.507551269531,857,1999944.906,6727.065437988145,5973.055394946579,0.29866099696181225,True,754.0100430415655,2.3671807241571003,-0.44813973719049244,2388.89990234375,2323.199951171875,1 Day (Intraday),BREAKEVEN RATCHET / INTRADAY CLOSE,INTRADAY,31,Rank #1,"Point-in-Time Execution: Coiling proximity to 20-DMA (-0.58%), RSI-14 (48.2), clean gap (+0.41%) holding above prev_close. PIT-Score: 1.03 (Rank #1)."
552,2025-09-05,2025-09-09,M&MFIN,Mahindra & Mahindra Financial Services Ltd.,Mid-Cap Equities,264.7785,268.7613878173828,7553,1999872.0105,30082.751684692223,25591.029605765252,1.279633370105874,True,4491.7220789269695,3.482722350946165,-0.671693509858243,274.0,263.0,3 Days (Swing),SL HIT (Trailing Stop Triggered),SWING,8,Rank #1,"Point-in-Time Execution: Coiling proximity to 20-DMA (+1.39%), RSI-14 (53.3), clean gap (+0.51%) holding above prev_close. PIT-Score: 0.63 (Rank #1)."
554,2025-09-10,2025-09-10,NIACL,The New India Assurance Company Ltd.,Mid-Cap Equities,193.6365,194.023773,10328,1999877.772,3999.7555439998396,3246.5497894725586,0.16233741056213702,True,753.205754527281,1.5304480836596472,-0.9587558237745143,196.60000610351562,191.77999877929688,1 Day (Intraday),BREAKEVEN RATCHET / INTRADAY CLOSE,INTRADAY,65,Rank #1,"Point-in-Time Execution: Coiling proximity to 20-DMA (-0.68%), RSI-14 (49.0), clean gap (+1.13%) holding above prev_close. PIT-Score: 1.11 (Rank #1)."
555,2025-09-10,2025-09-10,POLYCAB,Polycab India Ltd.,Mid-Cap Equities,7268.508,7194.582,275,1998839.7,-20329.649999999907,-21075.526175543408,-1.054388011982322,False,745.8761755434999,0.034284890379156066,-0.9906847457552473,7271.0,7196.5,1 Day (Intraday),INTRADAY SQUARE OFF,INTRADAY,93,Rank #2,"Point-in-Time Execution: Coiling proximity to 20-DMA (+1.35%), RSI-14 (58.5), clean gap (+0.85%) holding above prev_close. PIT-Score: 0.83 (Rank #2)."
556,2025-09-12,2025-09-12,AWL,AWL Agri Business Ltd.,Mid-Cap Equities,260.41979388427734,259.87919390869143,7679,1999763.5972373658,-4151.267212524312,-4902.099691288644,-0.24513395973708085,False,750.8324787643321,0.5683899791675556,-0.5451943045881732,261.8999938964844,259.0,1 Day (Intraday),INTRADAY SQUARE OFF,INTRADAY,40,Rank #1,"Point-in-Time Execution: Coiling proximity to 20-DMA (+0.67%), RSI-14 (50.1), clean gap (+0.43%) holding above prev_close. PIT-Score: 0.98 (Rank #1)."
558,2025-09-16,2025-09-16,AWL,AWL Agri Business Ltd.,Mid-Cap Equities,260.52,260.1286939086914,7676,1999751.5199999998,-3003.6655568846036,-3754.8222524339585,-0.18776444047578267,False,751.156695549355,0.529707468326575,-0.8137594440026128,261.8999938964844,258.3999938964844,1 Day (Intraday),INTRADAY SQUARE OFF,INTRADAY,52,Rank #1,"Point-in-Time Execution: Coiling proximity to 20-DMA (+0.14%), RSI-14 (49.3), clean gap (+0.68%) holding above prev_close. PIT-Score: 2.53 (Rank #1)."
559,2025-09-16,2025-09-16,NTPCGREEN,NTPC Green Energy Ltd.,Mid-Cap Equities,105.15989694213867,105.37021673602295,19018,1999930.9200455933,3999.86184009118,3246.6373230042286,0.16233747328283787,True,753.2245170869514,3.4139469153689666,-0.560952667763671,108.75,104.56999969482422,1 Day (Intraday),BREAKEVEN RATCHET / INTRADAY CLOSE,INTRADAY,32,Rank #2,"Point-in-Time Execution: Coiling proximity to 20-DMA (+0.18%), RSI-14 (49.1), clean gap (+1.34%) holding above prev_close. PIT-Score: 2.30 (Rank #2)."
561,2025-09-16,2025-09-16,SJVN,SJVN Ltd.,Mid-Cap Equities,94.83930152893066,94.27107908630371,21088,1999971.1906420898,-11982.674870117102,-12731.338963103914,-0.6365761178298035,False,748.6640929868116,0.7493744801677517,-0.6740924599633992,95.55000305175781,94.19999694824219,1 Day (Intraday),INTRADAY SQUARE OFF,INTRADAY,64,Rank #4,"Point-in-Time Execution: Coiling proximity to 20-DMA (-0.96%), RSI-14 (47.6), clean gap (+0.78%) holding above prev_close. PIT-Score: 0.90 (Rank #4)."
562,2025-09-17,2025-09-17,HONAUT,Honeywell Automation India Ltd.,Mid-Cap Equities,37409.67,37230.39,53,1982712.51,-9501.840000000084,-10245.131315918763,-0.5167229875358361,False,743.29131591868,-0.025848931573035142,-1.148553301860183,37400.0,36980.0,1 Day (Intraday),INTRADAY SQUARE OFF,INTRADAY,32,Rank #1,"Point-in-Time Execution: Coiling proximity to 20-DMA (-1.04%), RSI-14 (47.0), clean gap (+1.14%) holding above prev_close. PIT-Score: 1.01 (Rank #1)."
563,2025-09-17,2025-09-17,NAUKRI,Info Edge (India) Ltd.,Mid-Cap Equities,1365.225,1372.25,1464,1998689.4,10284.600000000093,9530.014203671693,0.47681316585116695,True,754.5857963284,2.68637216679028,-0.3607428205515508,1401.9000244140625,1360.300048828125,1 Day (Intraday),BREAKEVEN RATCHET / INTRADAY CLOSE,INTRADAY,17,Rank #2,"Point-in-Time Execution: Coiling proximity to 20-DMA (-1.35%), RSI-14 (46.0), clean gap (+0.75%) holding above prev_close. PIT-Score: 0.75 (Rank #2)."
557,2025-09-15,2025-09-18,RADICO,Radico Khaitan Ltd,Mid-Cap Equities,2909.808,2974.6388974609376,687,1999038.096,44538.826555664185,40033.978051046324,2.0026620868883294,True,4504.848504617862,4.3264693468392075,-0.1996007984031934,3035.699951171875,2904.0,4 Days (Swing),SL HIT (Trailing Stop Triggered),SWING,4,Rank #1,"Point-in-Time Execution: Coiling proximity to 20-DMA (+0.70%), RSI-14 (55.4), clean gap (+1.15%) holding above prev_close. PIT-Score: 1.05 (Rank #1)."
560,2025-09-16,2025-09-18,BAJAJHFL,Bajaj Housing Finance Ltd.,Mid-Cap Equities,114.11777938842773,115.0694030456543,17525,1999914.083782196,16677.20459289546,12199.280184559073,0.6099902132539637,True,4477.924408336387,2.525654308223019,-0.6202151234552788,117.0,113.41000366210938,3 Days (Swing),SL HIT (Trailing Stop Triggered),SWING,18,Rank #3,"Point-in-Time Execution: Coiling proximity to 20-DMA (+0.53%), RSI-14 (50.2), clean gap (+0.48%) holding above prev_close. PIT-Score: 0.94 (Rank #3)."
564,2025-09-18,2025-09-18,HONAUT,Honeywell Automation India Ltd.,Mid-Cap Equities,37680.21,37524.8,53,1997051.13,-8236.729999999749,-8985.43709858953,-0.4499352552175031,False,748.70709858978,0.5833035431596609,-0.8498094888536957,37900.0,37360.0,1 Day (Intraday),INTRADAY SQUARE OFF,INTRADAY,37,Rank #1,"Point-in-Time Execution: Coiling proximity to 20-DMA (+0.11%), RSI-14 (50.3), clean gap (+0.80%) holding above prev_close. PIT-Score: 3.14 (Rank #1)."
566,2025-09-30,2025-10-03,HEROMOTOCO,Hero MotoCorp Ltd.,Mid-Cap Equities,5333.646,5399.18,374,1994783.6039999998,24509.716000000248,20035.077584751423,1.0043734841501848,True,4474.638415248823,4.693862322321359,-0.19960079840318856,5584.0,5323.0,3 Days (Swing),SL HIT (Trailing Stop Triggered),SWING,6,Rank #1,"Point-in-Time Execution: Coiling proximity to 20-DMA (-0.91%), RSI-14 (56.4), clean gap (+0.42%) holding above prev_close. PIT-Score: 0.79 (Rank #1)."
565,2025-09-29,2025-10-06,APLAPOLLO,APL Apollo Tubes Ltd.,Mid-Cap Equities,1672.0373510742188,1720.3524487304687,1196,1999756.6718847656,57784.8567968749,53264.68541091206,2.663558329859714,True,4520.17138596284,4.812251883852181,-0.23548370410216582,1752.5,1668.0999755859375,5 Days (Swing),SL HIT (Trailing Stop Triggered),SWING,21,Rank #1,"Point-in-Time Execution: Coiling proximity to 20-DMA (-1.29%), RSI-14 (46.9), clean gap (+0.52%) holding above prev_close. PIT-Score: 0.61 (Rank #1)."
567,2025-10-10,2025-10-10,VOLTAS,Voltas Ltd.,Mid-Cap Equities,1401.798,1414.4654487304688,1426,1998963.948,18063.78188964841,17306.872724212768,0.8657921390492614,True,756.9091654356426,2.55400389970149,-0.8202288184085726,1437.5999755859375,1390.300048828125,1 Day (Intraday),BREAKEVEN RATCHET / INTRADAY CLOSE,INTRADAY,7,Rank #1,"Point-in-Time Execution: Coiling proximity to 20-DMA (-0.04%), RSI-14 (52.0), clean gap (+1.23%) holding above prev_close. PIT-Score: 6.72 (Rank #1)."
571,2025-10-21,2025-10-21,THERMAX,Thermax Ltd.,Mid-Cap Equities,3204.396,3212.6618974609373,624,1999543.104,5157.920015624957,4404.500718719557,0.22027535740082532,True,753.4192969054003,0.7272494152369062,-0.6052934780844872,3227.699951171875,3185.0,1 Day (Intraday),INTRADAY SQUARE OFF,INTRADAY,17,Rank #1,"Point-in-Time Execution: Coiling proximity to 20-DMA (-0.40%), RSI-14 (46.3), clean gap (+0.55%) holding above prev_close. PIT-Score: 1.29 (Rank #1)."
572,2025-10-21,2025-10-21,JSL,Jindal Stainless Ltd.,Mid-Cap Equities,794.3855877685547,795.905,2517,1999468.5244134523,3824.3605865477584,3071.349274747943,0.15360828326362022,True,753.0113117998152,0.6815833655319933,-0.6905416511773945,799.7999877929688,788.9000244140625,1 Day (Intraday),INTRADAY SQUARE OFF,INTRADAY,10,Rank #2,"Point-in-Time Execution: Coiling proximity to 20-DMA (+1.13%), RSI-14 (54.2), clean gap (+1.01%) holding above prev_close. PIT-Score: 0.91 (Rank #2)."
568,2025-10-20,2025-10-23,POLYCAB,Polycab India Ltd.,Mid-Cap Equities,7545.06,7557.355,265,1999440.9000000001,3258.1749999998137,-1204.7926327345376,-0.06025647633468624,False,4462.967632734351,2.0535290640498496,-0.5972119506007958,7700.0,7500.0,3 Days (Swing),SL HIT (Trailing Stop Triggered),SWING,13,Rank #1,"Point-in-Time Execution: Coiling proximity to 20-DMA (-1.15%), RSI-14 (49.0), clean gap (+1.22%) holding above prev_close. PIT-Score: 1.24 (Rank #1)."
569,2025-10-20,2025-10-23,APOLLOTYRE,Apollo Tyres Ltd.,Mid-Cap Equities,494.3867938842773,506.3851939086914,4045,1999794.5812619019,48533.52809875482,44022.85892835248,2.2013690476435515,True,4510.669170402338,4.776261503710371,-1.1401586680725024,518.0,488.75,3 Days (Swing),SL HIT (Trailing Stop Triggered),SWING,10,Rank #2,"Point-in-Time Execution: Coiling proximity to 20-DMA (+1.26%), RSI-14 (56.6), clean gap (+1.01%) holding above prev_close. PIT-Score: 0.90 (Rank #2)."
570,2025-10-20,2025-10-27,IDEA,Vodafone Idea Ltd.,Mid-Cap Equities,8.7675,9.95006026649475,228115,1999998.2625,269759.7351914502,265019.37300160207,13.25098016186912,True,4740.362189848145,20.55887875476725,-0.5417705499993325,10.569999694824219,8.720000267028809,5 Days (Swing),TP REACHED (Peak > +5%),SWING,14,Rank #3,"Point-in-Time Execution: Coiling proximity to 20-DMA (+0.78%), RSI-14 (55.6), clean gap (+0.57%) holding above prev_close. PIT-Score: 0.89 (Rank #3)."
573,2025-10-27,2025-10-27,HONAUT,Honeywell Automation India Ltd.,Mid-Cap Equities,37184.22,36935.98,53,1970763.6600000001,-13156.719999999972,-13894.753798155572,-0.7050441450780339,False,738.0337981556,0.19034956226054717,-0.8046961856400408,37255.0,36885.0,1 Day (Intraday),INTRADAY SQUARE OFF,INTRADAY,52,Rank #1,"Point-in-Time Execution: Coiling proximity to 20-DMA (+1.43%), RSI-14 (54.1), clean gap (+1.17%) holding above prev_close. PIT-Score: 1.02 (Rank #1)."
574,2025-10-29,2025-10-31,SAIL,Steel Authority of India Ltd.,Mid-Cap Equities,133.63673510742188,135.229,14965,1999873.7408825685,23828.244117431575,19342.999276170798,0.967211023413633,True,4485.2448412607755,7.208548725240477,-0.3268099589747023,143.27000427246094,133.1999969482422,3 Days (Swing),SL HIT (Trailing Stop Triggered),SWING,1,Rank #1,"Point-in-Time Execution: Coiling proximity to 20-DMA (+0.34%), RSI-14 (52.8), clean gap (+0.92%) holding above prev_close. PIT-Score: 1.52 (Rank #1)."
575,2025-10-29,2025-11-04,TORNTPOWER,Torrent Power Ltd.,Mid-Cap Equities,1286.4678244628906,1306.4817756347657,1554,1999170.9992153319,31101.68012109399,26610.460165960714,1.3310747392997015,True,4491.219955133273,5.132827598286675,-0.6582227943731086,1352.5,1278.0,5 Days (Swing),SL HIT (Trailing Stop Triggered),SWING,14,Rank #2,"Point-in-Time Execution: Coiling proximity to 20-DMA (+0.41%), RSI-14 (48.1), clean gap (+0.52%) holding above prev_close. PIT-Score: 1.08 (Rank #2)."
576,2025-11-07,2025-11-07,LUPIN,Lupin Ltd.,Mid-Cap Equities,1987.968,1967.8564487304689,1006,1999895.808,-20232.220577148255,-20978.496866902555,-1.0489794909806898,False,746.2762897543012,0.70584637177258,-1.4068636919709006,2002.0,1960.0,1 Day (Intraday),INTRADAY SQUARE OFF,INTRADAY,45,Rank #1,"Point-in-Time Execution: Coiling proximity to 20-DMA (+0.37%), RSI-14 (50.1), clean gap (+1.46%) holding above prev_close. PIT-Score: 1.53 (Rank #1)."
577,2025-11-10,2025-11-10,LUPIN,Lupin Ltd.,Mid-Cap Equities,1984.0601755371094,1988.0282958881837,1008,1999932.6569414064,3999.8653138827067,3246.640183629063,0.16233747533250978,True,753.2251302536439,2.214641723303352,-0.1996007984031971,2028.0,1980.0999755859375,1 Day (Intraday),BREAKEVEN RATCHET / INTRADAY CLOSE,INTRADAY,43,Rank #1,"Point-in-Time Execution: Coiling proximity to 20-DMA (+1.04%), RSI-14 (53.3), clean gap (+0.42%) holding above prev_close. PIT-Score: 0.75 (Rank #1)."
578,2025-11-12,2025-11-12,MPHASIS,MphasiS Ltd.,Mid-Cap Equities,2800.59,2820.1484487304688,714,1999621.26,13964.732393554645,13208.764811731047,0.6605633314646319,True,755.9675818235977,2.085631956123526,-0.44954813092955936,2859.0,2788.0,1 Day (Intraday),BREAKEVEN RATCHET / INTRADAY CLOSE,INTRADAY,27,Rank #1,"Point-in-Time Execution: Coiling proximity to 20-DMA (-0.32%), RSI-14 (48.6), clean gap (+0.63%) holding above prev_close. PIT-Score: 1.32 (Rank #1)."
579,2025-11-12,2025-11-18,APARINDS,Apar Industries Ltd.,Mid-Cap Equities,8617.2,9298.366,232,1999190.4000000001,158030.51199999987,153407.72197181135,7.673492328285057,True,4622.790028188513,9.00292438379055,-0.7276145383651387,9393.0,8554.5,5 Days (Swing),TP REACHED (Peak > +5%),SWING,3,Rank #2,"Point-in-Time Execution: Coiling proximity to 20-DMA (-1.50%), RSI-14 (48.5), clean gap (+0.81%) holding above prev_close. PIT-Score: 0.80 (Rank #2)."
580,2025-11-17,2025-11-21,HEROMOTOCO,Hero MotoCorp Ltd.,Mid-Cap Equities,5600.178,5990.495,357,1999263.5459999999,139343.169,134739.58071902502,6.7394606873417695,True,4603.588280974986,7.889427800330634,-0.5210191533197673,6042.0,5571.0,5 Days (Swing),TP REACHED (Peak > +5%),SWING,4,Rank #1,"Point-in-Time Execution: Coiling proximity to 20-DMA (+0.44%), RSI-14 (55.0), clean gap (+0.91%) holding above prev_close. PIT-Score: 1.21 (Rank #1)."
582,2025-11-26,2025-11-26,IDEA,Vodafone Idea Ltd.,Mid-Cap Equities,10.1302196559906,10.150480095302582,197429,1999999.1364625683,3999.9982729251496,3246.749673774978,0.16233755378102604,True,753.2485991501715,1.5772639813188942,-0.7918827822089622,10.289999961853027,10.050000190734863,1 Day (Intraday),BREAKEVEN RATCHET / INTRADAY CLOSE,INTRADAY,114,Rank #1,"Point-in-Time Execution: Coiling proximity to 20-DMA (+1.44%), RSI-14 (54.8), clean gap (+0.60%) holding above prev_close. PIT-Score: 0.76 (Rank #1)."
583,2025-11-26,2025-11-26,POLICYBZR,PB Fintech Ltd.,Mid-Cap Equities,1777.047,1783.5257756347655,1125,1999177.875,7288.622589111328,6534.722155422637,0.32687047196451374,True,753.900433688691,1.443571901692807,-0.5935127208228047,1802.699951171875,1766.5,1 Day (Intraday),BREAKEVEN RATCHET / INTRADAY CLOSE,INTRADAY,71,Rank #2,"Point-in-Time Execution: Coiling proximity to 20-DMA (-1.42%), RSI-14 (48.6), clean gap (+0.43%) holding above prev_close. PIT-Score: 0.63 (Rank #2)."
581,2025-11-25,2025-12-01,LUPIN,Lupin Ltd.,Mid-Cap Equities,2015.7233510742187,2066.2591025390625,992,1999597.564265625,50131.46545312484,45619.578319306944,2.2814379820502158,True,4511.887133817897,4.548072096335791,-0.72546540081942,2107.39990234375,2001.0999755859375,5 Days (Swing),SL HIT (Trailing Stop Triggered),SWING,10,Rank #1,"Point-in-Time Execution: Coiling proximity to 20-DMA (+0.21%), RSI-14 (50.9), clean gap (+0.61%) holding above prev_close. PIT-Score: 1.83 (Rank #1)."
584,2025-12-31,2025-12-31,LLOYDSME,Lloyds Metals And Energy Ltd.,Mid-Cap Equities,1310.616,1318.6574487304688,1525,1998689.4,12263.209313964937,11508.057188207038,0.5757801681545436,True,755.152125757899,2.0893991832848076,-0.5200570702536048,1338.0,1303.800048828125,1 Day (Intraday),BREAKEVEN RATCHET / INTRADAY CLOSE,INTRADAY,30,Rank #1,"Point-in-Time Execution: Coiling proximity to 20-DMA (+0.24%), RSI-14 (48.6), clean gap (+1.06%) holding above prev_close. PIT-Score: 1.91 (Rank #1)."
585,2026-01-01,2026-01-01,PATANJALI,Patanjali Foods Ltd.,Mid-Cap Equities,550.1981755371094,551.4448878173828,3635,1999970.3680773925,4531.799138793955,3778.408463884041,0.18892322227335262,True,753.3906749099136,0.7909535962403184,-0.8448206393274574,554.5499877929688,545.5499877929688,1 Day (Intraday),INTRADAY SQUARE OFF,INTRADAY,30,Rank #1,"Point-in-Time Execution: Coiling proximity to 20-DMA (+0.34%), RSI-14 (45.1), clean gap (+0.66%) holding above prev_close. PIT-Score: 1.37 (Rank #1)."
586,2026-01-14,2026-01-16,INDUSTOWER,Indus Towers Ltd.,Mid-Cap Equities,433.1145,437.5231939086914,4617,1999689.6465,20354.939776428044,15873.703204360056,0.7938083408164536,True,4481.236572067987,2.444044751914616,-0.8345368257123741,443.70001220703125,429.5,3 Days (Swing),SL HIT (Trailing Stop Triggered),SWING,14,Rank #1,"Point-in-Time Execution: Coiling proximity to 20-DMA (+1.05%), RSI-14 (56.6), clean gap (+1.02%) holding above prev_close. PIT-Score: 0.96 (Rank #1)."
587,2026-01-22,2026-01-22,DABUR,Dabur India Ltd.,Mid-Cap Equities,522.042,524.2992756347656,3831,1999942.902,8647.622956787236,7893.063906563102,0.39466446260389804,True,754.5590502241334,1.438196120804211,-0.5539737388826053,529.5499877929688,519.1500244140625,1 Day (Intraday),BREAKEVEN RATCHET / INTRADAY CLOSE,INTRADAY,53,Rank #1,"Point-in-Time Execution: Coiling proximity to 20-DMA (+1.05%), RSI-14 (55.1), clean gap (+0.93%) holding above prev_close. PIT-Score: 1.09 (Rank #1)."
588,2026-01-30,2026-01-30,NAM-INDIA,Nippon Life India Asset Management Ltd.,Mid-Cap Equities,871.74,876.3437756347656,2294,1999771.56,10561.06130615226,9806.014969953725,0.4903567570464761,True,755.0463361985347,5.444285246407328,-0.42902700346433675,919.2000122070312,868.0,1 Day (Intraday),BREAKEVEN RATCHET / INTRADAY CLOSE,INTRADAY,30,Rank #1,"Point-in-Time Execution: Coiling proximity to 20-DMA (-0.53%), RSI-14 (50.4), clean gap (+0.97%) holding above prev_close. PIT-Score: 1.10 (Rank #1)."
589,2026-02-03,2026-02-03,GODREJIND,Godrej Industries Ltd.,Mid-Cap Equities,1007.01,1009.02402,1986,1999921.8599999999,3999.8437200000044,3246.6224013306837,0.16233746259119763,True,753.2213186693206,3.1767311148846593,-1.5898551156393672,1039.0,991.0,1 Day (Intraday),BREAKEVEN RATCHET / INTRADAY CLOSE,INTRADAY,105,Rank #1,"Point-in-Time Execution: Coiling proximity to 20-DMA (-1.29%), RSI-14 (46.3), clean gap (+1.44%) holding above prev_close. PIT-Score: 1.06 (Rank #1)."
591,2026-02-10,2026-02-10,THERMAX,Thermax Ltd.,Mid-Cap Equities,2929.848,2954.279551269531,682,1998156.336,16662.31796582043,15906.094580262476,0.7960385428151242,True,756.2233855579569,1.37044652145777,-0.9743833527157366,2970.0,2901.300048828125,1 Day (Intraday),BREAKEVEN RATCHET / INTRADAY CLOSE,INTRADAY,17,Rank #1,"Point-in-Time Execution: Coiling proximity to 20-DMA (-0.70%), RSI-14 (47.1), clean gap (+1.06%) holding above prev_close. PIT-Score: 1.23 (Rank #1)."
590,2026-02-09,2026-02-12,LINDEINDIA,Linde India Ltd.,Mid-Cap Equities,6106.188,6442.589,327,1996723.476,110003.1270000001,105435.58681703825,5.280430068777248,True,4567.540182961855,13.114761615593885,-0.19960079840319528,6907.0,6094.0,4 Days (Swing),SL HIT (Trailing Stop Triggered),SWING,18,Rank #1,"Point-in-Time Execution: Coiling proximity to 20-DMA (+1.44%), RSI-14 (55.7), clean gap (+0.51%) holding above prev_close. PIT-Score: 0.60 (Rank #1)."
593,2026-02-23,2026-02-23,NIACL,The New India Assurance Company Ltd.,Mid-Cap Equities,151.0515,151.4964030456543,13240,1999921.86,5890.516324462602,5136.7538461363965,0.25684772734752725,True,753.7624783262056,1.1376942780845825,-0.623296948159033,152.77000427246094,150.11000061035156,1 Day (Intraday),BREAKEVEN RATCHET / INTRADAY CLOSE,INTRADAY,38,Rank #2,"Point-in-Time Execution: Coiling proximity to 20-DMA (-0.19%), RSI-14 (46.8), clean gap (+0.60%) holding above prev_close. PIT-Score: 2.02 (Rank #2)."
592,2026-02-23,2026-02-24,GICRE,General Insurance Corporation of India,Mid-Cap Equities,384.5175,384.51596192999995,5201,1999875.5174999998,-7.999502070015296,-4468.548556396893,-0.2234413350878422,False,4460.549054326878,2.0499701304841498,-0.6157082846725076,392.3999938964844,382.1499938964844,2 Days (Swing),SL HIT (Trailing Stop Triggered),SWING,11,Rank #1,"Point-in-Time Execution: Coiling proximity to 20-DMA (-0.06%), RSI-14 (50.3), clean gap (+0.77%) holding above prev_close. PIT-Score: 5.08 (Rank #1)."
594,2026-02-25,2026-02-25,SJVN,SJVN Ltd.,Mid-Cap Equities,74.649,75.00968365478515,26792,1999996.008,9663.436479003867,8908.567959222612,0.4454292870379875,True,754.8685197812554,1.6088607672187074,-0.1996007984031948,75.8499984741211,74.5,1 Day (Intraday),BREAKEVEN RATCHET / INTRADAY CLOSE,INTRADAY,49,Rank #1,"Point-in-Time Execution: Coiling proximity to 20-DMA (-0.42%), RSI-14 (47.1), clean gap (+0.42%) holding above prev_close. PIT-Score: 1.12 (Rank #1)."
595,2026-02-25,2026-02-25,ABCAPITAL,Aditya Birla Capital Ltd.,Mid-Cap Equities,352.203,352.907406,5678,1999808.6339999998,3999.617268000031,3246.4359208773126,0.16233732896651315,True,753.1813471227184,2.213780121123337,-0.5687026495994426,360.0,350.20001220703125,1 Day (Intraday),BREAKEVEN RATCHET / INTRADAY CLOSE,INTRADAY,61,Rank #2,"Point-in-Time Execution: Coiling proximity to 20-DMA (+1.10%), RSI-14 (51.7), clean gap (+0.63%) holding above prev_close. PIT-Score: 0.69 (Rank #2)."
599,2026-03-05,2026-03-05,LGEINDIA,LG Electronics India Ltd.,Mid-Cap Equities,1565.8253510742188,1576.7402243652343,1277,1999558.9733217775,13938.293192626676,13182.355131454116,0.6592631328874917,True,755.9380611725599,1.6971671407422544,-0.5827852956961915,1592.4000244140625,1556.699951171875,1 Day (Intraday),BREAKEVEN RATCHET / INTRADAY CLOSE,INTRADAY,40,Rank #4,"Point-in-Time Execution: Coiling proximity to 20-DMA (+0.42%), RSI-14 (54.2), clean gap (+1.00%) holding above prev_close. PIT-Score: 1.29 (Rank #4)."
596,2026-03-05,2026-03-09,APARINDS,Apar Industries Ltd.,Mid-Cap Equities,10194.348,10284.39,196,1998092.208,17648.231999999844,13173.350419293394,0.6592964211836511,True,4474.881580706448,4.891455539873664,-2.9756488595445236,10693.0,9891.0,3 Days (Swing),SL HIT (Trailing Stop Triggered),SWING,10,Rank #1,"Point-in-Time Execution: Coiling proximity to 20-DMA (-0.18%), RSI-14 (54.3), clean gap (+1.52%) holding above prev_close. PIT-Score: 2.53 (Rank #1)."
597,2026-03-05,2026-03-09,MAHABANK,Bank of Maharashtra,Mid-Cap Equities,69.138,69.361,28927,1999954.9260000002,6450.720999999903,1983.3027699824052,0.09916737343421533,True,4467.418230017498,4.009377856040628,-8.02453042814677,71.91000366210938,63.59000015258789,3 Days (Swing),SL HIT (Trailing Stop Triggered),SWING,8,Rank #2,"Point-in-Time Execution: Coiling proximity to 20-DMA (-0.22%), RSI-14 (50.4), clean gap (+0.85%) holding above prev_close. PIT-Score: 1.81 (Rank #2)."
598,2026-03-05,2026-03-09,GVT&D,GE Vernova T&D India Ltd.,Mid-Cap Equities,3740.967,3812.36,534,1997676.378,38123.861999999965,33628.687201336295,1.6833901412502108,True,4495.174798663668,6.897494685197701,-1.629712317697539,3999.0,3680.0,3 Days (Swing),SL HIT (Trailing Stop Triggered),SWING,11,Rank #3,"Point-in-Time Execution: Coiling proximity to 20-DMA (+0.34%), RSI-14 (57.8), clean gap (+1.38%) holding above prev_close. PIT-Score: 1.75 (Rank #3)."
600,2026-03-17,2026-03-17,NHPC,NHPC Ltd.,Mid-Cap Equities,76.05180152893067,76.73621939086914,26297,1999934.2248062897,17998.13651539618,17240.9041633725,0.8620735596963157,True,757.2323520236821,1.3782670812757596,-0.5020306584586482,77.0999984741211,75.66999816894531,1 Day (Intraday),BREAKEVEN RATCHET / INTRADAY CLOSE,INTRADAY,29,Rank #1,"Point-in-Time Execution: Coiling proximity to 20-DMA (+0.78%), RSI-14 (49.6), clean gap (+0.84%) holding above prev_close. PIT-Score: 0.88 (Rank #1)."
601,2026-03-17,2026-03-17,AJANTPHARM,Ajanta Pharmaceuticals Ltd.,Mid-Cap Equities,2986.6613510742186,3014.5588974609377,669,1998076.4438686522,18663.458532715216,17906.690526838836,0.8961964684478293,True,756.7680058763791,2.843936308730861,-0.9261629566495575,3071.60009765625,2959.0,1 Day (Intraday),BREAKEVEN RATCHET / INTRADAY CLOSE,INTRADAY,25,Rank #2,"Point-in-Time Execution: Coiling proximity to 20-DMA (-0.90%), RSI-14 (50.6), clean gap (+0.90%) holding above prev_close. PIT-Score: 0.84 (Rank #2)."
602,2026-03-18,2026-03-18,AJANTPHARM,Ajanta Pharmaceuticals Ltd.,Mid-Cap Equities,3055.9997021484373,3062.1117015527343,654,1998623.805205078,3997.2476104102097,3244.4845368235324,0.16233592977196712,True,752.7630735866775,1.901191137779456,-0.8736798403986059,3114.10009765625,3029.300048828125,1 Day (Intraday),BREAKEVEN RATCHET / INTRADAY CLOSE,INTRADAY,92,Rank #1,"Point-in-Time Execution: Coiling proximity to 20-DMA (+1.19%), RSI-14 (55.7), clean gap (+0.97%) holding above prev_close. PIT-Score: 0.82 (Rank #1)."
603,2026-03-18,2026-03-18,BHEL,Bharat Heavy Electricals Ltd.,Mid-Cap Equities,258.015,259.6296939086914,7751,1999874.265,12515.49248626735,11759.850542467197,0.588029495067641,True,755.6419438001544,1.3506966649225873,-0.6453089535431511,261.5,256.3500061035156,1 Day (Intraday),BREAKEVEN RATCHET / INTRADAY CLOSE,INTRADAY,79,Rank #2,"Point-in-Time Execution: Coiling proximity to 20-DMA (-1.01%), RSI-14 (47.0), clean gap (+0.45%) holding above prev_close. PIT-Score: 0.74 (Rank #2)."
605,2026-03-20,2026-03-20,POLICYBZR,PB Fintech Ltd.,Mid-Cap Equities,1498.992,1501.989984,1334,1999655.328,3999.3106560001615,3246.183429644081,0.1623371480169447,True,753.1272263560803,1.8217608118072037,-0.5198192404045493,1526.300048828125,1491.199951171875,1 Day (Intraday),BREAKEVEN RATCHET / INTRADAY CLOSE,INTRADAY,63,Rank #2,"Point-in-Time Execution: Coiling proximity to 20-DMA (+0.53%), RSI-14 (47.5), clean gap (+0.49%) holding above prev_close. PIT-Score: 1.05 (Rank #2)."
604,2026-03-20,2026-03-23,NLCINDIA,NLC India Ltd.,Mid-Cap Equities,262.524,262.52294990400003,7618,1999907.832,-7.999631327809766,-4468.620502945902,-0.22344132221718818,False,4460.620871618093,4.29522169133822,-4.618246752112426,273.79998779296875,250.39999389648438,2 Days (Swing),SL HIT (Trailing Stop Triggered),SWING,20,Rank #1,"Point-in-Time Execution: Coiling proximity to 20-DMA (+0.44%), RSI-14 (51.3), clean gap (+1.30%) holding above prev_close. PIT-Score: 1.33 (Rank #1)."
606,2026-03-25,2026-03-25,BHEL,Bharat Heavy Electricals Ltd.,Mid-Cap Equities,260.46991223144533,261.5258878173828,7678,1999887.9861130372,8107.7805488279555,7353.395370751075,0.367690361750863,True,754.3851780768811,2.430252119061917,-0.42995604303601737,266.79998779296875,259.3500061035156,1 Day (Intraday),BREAKEVEN RATCHET / INTRADAY CLOSE,INTRADAY,104,Rank #1,"Point-in-Time Execution: Coiling proximity to 20-DMA (-0.13%), RSI-14 (49.3), clean gap (+0.68%) holding above prev_close. PIT-Score: 2.67 (Rank #1)."
608,2026-03-25,2026-03-25,THERMAX,Thermax Ltd.,Mid-Cap Equities,3211.911,3242.701551269531,622,1997808.642,19151.722889648285,18394.909517122287,0.9207543270364074,True,756.8133725259964,2.798615803119232,-0.2618690243907773,3301.800048828125,3203.5,1 Day (Intraday),BREAKEVEN RATCHET / INTRADAY CLOSE,INTRADAY,93,Rank #3,"Point-in-Time Execution: Coiling proximity to 20-DMA (+0.81%), RSI-14 (54.2), clean gap (+0.44%) holding above prev_close. PIT-Score: 0.81 (Rank #3)."
607,2026-03-25,2026-03-27,BSE,BSE Ltd.,Mid-Cap Equities,2845.68,2845.6686172799996,702,1997667.3599999999,-7.990669440245256,-4463.632208867534,-0.22344221556823826,False,4455.641539427289,1.8877703165412194,-2.6524433115503094,2899.39990234375,2770.199951171875,2 Days (Swing),SL HIT (Trailing Stop Triggered),SWING,44,Rank #2,"Point-in-Time Execution: Coiling proximity to 20-DMA (+0.24%), RSI-14 (49.1), clean gap (+1.22%) holding above prev_close. PIT-Score: 1.98 (Rank #2)."
609,2026-04-01,2026-04-02,GICRE,General Insurance Corporation of India,Mid-Cap Equities,366.33120611572264,366.32974079089814,5459,1999802.05418573,-7.999208217021078,-4468.384994158672,-0.22344136434933748,False,4460.385785941651,4.55019763700168,-0.8683978230981854,383.0,363.1499938964844,2 Days (Swing),SL HIT (Trailing Stop Triggered),SWING,29,Rank #1,"Point-in-Time Execution: Coiling proximity to 20-DMA (-0.84%), RSI-14 (45.6), clean gap (+0.73%) holding above prev_close. PIT-Score: 1.05 (Rank #1)."
611,2026-04-10,2026-04-10,IDEA,Vodafone Idea Ltd.,Mid-Cap Equities,9.198360305786133,9.2315,217430,1999999.481287079,7205.563712921226,6451.397476063338,0.3225699574637694,True,754.1662368578881,2.083415208426564,-0.3083183148886696,9.390000343322754,9.170000076293945,1 Day (Intraday),BREAKEVEN RATCHET / INTRADAY CLOSE,INTRADAY,84,Rank #1,"Point-in-Time Execution: Coiling proximity to 20-DMA (+0.29%), RSI-14 (45.6), clean gap (+0.66%) holding above prev_close. PIT-Score: 1.55 (Rank #1)."
612,2026-04-10,2026-04-13,PIIND,PI Industries Ltd.,Mid-Cap Equities,2898.4853510742187,2898.473757132814,690,1999954.892241211,-7.999819569056854,-4468.725280119288,-0.2234413034741747,False,4460.725460550231,2.284455226696809,-1.672782339791689,2964.699951171875,2850.0,2 Days (Swing),SL HIT (Trailing Stop Triggered),SWING,42,Rank #2,"Point-in-Time Execution: Coiling proximity to 20-DMA (+0.24%), RSI-14 (47.3), clean gap (+0.42%) holding above prev_close. PIT-Score: 1.52 (Rank #2)."
614,2026-04-15,2026-04-15,AWL,AWL Agri Business Ltd.,Mid-Cap Equities,182.1936618347168,182.55804915838624,10977,1999939.8259596864,3999.87965191924,3246.6519908268465,0.16233748379248938,True,753.2276610923938,1.1890308114011257,-0.4356177543390255,184.36000061035156,181.39999389648438,1 Day (Intraday),BREAKEVEN RATCHET / INTRADAY CLOSE,INTRADAY,103,Rank #1,"Point-in-Time Execution: Coiling proximity to 20-DMA (+0.22%), RSI-14 (46.2), clean gap (+1.17%) holding above prev_close. PIT-Score: 2.04 (Rank #1)."
616,2026-04-15,2026-04-15,POLICYBZR,PB Fintech Ltd.,Mid-Cap Equities,1475.7456489257813,1478.697140223633,1355,1999635.3542944337,3999.2707085888833,3246.150533439265,0.16233712443960369,True,753.1201751496184,1.5486629878795308,-0.7959128278190194,1498.5999755859375,1464.0,1 Day (Intraday),BREAKEVEN RATCHET / INTRADAY CLOSE,INTRADAY,90,Rank #3,"Point-in-Time Execution: Coiling proximity to 20-DMA (-1.16%), RSI-14 (45.8), clean gap (+1.36%) holding above prev_close. PIT-Score: 1.11 (Rank #3)."
610,2026-04-09,2026-04-16,GVT&D,GE Vernova T&D India Ltd.,Mid-Cap Equities,3769.524,4087.808,530,1997847.72,168690.52000000025,164059.66783621328,8.21182046028079,True,4630.85216378696,11.762119098956529,-0.46488628272428795,4212.89990234375,3752.0,5 Days (Swing),SL HIT (Trailing Stop Triggered),SWING,3,Rank #1,"Point-in-Time Execution: Coiling proximity to 20-DMA (+0.57%), RSI-14 (52.1), clean gap (+0.99%) holding above prev_close. PIT-Score: 1.21 (Rank #1)."
613,2026-04-10,2026-04-17,NIACL,The New India Assurance Company Ltd.,Mid-Cap Equities,131.27201449584962,167.664,15235,1999929.140844269,554431.8991557311,549396.7058876689,27.47080857353483,True,5035.193268062174,37.42456424494653,-0.20721438373158962,180.39999389648438,131.0,5 Days (Swing),SL HIT (Trailing Stop Triggered),SWING,1,Rank #3,"Point-in-Time Execution: Coiling proximity to 20-DMA (+0.62%), RSI-14 (47.1), clean gap (+0.82%) holding above prev_close. PIT-Score: 1.08 (Rank #3)."
615,2026-04-15,2026-04-21,APLAPOLLO,APL Apollo Tubes Ltd.,Mid-Cap Equities,2012.016,2102.3868974609377,994,1999943.904,89828.67207617196,85274.87994128856,4.263863589910398,True,4553.7921348834125,8.001129215672236,-1.3079443119798786,2173.0,1985.699951171875,5 Days (Swing),TP REACHED (Peak > +5%),SWING,39,Rank #2,"Point-in-Time Execution: Coiling proximity to 20-DMA (+0.80%), RSI-14 (47.5), clean gap (+1.42%) holding above prev_close. PIT-Score: 1.19 (Rank #2)."
617,2026-04-16,2026-04-21,POLICYBZR,PB Fintech Ltd.,Mid-Cap Equities,1492.98,1578.9357756347656,1339,1999100.22,115094.78357495111,110516.68508560694,5.5283213907908495,True,4578.098489344177,9.311578185910058,-0.7220491117178407,1632.0,1482.199951171875,4 Days (Swing),SL HIT (Trailing Stop Triggered),SWING,4,Rank #1,"Point-in-Time Execution: Coiling proximity to 20-DMA (+0.65%), RSI-14 (50.0), clean gap (+0.63%) holding above prev_close. PIT-Score: 1.00 (Rank #1)."
618,2026-04-27,2026-04-27,WAAREEENER,Waaree Energies Ltd.,Mid-Cap Equities,3340.668,3351.5834487304687,598,1997719.4640000002,6527.438340820139,5774.269797727871,0.28904307645709915,True,753.1685430922678,0.8780279872169243,-0.4690079948082276,3370.0,3325.0,1 Day (Intraday),INTRADAY SQUARE OFF,INTRADAY,61,Rank #1,"Point-in-Time Execution: Coiling proximity to 20-DMA (+1.39%), RSI-14 (57.0), clean gap (+0.86%) holding above prev_close. PIT-Score: 0.92 (Rank #1)."
619,2026-05-04,2026-05-04,JSL,Jindal Stainless Ltd.,Mid-Cap Equities,775.548,777.099096,2578,1999362.744,3998.7254880000837,3245.7015509502676,0.16233680259825164,True,753.0239370498163,1.77964169670188,-0.4574829668827721,789.3499755859375,772.0,1 Day (Intraday),BREAKEVEN RATCHET / INTRADAY CLOSE,INTRADAY,43,Rank #1,"Point-in-Time Execution: Coiling proximity to 20-DMA (+0.01%), RSI-14 (51.6), clean gap (+0.86%) holding above prev_close. PIT-Score: 15.47 (Rank #1)."
620,2026-05-04,2026-05-04,DABUR,Dabur India Ltd.,Mid-Cap Equities,445.89,446.78177999999997,4485,1999816.65,3999.6332999998704,3246.4491230331446,0.16233733842715756,True,753.1841769667257,1.1235941367791134,-0.6481419184103672,450.8999938964844,443.0,1 Day (Intraday),BREAKEVEN RATCHET / INTRADAY CLOSE,INTRADAY,62,Rank #2,"Point-in-Time Execution: Coiling proximity to 20-DMA (+0.66%), RSI-14 (47.1), clean gap (+0.79%) holding above prev_close. PIT-Score: 0.96 (Rank #2)."
621,2026-05-07,2026-05-11,HEROMOTOCO,Hero MotoCorp Ltd.,Mid-Cap Equities,5245.47,5254.47,381,1998524.07,3429.0,-1032.1070353736404,-0.05164346283673433,False,4461.10703537364,4.061218537137753,-1.896302905173421,5458.5,5146.0,3 Days (Swing),SL HIT (Trailing Stop Triggered),SWING,15,Rank #1,"Point-in-Time Execution: Coiling proximity to 20-DMA (-0.05%), RSI-14 (49.5), clean gap (+1.26%) holding above prev_close. PIT-Score: 5.52 (Rank #1)."
622,2026-05-07,2026-05-11,ENDURANCE,Endurance Technologies Ltd.,Mid-Cap Equities,2379.75,2501.1875512695315,840,1998990.0,102007.54306640662,97443.25087460509,4.874624228965882,True,4564.292191801531,13.163147389431662,-0.6198130055678117,2693.0,2365.0,3 Days (Swing),SL HIT (Trailing Stop Triggered),SWING,3,Rank #2,"Point-in-Time Execution: Coiling proximity to 20-DMA (-0.63%), RSI-14 (49.4), clean gap (+0.88%) holding above prev_close. PIT-Score: 1.00 (Rank #2)."
623,2026-05-14,2026-05-18,TATACOMM,Tata Communications Ltd.,Mid-Cap Equities,1577.148,1664.165,1268,1999823.6639999999,110337.55599999987,105762.77925399208,5.2886052484471495,True,4574.776746007784,8.803993030457516,-0.21227882049591487,1716.0,1573.800048828125,3 Days (Swing),SL HIT (Trailing Stop Triggered),SWING,3,Rank #1,"Point-in-Time Execution: Coiling proximity to 20-DMA (-0.24%), RSI-14 (52.2), clean gap (+0.98%) holding above prev_close. PIT-Score: 1.86 (Rank #1)."
625,2026-05-19,2026-05-19,AWL,AWL Agri Business Ltd.,Mid-Cap Equities,200.59038244628906,201.76565817260743,9970,1999886.1129895018,11717.498991394183,10962.081278232496,0.5481352766556282,True,755.4177131616866,1.4006710670426252,-0.5336139054995456,203.39999389648438,199.52000427246094,1 Day (Intraday),BREAKEVEN RATCHET / INTRADAY CLOSE,INTRADAY,45,Rank #1,"Point-in-Time Execution: Coiling proximity to 20-DMA (-0.90%), RSI-14 (52.4), clean gap (+0.41%) holding above prev_close. PIT-Score: 0.73 (Rank #1)."
624,2026-05-14,2026-05-20,INDUSTOWER,Indus Towers Ltd.,Mid-Cap Equities,416.7819122314453,426.3955,4798,1999719.6148864746,46125.99411352561,41617.98630160565,2.081191082579261,True,4508.007811919958,5.426838593820483,-0.427540682345103,439.3999938964844,415.0,5 Days (Swing),SL HIT (Trailing Stop Triggered),SWING,35,Rank #2,"Point-in-Time Execution: Coiling proximity to 20-DMA (+1.35%), RSI-14 (49.9), clean gap (+0.67%) holding above prev_close. PIT-Score: 0.77 (Rank #2)."
627,2026-05-22,2026-05-25,LENSKART,Lenskart Solutions Ltd.,Mid-Cap Equities,503.004,503.00198798400004,3976,1999943.904,-7.999775615986437,-4468.700815373107,-0.22344130785045793,False,4460.70103975712,3.120454749272616,-0.5972119506007942,518.7000122070312,500.0,2 Days (Swing),SL HIT (Trailing Stop Triggered),SWING,9,Rank #2,"Point-in-Time Execution: Coiling proximity to 20-DMA (-0.20%), RSI-14 (49.6), clean gap (+0.70%) holding above prev_close. PIT-Score: 1.99 (Rank #2)."
628,2026-05-25,2026-05-25,PATANJALI,Patanjali Foods Ltd.,Mid-Cap Equities,470.2887061157227,467.5131121826172,4252,1999667.5784040529,-11801.82540356461,-12550.434251630315,-0.6276260308049249,False,748.6088480657046,0.023663715354949513,-1.4435188486223602,470.3999938964844,463.5,1 Day (Intraday),INTRADAY SQUARE OFF,INTRADAY,64,Rank #1,"Point-in-Time Execution: Coiling proximity to 20-DMA (+0.92%), RSI-14 (50.5), clean gap (+1.27%) holding above prev_close. PIT-Score: 1.09 (Rank #1)."
626,2026-05-22,2026-05-26,3MINDIA,3M India Ltd.,Mid-Cap Equities,32565.0,33118.63,61,1986465.0,33771.429999999935,29305.682053996752,1.4752679787460012,True,4465.747946003181,6.0801473975126665,-0.6602180254874866,34545.0,32350.0,3 Days (Swing),SL HIT (Trailing Stop Triggered),SWING,6,Rank #1,"Point-in-Time Execution: Coiling proximity to 20-DMA (-0.14%), RSI-14 (52.1), clean gap (+0.93%) holding above prev_close. PIT-Score: 2.66 (Rank #1)."
630,2026-06-09,2026-06-09,THERMAX,Thermax Ltd.,Mid-Cap Equities,4769.820404296875,4730.420102539062,419,1998554.7494003905,-16508.726436523488,-17255.595828326135,-0.8634037087802165,False,746.8693918026461,0.5656271746902908,-1.488957520190822,4796.7998046875,4698.7998046875,1 Day (Intraday),INTRADAY SQUARE OFF,INTRADAY,88,Rank #2,"Point-in-Time Execution: Coiling proximity to 20-DMA (+1.47%), RSI-14 (56.8), clean gap (+1.36%) holding above prev_close. PIT-Score: 1.00 (Rank #2)."
632,2026-06-09,2026-06-09,TIINDIA,Tube Investments of India Ltd.,Mid-Cap Equities,3078.7452978515626,3099.289,649,1998105.6983056641,13332.862694336101,12577.610132799324,0.6294767160448406,True,755.252561536777,2.967273709469811,-0.6056103506946064,3170.10009765625,3060.10009765625,1 Day (Intraday),BREAKEVEN RATCHET / INTRADAY CLOSE,INTRADAY,62,Rank #4,"Point-in-Time Execution: Coiling proximity to 20-DMA (+1.18%), RSI-14 (53.3), clean gap (+0.54%) holding above prev_close. PIT-Score: 0.66 (Rank #4)."
629,2026-06-09,2026-06-10,GVT&D,GE Vernova T&D India Ltd.,Mid-Cap Equities,4809.6,4809.5807616,415,1995984.0000000002,-7.983936000149697,-4459.884295606084,-0.22344288809960822,False,4451.900359605935,4.249833666001323,-0.5842481703260222,5014.0,4781.5,2 Days (Swing),SL HIT (Trailing Stop Triggered),SWING,7,Rank #1,"Point-in-Time Execution: Coiling proximity to 20-DMA (+0.07%), RSI-14 (51.2), clean gap (+1.18%) holding above prev_close. PIT-Score: 4.59 (Rank #1)."
631,2026-06-09,2026-06-11,JSWINFRA,JSW Infrastructure Ltd.,Mid-Cap Equities,271.542,276.6955,7365,1999906.8299999998,37955.527500000084,33455.57006141371,1.672856433087621,True,4499.957438586375,6.208245463495299,-0.43897220190038677,288.3999938964844,270.3500061035156,3 Days (Swing),SL HIT (Trailing Stop Triggered),SWING,5,Rank #3,"Point-in-Time Execution: Coiling proximity to 20-DMA (-1.39%), RSI-14 (45.8), clean gap (+0.95%) holding above prev_close. PIT-Score: 0.83 (Rank #3)."
634,2026-06-12,2026-06-12,POLYCAB,Polycab India Ltd.,Mid-Cap Equities,9498.96,9534.892,210,1994781.5999999999,7545.720000000205,6793.295454264285,0.34055334449968283,True,752.42454573592,0.8110361555370365,-1.220765220613616,9576.0,9383.0,1 Day (Intraday),INTRADAY SQUARE OFF,INTRADAY,81,Rank #2,"Point-in-Time Execution: Coiling proximity to 20-DMA (-0.80%), RSI-14 (55.2), clean gap (+1.15%) holding above prev_close. PIT-Score: 1.11 (Rank #2)."
635,2026-06-15,2026-06-15,HUDCO,Housing & Urban Development Corporation Ltd.,Mid-Cap Equities,208.81679388427733,209.2344274720459,9577,1999838.435029724,3999.6768700596876,3246.4850024447815,0.1623373641379449,True,753.191867614906,1.8596220120671236,-0.39115334982586897,212.6999969482422,208.0,1 Day (Intraday),BREAKEVEN RATCHET / INTRADAY CLOSE,INTRADAY,56,Rank #1,"Point-in-Time Execution: Coiling proximity to 20-DMA (+0.40%), RSI-14 (49.4), clean gap (+1.32%) holding above prev_close. PIT-Score: 1.46 (Rank #1)."
636,2026-06-15,2026-06-15,GICRE,General Insurance Corporation of India,Mid-Cap Equities,383.766,386.4755,5211,1999804.6260000002,14119.204499999993,13363.128076529823,0.6682216803977842,True,756.076423470169,2.6667292047758218,-0.4992609810364635,394.0,381.8500061035156,1 Day (Intraday),BREAKEVEN RATCHET / INTRADAY CLOSE,INTRADAY,51,Rank #2,"Point-in-Time Execution: Coiling proximity to 20-DMA (-1.55%), RSI-14 (45.6), clean gap (+0.99%) holding above prev_close. PIT-Score: 0.86 (Rank #2)."
633,2026-06-12,2026-06-17,JSWINFRA,JSW Infrastructure Ltd.,Mid-Cap Equities,279.3575877685547,291.5656939086914,7159,1999920.9708350832,87397.83185723866,82846.6095900502,4.142494168429912,True,4551.222267188472,7.854592459680432,-0.1996007984032011,301.29998779296875,278.79998779296875,4 Days (Swing),SL HIT (Trailing Stop Triggered),SWING,7,Rank #1,"Point-in-Time Execution: Coiling proximity to 20-DMA (+0.64%), RSI-14 (51.3), clean gap (+1.22%) holding above prev_close. PIT-Score: 1.14 (Rank #1)."
639,2026-06-17,2026-06-17,MEDANTA,Global Health Ltd.,Mid-Cap Equities,1244.3838244628905,1251.8912243652344,1607,1999724.805911865,12064.391643066658,11308.931493210981,0.5655243891448434,True,755.4601498556771,2.211230924915688,-0.665698855457925,1271.9000244140625,1236.0999755859375,1 Day (Intraday),BREAKEVEN RATCHET / INTRADAY CLOSE,INTRADAY,32,Rank #2,"Point-in-Time Execution: Coiling proximity to 20-DMA (+1.15%), RSI-14 (56.6), clean gap (+0.47%) holding above prev_close. PIT-Score: 0.75 (Rank #2)."
637,2026-06-16,2026-06-18,AWL,AWL Agri Business Ltd.,Mid-Cap Equities,192.3739855041504,192.42437756347655,10396,1999919.9533011476,523.8758487547748,-3937.32310507452,-0.1968740348120142,False,4461.198953829295,3.418347562357861,-0.4855038275037437,198.9499969482422,191.44000244140625,3 Days (Swing),SL HIT (Trailing Stop Triggered),SWING,7,Rank #1,"Point-in-Time Execution: Coiling proximity to 20-DMA (-0.34%), RSI-14 (48.3), clean gap (+0.43%) holding above prev_close. PIT-Score: 1.48 (Rank #1)."
641,2026-06-22,2026-06-22,POLICYBZR,PB Fintech Ltd.,Mid-Cap Equities,1661.2158244628906,1665.4624487304689,1203,1998442.6368288575,5108.688993896591,4355.671650045019,0.21795329872248068,True,753.0173438515714,3.0149137533906987,-0.9641055096615109,1711.300048828125,1645.199951171875,1 Day (Intraday),BREAKEVEN RATCHET / INTRADAY CLOSE,INTRADAY,23,Rank #1,"Point-in-Time Execution: Coiling proximity to 20-DMA (+0.89%), RSI-14 (52.9), clean gap (+1.30%) holding above prev_close. PIT-Score: 1.10 (Rank #1)."
642,2026-06-22,2026-06-22,MPHASIS,MphasiS Ltd.,Mid-Cap Equities,2294.58,2275.5398974609375,871,1998579.18,-16583.929311523447,-17330.785788921687,-0.8671553252607027,False,746.8564773982398,0.5499895916409571,-1.0189249809605647,2307.199951171875,2271.199951171875,1 Day (Intraday),INTRADAY SQUARE OFF,INTRADAY,65,Rank #2,"Point-in-Time Execution: Coiling proximity to 20-DMA (-1.37%), RSI-14 (47.6), clean gap (+0.99%) holding above prev_close. PIT-Score: 0.84 (Rank #2)."
643,2026-06-22,2026-06-22,ICICIPRULI,ICICI Prudential Life Insurance Company Ltd.,Mid-Cap Equities,504.00600000000003,505.2873878173828,3968,1999895.8080000002,5084.5468593747355,4331.024252544148,0.21656249466692956,True,753.5226068305875,1.3083189691225097,-0.3980111347880836,510.6000061035156,502.0,1 Day (Intraday),BREAKEVEN RATCHET / INTRADAY CLOSE,INTRADAY,40,Rank #3,"Point-in-Time Execution: Coiling proximity to 20-DMA (+1.54%), RSI-14 (49.7), clean gap (+0.54%) holding above prev_close. PIT-Score: 0.62 (Rank #3)."
638,2026-06-17,2026-06-23,GVT&D,GE Vernova T&D India Ltd.,Mid-Cap Equities,4909.8,5399.18,407,1998288.6,199177.66000000015,194514.2364344418,9.734041240811852,True,4663.423565558362,15.07597050796366,-0.23015194101593103,5650.0,4898.5,5 Days (Swing),SL HIT (Trailing Stop Triggered),SWING,2,Rank #1,"Point-in-Time Execution: Coiling proximity to 20-DMA (-0.40%), RSI-14 (53.4), clean gap (+0.56%) holding above prev_close. PIT-Score: 1.20 (Rank #1)."
640,2026-06-18,2026-06-23,ICICIAMC,ICICI Prudential Asset Management Company Ltd.,Mid-Cap Equities,3284.4557021484375,3396.7928974609376,608,1996949.06690625,68301.01475000009,63776.18601504582,3.1936811545148887,True,4524.8287349542625,8.632915879062999,-0.3883672709672607,3568.0,3271.699951171875,4 Days (Swing),SL HIT (Trailing Stop Triggered),SWING,5,Rank #1,"Point-in-Time Execution: Coiling proximity to 20-DMA (-1.50%), RSI-14 (48.6), clean gap (+0.84%) holding above prev_close. PIT-Score: 0.84 (Rank #1)."
644,2026-06-30,2026-06-30,HINDPETRO,Hindustan Petroleum Corporation Ltd.,Mid-Cap Equities,393.93629388427735,393.66111218261716,5076,1999620.627756592,-1396.8223176272586,-2148.39280025664,-0.10744001989352141,False,751.5704826293812,0.5111786738150743,-1.1007586373941847,395.95001220703125,389.6000061035156,1 Day (Intraday),INTRADAY SQUARE OFF,INTRADAY,42,Rank #1,"Point-in-Time Execution: Coiling proximity to 20-DMA (-0.54%), RSI-14 (48.3), clean gap (+0.91%) holding above prev_close. PIT-Score: 1.08 (Rank #1)."
646,2026-07-01,2026-07-01,3MINDIA,3M India Ltd.,Mid-Cap Equities,33166.2,33368.13,60,1989971.9999999998,12115.800000000047,11363.762531685246,0.5710513781945298,True,752.0374683148,1.6396210599948229,-0.38050786644233314,33710.0,33040.0,1 Day (Intraday),BREAKEVEN RATCHET / INTRADAY CLOSE,INTRADAY,30,Rank #1,"Point-in-Time Execution: Coiling proximity to 20-DMA (+1.14%), RSI-14 (52.8), clean gap (+0.61%) holding above prev_close. PIT-Score: 0.75 (Rank #1)."
645,2026-06-30,2026-07-02,SUZLON,Suzlon Energy Ltd.,Mid-Cap Equities,57.5749190826416,58.013741065979005,34737,1999979.9641737211,15243.359235191485,10766.774198686824,0.5383441030188044,True,4476.585036504662,3.0136078665762813,-0.4601269329972099,59.310001373291016,57.310001373291016,3 Days (Swing),SL HIT (Trailing Stop Triggered),SWING,10,Rank #2,"Point-in-Time Execution: Coiling proximity to 20-DMA (+1.31%), RSI-14 (54.9), clean gap (+0.44%) holding above prev_close. PIT-Score: 0.68 (Rank #2)."
647,2026-07-03,2026-07-03,JSL,Jindal Stainless Ltd.,Mid-Cap Equities,699.9470877685546,701.3469819440918,2857,1999748.8297547605,3999.4976595097687,3246.337424747953,0.16233725838189728,True,753.1602347618158,1.650540795630178,-1.206818046130333,711.5,691.5,1 Day (Intraday),BREAKEVEN RATCHET / INTRADAY CLOSE,INTRADAY,37,Rank #1,"Point-in-Time Execution: Coiling proximity to 20-DMA (-0.04%), RSI-14 (46.3), clean gap (+1.03%) holding above prev_close. PIT-Score: 6.52 (Rank #1)."
648,2026-07-03,2026-07-03,COFORGE,Coforge Ltd.,Mid-Cap Equities,1463.3208244628906,1466.2474661118165,1366,1998896.2462163086,3997.7924924327526,3244.9332405073833,0.1623362516513644,True,752.8592519253694,2.0145428037665396,-0.835144875454006,1492.800048828125,1451.0999755859375,1 Day (Intraday),BREAKEVEN RATCHET / INTRADAY CLOSE,INTRADAY,26,Rank #2,"Point-in-Time Execution: Coiling proximity to 20-DMA (-0.32%), RSI-14 (51.3), clean gap (+1.28%) holding above prev_close. PIT-Score: 1.59 (Rank #2)."
649,2026-07-03,2026-07-03,MPHASIS,MphasiS Ltd.,Mid-Cap Equities,2275.542,2292.0068974609376,878,1997925.876,14456.17997070332,13700.669265287073,0.6857446229545242,True,755.5107054162465,2.4371336587063688,-0.3314375212586679,2331.0,2268.0,1 Day (Intraday),BREAKEVEN RATCHET / INTRADAY CLOSE,INTRADAY,17,Rank #3,"Point-in-Time Execution: Coiling proximity to 20-DMA (-1.27%), RSI-14 (48.9), clean gap (+1.14%) holding above prev_close. PIT-Score: 0.87 (Rank #3)."
650,2026-07-06,2026-07-08,ABBOTINDIA,Abbott India Ltd.,Mid-Cap Equities,26122.14,26511.87,76,1985282.64,29619.47999999998,25160.66215088422,1.2673591983297765,True,4458.81784911576,3.3605975620680413,-0.3718684610066381,27000.0,26025.0,3 Days (Swing),SL HIT (Trailing Stop Triggered),SWING,4,Rank #1,"Point-in-Time Execution: Coiling proximity to 20-DMA (+0.05%), RSI-14 (47.5), clean gap (+0.68%) holding above prev_close. PIT-Score: 5.79 (Rank #1)."
652,2026-07-09,2026-07-09,NIACL,The New India Assurance Company Ltd.,Mid-Cap Equities,182.1034855041504,183.25275512695313,10982,1999860.4778065798,12621.278997619404,11865.611634293145,0.5933219725061615,True,755.6673633262571,1.590587070769486,-0.9519259788816015,185.0,180.3699951171875,1 Day (Intraday),BREAKEVEN RATCHET / INTRADAY CLOSE,INTRADAY,35,Rank #2,"Point-in-Time Execution: Coiling proximity to 20-DMA (-0.29%), RSI-14 (52.5), clean gap (+1.26%) holding above prev_close. PIT-Score: 1.72 (Rank #2)."
655,2026-07-10,2026-07-10,AWL,AWL Agri Business Ltd.,Mid-Cap Equities,188.1255,189.62,10631,1999962.1904999998,15888.029500000179,15131.391258902406,0.7565838659739607,True,756.6382410977731,2.3412555869868186,-0.8693635402090231,192.52999877929688,186.49000549316406,1 Day (Intraday),BREAKEVEN RATCHET / INTRADAY CLOSE,INTRADAY,41,Rank #2,"Point-in-Time Execution: Coiling proximity to 20-DMA (-0.61%), RSI-14 (47.4), clean gap (+1.11%) holding above prev_close. PIT-Score: 1.16 (Rank #2)."
656,2026-07-10,2026-07-10,JUBLFOOD,Jubilant Foodworks Ltd.,Mid-Cap Equities,435.01829388427734,437.1738878173828,4597,1999779.096986023,9909.265310485847,9154.402878822171,0.45777070540537573,True,754.8624316636768,1.3520580846587733,-0.7742892736113287,440.8999938964844,431.6499938964844,1 Day (Intraday),BREAKEVEN RATCHET / INTRADAY CLOSE,INTRADAY,47,Rank #3,"Point-in-Time Execution: Coiling proximity to 20-DMA (+0.69%), RSI-14 (49.2), clean gap (+1.12%) holding above prev_close. PIT-Score: 1.16 (Rank #3)."
657,2026-07-10,2026-07-10,TATAINVEST,Tata Investment Corporation Ltd.,Mid-Cap Equities,691.1795877685547,692.5619469440918,2893,1999582.5474144288,3999.165094828699,3246.063561798956,0.16233706210310228,True,753.1015330297427,1.1748610879309127,-0.23577084804356835,699.2999877929688,689.5499877929688,1 Day (Intraday),BREAKEVEN RATCHET / INTRADAY CLOSE,INTRADAY,72,Rank #4,"Point-in-Time Execution: Coiling proximity to 20-DMA (+1.58%), RSI-14 (56.5), clean gap (+0.72%) holding above prev_close. PIT-Score: 0.86 (Rank #4)."
658,2026-07-10,2026-07-10,JSL,Jindal Stainless Ltd.,Mid-Cap Equities,715.929,717.360858,2793,1999589.697,3999.179393999977,3246.075336991706,0.16233707054311283,True,753.1040570082711,1.3159092013226907,-0.5487974366173145,725.3499755859375,712.0,1 Day (Intraday),BREAKEVEN RATCHET / INTRADAY CLOSE,INTRADAY,90,Rank #5,"Point-in-Time Execution: Coiling proximity to 20-DMA (+1.57%), RSI-14 (54.0), clean gap (+0.69%) holding above prev_close. PIT-Score: 0.75 (Rank #5)."
654,2026-07-10,2026-07-13,BALKRISIND,Balkrishna Industries Ltd.,Mid-Cap Equities,2224.44,2224.4311022399997,899,1999771.56,-7.999086240306497,-4468.317100444288,-0.2234413764962378,False,4460.318014203982,2.272931614248977,-1.5032997068925236,2275.0,2191.0,2 Days (Swing),SL HIT (Trailing Stop Triggered),SWING,42,Rank #1,"Point-in-Time Execution: Coiling proximity to 20-DMA (-0.23%), RSI-14 (50.6), clean gap (+0.83%) holding above prev_close. PIT-Score: 1.74 (Rank #1)."
653,2026-07-09,2026-07-14,PREMIERENE,Premier Energies Ltd.,Mid-Cap Equities,1057.11,1095.9037756347657,1891,1998995.0099999998,73359.02972534206,68824.41273344136,3.442950702185163,True,4534.616991900692,7.273604449868047,-0.8617835419208882,1134.0,1048.0,4 Days (Swing),SL HIT (Trailing Stop Triggered),SWING,5,Rank #3,"Point-in-Time Execution: Coiling proximity to 20-DMA (-0.44%), RSI-14 (50.2), clean gap (+1.06%) holding above prev_close. PIT-Score: 1.31 (Rank #3)."
651,2026-07-09,2026-07-15,KALYANKJIL,Kalyan Jewellers India Ltd.,Mid-Cap Equities,380.76,547.0037756347656,5252,1999751.52,873112.3096337887,867747.286192499,43.392755425559024,True,5365.0234412896225,44.71057884231537,-0.7642593487982893,551.0,377.8500061035156,5 Days (Swing),TP REACHED (Peak > +5%),SWING,1,Rank #1,"Point-in-Time Execution: Coiling proximity to 20-DMA (-0.21%), RSI-14 (50.2), clean gap (+1.56%) holding above prev_close. PIT-Score: 2.31 (Rank #1)."
660,2026-07-15,2026-07-15,ICICIGI,ICICI Lombard General Insurance Company Ltd.,Mid-Cap Equities,1803.6,1810.9707756347657,1108,1998388.7999999998,8166.819403320551,7412.945717932416,0.3709461200909661,True,753.8736853881348,1.0146387455124524,-0.7041459074039371,1821.9000244140625,1790.9000244140625,1 Day (Intraday),BREAKEVEN RATCHET / INTRADAY CLOSE,INTRADAY,30,Rank #2,"Point-in-Time Execution: Coiling proximity to 20-DMA (-0.72%), RSI-14 (49.4), clean gap (+0.67%) holding above prev_close. PIT-Score: 0.83 (Rank #2)."
659,2026-07-15,2026-07-17,HONAUT,Honeywell Automation India Ltd.,Mid-Cap Equities,38526.9,38877.09,51,1964871.9000000001,17859.68999999971,13458.419840970972,0.6849515147003207,True,4401.270159028741,3.3044444271405133,-1.0431672415896462,39800.0,38125.0,3 Days (Swing),SL HIT (Trailing Stop Triggered),SWING,9,Rank #1,"Point-in-Time Execution: Coiling proximity to 20-DMA (-1.15%), RSI-14 (55.8), clean gap (+1.02%) holding above prev_close. PIT-Score: 0.93 (Rank #1)."
661,2026-07-29,2026-07-29,POLICYBZR,PB Fintech Ltd.,Mid-Cap Equities,1594.7831755371094,1607.9775512695312,1254,1999858.1021235352,16545.747168456903,15788.95735761822,0.7895038823430937,True,756.7898108386831,1.6376426135895978,-0.1996007984031952,1620.9000244140625,1591.5999755859375,1 Day (Intraday),BREAKEVEN RATCHET / INTRADAY CLOSE,INTRADAY,41,Rank #1,"Point-in-Time Execution: Coiling proximity to 20-DMA (+0.00%), RSI-14 (49.8), clean gap (+0.52%) holding above prev_close. PIT-Score: 21.70 (Rank #1)."
662,2026-07-29,2026-07-29,JSL,Jindal Stainless Ltd.,Mid-Cap Equities,734.466,727.043,2723,1999950.918,-20212.829000000143,-20959.130263757725,-1.0479822317198348,False,746.3012637575821,0.6717839102235491,-1.2003245331897607,739.4000244140625,725.6500244140625,1 Day (Intraday),INTRADAY SQUARE OFF,INTRADAY,83,Rank #2,"Point-in-Time Execution: Coiling proximity to 20-DMA (+1.15%), RSI-14 (53.4), clean gap (+1.20%) holding above prev_close. PIT-Score: 1.05 (Rank #2)."
663,2026-07-29,2026-07-29,AWL,AWL Agri Business Ltd.,Mid-Cap Equities,187.9651763305664,189.53018365478516,10640,1999949.4761572266,16651.677929687547,15894.825593749876,0.7947613568864127,True,756.8523359376695,1.6677715703232843,-0.6996947305649196,191.10000610351562,186.64999389648438,1 Day (Intraday),BREAKEVEN RATCHET / INTRADAY CLOSE,INTRADAY,37,Rank #3,"Point-in-Time Execution: Coiling proximity to 20-DMA (-1.01%), RSI-14 (45.9), clean gap (+0.76%) holding above prev_close. PIT-Score: 0.82 (Rank #3)."
664,2026-07-29,2026-07-30,JUBLFOOD,Jubilant Foodworks Ltd.,Mid-Cap Equities,434.868,434.866260528,4599,1999957.932,-7.9998317279387265,-4468.732047983571,-0.22344130226353034,False,4460.732216255632,1.8469958462072122,-0.47554940971311865,442.8999938964844,432.79998779296875,2 Days (Swing),SL HIT (Trailing Stop Triggered),SWING,40,Rank #4,"Point-in-Time Execution: Coiling proximity to 20-DMA (+1.07%), RSI-14 (53.3), clean gap (+0.42%) holding above prev_close. PIT-Score: 0.74 (Rank #4)."
665,2026-07-31,2026-07-31,BHEL,Bharat Heavy Electricals Ltd.,Mid-Cap Equities,406.812,407.625624,4916,1999887.7920000001,3999.77558399993,3246.56629216764,0.1623374223871276,True,753.20929183229,1.3613182756446744,-0.21188848730341334,412.3500061035156,405.95001220703125,1 Day (Intraday),BREAKEVEN RATCHET / INTRADAY CLOSE,INTRADAY,46,Rank #1,"Point-in-Time Execution: Coiling proximity to 20-DMA (-0.43%), RSI-14 (48.4), clean gap (+0.74%) holding above prev_close. PIT-Score: 1.22 (Rank #1)."
667,2026-07-31,2026-07-31,POLICYBZR,PB Fintech Ltd.,Mid-Cap Equities,1609.212,1598.297,1242,1998641.304,-13556.429999999935,-14304.174922144162,-0.7156949520414876,False,747.744922144228,0.26646582302394034,-0.9453073926866062,1613.5,1594.0,1 Day (Intraday),INTRADAY SQUARE OFF,INTRADAY,67,Rank #3,"Point-in-Time Execution: Coiling proximity to 20-DMA (+1.16%), RSI-14 (51.1), clean gap (+0.78%) holding above prev_close. PIT-Score: 0.80 (Rank #3)."
668,2026-08-03,2026-08-03,GODREJIND,Godrej Industries Ltd.,Mid-Cap Equities,1328.652,1334.4257756347656,1505,1999621.26,8689.532330322312,7935.0746479120135,0.3968288798805837,True,754.4576824102988,1.8250094391957004,-0.711401392398088,1352.9000244140625,1319.199951171875,1 Day (Intraday),BREAKEVEN RATCHET / INTRADAY CLOSE,INTRADAY,62,Rank #1,"Point-in-Time Execution: Coiling proximity to 20-DMA (-0.14%), RSI-14 (57.0), clean gap (+0.64%) holding above prev_close. PIT-Score: 2.51 (Rank #1)."
670,2026-08-03,2026-08-03,HONAUT,Honeywell Automation India Ltd.,Mid-Cap Equities,38431.71,38508.57342,52,1998448.92,3996.8978400002234,3244.1965051672314,0.16233572310505848,True,752.7013348329917,1.335589803316066,-0.45980259530476036,38945.0,38255.0,1 Day (Intraday),BREAKEVEN RATCHET / INTRADAY CLOSE,INTRADAY,80,Rank #3,"Point-in-Time Execution: Coiling proximity to 20-DMA (-0.59%), RSI-14 (50.3), clean gap (+0.52%) holding above prev_close. PIT-Score: 1.04 (Rank #3)."
671,2026-08-03,2026-08-03,APOLLOTYRE,Apollo Tyres Ltd.,Mid-Cap Equities,433.1145,435.7268060913086,4617,1999689.6465,12061.017223571893,11305.570431567841,0.5653662532761351,True,755.446792004052,1.2088041622978691,-0.4997495565188353,438.3500061035156,430.95001220703125,1 Day (Intraday),BREAKEVEN RATCHET / INTRADAY CLOSE,INTRADAY,49,Rank #4,"Point-in-Time Execution: Coiling proximity to 20-DMA (-0.80%), RSI-14 (51.7), clean gap (+0.96%) holding above prev_close. PIT-Score: 0.96 (Rank #4)."
672,2026-08-03,2026-08-03,BAJAJHFL,Bajaj Housing Finance Ltd.,Mid-Cap Equities,87.02369847106934,86.67629847717285,22982,1999978.6382621154,-7983.946659728885,-8733.757917625016,-0.43669256013725377,False,749.8112578961316,0.3060114073944319,-0.8201224781464036,87.29000091552734,86.30999755859375,1 Day (Intraday),INTRADAY SQUARE OFF,INTRADAY,89,Rank #5,"Point-in-Time Execution: Coiling proximity to 20-DMA (-0.80%), RSI-14 (48.0), clean gap (+0.96%) holding above prev_close. PIT-Score: 0.94 (Rank #5)."
673,2026-08-05,2026-08-05,POLICYBZR,PB Fintech Ltd.,Mid-Cap Equities,1621.236,1624.478472,1233,1998983.9880000001,3997.967975999927,3245.0777490794526,0.16233635529648135,True,752.8902269204746,1.1512219327761286,-1.1248208157233188,1639.9000244140625,1603.0,1 Day (Intraday),BREAKEVEN RATCHET / INTRADAY CLOSE,INTRADAY,41,Rank #1,"Point-in-Time Execution: Coiling proximity to 20-DMA (+1.17%), RSI-14 (50.7), clean gap (+1.31%) holding above prev_close. PIT-Score: 1.03 (Rank #1)."
666,2026-07-31,2026-08-06,APARINDS,Apar Industries Ltd.,Mid-Cap Equities,13962.87,16093.748,143,1996690.4100000001,304715.554,299946.3212252555,15.02217468081371,True,4769.232774744523,16.85276737518862,-0.529045962613709,16316.0,13889.0,5 Days (Swing),TP REACHED (Peak > +5%),SWING,4,Rank #2,"Point-in-Time Execution: Coiling proximity to 20-DMA (-0.98%), RSI-14 (45.8), clean gap (+1.38%) holding above prev_close. PIT-Score: 1.16 (Rank #2)."
669,2026-08-03,2026-08-06,ABCAPITAL,Aditya Birla Capital Ltd.,Mid-Cap Equities,410.82,418.661,4868,1999871.76,38169.987999999896,33669.886273259086,1.6836022662402657,True,4500.101726740809,4.839105254620335,-0.19960079840319195,430.70001220703125,410.0,4 Days (Swing),SL HIT (Trailing Stop Triggered),SWING,10,Rank #2,"Point-in-Time Execution: Coiling proximity to 20-DMA (+1.03%), RSI-14 (56.2), clean gap (+1.41%) holding above prev_close. PIT-Score: 1.15 (Rank #2)."
674,2026-08-07,2026-08-11,TATAINVEST,Tata Investment Corporation Ltd.,Mid-Cap Equities,673.6445877685547,684.4782756347656,2968,1999377.1364970705,32154.385586913908,27661.616660792533,1.383511702512312,True,4492.768926121374,5.90896522605961,-0.6746305492739509,713.4500122070312,669.0999755859375,3 Days (Swing),SL HIT (Trailing Stop Triggered),SWING,3,Rank #1,"Point-in-Time Execution: Coiling proximity to 20-DMA (+0.29%), RSI-14 (49.9), clean gap (+0.78%) holding above prev_close. PIT-Score: 1.57 (Rank #1)."
675,2026-08-20,2026-08-24,GLENMARK,Glenmark Pharmaceuticals Ltd.,Mid-Cap Equities,2268.528,2298.394,881,1998573.1679999998,26311.945999999996,21827.017943076266,1.0921300401985716,True,4484.928056923732,5.5750689433853235,-0.7241657296603699,2395.0,2252.10009765625,3 Days (Swing),SL HIT (Trailing Stop Triggered),SWING,2,Rank #1,"Point-in-Time Execution: Coiling proximity to 20-DMA (-0.29%), RSI-14 (47.7), clean gap (+0.78%) holding above prev_close. PIT-Score: 1.46 (Rank #1)."
677,2026-09-03,2026-09-07,APARINDS,Apar Industries Ltd.,Mid-Cap Equities,16974.882,17330.27,117,1986061.1940000001,41580.39599999995,37107.45363984676,1.8683942746553033,True,4472.942360153185,5.4204677240171595,-0.20549185555458604,17895.0,16940.0,3 Days (Swing),SL HIT (Trailing Stop Triggered),SWING,1,Rank #2,"Point-in-Time Execution: Coiling proximity to 20-DMA (-1.17%), RSI-14 (53.4), clean gap (+0.76%) holding above prev_close. PIT-Score: 0.82 (Rank #2)."
676,2026-09-03,2026-09-09,GVT&D,GE Vernova T&D India Ltd.,Mid-Cap Equities,4284.552,4663.6539999999995,466,1996601.2319999998,176661.53200000012,172025.19032608104,8.61590124101862,True,4636.341673919096,12.613874216020726,-0.9931493421015706,4825.0,4242.0,5 Days (Swing),TP REACHED (Peak > +5%),SWING,8,Rank #1,"Point-in-Time Execution: Coiling proximity to 20-DMA (-1.05%), RSI-14 (46.0), clean gap (+0.85%) holding above prev_close. PIT-Score: 0.91 (Rank #1)."
678,2026-09-18,2026-09-18,ICICIPRULI,ICICI Prudential Life Insurance Company Ltd.,Mid-Cap Equities,494.988,495.977976,4040,1999751.52,3999.503040000098,3246.3418555159305,0.1623372615571724,True,753.161184484167,1.3054886597313975,-0.7854723541751265,501.45001220703125,491.1000061035156,1 Day (Intraday),BREAKEVEN RATCHET / INTRADAY CLOSE,INTRADAY,111,Rank #1,"Point-in-Time Execution: Coiling proximity to 20-DMA (+0.07%), RSI-14 (51.0), clean gap (+0.71%) holding above prev_close. PIT-Score: 4.38 (Rank #1)."
679,2026-09-18,2026-09-18,INDUSTOWER,Indus Towers Ltd.,Mid-Cap Equities,381.66179388427736,375.1481939086914,5240,1999907.7999536134,-34131.26387207047,-34873.56612084668,-1.7437586933585412,False,742.3022487762037,0.2196201268122719,-1.5096611922177368,382.5,375.8999938964844,1 Day (Intraday),INTRADAY SQUARE OFF,INTRADAY,114,Rank #2,"Point-in-Time Execution: Coiling proximity to 20-DMA (-0.69%), RSI-14 (46.4), clean gap (+1.41%) holding above prev_close. PIT-Score: 1.28 (Rank #2)."
680,2026-09-18,2026-09-18,GVT&D,GE Vernova T&D India Ltd.,Mid-Cap Equities,4398.579404296875,4376.23,454,1996955.049550781,-10146.629550781334,-10894.756122715804,-0.5455684205393907,False,748.1265719344701,0.8029978499961054,-0.933924354230028,4433.89990234375,4357.5,1 Day (Intraday),INTRADAY SQUARE OFF,INTRADAY,103,Rank #3,"Point-in-Time Execution: Coiling proximity to 20-DMA (-0.82%), RSI-14 (48.1), clean gap (+1.12%) holding above prev_close. PIT-Score: 1.06 (Rank #3)."
682,2026-09-18,2026-09-18,AJANTPHARM,Ajanta Pharmaceuticals Ltd.,Mid-Cap Equities,3542.07,3556.4728974609375,564,1997727.48,8123.234167968854,7369.606041364933,0.3688994677775035,True,753.628126603921,2.482446704892897,-0.2984130748404228,3630.0,3531.5,1 Day (Intraday),BREAKEVEN RATCHET / INTRADAY CLOSE,INTRADAY,89,Rank #5,"Point-in-Time Execution: Coiling proximity to 20-DMA (-1.01%), RSI-14 (47.8), clean gap (+0.74%) holding above prev_close. PIT-Score: 0.77 (Rank #5)."
