date,symbol,company,sector,prev_close,open,high,low,close,daily_return,intraday_return,gap_pct,volume,vol_5d,vol_20d,vol_50d,vol_ratio,rng_pos,rsi_prev,dist_sma20,dist_52w_high,rank,nifty_ret,midcap_ret,alpha_vs_nifty,alpha_vs_midcap
2025-09-19,IPCALAB,Ipca Laboratories Ltd.,Healthcare,1336.1611328125,1341.1438274952293,1501.6864267133285,1329.1853452942837,1436.014404296875,7.473145942674801,7.073855529636189,0.3729112126051115,995320.0,147781.6,157867.0,203119.36,6.304800876687338,0.6192950103488276,30.253675646816063,-0.8027186961039524,-15.820644354988552,1,-0.379760653913844,0.008214276859124528,7.852906596588645,7.464931665815676
2025-09-19,ATGL,Adani Total Gas Ltd.,Oil Gas & Consumable Fuels,606.7380981445312,634.7783256008396,687.5099109164998,634.028587420996,651.2225952148438,7.331746136652825,2.590553103469481,4.621471363354024,16380380.0,322356.6,641856.85,581434.62,25.52030098299956,0.3214955552716123,75.03954685590219,0.4755178558197892,-11.264624552454109,2,-0.379760653913844,0.008214276859124528,7.711506790566669,7.3235318597937
2025-09-19,IDEA,Vodafone Idea Ltd.,Telecommunication,7.840000152587891,7.909999847412109,8.819999694824219,7.809999942779541,8.399999618530273,7.142850191878296,6.194687491409697,0.8928532329315413,2537.0,591970399.8,563786125.55,460250115.12,4.499933370167698e-06,0.5841582382137392,80.82191848461147,9.734762144657545,-6.443913537930233,3,-0.379760653913844,0.008214276859124528,7.52261084579214,7.134635915019171
2025-09-19,VMM,Vishal Mega Mart Ltd.,Consumer Services,146.35000610351562,147.08999633789062,153.39999389648438,146.6999969482422,152.35000610351562,4.099760676303701,3.5760486073722286,0.5056304772898974,28202583.0,10094144.8,31980773.8,25413756.26,0.8818605571075957,0.8432853326531402,43.31877191222575,-2.570704927172342,-7.13832459664419,4,-0.379760653913844,0.008214276859124528,4.479521330217545,4.091546399444576
2025-09-19,IREDA,Indian Renewable Energy Development Agency Ltd.,Financial Services,153.6857452392578,153.6659900005012,159.2885216007163,152.28259693447885,158.96243286132812,3.433426837248679,3.4467241975987264,-0.0128543078122483,26176765.0,10282616.4,6190429.95,6723271.36,4.228585932064379,0.9534552889271488,85.43133524733328,5.909701354107928,-10.922119225676544,5,-0.379760653913844,0.008214276859124528,3.813187491162523,3.4252125603895545
2025-09-22,ATGL,Adani Total Gas Ltd.,Oil Gas & Consumable Fuels,651.2225952148438,655.7709709213897,781.4270975217486,652.1222208392303,780.4774169921875,19.848024734876024,19.01676829268293,0.6984364086822539,38847632.0,3520737.0,1445377.2,897760.1,26.8771584331066,0.9926554933276582,89.19290940624921,7.543927140712976,-5.278078923005271,1,-0.49236357186648105,-0.5620832834289372,20.340388306742504,20.41010801830496
2025-09-22,AWL,AWL Agri Business Ltd.,Fast Moving Consumer Goods,255.61471557617188,252.68004937296004,277.25170411306,252.431348536963,269.6911926269531,5.506911845451453,6.732285867525832,-1.148081868681507,30273044.0,3161131.6,1593840.7,2404601.46,18.99377020551677,0.695390685966324,58.47459545035184,-0.4552032590386036,-10.157338691741478,2,-0.49236357186648105,-0.5620832834289372,5.999275417317935,6.068995128880391
2025-09-22,HUDCO,Housing & Urban Development Corporation Ltd.,Financial Services,221.9592742919922,222.8895920830313,232.91962964159427,221.04833615021545,232.54168701171875,4.767727211887155,4.330437701681384,0.4191389587151365,18637185.0,5208917.4,3246318.1,3180729.46,5.74102242167827,0.9681633151307404,82.18918685070861,6.23708137737853,-4.58954680683627,3,-0.49236357186648105,-0.5620832834289372,5.260090783753636,5.329810495316092
2025-09-22,NAUKRI,Info Edge (India) Ltd.,Consumer Services,1366.451171875,1360.3939081771528,1416.0012504092117,1355.6275160715074,1407.7593994140625,3.023029903247892,3.481748260720801,-0.4432843135942916,2045289.0,1579199.2,1127949.5,1625196.4,1.8132806477594965,0.8634861486445794,51.11901754194895,0.5781386123906913,-7.78690181316871,4,-0.49236357186648105,-0.5620832834289372,3.5153934751143727,3.585113186676829
2025-09-22,FLUOROCHEM,Gujarat Fluorochemicals Ltd.,Chemicals,3795.78662109375,3817.472218150108,3901.41663341833,3782.4953784550153,3886.126708984375,2.380009650400044,1.7984280411485507,0.5713070628324524,260623.0,731372.0,342795.0,211752.7,0.7602882189063435,0.8714281611081907,75.20201650160438,7.493254501057435,-1.8614100101566544,5,-0.49236357186648105,-0.5620832834289372,2.872373222266525,2.942092933828981
2025-09-23,TATAINVEST,Tata Investment Corporation Ltd.,Financial Services,724.3641967773438,735.0092691745014,819.5731415514726,724.4139498334043,809.6244506835938,11.770357271324032,10.151597352356344,1.4695746206834823,17283710.0,2111036.0,746191.0,867603.0,23.16258169825152,0.8954521293397042,69.10467713466413,5.154079943167094,-4.574052066145492,1,-0.13034343973539794,-0.293423903684996,11.90070071105943,12.063781175009028
2025-09-23,NLCINDIA,NLC India Ltd.,Power,260.5390625,261.7715205633035,273.5537159161645,256.4571991682754,272.2127990722656,4.480608957539956,3.9886991856461815,0.4730415667721654,9772198.0,2061252.6,2390193.55,1945906.62,4.088454677655707,0.9215678337480948,78.90846122636407,8.798422885316102,-1.0584460239280062,2,-0.13034343973539794,-0.293423903684996,4.610952397275354,4.774032861224952
2025-09-23,IDEA,Vodafone Idea Ltd.,Telecommunication,8.390000343322754,8.390000343322754,8.970000267028809,8.350000381469727,8.720000267028809,3.933252803364754,3.933252803364754,0.0,212226885.0,583784007.6,561181927.25,465281340.38,0.3781784029289585,0.5967741191200968,85.07463704360138,14.884298121710495,-4.875276262807565,3,-0.13034343973539794,-0.293423903684996,4.063596243100152,4.22667670704975
2025-09-23,AUBANK,AU Small Finance Bank Ltd.,Financial Services,705.364990234375,709.3111657501731,733.3378205075085,708.212257348542,730.940185546875,3.62581013611152,3.0492992132482284,0.5594515705247742,5080969.0,2639598.6,2358941.55,2585377.46,2.153918989641774,0.904573881768782,48.783134369885325,-1.1331790325276658,-15.942840853082032,4,-0.13034343973539794,-0.293423903684996,3.7561535758469176,3.9192340397965157
2025-09-23,ASHOKLEY,Ashok Leyland Ltd.,Capital Goods,136.15809631347656,136.2948323077434,141.11925776009144,136.2948323077434,140.67001342773438,3.313733987489097,3.2100858454502093,0.1004244315755089,43630485.0,17823024.6,15837662.7,14430310.72,2.754856308437482,0.9068812780310612,68.43605202614452,4.632742440173758,-2.250582460868115,5,-0.13034343973539794,-0.293423903684996,3.444077427224495,3.607157891174093
2025-09-24,TATAINVEST,Tata Investment Corporation Ltd.,Financial Services,809.6244506835938,820.7669912693591,905.2811317874928,815.8921084869634,881.8021850585938,8.914964748663143,7.436360677083338,1.3762603854611006,36396500.0,5445582.0,1587107.5,1209954.6,22.93259908355294,0.7373397106044893,83.01608293877989,16.5702123792908,-1.213886883731423,1,-0.44736530076084147,-0.8761790003618665,9.362330049423985,9.791143749025009
2025-09-24,PREMIERENE,Premier Energies Ltd.,Capital Goods,1011.6045532226562,1011.2547921976886,1066.1143898068692,1008.057136387954,1043.9306640625,3.195528404539388,3.231220471529159,-0.0345748765022251,2896665.0,923382.8,1070781.4,995755.8,2.705188005693786,0.6178991523367221,47.06830851425067,-1.7738908156013544,-10.850003229014236,2,-0.44736530076084147,-0.8761790003618665,3.6428937053002297,4.071707404901255
2025-09-24,JUBLFOOD,Jubilant Foodworks Ltd.,Consumer Services,614.9511108398438,614.9511436561162,630.8060171284817,609.815723937296,628.6123046875,2.2215089308480223,2.2215034758961605,5.336403473182292e-06,3120429.0,1650161.2,1207449.25,1307178.48,2.584314827310548,0.8954891948863828,38.41736936890391,-3.398367948891232,-14.07258374159257,3,-0.44736530076084147,-0.8761790003618665,2.668874231608864,3.097687931209889
2025-09-24,HEXT,Hexaware Technologies Ltd.,Information Technology,671.1510620117188,673.7311374436641,690.331004017591,662.2426703951407,685.2196044921875,2.096181214151622,1.7052005481168686,0.384425441302561,3229757.0,2681354.8,1265821.0,1008781.56,2.551511627631395,0.8180241094360224,38.31522717656212,-8.449210931009391,-23.4055580074804,4,-0.44736530076084147,-0.8761790003618665,2.5435465149124634,2.9723602145134884
2025-09-24,INDIANB,Indian Bank,Financial Services,680.601318359375,682.6575428692349,706.940242859934,682.4617025947008,693.4281005859375,1.8846249456998008,1.5777395019226648,0.3021187961869611,5440713.0,1389901.4,1153747.2,1414802.76,4.71568901749014,0.4480004882812503,67.13088244809524,2.104588150458553,-2.3735997204429498,5,-0.44736530076084147,-0.8761790003618665,2.3319902464606423,2.7608039460616673
2025-09-25,AWL,AWL Agri Business Ltd.,Fast Moving Consumer Goods,251.4862823486328,252.43134302889973,261.086144076343,251.48628290863124,260.290283203125,3.5007877059025008,3.113298087284483,0.3757901510336823,5237063.0,10675292.4,3486508.5,3091240.12,1.5020938569345237,0.9170966267830224,38.147138575223046,-2.32782639314804,-11.608387499160482,1,-0.6626948212322687,-0.65904987815286,4.16348252713477,4.159837584055361
2025-09-25,BHARTIHEXA,Bharti Hexacom Ltd.,Telecommunication,1669.2342529296875,1664.1897666251382,1728.6801627765158,1660.8267438399027,1708.996826171875,2.382084669805922,2.69242489320208,-0.3022036179580959,413388.0,191642.0,188101.85,211604.04,2.1976817346559856,0.7099138567648529,32.87454041258347,-2.939816145519028,-17.341442045450663,2,-0.6626948212322687,-0.65904987815286,3.0447794910381907,3.041134547958782
2025-09-25,OIL,Oil India Ltd.,Oil Gas & Consumable Fuels,396.45111083984375,398.8399334750205,412.44174769495896,397.4261439191724,404.4464111328125,2.016717843476708,1.405696167117419,0.6025516311749589,6236842.0,1628121.8,1590720.45,1788688.96,3.9207655876933,0.4675314638336839,62.82055079252195,2.193485759304787,-10.499998904896572,3,-0.6626948212322687,-0.65904987815286,2.679412664708977,2.675767721629568
2025-09-25,KEI,KEI Industries Ltd.,Capital Goods,4074.475830078125,4105.139652621451,4179.052142717312,4085.1633039468943,4152.98291015625,1.9268019581458575,1.1654477455900227,0.7525832480576586,403469.0,304074.4,231591.15,266049.34,1.742160700009478,0.7223393866356392,46.58543178252411,0.3696875268623656,-3.676507897472001,4,-0.6626948212322687,-0.65904987815286,2.589496779378126,2.5858518362987173
2025-09-25,GODREJIND,Godrej Industries Ltd.,Diversified,1191.0,1184.0,1242.0,1184.0,1212.5,1.805205709487825,2.4070945945945947,-0.5877413937867338,588971.0,365141.6,157505.45,187002.48,3.739369018659354,0.4913793103448275,48.16544541734,-1.4831291128856816,-10.11320754716981,5,-0.6626948212322687,-0.65904987815286,2.467900530720094,2.464255587640685
2025-09-26,TATAINVEST,Tata Investment Corporation Ltd.,Financial Services,832.9044189453125,831.7105933397726,887.0252927228549,813.1065284496159,862.153564453125,3.5117049258605224,3.660284160997308,-0.1433328456885415,21267960.0,12920226.0,3807482.5,2101240.8,5.58583263350521,0.6635261896723251,75.42147041209734,16.97311783418303,-7.994943261356982,1,-0.948743792723151,-1.9350840680027126,4.460448718583674,5.446788993863235
2025-09-26,IPCALAB,Ipca Laboratories Ltd.,Healthcare,1345.8275146484375,1349.1161091851257,1375.1257828757175,1300.8835414004757,1366.455810546875,1.532759263272018,1.2852638289392777,0.2443548300873616,339048.0,329042.4,184913.55,217034.94,1.8335487042458487,0.8832204933934578,53.02853553834885,0.2710022663754087,-15.211653587044962,2,-0.948743792723151,-1.9350840680027126,2.481503055995169,3.4678433312747305
2025-09-26,ASHOKLEY,Ashok Leyland Ltd.,Capital Goods,137.1640167236328,136.30460425759264,139.65434825518915,135.7576935930741,138.609375,1.0537444957443842,1.6908972040678316,-0.6265582523525615,20914983.0,26794480.8,19103302.55,15441737.78,1.0948359816454878,0.7318281074920941,67.56169300610199,4.056698773533199,-2.802764909083283,3,-0.948743792723151,-1.9350840680027126,2.0024882884675352,2.988828563747097
2025-09-26,3MINDIA,3M India Ltd.,Diversified,28507.1484375,28581.07795782858,28847.223536328795,28393.790328513613,28733.865234375,0.7952980543531434,0.5345749267115038,0.259336778249377,2975.0,4585.6,4685.15,6917.82,0.6349850058162493,0.750000000000002,29.39520459786816,-4.976264362294773,-10.17238766283008,4,-0.948743792723151,-1.9350840680027126,1.7440418470762944,2.7303821223558558
2025-09-26,ICICIGI,ICICI Lombard General Insurance Company Ltd.,Financial Services,1868.6104736328125,1876.5544618239592,1893.5345838759035,1861.7588715111992,1880.7249755859373,0.6483160682265091,0.222243150775635,0.4251280993680061,1278304.0,704920.8,598188.75,554723.18,2.1369576074441388,0.5968742370605469,59.91378269467842,0.8962068444424058,-9.034663482687224,5,-0.948743792723151,-1.9350840680027126,1.5970598609496602,2.583400136229222
2025-09-29,GODFRYPHLP,Godfrey Phillips India Ltd.,Fast Moving Consumer Goods,3217.521728515625,3219.4820124250336,3469.3961412434155,3073.4537567625284,3441.95458984375,6.975333199433127,6.910197869101984,0.0609252733877574,3083877.0,519066.4,1410638.0,1468815.62,2.186157610953342,0.9306930693069304,38.45714976258376,-5.6125523239128405,-16.82290500552869,1,-0.08030448049409952,0.24919221184914928,7.0556376799272265,6.726140987583977
2025-09-29,HINDPETRO,Hindustan Petroleum Corporation Ltd.,Oil Gas & Consumable Fuels,397.4209289550781,397.46797607907416,418.2684614004375,396.7150290315949,415.7742919921875,4.618116888148062,4.605733547064781,0.0118381093113884,11650349.0,4508753.8,2861659.9,3948344.46,4.071185747824191,0.8842797116687787,83.55031308453395,5.1033317014339294,-4.807234683719472,2,-0.08030448049409952,0.24919221184914928,4.698421368642162,4.368924676298913
2025-09-29,PETRONET,Petronet LNG Ltd.,Oil Gas & Consumable Fuels,257.233642578125,258.39018732922153,270.1483204227871,257.7637343607326,268.4617004394531,4.3649258894734295,3.8977924101271,0.4496086668544048,10076944.0,1639121.6,1510041.75,1687954.18,6.673288337888671,0.8638129708265619,35.61371360667248,-3.208560313124926,-14.83727368281262,3,-0.08030448049409952,0.24919221184914928,4.445230369967529,4.11573367762428
2025-09-29,FORTIS,Fortis Healthcare Ltd.,Healthcare,931.7615356445312,937.00601806955,973.8669401835052,932.9103871548788,969.7213134765624,4.073979916521578,3.4914712153518077,0.5628567207800622,4072382.0,1314584.2,1290144.6,1848046.16,3.1565314461650265,0.8987798923399379,45.81096619435555,-2.35642866459998,-5.131208969814762,4,-0.08030448049409952,0.24919221184914928,4.154284397015678,3.824787704672429
2025-09-29,ABCAPITAL,Aditya Birla Capital Ltd.,Financial Services,278.8999938964844,280.25,290.75,279.54998779296875,289.8500061035156,3.926142863629973,3.4255151127620427,0.4840466593974501,8153327.0,5443541.8,4619052.05,5057642.68,1.765151574769546,0.9196434896812552,37.74511269251808,-2.519160557995602,-6.847027527691848,5,-0.08030448049409952,0.24919221184914928,4.006447344124072,3.6769506517808237
2025-09-30,TATAINVEST,Tata Investment Corporation Ltd.,Financial Services,879.7627563476562,885.7817318634014,1055.7054328819424,853.746993505409,1027.7496337890625,16.82122553764099,16.02741361881623,0.6841589362947141,54392960.0,18995748.0,5422218.5,2754505.2,10.031495410965087,0.8615764749461207,80.06988491618489,20.29574023276814,-3.122261216162951,1,-0.09661407544825133,0.08895917578496669,16.917839613089242,16.732266361856023
2025-09-30,NATIONALUM,National Aluminium Co. Ltd.,Metals & Mining,196.906005859375,197.1860318397093,208.00132560977,197.1860318397093,206.5238800048828,4.884500146926266,4.735552553116015,0.1422130214424684,22791494.0,6045813.8,8678584.45,7136553.28,2.6261764382554347,0.8633929289117346,49.53651721623798,-1.9960936604372077,-6.738433449636165,2,-0.09661407544825133,0.08895917578496669,4.981114222374517,4.795540971141299
2025-09-30,BANKINDIA,Bank of India,Financial Services,115.0129852294922,115.23571440582468,120.0097657267311,115.13887914864118,119.50621795654295,3.906717765898493,3.705885430344008,0.1936556779985043,18078558.0,7170509.2,6520179.85,5977534.34,2.7727084859476694,0.8966209206239417,65.07538330302089,1.4023156542966309,-4.11722745267814,3,-0.09661407544825133,0.08895917578496669,4.0033318413467445,3.8177585901135265
2025-09-30,INDIANB,Indian Bank,Financial Services,709.4860229492188,711.8359576336181,745.1757178372233,711.8359576336181,735.0416259765625,3.601988228198385,3.2599741687800936,0.3312164874835853,4621957.0,2469870.0,1437115.35,1489611.96,3.2161350165802625,0.6960358503248943,77.19118737045977,4.736332534401962,-0.4602014650617297,4,-0.09661407544825133,0.08895917578496669,3.6986023036466364,3.5130290524134185
2025-09-30,SUNDARMFIN,Sundaram Finance Ltd.,Financial Services,4230.4658203125,4243.160735985569,4452.522101492105,4165.4065767383545,4375.16455078125,3.4203971055381617,3.110978419369737,0.3000831637053884,154784.0,71451.4,77177.9,90160.22,2.005548220410247,0.7305699481865279,33.90622747459341,-5.6892473024115215,-19.516978529016384,5,-0.09661407544825133,0.08895917578496669,3.517011180986413,3.331437929753195
2025-10-01,AIAENG,AIA Engineering Ltd.,Capital Goods,3041.865478515625,3041.8655993872835,3252.7727452830336,3041.8655993872835,3235.63720703125,6.370161004298653,6.370156777570893,3.973603019706735e-06,216421.0,252007.4,109053.25,77462.04,1.9845442478789035,0.9187531641993129,48.642045656408655,-0.5914127820042763,-13.037099413268932,1,0.9150390492475804,0.8638842074324714,5.455121955051073,5.506276796866182
2025-10-01,ESCORTS,Escorts Kubota Ltd.,Capital Goods,3390.93310546875,3390.933182070346,3640.1418771292433,3390.933182070346,3578.946533203125,5.5445926500630485,5.544590265797771,2.2590123016288003e-06,602797.0,163276.4,297202.2,188002.38,2.0282386873313856,0.7544413772896024,34.778027854355585,-5.851437333142632,-17.545453633088375,2,0.9150390492475804,0.8638842074324714,4.629553600815468,4.680708442630577
2025-10-01,KPITTECH,KPIT Technologies Ltd.,Information Technology,1086.0343017578125,1098.2036090980705,1150.9372180964042,1093.8503454119057,1140.9444580078125,5.056024120152059,3.891887492961717,1.1205269778828568,3024116.0,1691851.0,1091494.65,978294.98,2.7706191688617072,0.8249552021562192,20.86131935270562,-11.691241017461673,-17.34187105078503,3,0.9150390492475804,0.8638842074324714,4.140985070904478,4.192139912719587
2025-10-01,IDEA,Vodafone Idea Ltd.,Telecommunication,8.130000114440918,8.170000076293945,8.579999923706055,8.170000076293945,8.520000457763672,4.797052125866709,4.283970357421255,0.4920044439111062,706154001.0,646779320.6,606952372.8,476524361.34,1.163442195212718,0.8536597847021279,62.01780855717205,4.083984459064654,-9.364549917300383,4,0.9150390492475804,0.8638842074324714,3.8820130766191285,3.9331679184342376
2025-10-01,COCHINSHIP,Cochin Shipyard Ltd.,Capital Goods,1779.3067626953125,1779.7044253833074,1918.7997843558996,1763.9952539751027,1850.892578125,4.023241912555234,3.999998636085897,0.02234930459054,4285387.0,2451065.6,2178077.15,1341500.34,1.9675092776213183,0.561335795122678,63.5957289570372,0.0689604217789926,-14.342440845536832,5,0.9150390492475804,0.8638842074324714,3.1082028633076533,3.1593577051227624
2025-10-03,LLOYDSME,Lloyds Metals And Energy Ltd.,Metals & Mining,1235.161865234375,1240.7584741332432,1324.2086010685036,1236.6609473897945,1311.5162353515625,6.181729882236858,5.702782829490529,0.4531073259621933,708970.0,316983.8,244503.6,277450.88,2.899630107695756,0.8550233480440171,34.97540179040638,-4.6991096263007375,-23.331261424629574,1,0.23332467769817145,0.8475389029044986,5.948405204538686,5.334190979332359
2025-10-03,KALYANKJIL,Kalyan Jewellers India Ltd.,Consumer Durables,463.4091491699219,466.0981698072106,496.2252416804331,460.8197197851951,490.1500244140625,5.770467694053951,5.160255106086403,0.5802692161139785,9945564.0,6860151.6,4514397.4,5589560.92,2.203076760588246,0.8284104585621798,32.329844782853854,-5.558317370881059,-24.45173846494072,2,0.23332467769817145,0.8475389029044986,5.537143016355779,4.922928791149452
2025-10-03,INDIANB,Indian Bank,Financial Services,721.6763305664062,726.5231169007099,753.2536724569079,726.5231169007099,749.9735717773438,3.921043272782477,3.2277644483869534,0.6716011221401166,2805702.0,2581003.4,1746768.45,1588352.2,1.6062243395797535,0.8772902167084367,68.02271773271816,5.370000671932933,-3.1535363684448767,3,0.23332467769817145,0.8475389029044986,3.6877185950843057,3.0735043698779787
2025-10-03,CRISIL,CRISIL Ltd.,Financial Services,4385.24853515625,4428.200960629,4564.15017810771,4383.869694059856,4540.5068359375,3.540467536481784,2.5361512791991108,0.9794752823791744,107724.0,67002.4,37527.9,37046.98,2.8705043447674927,0.8688524590163937,12.67456865326514,-8.813159066175952,-27.348303826070204,4,0.23332467769817145,0.8475389029044986,3.3071428587836125,2.692928633577285
2025-10-03,IDEA,Vodafone Idea Ltd.,Telecommunication,8.520000457763672,8.539999961853027,8.859999656677246,8.520000457763672,8.819999694824219,3.521117616691896,3.278685412434551,0.2347359508781638,721854709.0,654325529.4,619485861.9,486080961.88,1.1652480765033582,0.8823527761805253,65.12262748614656,7.73219132468345,-5.016720132319383,5,0.23332467769817145,0.8475389029044986,3.2877929389937246,2.673578713787397
2025-10-06,FORTIS,Fortis Healthcare Ltd.,Healthcare,979.361083984375,992.9466549619398,1058.9765841884212,986.0539425262264,1052.783203125,7.496940642354173,6.026159397793006,1.3871871365660184,10745414.0,2751182.0,1644619.55,2002495.98,6.5336776520746085,0.9150691620291096,53.25610089231176,1.8332919120091145,-2.418631183211473,1,0.7367178791287144,0.7044293514420158,6.760222763225459,6.792511290912157
2025-10-06,NYKAA,FSN E-Commerce Ventures Ltd.,Consumer Services,239.80999755859372,239.80999755859372,256.95001220703125,239.5,255.33999633789065,6.475959692006739,6.475959692006739,0.0,29018183.0,3438463.8,4131175.9,5565274.62,7.02419449145218,0.9077355448214592,50.8800871351193,0.0650927866763793,-3.798941458230472,2,0.7367178791287144,0.7044293514420158,5.739241812878024,5.7715303405647225
2025-10-06,BSE,BSE Ltd.,Financial Services,2087.899169921875,2098.172148647357,2217.956664405795,2096.4766643645817,2212.072021484375,5.947262844457489,5.428528488972941,0.4920246568164932,8546614.0,3827439.4,4222030.05,4393930.14,2.02429018713403,0.9515587510748802,36.38885935416141,-3.575728718909643,-25.92094889699873,3,0.7367178791287144,0.7044293514420158,5.210544965328775,5.242833493015473
2025-10-06,PAYTM,One 97 Communications Ltd.,Financial Services,1168.0,1165.0,1230.0,1160.0999755859375,1224.199951171875,4.811639655126284,5.081540873122318,-0.2568493150684931,4755485.0,3195503.4,2815232.3,5524332.7,1.6891980814513958,0.9170236508964916,38.71682634574793,-2.091863718999796,-9.918246028642931,4,0.7367178791287144,0.7044293514420158,4.07492177599757,4.107210303684268
2025-10-06,HEXT,Hexaware Technologies Ltd.,Information Technology,651.1922607421875,652.3119177846887,683.4184457488868,651.3383179073982,678.7451782226562,4.231149407252735,4.052242449860079,0.1719395499610365,605570.0,965667.0,1424537.4,1080579.88,0.4250994041995668,0.854325158885847,30.349705187751425,-7.684668146600686,-25.68333618978274,5,0.7367178791287144,0.7044293514420158,3.4944315281240206,3.5267200558107192
2025-10-07,IDEA,Vodafone Idea Ltd.,Telecommunication,8.470000267028809,8.539999961853027,9.270000457763672,8.399999618530273,9.18000030517578,8.382526750451138,7.494149252711299,0.8264426519171049,378014525.0,587874281.0,593745930.25,492911180.1,0.6366604059767363,0.8965516485395643,54.5961024705299,4.813762814850967,-5.5741358429816215,1,0.12222193924698109,0.3937144886170537,8.260304811204158,7.988812261834084
2025-10-07,BHARTIHEXA,Bharti Hexacom Ltd.,Telecommunication,1649.946533203125,1664.189805404875,1765.277542018908,1659.7387776935395,1747.077880859375,5.886939103880171,4.980686408803861,0.863256591357465,1163665.0,319678.2,227479.1,227156.0,5.1154809386884335,0.827554725736368,45.41297686773365,-1.9554813134281317,-18.296547715029995,2,0.12222193924698109,0.3937144886170537,5.76471716463319,5.4932246152631174
2025-10-07,TORNTPOWER,Torrent Power Ltd.,Power,1183.59375,1185.56640625,1229.0634524822235,1183.6923587322235,1223.046875,3.333333333333333,3.1613976705490847,0.1666666666666666,776298.0,803560.4,521162.6,551042.44,1.4895504781041464,0.8673918350883152,27.905427091017344,-4.102419091151146,-18.858618058178912,3,0.12222193924698109,0.3937144886170537,3.211111394086352,2.9396188447162794
2025-10-07,FEDERALBNK,Federal Bank Ltd.,Financial Services,193.00064086914065,193.43915210537145,199.23932879262156,193.43915210537145,198.49188232421875,2.8451933788143884,2.61205147140789,0.2272071399639265,12430510.0,6529191.2,5098760.5,6513088.18,2.437947418789331,0.8711338449316868,42.83358848233527,-0.4062731995211068,-11.439848673423803,4,0.12222193924698109,0.3937144886170537,2.722971439567407,2.451478890197335
2025-10-07,IPCALAB,Ipca Laboratories Ltd.,Healthcare,1318.6219482421875,1316.4295306550162,1399.1423626340973,1311.546459618224,1355.0953369140625,2.7660231744584944,2.9371725078065816,-0.166265819410483,720078.0,142519.4,193132.85,221197.04,3.728407673785169,0.4971565540907437,51.7971571343302,-1.1781423469439474,-16.925628790930094,5,0.12222193924698109,0.3937144886170537,2.6438012352115132,2.372308685841441
2025-10-08,NATIONALUM,National Aluminium Co. Ltd.,Metals & Mining,209.61398315429688,210.65686530712787,218.47864822014907,210.56030899954663,215.93898010253903,3.0174499110521444,2.507449632704879,0.4975250873713575,32888505.0,14032556.8,8774522.15,7521595.28,3.74818188817268,0.6792675778524192,53.93058012665507,2.8738836820135067,-3.352625114758481,1,-0.2475292580189725,-0.7305024445318884,3.264979169071117,3.747952355584033
2025-10-08,ESCORTS,Escorts Kubota Ltd.,Capital Goods,3468.263671875,3468.263636385324,3682.349224842281,3468.263636385324,3568.6162109375,2.8934518409394108,2.8934528938164865,-1.0232692615984048e-06,522471.0,266364.4,194630.35,206386.28,2.6844271718157007,0.4687497896307603,42.39232879655575,-3.03690250214852,-15.66506951019302,2,-0.2475292580189725,-0.7305024445318884,3.1409810989583833,3.6239542854712994
2025-10-08,MEDANTA,Global Health Ltd.,Healthcare,1351.4207763671875,1355.5192018165442,1392.106200115036,1346.422452817429,1385.908447265625,2.551956540963156,2.241889706051814,0.3032679030119573,280688.0,278681.6,277067.6,381052.12,1.0130668472242876,0.864333527435135,48.018879224148094,0.9196966394214012,-7.148185408600008,3,-0.2475292580189725,-0.7305024445318884,2.7994857989821287,3.282458985495045
2025-10-08,HEXT,Hexaware Technologies Ltd.,Information Technology,674.8507690429688,674.850778198249,690.3309805810578,669.739378846376,687.7509765625,1.9115644689603772,1.9115630863896425,1.356637748880553e-06,663203.0,514396.2,1405481.7,1077780.7,0.4718688261825109,0.8747060062737912,37.140472957301725,-3.958599045692837,-22.983332652215378,4,-0.2475292580189725,-0.7305024445318884,2.1590937269793495,2.6420669134922656
2025-10-08,APOLLOTYRE,Apollo Tyres Ltd.,Automobile and Auto Components,472.4878234863281,472.0928382129254,487.6943044034471,470.8091542009617,480.7822570800781,1.7554809206612298,1.8406165406037296,-0.0835969211837561,1132727.0,867312.2,1069545.3,971306.24,1.0590734212005792,0.5906434209657466,44.8021547380699,-0.3550530965500922,-4.108216484813419,5,-0.2475292580189725,-0.7305024445318884,2.0030101786802024,2.4859833651931185
2025-10-09,MCX,Multi Commodity Exchange of India Ltd.,Financial Services,1633.796875,1633.7968057690764,1745.4231933405645,1631.7018413410076,1736.9439697265625,6.313336517219284,6.31334102216779,-4.237425389867789e-06,6516650.0,1744146.0,2282004.25,2339887.2,2.8556695282228333,0.9254385964912288,62.36857315272067,3.2104432676097345,-9.815956859981927,1,0.541601757193693,0.8289972436173569,5.771734760025591,5.484339273601927
2025-10-09,MOTILALOFS,Motilal Oswal Financial Services Ltd.,Financial Services,916.552001953125,915.6095821552816,980.089130194386,913.4271853431296,972.4011840820312,6.0934002664218205,6.20260021668473,-0.1028222944072078,3854809.0,606086.8,745059.15,820360.14,5.173829487229303,0.8846726399970932,47.34042222976568,-0.2741526618341325,-5.526583637157172,2,0.541601757193693,0.8289972436173569,5.551798509228128,5.264403022804464
2025-10-09,AUROPHARMA,Aurobindo Pharma Ltd.,Healthcare,1070.800048828125,1097.0,1126.300048828125,1095.0,1119.9000244140625,4.585354253548281,2.087513620242708,2.446764099473848,4941010.0,786781.4,1430989.25,1411254.2,3.4528631154985967,0.7955266955266955,40.32637459132044,-2.231023912884621,-10.207224114083488,3,0.541601757193693,0.8289972436173569,4.043752496354588,3.756357009930924
2025-10-09,PRESTIGE,Prestige Estates Projects Ltd.,Realty,1511.896728515625,1568.0259852671954,1616.764676123761,1551.34703151548,1580.9097900390625,4.564667693354578,0.8216576059912445,3.712505999446004,3660768.0,407204.0,577554.65,650881.34,6.338392392823779,0.4519080242127856,22.30986061934803,-3.3259234372592816,-16.45300366146364,4,0.541601757193693,0.8289972436173569,4.023065936160886,3.7356704497372215
2025-10-09,LLOYDSME,Lloyds Metals And Energy Ltd.,Metals & Mining,1295.1259765625,1295.2259167005047,1353.690975440458,1295.2259167005047,1349.2935791015625,4.182419588466072,4.174380832248266,0.0077166345060887,1070229.0,384528.0,277210.9,289404.3,3.8607031685983486,0.9247859074519242,41.06279361594638,-0.1517862113070916,-19.60918021023905,5,0.541601757193693,0.8289972436173569,3.6408178312723787,3.353422344848715
2025-10-10,TATACOMM,Tata Communications Ltd.,Telecommunication,1681.5096435546875,1686.2662617235749,1930.3468144731837,1686.2662617235749,1853.346923828125,10.219226570129916,9.908320287080452,0.2828778405832956,14534247.0,223716.0,263516.0,396476.4,55.15508356228844,0.684530824854165,53.89613175013707,2.7177749823564072,-6.702584254488301,1,0.411205016767907,0.40658123900088217,9.808021553362009,9.812645331129033
2025-10-10,YESBANK,Yes Bank Ltd.,Financial Services,22.420000076293945,22.450000762939453,24.299999237060547,22.420000076293945,24.0,7.047278850711006,6.904227992808319,0.1338121612106032,551294320.0,108365678.0,96174440.05,85160183.28,5.732233218237489,0.8404258664997397,73.68424538782821,4.800635929095176,-0.2225155255382275,2,0.411205016767907,0.40658123900088217,6.636073833943099,6.640697611710124
2025-10-10,ANTHEM,Anthem Biosciences Ltd.,Healthcare,770.7405395507812,770.5909093371797,803.9040804456786,757.0262990797395,798.7175903320312,3.629892206987861,3.650014638641997,-0.0194138242278978,743284.0,255122.8,427365.8,1016591.26,1.7392219967063345,0.8893614424035909,20.46252074808254,-3.958486269932928,-11.534055855893897,3,0.411205016767907,0.40658123900088217,3.218687190219954,3.2233109679869787
2025-10-10,TATAINVEST,Tata Investment Corporation Ltd.,Financial Services,897.3719482421875,898.3668036253109,939.9523201537122,883.4437670202393,924.7308349609376,3.0487789118371507,2.934662236987826,0.1108632139741151,18242070.0,24124994.0,15522161.0,6720439.8,1.175227469937981,0.7306339598392895,62.34643419929048,7.355391760282369,-23.862578645255898,4,0.411205016767907,0.40658123900088217,2.637573895069244,2.6421976728362684
2025-10-10,BLUESTARCO,Blue Star Ltd.,Consumer Durables,1883.0650634765625,1930.532203646928,1956.3058279802217,1892.9166306767625,1939.5877685546875,3.001633144516597,0.469070906491625,2.520738188553643,1126480.0,401936.8,446316.55,449060.62,2.5239485293565744,0.7362632729753497,35.251166514690084,-1.2256076173118349,-7.240193289600303,5,0.411205016767907,0.40658123900088217,2.59042812774869,2.5950519055157146
2025-10-13,TATAINVEST,Tata Investment Corporation Ltd.,Financial Services,924.7308349609376,925.2282608394764,997.8537049698868,911.499079435934,987.109130859375,6.745562442618504,6.688173355594763,0.053791423377791,26691500.0,17361412.0,16393791.5,7078532.8,1.6281468505927992,0.875576160002138,65.68824368214496,9.048566036105395,-21.541316998975866,1,-0.22938183927065595,0.012880738553164305,6.97494428188916,6.73268170406534
2025-10-13,LTF,L&T Finance Ltd.,Financial Services,253.4307403564453,252.64878731028256,264.3780318613998,252.3320411304813,263.8633117675781,4.116537479415325,4.438780243786726,-0.3085470393461162,10792642.0,4838694.8,6169786.75,6081040.1,1.749273100889589,0.9572704225564004,58.38121293421511,2.8742036330267897,-3.271634807596582,2,-0.22938183927065595,0.012880738553164305,4.345919318685981,4.103656740862161
2025-10-13,BSE,BSE Ltd.,Financial Services,2378.733154296875,2368.759525034077,2498.4179411412056,2348.812076402211,2469.494140625,3.8155177752568408,4.252631578947379,-0.4192832325383802,8770554.0,6705006.4,4472493.0,4764781.16,1.9609989328099564,0.806666666666667,66.99127104557905,9.95648215379074,-15.602105007707248,3,-0.22938183927065595,0.012880738553164305,4.0448996145274965,3.8026370367036764
2025-10-13,MOTILALOFS,Motilal Oswal Financial Services Ltd.,Financial Services,959.5548706054688,959.2572825588768,1001.9129838515672,954.3964923790362,995.9114379882812,3.788899259077482,3.821097436094245,-0.0310131349137223,3415903.0,1424630.4,897442.7,863252.62,3.8062630628116985,0.8736955175498295,55.23632181934435,3.773075992126455,-2.095142059666004,4,-0.22938183927065595,0.012880738553164305,4.018281098348138,3.7760185205243175
2025-10-13,TORNTPOWER,Torrent Power Ltd.,Power,1222.3564453125,1219.2001944214023,1269.8974850909408,1208.2519761059436,1266.05078125,3.574598563705317,3.842731246514575,-0.2582103528967577,1094601.0,810789.0,523162.4,563932.42,2.092277656039501,0.9375996093749996,42.84090908745406,-0.6039315704626971,-16.20123779958427,5,-0.22938183927065595,0.012880738553164305,3.803980402975973,3.5617178251521526
2025-10-14,MCX,Multi Commodity Exchange of India Ltd.,Financial Services,1783.130859375,1798.393529615018,1887.37545255969,1798.393529615018,1874.906005859375,5.146854253677312,4.254490187180335,0.8559478492435306,10001115.0,3859578.0,2789184.75,2549742.4,3.585676782436158,0.8598653941422638,78.18073284573504,10.271776289719496,-1.5728620816633043,1,-0.32444791324643557,-0.6934405428397347,5.471302166923748,5.840294796517047
2025-10-14,TATAINVEST,Tata Investment Corporation Ltd.,Financial Services,987.109130859375,1036.653659278759,1076.4484254698823,1001.8332388615264,1029.6895751953125,4.3136511460356015,-0.6717850287907863,5.01915410064647,11153600.0,18840578.0,17702368.5,7607400.2,0.6300625817387091,0.3733333333333328,69.34515621490871,14.361785515679722,-16.24883754548567,2,-0.32444791324643557,-0.6934405428397347,4.6380990592820375,5.007091688875336
2025-10-14,TATACOMM,Tata Communications Ltd.,Telecommunication,1781.9957275390625,1782.8876752368335,1881.887466632908,1773.8697026186971,1855.725341796875,4.137474244095588,4.085376076783185,0.050053301699145,3585496.0,3253400.8,1012831.35,691461.62,3.540072095912118,0.7577979411553897,68.9934258764434,7.325743761097184,-7.685203810104346,3,-0.32444791324643557,-0.6934405428397347,4.461922157342024,4.830914786935323
2025-10-14,IREDA,Indian Renewable Energy Development Agency Ltd.,Financial Services,148.29051208496094,149.20947921138173,154.01185113216022,146.55137415602033,152.687744140625,2.965282130217968,2.3311286572588905,0.6197072985318756,44012398.0,5992307.2,9583100.05,6654748.16,4.592709850712661,0.8225171130786975,35.93995957523137,-1.4635636655025783,-14.049253332486142,4,-0.32444791324643557,-0.6934405428397347,3.2897300434644037,3.658722673057703
2025-10-14,PREMIERENE,Premier Energies Ltd.,Capital Goods,1030.2408447265625,1034.2378793534176,1065.2150525514428,1031.24008839877,1056.2216796875,2.5218214841630653,2.125603864734307,0.387970895088708,1711829.0,495177.6,825640.4,875616.68,2.073334831968009,0.7352941176470589,51.25945145867062,-0.490787240842268,-9.207636829907385,5,-0.32444791324643557,-0.6934405428397347,2.846269397409501,3.2152620270028
2025-10-15,ICICIGI,ICICI Lombard General Insurance Company Ltd.,Financial Services,1841.7998046875,1881.817224286357,2025.7016447679675,1881.817224286357,2006.1397705078125,8.922792010405074,6.606515479663674,2.1727344903072585,7140189.0,470312.0,624829.9,554969.98,11.427412484581804,0.8640445282770903,40.68197660063267,-1.6634156216468607,-10.339826627857446,1,0.7080820872521922,0.928649994582679,8.214709923152881,7.994142015822394
2025-10-15,MAHABANK,Bank of Maharashtra,Financial Services,53.46934127807617,54.23582175841848,58.446617255414935,53.6924919938885,57.53459930419922,7.602970092676098,6.082285542707208,1.4334952741536515,95656124.0,12672246.6,12014670.2,7905714.34,7.961610465179477,0.8081628267987853,40.15150635265911,-2.307153244778029,-6.259565255568996,2,0.7080820872521922,0.928649994582679,6.894888005423906,6.6743200980934185
2025-10-15,PERSISTENT,Persistent Systems Ltd.,Information Technology,5300.41162109375,5483.218296242548,5698.098394727942,5427.115102881862,5684.3955078125,7.244416361752565,3.668962290044367,3.448914692234321,3470286.0,307305.2,508180.0,455269.2,6.828851981581329,0.9494327239805423,54.847705088421165,1.996894280537316,-12.444101562226132,3,0.7080820872521922,0.928649994582679,6.536334274500373,6.315766367169886
2025-10-15,IDEA,Vodafone Idea Ltd.,Telecommunication,8.359999656677246,8.380000114440918,8.819999694824219,8.369999885559082,8.75,4.665076068648584,4.415273037066863,0.2392399352277154,764014900.0,668236141.6,585828839.15,529675631.58,1.3041606164499115,0.8444450566800675,45.26314874600187,-1.5949665439140897,-11.063829830406265,4,0.7080820872521922,0.928649994582679,3.9569939813963915,3.7364260740659048
2025-10-15,PRESTIGE,Prestige Estates Projects Ltd.,Realty,1601.583740234375,1597.9883744779236,1697.862647882794,1591.3966968165698,1673.892822265625,4.514848659781494,4.750000000000004,-0.2244881529532314,2176330.0,1343303.6,810136.8,698174.42,2.686373461864712,0.7748592354915501,49.80307562447194,1.8947979520131757,-11.4969241235197,5,0.7080820872521922,0.928649994582679,3.806766572529302,3.586198665198815
2025-10-16,OBEROIRLTY,Oberoi Realty Ltd.,Realty,1593.6583251953125,1666.9026106666056,1687.5024928451546,1643.0186329615317,1678.944091796875,5.351571616902903,0.7223866021455168,4.595984240368247,2609529.0,359469.0,527236.1,461943.02,4.949450540279773,0.8076065999967224,46.64754959720021,-0.8249128415363753,-17.359098177536907,1,1.0336228211479896,0.4789777745280206,4.317948795754913,4.872593842374882
2025-10-16,APARINDS,Apar Industries Ltd.,Capital Goods,8326.591796875,8326.59167436696,8894.121320534394,8306.16260018534,8754.107421875,5.134341101727218,5.134342648554842,-1.471286722774319e-06,201729.0,72051.4,54115.6,63671.9,3.727742092853078,0.7618644067796602,35.37735681298376,-2.232826955169244,-15.643608013018529,2,1.0336228211479896,0.4789777745280206,4.100718280579228,4.655363327199197
2025-10-16,ENDURANCE,Endurance Technologies Ltd.,Automobile and Auto Components,2815.108154296875,2833.233262368989,2945.670417040876,2806.1448553809323,2920.47412109375,3.742874554785697,3.0791978861569484,0.6438512156077585,351346.0,119856.0,158521.35,189371.2,2.2163954571418927,0.8194144811361852,53.07755175758864,-0.5157731612717645,-8.221038263660528,3,1.0336228211479896,0.4789777745280206,2.709251733637707,3.263896780257676
2025-10-16,FLUOROCHEM,Gujarat Fluorochemicals Ltd.,Chemicals,3613.407470703125,3617.504568607598,3772.4020031391815,3607.811036016597,3742.022216796875,3.5593756623501736,3.442086826090863,0.1133859919671758,217828.0,64055.6,258650.35,213105.18,0.8421716808038342,0.8154225175693862,33.777873978512204,-2.9592271208470784,-7.957429131457042,4,1.0336228211479896,0.4789777745280206,2.525752841202184,3.080397887822153
2025-10-16,SRF,SRF Ltd.,Chemicals,3077.062744140625,3088.420172903605,3193.82501325682,3077.6604668813065,3178.083984375,3.283041284313773,2.9032258064516165,0.3690996806810924,632692.0,421357.8,333735.6,349256.52,1.8957881628450788,0.8644936912942818,72.32476951475952,5.12557983482755,-6.988053648026988,5,1.0336228211479896,0.4789777745280206,2.2494184631657834,2.8040635097857525
2025-10-17,BHARTIHEXA,Bharti Hexacom Ltd.,Telecommunication,1731.350830078125,1731.350850095672,1806.3258648345225,1729.8671742279157,1796.4346923828125,3.759137730725013,3.759136531081727,1.1561808681638817e-06,315890.0,202961.6,282343.75,252302.86,1.118813503043719,0.8706337713445587,52.67391766346256,2.3233760055340804,-14.265500677035286,1,0.48679837376105695,-0.5392454523264909,3.272339356963956,4.298383183051504
2025-10-17,RADICO,Radico Khaitan Ltd,Fast Moving Consumer Goods,2991.262939453125,2990.7642637463805,3123.070811541187,2989.8663536048457,3101.618408203125,3.689260054489748,3.706549051709046,-0.0166710756238526,701637.0,116942.8,169050.35,222438.84,4.15046168197818,0.8389513108614257,54.30459680939861,1.1534441804284297,-2.253020057604455,2,0.48679837376105695,-0.5392454523264909,3.2024616807286908,4.228505506816239
2025-10-17,LAURUSLABS,Laurus Labs Ltd.,Healthcare,871.2628784179688,871.2628969605854,900.3599187029746,868.867297367767,898.4134521484375,3.116232127296473,3.1162299327295173,2.128245919508616e-06,2517414.0,2197886.8,2235945.15,1750552.16,1.1258836112325925,0.9381929330741032,42.5063875947416,-0.5256691235141581,-7.5370856008947715,3,0.48679837376105695,-0.5392454523264909,2.629433753535416,3.655477579622964
2025-10-17,NAM-INDIA,Nippon Life India Asset Management Ltd.,Financial Services,868.6583862304688,868.6583795926034,919.37579713098,868.4625474496052,894.212890625,2.941835916121719,2.9418367027532195,-7.641514138668851e-07,1468961.0,880013.2,902131.55,796616.86,1.6283223882370592,0.5057689960186311,60.51958822075007,2.512851850749267,-2.612507380504122,4,0.48679837376105695,-0.5392454523264909,2.455037542360662,3.4810813684482103
2025-10-17,GODFRYPHLP,Godfrey Phillips India Ltd.,Fast Moving Consumer Goods,3250.15771484375,3250.843828856682,3383.053209335292,3244.1794041449443,3343.655029296875,2.8767008451963645,2.8549879762398302,0.0211101759708044,725008.0,508438.2,686406.7,1489287.62,1.0562367762435887,0.7163022934064783,48.29552952568069,-2.006234447731857,-15.979222580327146,5,0.48679837376105695,-0.5392454523264909,2.3899024714353074,3.415946297522855
2025-10-20,AUBANK,AU Small Finance Bank Ltd.,Financial Services,791.6812133789062,817.2063769180448,870.8043501123977,817.2063769180448,864.360595703125,9.180384869058866,5.770172641446374,3.22417194039465,20074420.0,2979687.6,2828817.45,2589824.56,7.096399946203668,0.8797761552305926,70.30930670465493,5.20900783070679,-5.656681763431257,1,0.5184813729964113,0.6521146180948021,8.661903496062454,8.528270250964063
2025-10-20,IDFCFIRSTB,IDFC First Bank Ltd.,Financial Services,71.6694564819336,72.53690939010562,76.87416636831071,72.39732006994619,76.70466613769531,7.025600448122544,5.745704886839573,1.2103522905754054,103343278.0,23919012.4,20317355.8,17849793.72,5.086453129890062,0.9621384744262228,65.80210860357393,0.8721778433040376,-8.074865930110182,2,0.5184813729964113,0.6521146180948021,6.507119075126133,6.373485830027742
2025-10-20,FEDERALBNK,Federal Bank Ltd.,Financial Services,211.6569061279297,215.76287453597203,229.11724498340828,215.28451306743247,226.30685424804688,6.921554504468881,4.886836873466362,1.93991704932161,55614063.0,10140660.8,7355100.35,6278893.12,7.561292212688846,0.796830390957291,79.60826644818593,5.696662054624565,-2.8792466616028154,3,0.5184813729964113,0.6521146180948021,6.40307313147247,6.269439886374079
2025-10-20,BANKINDIA,Bank of India,Financial Services,119.21570587158205,120.57141725397828,126.3235141191114,119.98071259689053,125.66503143310548,5.409795223181908,4.224561919511751,1.1371919265877684,27195370.0,7345851.6,8833845.5,6557493.96,3.07854263468837,0.8961842517538882,66.00567568822788,-0.2168122480364636,-4.897637900515848,4,0.5184813729964113,0.6521146180948021,4.891313850185497,4.757680605087106
2025-10-20,RADICO,Radico Khaitan Ltd,Fast Moving Consumer Goods,3101.618408203125,3123.070741072987,3274.6343642619995,3123.070741072987,3247.49462890625,4.703229137321124,3.9840239991014417,0.6916496501673147,1496122.0,239693.2,187224.35,223882.88,7.991065264747881,0.8209350318717046,75.7472074772701,4.712133758470884,-0.6869009584664432,5,0.5184813729964113,0.6521146180948021,4.184747764324713,4.051114519226322
2025-10-21,TATAINVEST,Tata Investment Corporation Ltd.,Financial Services,800.86962890625,809.82348046875,880.459189453125,809.82348046875,870.510498046875,8.695656150144405,7.4938574938575,1.1180161213914743,8882025.0,5913786.4,18707415.6,7825990.44,0.4747863194956763,0.8591549295774653,44.34298718687299,-12.247713391489713,-32.05030700402935,1,0.09847568259027774,0.2152861831025601,8.597180467554127,8.480369967041845
2025-10-21,SWIGGY,Swiggy Ltd.,Consumer Services,421.8999938964844,427.0,433.8999938964844,424.0,432.1000061035156,2.417637438869905,1.1943808204954625,1.2088187194349524,2266400.0,15774040.4,11751326.45,15456555.5,0.1928633341642892,0.818182939122018,53.27669555919548,-2.0062142341257423,-10.991562469096124,2,0.09847568259027774,0.2152861831025601,2.319161756279627,2.202351255767345
2025-10-21,LLOYDSME,Lloyds Metals And Energy Ltd.,Metals & Mining,1319.9111328125,1324.308444971998,1354.190609009397,1321.6101065795722,1349.793212890625,2.2639463623927094,1.924383100884456,0.3331521380631314,222609.0,256077.0,331560.3,304084.16,0.6713982343483221,0.8650298248701577,61.959319355090905,1.4008141137075203,-18.070720581127706,3,0.09847568259027774,0.2152861831025601,2.1654706798024317,2.0486601792901493
2025-10-21,ITCHOTELS,ITC Hotels Ltd.,Consumer Services,217.98080444335935,220.14660326175772,223.7529630161765,218.9246194812657,222.79920959472656,2.210472231108411,1.2049272138052594,0.9935731836245876,2017106.0,2301407.4,2961447.0,2729309.96,0.6811217624357282,0.8024677791557449,35.71971133575612,-0.9285809107794422,-16.13408674392535,4,0.09847568259027774,0.2152861831025601,2.111996548518133,1.9951860480058508
2025-10-21,ANTHEM,Anthem Biosciences Ltd.,Healthcare,725.209228515625,738.0258016107078,747.0522552701264,729.7473976060993,740.2200927734375,2.0698666905462697,0.2973190311152692,1.7672931605291486,89907.0,394363.0,389207.45,845784.6,0.2310002031050536,0.6051881714756084,37.65530078059794,-6.748276840057383,-16.760160118155383,5,0.09847568259027774,0.2152861831025601,1.971391007955992,1.8545805074437096
2025-10-23,KPRMILL,K.P.R. Mill Ltd.,Textiles,1018.3128662109376,1053.8353214343117,1088.5618621710453,1053.2383282523322,1077.218505859375,5.784630795014971,2.218865125268157,3.488363586679432,1410574.0,141195.4,193160.95,316004.74,7.302583674391744,0.6788725517165488,38.800358259358354,-2.278553890829911,-18.58392289089886,1,0.08814076368377051,-0.14563956873478293,5.696490031331201,5.930270363749754
2025-10-23,IDEA,Vodafone Idea Ltd.,Telecommunication,9.0,9.039999961853027,9.600000381469728,9.029999732971191,9.520000457763672,5.777782864040799,5.309740021417584,0.4444440205891927,222523413.0,501007616.2,565134741.3,541073833.34,0.3937528464240604,0.8596494163352513,62.322938581267,3.561359855842149,-4.255315263436308,2,0.08814076368377051,-0.14563956873478293,5.6896421003570286,5.923422432775582
2025-10-23,NAUKRI,Info Edge (India) Ltd.,Consumer Services,1307.7655029296875,1315.7094392250349,1381.7431582502911,1313.127694002263,1370.125244140625,4.768419190691123,4.135852741745285,0.6074434810790763,2925254.0,566002.6,916875.8,1307436.26,3.1904582932606576,0.830680820468249,51.79487384879442,-1.9290295419527248,-11.747224336210916,3,0.08814076368377051,-0.14563956873478293,4.6802784270073525,4.914058759425906
2025-10-23,BHARATFORG,Bharat Forge Ltd.,Automobile and Auto Components,1238.22314453125,1263.6169614864357,1305.5416539011285,1259.733174816878,1294.68701171875,4.560072022307041,2.458818706878195,2.050827192767337,3449100.0,684984.6,1135233.6,1078099.34,3.0382293124516395,0.7630429475203797,58.58249983254143,1.643511111790945,-6.506162223788077,4,0.08814076368377051,-0.14563956873478293,4.47193125862327,4.7057115910418235
2025-10-23,BANKINDIA,Bank of India,Financial Services,126.1395263671875,126.85612536863492,132.27898854674714,126.64308336531607,131.24282836914062,4.045759603613543,3.458014335341125,0.5681002791792853,32054251.0,10391185.0,9575645.1,6842639.3,3.347476923512965,0.8161501756593749,66.11764692660331,4.770404820626412,-0.9354406684484164,5,0.08814076368377051,-0.14563956873478293,3.957618839929772,4.1913991723483255
2025-10-24,NATIONALUM,National Aluminium Co. Ltd.,Metals & Mining,220.43893432617188,225.9624669990726,231.9495037760449,224.09876654475772,227.99034118652344,3.42562301139514,0.8974385057758981,2.5056974122038933,30712917.0,6225666.0,10947130.25,8722278.44,2.8055678793079126,0.4956954394367922,67.95207655299416,4.068749741096609,-1.68819808657741,1,-0.3717450525961164,-0.22402131660973182,3.7973680639912564,3.6496443280048716
2025-10-24,GVT&D,GE Vernova T&D India Ltd.,Capital Goods,2810.643310546875,2810.643290726156,2932.342066132155,2810.643290726156,2898.02685546875,3.1090229270277816,3.109023654154921,-7.052022350192881e-07,454720.0,314074.0,392097.45,413588.58,1.1597116992217114,0.718031586193648,27.42227008957984,-6.067783990061773,-12.084615841413308,2,-0.3717450525961164,-0.22402131660973182,3.480767979623898,3.3330442436375134
2025-10-24,THERMAX,Thermax Ltd.,Capital Goods,3174.83349609375,3175.032587352644,3271.6380330782417,3175.032587352644,3263.172607421875,2.7824801343697434,2.776035131744035,0.0062709196919757,111752.0,97654.4,77804.65,213854.04,1.4363151816761597,0.9123711340206194,52.54389377580961,0.1759796511799918,-22.09296535369975,3,-0.3717450525961164,-0.22402131660973182,3.15422518696586,3.006501450979475
2025-10-24,TATACOMM,Tata Communications Ltd.,Telecommunication,1835.5091552734373,1848.1939014805016,1891.2028346956088,1826.491225038494,1878.91455078125,2.3647605016356543,1.6621983914209049,0.6910750714928837,348115.0,896618.4,1655374.9,959510.14,0.2102937527927963,0.8101069656670468,68.62530182947052,5.375441978026441,-7.574853152145243,4,-0.3717450525961164,-0.22402131660973182,2.736505554231771,2.588781818245386
2025-10-24,BDL,Bharat Dynamics Ltd.,Capital Goods,1509.4259033203125,1554.4654522040964,1563.4335221206586,1522.479360495805,1538.522216796875,1.9276410595948292,-1.0256410256410216,2.983886044668347,2611624.0,1043461.2,1067230.15,1556132.86,2.4471047786646585,0.3917271325933871,44.91334412899346,-0.6408316845612274,-24.737428533325563,5,-0.3717450525961164,-0.22402131660973182,2.2993861121909456,2.1516623762045612
2025-10-27,BHARTIHEXA,Bharti Hexacom Ltd.,Telecommunication,1768.14599609375,1780.4110729739743,1860.0350126264216,1778.729621924018,1849.7481689453125,4.615126411045291,3.894443088107648,0.69366878681516,598597.0,156946.0,273669.75,228366.3,2.1872969153514408,0.8734789465711897,68.64960458814528,3.0293226434244978,-12.443446428380998,1,0.6625291500029871,0.7937087872110103,3.952597261042304,3.821417623834281
2025-10-27,BANKINDIA,Bank of India,Financial Services,129.6643829345703,129.94521193906496,136.49136964765637,129.4997564741322,135.2906036376953,4.339064109813438,4.113573419801693,0.2165814529317256,26494042.0,16130483.2,10658358.3,7424412.84,2.485752613514597,0.8282562292622087,66.07760147352464,6.540840838495214,-1.976584218628822,2,0.6625291500029871,0.7937087872110103,3.676534959810451,3.5453553226024277
2025-10-27,COFORGE,Coforge Ltd.,Information Technology,1747.8477783203125,1837.2262778590016,1853.711635349976,1807.433419299126,1817.960205078125,4.011357718187036,-1.0486499683277113,5.113631784604398,6887265.0,1078335.0,1709128.7,1590707.9,4.0296936093812015,0.2274674064236256,77.8958985310739,4.532308219869609,-11.532932273188438,3,0.6625291500029871,0.7937087872110103,3.3488285681840493,3.217648930976026
2025-10-27,POLICYBZR,PB Fintech Ltd.,Financial Services,1685.699951171875,1685.9000244140625,1756.9000244140625,1681.0,1749.4000244140625,3.77885003780798,3.766534140840857,0.0118688525824783,1354960.0,1664519.6,1480014.25,1276883.74,0.9155046986878672,0.901185802535652,47.49660961569863,-0.8513854618832714,-14.604865695447062,4,0.6625291500029871,0.7937087872110103,3.116320887804993,2.98514125059697
2025-10-27,COROMANDEL,Coromandel International Ltd.,Chemicals,2152.51123046875,2170.821334810126,2238.4884678686126,2147.9339221579908,2233.8115234375,3.7769973888148,2.9016753989514177,0.8506392014218862,534017.0,176684.2,269986.0,335654.66,1.9779433007637437,0.9483521849244504,30.01156547696189,-2.551429176408394,-20.442083095532915,5,0.6625291500029871,0.7937087872110103,3.114468238811813,2.98328860160379
2025-10-28,SUZLON,Suzlon Energy Ltd.,Capital Goods,53.709999084472656,53.709999084472656,56.470001220703125,53.59999847412109,56.220001220703125,4.673249262735698,4.673249262735698,0.0,134473878.0,40560213.6,56140158.8,59325683.06,2.395324147177154,0.9128920694247654,47.05013561156993,-0.6759076721988789,-21.361644678447288,1,-0.11496381468049702,-0.0074797950376826764,4.788213077416195,4.680729057773381
2025-10-28,GVT&D,GE Vernova T&D India Ltd.,Capital Goods,2837.077880859375,2837.0778922483364,2975.634844761945,2827.0027321673992,2960.871337890625,4.363414126430393,4.36341370748141,4.014328083173793e-07,364139.0,393994.8,426956.05,412516.24,0.8528723272571029,0.9006708132340602,24.553165706780305,-4.821977885189226,-11.257756952784565,2,-0.11496381468049702,-0.0074797950376826764,4.47837794111089,4.370893921468076
2025-10-28,INDUSTOWER,Indus Towers Ltd.,Telecommunication,357.8331604003906,363.3264291957776,372.4818697192786,361.88083332364585,371.9036254882813,3.9321300105744097,2.360741086600619,1.5351480531430923,20602382.0,9013220.0,6068035.7,8273716.74,3.3952308487572016,0.9454539905894876,63.952592426596745,5.439521422422621,-13.651162511350783,3,-0.11496381468049702,-0.0074797950376826764,4.0470938252549065,3.9396098056120925
2025-10-28,INDUSINDBK,IndusInd Bank Ltd.,Financial Services,768.8047485351562,772.6485524256459,800.6531806464594,771.2008850300925,798.4567260742188,3.856893131261215,3.340221575197533,0.4999714033782248,8948361.0,4098162.4,5853823.25,3902831.04,1.5286353239312445,0.9254233150158904,64.47061273121628,3.031880317990118,-13.748881389330824,4,-0.11496381468049702,-0.0074797950376826764,3.9718569459417123,3.864372926298898
2025-10-28,UPL,UPL Ltd.,Chemicals,673.332275390625,675.4616525290846,702.2028029957786,669.0239681574731,695.8641357421875,3.3463211515430378,3.0205242794629794,0.3162446263584054,4557745.0,984455.2,1409129.6,2018727.36,3.2344398982180205,0.8089544951026129,48.83902625956348,1.085043586817687,-8.252359355703783,5,-0.11496381468049702,-0.0074797950376826764,3.461284966223535,3.3538009465807206
2025-10-29,SAIL,Steel Authority of India Ltd.,Metals & Mining,132.16000366210938,133.3699951171875,143.27000427246094,133.1999969482422,140.5500030517578,6.348364979694589,5.383525678516741,0.9155504097682108,143438521.0,18389814.8,17965774.65,12838639.08,7.983987542669084,0.7298908398843545,48.51729743509692,0.3416626036129299,-4.749546910191441,1,0.4538104094678242,0.5778905860490414,5.894554570226765,5.770474393645547
2025-10-29,M&MFIN,Mahindra & Mahindra Financial Services Ltd.,Financial Services,293.3010559082031,301.2228287818291,322.10305356433,299.8536400747631,310.46490478515625,5.851956046938009,3.0681857815036477,2.7009015869705264,21735367.0,987893.2,2127062.25,1885136.82,10.218491254781096,0.4769233452094778,71.80450713633441,4.202500355459211,-1.8009088292766606,2,0.4538104094678242,0.5778905860490414,5.3981456374701855,5.274065460888968
2025-10-29,HUDCO,Housing & Urban Development Corporation Ltd.,Financial Services,218.93572998046875,219.8854154667985,229.3824529307781,217.94724515933595,228.39398193359372,4.32010433106043,3.869545621628555,0.4337736405174536,8765779.0,2600768.8,3382509.15,3500247.18,2.5915019328181272,0.9135589823166204,42.6670030480544,-0.9748234716048728,-6.101412172392255,3,0.4538104094678242,0.5778905860490414,3.866293921592606,3.742213745011389
2025-10-29,APARINDS,Apar Industries Ltd.,Capital Goods,9075.990234375,9258.855292262802,9566.78622384274,8895.616377826273,9429.263671875,3.892395522441056,1.840490797546,2.014822109384905,713038.0,81854.8,67749.75,67145.18,10.524584961568124,0.7951002227171499,67.48485823881192,6.490892143785136,-8.051480298542742,4,0.4538104094678242,0.5778905860490414,3.4385851129732314,3.3145049363920145
2025-10-29,HINDPETRO,Hindustan Petroleum Corporation Ltd.,Oil Gas & Consumable Fuels,425.562744140625,424.5744944295512,443.2102064516475,424.5744944295512,441.28076171875,3.693466543897241,3.934825927696149,-0.232221857923554,8351676.0,4168481.2,4833614.55,3892374.26,1.727832435459712,0.8964651991504407,48.54971177751621,0.6925881028735518,-2.8052512128903504,5,0.4538104094678242,0.5778905860490414,3.2396561344294166,3.1155759578481996
2025-10-30,POLICYBZR,PB Fintech Ltd.,Financial Services,1723.4000244140625,1800.9000244140625,1851.0,1764.5999755859375,1844.5,7.026805957433487,2.4210103278844204,4.496924620060231,9107742.0,1601042.0,1443265.0,1311792.44,6.3105126224220776,0.9247685397766848,44.50432129310842,0.9711027442217248,-12.695034224211629,1,-0.675717564781005,-0.16246042788580697,7.702523522214491,7.189266385319294
2025-10-30,BHEL,Bharat Heavy Electricals Ltd.,Capital Goods,244.60096740722656,253.18329128489523,261.5263736148481,244.33183906892512,260.4498596191406,6.479488768958082,2.8700821042999496,3.5087039796454675,75432122.0,8153061.6,6065226.6,6415969.98,12.43681843642907,0.9373920827672098,59.02759095614864,3.219104311595856,-8.158494107173714,2,-0.675717564781005,-0.16246042788580697,7.155206333739087,6.641949196843889
2025-10-30,ABCAPITAL,Aditya Birla Capital Ltd.,Financial Services,310.79998779296875,310.79998779296875,328.79998779296875,309.6000061035156,326.79998779296875,5.148005350199042,5.148005350199042,0.0,27939518.0,4431607.4,4269692.75,4560436.84,6.543683500411125,0.895833233992164,67.85300842639651,2.7675784410762785,-2.356267762372084,3,-0.675717564781005,-0.16246042788580697,5.8237229149800465,5.310465778084849
2025-10-30,NLCINDIA,NLC India Ltd.,Power,248.5596923828125,249.1019567401127,261.7222206803244,248.31320340779172,260.1939697265625,4.6806773987440335,4.452800424214271,0.2181626281002384,4009345.0,1845750.2,2152813.55,2666777.38,1.862374472698762,0.8860281165501682,25.98640795483472,-6.494912342668376,-13.723481721833116,4,-0.675717564781005,-0.16246042788580697,5.356394963525038,4.843137826629841
2025-10-30,OIL,Oil India Ltd.,Oil Gas & Consumable Fuels,410.0041809082031,409.9066437431143,425.31228734631264,409.8091338315037,423.8984680175781,3.3888159575830827,3.413417295873944,-0.0237893098730838,6027483.0,2732798.0,2289476.6,2030343.24,2.632690371240309,0.908804403737342,52.89064095847543,1.0799143186488065,-7.440353584719378,5,-0.675717564781005,-0.16246042788580697,4.064533522364088,3.55127638546889
2025-10-31,IDFCFIRSTB,IDFC First Bank Ltd.,Financial Services,78.69880676269531,78.49939811038955,82.40791435242443,78.43956868145855,81.53048706054688,3.598123547654386,3.861289415104643,-0.2533820530558369,95666531.0,26704423.8,30743781.2,22427896.2,3.111736008581794,0.7788934320169767,69.40507298339264,5.908638681923344,-1.4975594404930983,1,-0.6018660837397211,-0.48974361280068773,4.199989631394107,4.087867160455073
2025-10-31,AUROPHARMA,Aurobindo Pharma Ltd.,Healthcare,1102.5,1105.0,1155.800048828125,1100.0,1138.9000244140625,3.3015895160147397,3.0678755125848416,0.2267573696145124,3557298.0,1115099.6,1173726.6,1383386.42,3.030772242871551,0.6971324439855265,41.85391556248948,-0.0321901775656461,-7.548999906598835,2,-0.6018660837397211,-0.48974361280068773,3.903455599754461,3.7913331288154275
2025-10-31,FLUOROCHEM,Gujarat Fluorochemicals Ltd.,Chemicals,3645.486083984375,3677.564791891579,3777.4986177581977,3657.578026718255,3741.122802734375,2.623428441275869,1.7282635232676546,0.8799569431394736,180563.0,83312.4,83746.3,194514.18,2.156071372705421,0.696667480468748,37.77510251276489,-1.1577968218288996,-7.1403062190140965,3,-0.6018660837397211,-0.48974361280068773,3.22529452501559,3.1131720540765566
2025-10-31,SCHAEFFLER,Schaeffler India Ltd.,Automobile and Auto Components,3897.432373046875,3905.367058918309,4001.079546838466,3891.778909581057,3988.582275390625,2.33871671447354,2.130791170634912,0.2035875189601117,72341.0,27209.6,50092.05,49881.94,1.4441612990484518,0.8856614951072141,29.656978098736744,-2.42127572121958,-10.530506772199551,4,-0.6018660837397211,-0.48974361280068773,2.9405827982132613,2.828460327274228
2025-10-31,YESBANK,Yes Bank Ltd.,Financial Services,22.229999542236328,22.270000457763672,23.21999931335449,22.270000457763672,22.739999771118164,2.294198107889525,2.110459378956335,0.1799411441792575,210892173.0,79793657.4,137905284.1,112472692.38,1.529253751053329,0.4947367153007692,47.939257660368966,-1.9538680650367912,-8.51851753010432,5,-0.6018660837397211,-0.48974361280068773,2.896064191629246,2.783941720690213
2025-11-03,IDEA,Vodafone Idea Ltd.,Telecommunication,8.729999542236328,9.149999618530272,9.960000038146973,8.760000228881836,9.539999961853027,9.27835580858696,4.262299011826604,4.810997689770275,2544.0,397738200.4,512848339.4,542356955.54,4.960530832519256e-06,0.6499998807906915,45.95299990747299,-3.150658447638778,-17.40775975129761,1,0.16036793506920993,0.7717988866648015,9.11798787351775,8.50655692192216
2025-11-03,SCHAEFFLER,Schaeffler India Ltd.,Automobile and Auto Components,3988.582275390625,4128.034882773476,4354.174227625075,4016.948888811288,4243.78271484375,6.398274420154257,2.8039451060187552,3.4962951182746678,704761.0,38917.4,51189.85,50828.28,13.76759259892342,0.6726476332720586,42.63370093996328,0.0609608590800313,-8.438068779726212,2,0.16036793506920993,0.7717988866648015,6.237906485085047,5.626475533489455
2025-11-03,INDUSTOWER,Indus Towers Ltd.,Telecommunication,350.4124450683594,352.7254017556438,370.6025927306088,351.9544290352216,368.8678894042969,5.266777648932293,4.576502732240426,0.6600669353604787,15961474.0,15640122.2,7360341.2,8741268.72,2.168578000161188,0.9069772576727736,55.409833787415096,1.660087952598984,-15.441857765916115,3,0.16036793506920993,0.7717988866648015,5.1064097138630835,4.4949787622674915
2025-11-03,GVT&D,GE Vernova T&D India Ltd.,Capital Goods,3029.900390625,3032.494104541184,3315.593438402956,3031.5964240964186,3163.3701171875,4.405086285195277,4.315787867495895,0.0856039335223264,2043972.0,443062.6,406892.0,391651.36,5.023377210660323,0.4639967550815483,51.758082165012944,1.2966366037138437,-5.226374401731031,4,0.16036793506920993,0.7717988866648015,4.2447183501260675,3.6332873985304754
2025-11-03,3MINDIA,3M India Ltd.,Diversified,29138.013671875,29172.512847999795,30641.242165233103,29069.01178873168,30261.73828125,3.8565587278162927,3.733738807230957,0.1183992035740395,26118.0,2944.8,2554.35,3774.04,10.224910446884726,0.7586206896551722,49.49154978556784,0.270522457685008,-8.184496175378133,5,0.16036793506920993,0.7717988866648015,3.6961907927470827,3.084759841151491
2025-11-04,3MINDIA,3M India Ltd.,Diversified,30261.73828125,32588.04742580465,35959.22474571548,32144.471462658494,35372.71875,16.889249458339062,8.545069570477922,7.687295167693723,222196.0,7313.8,3707.3,4150.36,59.93472338359452,0.84625322997416,75.80176409153813,3.861831650147997,-4.643577349141176,1,-0.6431586779760341,-0.3607761579857935,17.532408136315098,17.250025616324855
2025-11-04,POWERINDIA,Hitachi Energy India Ltd.,Capital Goods,17914.72265625,19205.41482973432,20634.07374653236,18665.543720517428,20452.1171875,14.163738841721706,6.491410723581473,7.204645018794246,1237485.0,116566.6,82259.25,121416.44,15.043718487586505,0.9075672930421528,52.04051048706516,2.315942318445464,-17.778918530109973,2,-0.6431586779760341,-0.3607761579857935,14.80689751969774,14.524514999707499
2025-11-04,BALKRISIND,Balkrishna Industries Ltd.,Automobile and Auto Components,2281.0615234375,2282.154191999668,2356.140478903052,2268.6478735149785,2347.9970703125,2.9344033989109546,2.885119618282198,0.0479017576220994,252932.0,173217.8,152459.3,172120.02,1.6590132579645849,0.9069246074633212,63.6489371830916,0.3135669967206246,-17.886897384672977,3,-0.6431586779760341,-0.3607761579857935,3.5775620768869887,3.295179556896748
2025-11-04,AJANTPHARM,Ajanta Pharmaceuticals Ltd.,Healthcare,2488.43505859375,2500.782333670955,2569.3774603782304,2472.854317797279,2558.30419921875,2.8077542302624545,2.3001548264841403,0.4961863495116659,317772.0,99173.8,111936.25,108854.04,2.8388658723157154,0.8852786921002548,67.5407394043618,4.279118999648983,-11.679187847423169,4,-0.6431586779760341,-0.3607761579857935,3.4509129082384886,3.168530388248248
2025-11-04,DABUR,Dabur India Ltd.,Fast Moving Consumer Goods,494.2451477050781,493.26313858946463,510.5956224641199,492.9194593934772,507.7477722167969,2.731969059163313,2.9364922075370368,-0.1986886710316213,5322219.0,3191131.2,2675751.9,3022761.06,1.98905548754352,0.8388875325520838,59.60466052657782,1.065268936874593,-12.772964027792383,5,-0.6431586779760341,-0.3607761579857935,3.375127737139347,3.092745217149106
2025-11-06,ASTRAL,Astral Ltd.,Capital Goods,1463.4949951171875,1478.7562789903357,1568.5290041904234,1478.7562789903357,1562.1451416015625,6.740723187541596,5.639121456049745,1.0427971345352045,5837826.0,456730.4,519761.15,566993.36,11.231747505560968,0.9288886176215284,64.90798273216477,1.8217185042030348,-3.426021536727978,1,-0.3435908004556998,-0.9615562778519036,7.084313987997295,7.702279465393499
2025-11-06,PAYTM,One 97 Communications Ltd.,Financial Services,1268.0,1310.0,1333.800048828125,1292.699951171875,1320.5999755859375,4.148263058827879,0.8091584416746184,3.3123028391167195,10267401.0,2024072.0,2911085.8,3215460.72,3.5270004752178727,0.678831097857983,57.14284639986049,-0.71371869282995,-4.193426520589346,2,-0.3435908004556998,-0.9615562778519036,4.491853859283578,5.109819336679783
2025-11-06,MEDANTA,Global Health Ltd.,Healthcare,1248.857177734375,1250.5564292368656,1290.5422463187797,1227.3647041401673,1280.245849609375,2.51339163794086,2.3740968162969627,0.1360645182480601,460328.0,283044.2,231510.55,257907.06,1.9883672687918543,0.8370244179443507,32.41666351676896,-7.66717368035603,-14.195003402386105,3,-0.3435908004556998,-0.9615562778519036,2.85698243839656,3.4749479157927636
2025-11-06,KPRMILL,K.P.R. Mill Ltd.,Textiles,1050.94970703125,1056.720877062676,1079.6065457749562,1035.0291946543282,1075.2283935546875,2.3101663534424084,1.751410130502589,0.5491385546629565,133278.0,174272.4,255449.95,315785.38,0.5217382113404211,0.9017852763745146,59.359615397166905,1.3603258640679057,-15.974544538731791,4,-0.3435908004556998,-0.9615562778519036,2.653757153898108,3.271722631294312
2025-11-06,PIIND,PI Industries Ltd.,Chemicals,3664.10595703125,3666.5928880226224,3755.32800719512,3660.2260934946953,3730.557861328125,1.8135912300613704,1.744534374526608,0.0678727913585615,338796.0,163353.8,209180.55,185822.02,1.6196343302472431,0.7395410365240144,69.15501854468083,3.0515641753437386,-14.726582847969356,5,-0.3435908004556998,-0.9615562778519036,2.1571820305170704,2.7751475079132737
2025-11-07,LTF,L&T Finance Ltd.,Financial Services,272.3954772949219,269.2280968782308,302.2877174388741,269.2280968782308,300.5060729980469,10.319773287825088,11.617649302763091,-1.1627874471872388,70587337.0,6405981.8,6867828.15,6731379.3,10.277970773045624,0.9461081400629178,56.879049331946455,2.789354971377615,-3.2518989042513877,1,-0.0682032247844455,0.4711960584525437,10.387976512609534,9.848577229372545
2025-11-07,BSE,BSE Ltd.,Financial Services,2449.0478515625,2443.562291773337,2711.5561972773903,2436.780110998389,2671.262451171875,9.073509913969277,9.318369339923466,-0.2239874482510838,20297200.0,4785350.8,4824027.8,4714770.3,4.207521357982224,0.8533578862295828,49.91305957274873,0.063976285736391,-13.107326463287786,2,-0.0682032247844455,0.4711960584525437,9.141713138753722,8.602313855516734
2025-11-07,RADICO,Radico Khaitan Ltd,Fast Moving Consumer Goods,3178.846923828125,3167.971027942005,3321.6300951240746,3156.496487210877,3303.570068359375,3.923534146811077,4.280311884842521,-0.3421333630315913,596731.0,407036.6,348794.65,278896.74,1.7108375945559944,0.890633851019637,69.4260116463599,2.1013799963833164,-6.926669826679288,3,-0.0682032247844455,0.4711960584525437,3.9917373715955224,3.4523380883585335
2025-11-07,MAHABANK,Bank of Maharashtra,Financial Services,55.710567474365234,55.59414186943749,58.068226009746006,55.20605234415003,57.84507369995117,3.83142072025763,4.048865140863184,-0.208982981516592,19586973.0,20683620.0,23977630.65,14545024.04,0.8168852580102614,0.922033972823809,42.76922718551116,-1.628395197243667,-6.466852719347574,4,-0.0682032247844455,0.4711960584525437,3.8996239450420753,3.3602246618050864
2025-11-07,IDEA,Vodafone Idea Ltd.,Telecommunication,9.270000457763672,9.270000457763672,9.729999542236328,9.199999809265137,9.609999656677246,3.667736592492001,3.667736592492001,0.0,1723056.0,314571017.4,487302105.35,528523133.78,0.0035359092051581,0.7735850075124383,56.77083545466163,1.8513494313608805,-12.29895245595053,5,-0.0682032247844455,0.4711960584525437,3.735939817276446,3.1965405340394573
2025-11-10,NATIONALUM,National Aluminium Co. Ltd.,Metals & Mining,226.6673583984375,232.86684785345184,250.72176370760891,232.86684785345184,248.52005004882807,9.640863953590443,6.721953914722636,2.7350605304698563,72663239.0,8678112.6,9974847.4,9896805.18,7.284646680409367,0.8766886566834087,60.61909804940285,1.574254159825493,-2.6461079717033007,1,0.3218572887126306,0.4549051001208866,9.319006664877813,9.185958853469558
2025-11-10,UNOMINDA,UNO Minda Ltd.,Automobile and Auto Components,1226.8994140625,1226.8993721592572,1324.776051839138,1224.5049354708726,1316.29541015625,7.286334565744282,7.286338229977415,-3.4153771992289923e-06,2923214.0,1091833.4,885052.3,862758.54,3.302871480024401,0.91542288557214,48.422273273125086,0.5548195377067154,-11.020259970695893,2,0.3218572887126306,0.4549051001208866,6.964477277031651,6.831429465623395
2025-11-10,NYKAA,FSN E-Commerce Ventures Ltd.,Consumer Services,245.8699951171875,253.0200042724609,265.20001220703125,249.6000061035156,260.82000732421875,6.080454103358857,3.0827614101841894,2.9080446159628277,35673331.0,4344293.4,4520873.8,6017539.62,7.890804428117415,0.7192305660812902,27.148845944261765,-3.9378951321592655,-8.342965473555452,3,0.3218572887126306,0.4549051001208866,5.758596814646227,5.62554900323797
2025-11-10,AIAENG,AIA Engineering Ltd.,Capital Goods,3244.005615234375,3317.529240440435,3463.879006639605,3277.679039354064,3432.7958984375,5.819665734132373,3.4744730081644213,2.2664456824852923,490579.0,60555.2,62741.35,88730.52,7.819069879752348,0.8330659846226588,42.72288955490564,-1.343267903556382,-7.25818093767646,4,0.3218572887126306,0.4549051001208866,5.497808445419743,5.364760634011486
2025-11-10,NAM-INDIA,Nippon Life India Asset Management Ltd.,Financial Services,840.3748168945312,842.7983390217277,887.1639316613911,841.8091390932984,881.3771362304688,4.879051407972328,4.577464788732399,0.2883858581284169,645831.0,878684.8,1123765.6,918299.72,0.574702589223233,0.8724104972537485,44.1520690684442,-4.029187414790863,-13.069048943734012,5,0.3218572887126306,0.4549051001208866,4.557194119259698,4.424146307851442
2025-11-11,IDEA,Vodafone Idea Ltd.,Telecommunication,9.5,9.760000228881836,10.329999923706056,9.619999885559082,10.239999771118164,7.789471274928044,4.918027981350978,2.7368445145456417,888261111.0,266233209.0,424347445.9,531275458.84,2.093240149274574,0.8732392285178155,59.900992345500526,3.7854385187513793,-10.122986998269852,1,0.4715647170584968,0.4420054729447086,7.317906557869547,7.347465801983335
2025-11-11,BHARATFORG,Bharat Forge Ltd.,Automobile and Auto Components,1322.8692626953125,1328.2468853703922,1405.1254210886068,1298.272106919615,1396.262451171875,5.548030372028279,5.12070207358447,0.4065120285675791,4813720.0,726654.8,841889.15,1090706.72,5.717759873731595,0.9170547962348202,73.45953663788225,3.4257251595476634,-2.0137101835115274,2,0.4715647170584968,0.4420054729447086,5.076465654969782,5.106024899083571
2025-11-11,KPRMILL,K.P.R. Mill Ltd.,Textiles,1038.412353515625,1047.8650723650796,1118.4126565790011,1012.7405589089047,1088.7607421875,4.848592998861835,3.902761042518285,0.9103049301610996,662269.0,149445.0,248096.85,300731.0,2.66939705199804,0.7193969359435533,51.12467885587686,-0.5090894239585714,-16.97693012614982,3,0.4715647170584968,0.4420054729447086,4.377028281803338,4.406587525917127
2025-11-11,BHEL,Bharat Heavy Electricals Ltd.,Capital Goods,272.4710693359375,273.11896645137784,286.8247540014014,270.826374156245,284.8810119628906,4.554590935910538,4.306564887944802,0.2377856544621009,37222053.0,10854481.0,11443050.2,8817661.48,3.2528086785811707,0.8785038199290378,82.0557107003763,11.138670338181017,-0.5276498376504775,4,0.4715647170584968,0.4420054729447086,4.083026218852041,4.112585462965829
2025-11-11,AIAENG,AIA Engineering Ltd.,Capital Goods,3432.7958984375,3471.4506584650785,3571.574289165535,3457.503088019244,3553.3427734375,3.511623719163412,2.3590171092516856,1.1260430614349348,282715.0,144490.6,84856.25,97532.26,3.331693304853797,0.8401742460425755,62.48033113733408,4.124075105050888,-1.860917072495372,5,0.4715647170584968,0.4420054729447086,3.040059002104915,3.0696182462187034
2025-11-12,FLUOROCHEM,Gujarat Fluorochemicals Ltd.,Chemicals,3485.8916015625,3552.647619122411,3715.14012258445,3523.4669898652373,3697.052001953125,6.057572194613723,4.0646976090014055,1.915034234856546,245085.0,64073.6,81575.2,196199.12,3.0044057507673902,0.9056303803526656,28.145454575397903,-4.806612651344016,-11.205578839841843,1,0.7038409025849712,0.7651447289292552,5.353731292028751,5.292427465684468
2025-11-12,BIOCON,Biocon Ltd.,Healthcare,384.6400146484375,387.0371453590838,408.31169109217785,380.7446826721478,405.4151611328125,5.40119220392698,4.74838552167338,0.6232140753315267,16384325.0,2975284.0,2507990.1,2622279.5,6.532850747696332,0.8949276644301836,69.77184973694615,4.59984196182776,-5.147783690973895,2,0.7038409025849712,0.7651447289292552,4.6973513013420085,4.636047474997725
2025-11-12,APARINDS,Apar Industries Ltd.,Capital Goods,8501.484375,8570.245402108854,9127.809623327446,8524.90282469072,8948.9306640625,5.263154871851423,4.418604651162776,0.8088120153588384,319924.0,70287.4,134613.5,88175.22,2.3766115582761014,0.7033057851239665,49.288618290729325,-1.504677637390755,-13.871777804953895,3,0.7038409025849712,0.7651447289292552,4.5593139692664515,4.498010142922168
2025-11-12,MFSL,Max Financial Services Ltd.,Financial Services,1635.5,1600.0,1727.699951171875,1600.0,1718.800048828125,5.093246641890859,7.425003051757812,-2.17059003362886,4176641.0,627880.4,649520.8,572456.5,6.43034218457669,0.930306141372197,75.17240176128738,4.438058748403576,-2.3465516887000124,4,0.7038409025849712,0.7651447289292552,4.389405739305888,4.328101912961604
2025-11-12,HEXT,Hexaware Technologies Ltd.,Information Technology,651.0960693359375,654.6783102392536,684.8579945331768,649.4766205367026,683.4348754882812,4.966825584637084,4.392472577641756,0.5501862278126943,442937.0,527079.0,384239.55,882642.2,1.1527626450738868,0.9597777337579552,28.00452712770468,-6.236525281901316,-25.694313937570413,5,0.7038409025849712,0.7651447289292552,4.262984682052112,4.201680855707829
2025-11-13,ASHOKLEY,Ashok Leyland Ltd.,Capital Goods,139.19534301757812,141.47083676876454,147.91642825163927,140.2696181848643,146.8909912109375,5.528667860955333,3.831287469538512,1.63474847782735,53618730.0,14407191.0,11998948.75,14842442.04,4.468618969640986,0.8659000247492415,64.05902188962204,2.3389378737943334,-3.4349641697596063,1,0.01294494962036954,-0.32150824205007555,5.515722911334963,5.850176103005409
2025-11-13,GROWW,Billionbrains Garage Ventures Ltd.,Financial Services,131.3300018310547,131.0,153.5,129.5500030517578,137.69000244140625,4.842762903889382,5.106872092676527,-0.2512768038176134,535192240.0,,,,,0.3398747568627925,,,,2,0.01294494962036954,-0.32150824205007555,4.829817954269012,5.164271145939457
2025-11-13,BERGEPAINT,Berger Paints India Ltd.,Consumer Durables,555.9028930664062,562.7512340634246,577.6388328481712,560.5180942457125,573.569580078125,3.1780167421449903,1.9224028948963856,1.2319311668342516,1350351.0,553872.4,422979.5,423543.96,3.1924738669368136,0.7623202558876855,63.43388289725016,3.540060291175447,-6.800161546231141,3,0.01294494962036954,-0.32150824205007555,3.165071792524621,3.499524984195066
2025-11-13,PRESTIGE,Prestige Estates Projects Ltd.,Realty,1699.06103515625,1718.836211986732,1774.266432652196,1717.837469272039,1752.9931640625,3.174231401362828,1.987213897261764,1.1638885491046187,1755417.0,494966.8,636813.4,706892.48,2.75656416777662,0.623007985342919,47.95439109828038,-1.6715616509477045,-6.110355683806223,4,0.01294494962036954,-0.32150824205007555,3.1612864517424586,3.4957396434129038
2025-11-13,AIAENG,AIA Engineering Ltd.,Capital Goods,3589.7060546875,3566.59296590641,3705.4708181821807,3566.59296590641,3695.10986328125,2.9362796559933337,3.6033519553072657,-0.643871348488508,156417.0,195096.8,98412.3,100035.28,1.5894049829137211,0.9253951963459456,68.25769251798584,7.800193401874343,-0.8202600833505346,5,0.01294494962036954,-0.32150824205007555,2.923334706372964,3.2577878980434094
2025-11-14,IPCALAB,Ipca Laboratories Ltd.,Healthcare,1297.495361328125,1305.1686330201906,1542.644208016858,1300.4849428049097,1474.4808349609375,13.640547697345829,12.972438783558149,0.5913910693454151,4131703.0,261517.6,141690.6,169672.66,29.16003602214967,0.7185184180491259,54.91803121626943,0.3816361557263419,-18.25662280784233,1,0.11940264714483827,0.03942569725999279,13.52114505020099,13.601122000085835
2025-11-14,GROWW,Billionbrains Garage Ventures Ltd.,Financial Services,137.69000244140625,142.6999969482422,149.99000549316406,140.02999877929688,148.52999877929688,7.87275484471254,4.085495413969245,3.638604414265976,250139103.0,,,,,0.8534130793471817,,,,2,0.11940264714483827,0.03942569725999279,7.753352197567702,7.833329147452548
2025-11-14,JUBLFOOD,Jubilant Foodworks Ltd.,Consumer Services,571.8736572265625,603.2344297022897,621.1833833605058,597.6004282369677,613.5550537109375,7.288567318613495,1.710881126884823,5.483863800934417,15681619.0,1820099.2,1177935.9,1419010.76,13.312794864304587,0.676532071167177,37.3781942088195,-3.136857724311755,-20.0918171777684,3,0.11940264714483827,0.03942569725999279,7.169164671468657,7.249141621353503
2025-11-14,BDL,Bharat Dynamics Ltd.,Capital Goods,1512.514892578125,1595.3199483368317,1627.6050234613504,1577.5830507872518,1608.0745849609375,6.317933982119558,0.7995033621564708,5.474660524999067,8771309.0,1317421.8,1118475.25,1302859.18,7.842202140816258,0.6095628089748303,50.50769517592571,0.1626645088813722,-24.583406216453632,4,0.11940264714483827,0.03942569725999279,6.19853133497472,6.278508284859566
2025-11-14,IDEA,Vodafone Idea Ltd.,Telecommunication,10.470000267028809,10.510000228881836,11.079999923706056,10.470000267028809,10.9399995803833,4.489009564159918,4.09133532004892,0.3820435609633331,177652422.0,353908313.6,408720148.35,519878314.44,0.4346554059475203,0.7704911112813482,61.3365141674311,11.37113442984543,-2.8756908499193488,5,0.11940264714483827,0.03942569725999279,4.36960691701508,4.449583866899926
2025-11-17,GROWW,Billionbrains Garage Ventures Ltd.,Financial Services,148.52999877929688,154.14999389648438,178.22999572753906,152.25,174.4499969482422,17.451018906598293,13.168993743450796,3.78374413477128,466421770.0,,,,,0.8545034872623155,,,,1,0.3990669040865989,0.6768559333893087,17.051952002511694,16.774162973208984
2025-11-17,LENSKART,Lenskart Solutions Ltd.,Consumer Services,409.0499877929688,409.0499877929688,438.8500061035156,408.2999877929688,431.4500122070313,5.4761092977711465,5.4761092977711465,0.0,9096098.0,36009385.0,,,,0.7577744857216778,,,,2,0.3990669040865989,0.6768559333893087,5.077042393684548,4.799253364381838
2025-11-17,HUDCO,Housing & Urban Development Corporation Ltd.,Financial Services,220.45721435546875,221.62978769396537,233.79181020833025,220.95143099481572,231.74703979492188,5.121095933494483,4.5649333540520205,0.5318824978918326,10098250.0,4650217.6,3857548.35,3996781.14,2.6177896124101725,0.8407546709168642,50.71559195957851,-1.1695008929429151,-5.976434896971161,3,0.3990669040865989,0.6768559333893087,4.722029029407884,4.444240000105174
2025-11-17,HEROMOTOCO,Hero MotoCorp Ltd.,Automobile and Auto Components,5353.85888671875,5402.675181603406,5616.307533568757,5385.2752615338295,5605.19091796875,4.694408959367162,3.748434424762913,0.9117964428564536,1770568.0,550906.8,531525.95,789937.28,3.3311035895801515,0.9518828451882836,49.881218766576765,0.4415885425516995,-3.1222737997700047,4,0.3990669040865989,0.6768559333893087,4.295342055280563,4.017553025977853
2025-11-17,POLICYBZR,PB Fintech Ltd.,Financial Services,1738.5999755859375,1746.699951171875,1821.0,1721.199951171875,1815.699951171875,4.434601211814323,3.9503064022934993,0.4658906993949354,3081344.0,1049163.4,1898548.5,1533688.9,1.6229998864922337,0.9468933242983408,54.95968794898197,-0.3079196104868111,-11.92502656606193,5,0.3990669040865989,0.6768559333893087,4.035534307727724,3.7577452784250145
2025-11-18,GROWW,Billionbrains Garage Ventures Ltd.,Financial Services,174.4499969482422,185.0,193.8000030517578,179.5,188.7700042724609,8.20866011735579,2.0378401472761825,6.047579957761712,463399294.0,,,,,0.6482519086820357,,,,1,-0.3974806902018682,-0.6215973275623841,8.606140807557658,8.830257444918173
2025-11-18,GMRAIRPORT,GMR Airports Ltd.,Services,97.68000030517578,97.66000366210938,104.8499984741211,97.5,103.72000122070312,6.183457101409634,6.205198987663912,-0.020471583746859,103946808.0,14375309.6,13565662.25,13713200.78,7.662494177164111,0.8462588451689315,79.47010430517771,3.897209327166902,-1.5223329963344447,2,-0.3974806902018682,-0.6215973275623841,6.580937791611502,6.805054428972018
2025-11-18,KPRMILL,K.P.R. Mill Ltd.,Textiles,1080.900146484375,1084.581761697979,1123.984891316505,1067.3677090048882,1116.024658203125,3.249561195175372,2.8990803289850957,0.3406064126809803,826654.0,668428.6,346013.6,335743.48,2.389079504389423,0.8594025207830517,55.99423986503274,1.772565567113242,-13.579949155644508,3,-0.3974806902018682,-0.6215973275623841,3.64704188537724,3.8711585227377556
2025-11-18,M&MFIN,Mahindra & Mahindra Financial Services Ltd.,Financial Services,307.2864074707031,308.0687887394388,316.62625509331207,305.8682973912999,315.7949523925781,2.7689298045785544,2.5079345703125093,0.254609787388724,3817973.0,1286489.6,2900533.9,2423515.5,1.3163000784097023,0.922726717862215,64.6601899213274,1.7338822712489346,-4.599970701820043,4,-0.3974806902018682,-0.6215973275623841,3.166410494780423,3.3905271321409387
2025-11-18,BHARTIHEXA,Bharti Hexacom Ltd.,Telecommunication,1765.5743408203125,1756.7711024031669,1814.7333484062071,1756.672214827729,1809.3922119140625,2.48179134011381,2.995331004643281,-0.4986048003538329,156513.0,95294.0,213201.1,229476.02,0.7341097208222659,0.908008401439057,37.83938690289112,-1.9559362259295003,-12.570791836064476,5,-0.3974806902018682,-0.6215973275623841,2.8792720303156782,3.103388667676194
2025-11-19,LTTS,L&T Technology Services Ltd.,Information Technology,4029.067626953125,4039.450582418356,4410.269179335585,4039.450582418356,4390.4921875,8.970426759011556,8.690330477356186,0.2577011960725641,1180329.0,88026.2,67744.15,65308.3,17.423334708605836,0.9466666666666677,41.005692359502255,-1.3040489979359926,-9.063272148371643,1,0.5503640675154263,0.3222536213976265,8.42006269149613,8.648173137613929
2025-11-19,LINDEINDIA,Linde India Ltd.,Chemicals,5685.857421875,5697.3379709003175,6112.134523714245,5668.38706829718,6066.21240234375,6.689492054539104,6.474504993867187,0.2019141208351228,234547.0,33971.0,26370.55,21646.5,8.894277897123875,0.8965129358830144,13.379584610672351,-4.135529086090869,-17.5420111085915,2,0.5503640675154263,0.3222536213976265,6.139127987023678,6.367238433141478
2025-11-19,ENDURANCE,Endurance Technologies Ltd.,Automobile and Auto Components,2604.3759765625,2614.334855782072,2738.722557596786,2605.371763775392,2725.47705078125,4.649907513683588,4.251260880118981,0.3823902274170295,348475.0,267905.2,129025.1,155336.08,2.700831078604085,0.9006717062871292,28.839609166201583,-7.988827596020168,-15.09138903415496,3,0.5503640675154263,0.3222536213976265,4.099543446168162,4.327653892285961
2025-11-19,COFORGE,Coforge Ltd.,Information Technology,1775.90966796875,1775.0138451526948,1856.9267684735105,1767.449607346713,1849.4620361328125,4.141672827773398,4.194231565202994,-0.0504430395426496,2324817.0,1113624.2,1556334.55,1689219.88,1.4937771573599006,0.9165738804551502,45.75946227537543,0.1314040169465843,-10.112583703442638,4,0.5503640675154263,0.3222536213976265,3.591308760257972,3.8194192063757715
2025-11-19,HEXT,Hexaware Technologies Ltd.,Information Technology,689.6671752929688,693.8383204065013,721.3680694434061,689.4217812058274,717.9329833984375,4.098470844789954,3.472662475289595,0.6048055153213139,426604.0,319036.2,320145.5,813040.24,1.3325316145315178,0.8924730779543947,45.640850393083205,0.1246779416787315,-21.292425145265156,5,0.5503640675154263,0.3222536213976265,3.548106777274528,3.7762172233923277
2025-11-20,M&MFIN,Mahindra & Mahindra Financial Services Ltd.,Financial Services,322.592041015625,324.6458422300576,341.271777205077,324.1568441425571,338.9734802246094,5.078066761166909,4.413313257342936,0.6366558852371479,11947280.0,2350462.2,2962974.8,2458904.7,4.032190891397389,0.8657139369419634,62.704889187652114,5.844979736677041,-1.0944509434735723,1,0.5354541588221627,-0.03524654851768004,4.542612602344746,5.113313309684589
2025-11-20,RADICO,Radico Khaitan Ltd,Fast Moving Consumer Goods,3222.350341796875,3254.77837090934,3583.9479192580648,3254.478986348948,3360.543701171875,4.288588909235096,3.249540159411408,1.0063470967710428,5902795.0,224134.8,325547.7,297231.62,18.131889735359824,0.3219263008697229,55.32226288190429,-0.0597279319837095,-5.652935016134392,2,0.5354541588221627,-0.03524654851768004,3.7531347504129333,4.323835457752776
2025-11-20,POWERINDIA,Hitachi Energy India Ltd.,Capital Goods,21618.837890625,21694.82065643557,22444.64164686537,21684.82304322984,22391.654296875,3.574736117453989,3.211981566820278,0.3514655422043815,186683.0,82462.2,177966.65,119330.84,1.0489774348171412,0.9302631578947403,82.99873869413308,10.85762871861119,-2.1095531950410478,3,0.5354541588221627,-0.03524654851768004,3.0392819586318263,3.609982665971669
2025-11-20,AIAENG,AIA Engineering Ltd.,Capital Goods,3719.41845703125,3735.956398428639,3836.578157426317,3683.553286056149,3825.220947265625,2.8445976556997565,2.3893359375000025,0.4446378268120155,92106.0,92817.0,98794.95,104165.78,0.9322946162734028,0.9257819329694532,73.77359482804276,8.115932092616804,-1.101989341887417,4,0.5354541588221627,-0.03524654851768004,2.309143496877594,2.8798442042174366
2025-11-20,SRF,SRF Ltd.,Chemicals,2775.991455078125,2788.544387085992,2865.256755005114,2780.673994681851,2840.947998046875,2.339940306729868,1.87924607560736,0.4521963489802567,1054257.0,528438.8,480854.2,377974.62,2.1924670721395385,0.7126038820992069,20.25628793069744,-5.485211830369458,-16.088689193962686,5,0.5354541588221627,-0.03524654851768004,1.8044861479077055,2.375186855247548
2025-11-21,INDUSINDBK,IndusInd Bank Ltd.,Financial Services,828.058837890625,830.8542600590276,855.4144549798606,829.2069039024356,845.1810302734375,2.0677506958840164,1.724342150378097,0.3375873839501094,7304707.0,3578598.0,4522034.1,4632961.02,1.6153586723284552,0.6095238095238105,59.89563641423979,2.201073868970916,-7.101248815646194,1,-0.47342428227803524,-1.1407259391701163,2.5411749781620516,3.208476635054133
2025-11-21,ESCORTS,Escorts Kubota Ltd.,Capital Goods,3500.337158203125,3499.54990619061,3583.177047609278,3482.8244779068764,3559.07275390625,1.6779982341265811,1.700871520944618,-0.0224907480889444,146801.0,65072.2,88504.0,140675.5,1.6586933923890446,0.7598039215686265,39.88859512900663,-2.8085468531193465,-14.885164780923729,2,-0.47342428227803524,-1.1407259391701163,2.151422516404616,2.8187241732966974
2025-11-21,MEDANTA,Global Health Ltd.,Healthcare,1212.669921875,1212.6699311850373,1228.5643190344215,1211.5703455408618,1226.465087890625,1.137586227445574,1.1375854509814476,7.677305355037666e-07,231535.0,205722.0,311349.0,281650.8,0.7436510154199949,0.87647202435662,29.084685054075067,-3.842039781630019,-16.681314424374786,3,-0.47342428227803524,-1.1407259391701163,1.6110105097236092,2.2783121666156902
2025-11-21,SUNDARMFIN,Sundaram Finance Ltd.,Financial Services,4623.10498046875,4623.601067424795,4709.785211833991,4613.980768539958,4664.4619140625,0.8945705055037859,0.8837450731981876,0.0107306011466402,39697.0,43781.8,49167.2,55104.14,0.8073878520639777,0.5269186249286019,55.52262312123835,-0.9547588093007714,-12.04716614914231,4,-0.47342428227803524,-1.1407259391701163,1.367994787781821,2.0352964446739024
2025-11-21,BALKRISIND,Balkrishna Industries Ltd.,Automobile and Auto Components,2287.751708984375,2293.819959208122,2359.6759597636883,2283.274935763518,2307.44873046875,0.8609772383524653,0.5941517426386457,0.2652495111211528,239909.0,114227.6,140662.35,146754.76,1.7055665570779956,0.3164066846169251,46.93878754692597,-1.1793987663822174,-17.64606569877515,5,-0.47342428227803524,-1.1407259391701163,1.3344015206305007,2.0017031775225815
2025-11-24,HONAUT,Honeywell Automation India Ltd.,Capital Goods,34038.7578125,34208.27996012426,37643.56707461568,34053.71696948676,36162.75390625,6.239934211024611,5.713452849438858,0.4980268332882738,111025.0,3773.2,4980.4,4149.66,22.292386153722592,0.5875000000000002,9.726925725087597,-5.0500018259568895,-17.64777140174408,1,-0.4167936312968119,-0.3239109424780333,6.656727842321423,6.563845153502644
2025-11-24,SWIGGY,Swiggy Ltd.,Consumer Services,385.4500122070313,380.2999877929688,410.7000122070313,378.0,404.6000061035156,4.968217224027123,6.389697368009263,-1.33610695316215,22449342.0,3821624.6,6110759.4,9866403.9,3.6737401246725567,0.8134555404782392,37.05072825556169,-4.35365001536538,-18.681432023833068,2,-0.4167936312968119,-0.3239109424780333,5.3850108553239355,5.292128166505156
2025-11-24,ACC,ACC Ltd.,Construction Materials,1819.5716552734373,1820.3670847308535,1975.569036609613,1796.8033550566486,1902.690673828125,4.568054152404167,4.522361988842651,0.0437152038014541,3525734.0,188949.4,287643.75,231241.46,12.257293961714796,0.592324644482192,30.84943748355454,-1.080490277116496,-9.793971531256544,3,-0.4167936312968119,-0.3239109424780333,4.984847783700978,4.8919650948822
2025-11-24,M&MFIN,Mahindra & Mahindra Financial Services Ltd.,Financial Services,335.0125732421875,335.0125827915327,351.9319347783731,333.5945062243319,349.6825256347656,4.378925916303719,4.378922941041163,2.85044381680274e-06,9759710.0,5947855.8,3869588.1,2848006.42,2.522157332456134,0.877332356770833,69.94089182520618,8.343607208565544,-3.39820025469183,4,-0.4167936312968119,-0.3239109424780333,4.79571954760053,4.702836858781752
2025-11-24,RVNL,Rail Vikas Nigam Ltd.,Construction,312.04443359375,314.9263734281123,327.89511757095204,310.65316551550137,322.8268737792969,3.455418211236068,2.508681716676869,0.9235671347095044,9809535.0,4828961.4,3841522.05,4906051.64,2.5535542611293875,0.7060516248186093,33.295761905859,-2.7638008659837747,-21.45298365775303,5,-0.4167936312968119,-0.3239109424780333,3.87221184253288,3.7793291537141016
2025-11-25,GROWW,Billionbrains Garage Ventures Ltd.,Financial Services,151.8000030517578,152.5500030517578,163.1999969482422,152.5500030517578,161.1199951171875,6.139652093585228,5.617824905924141,0.4940711363123488,91511871.0,200355829.6,,,,0.8046945518211698,,,,1,-0.28775291800689534,0.25838033241710295,6.427405011592124,5.881271761168126
2025-11-25,ABCAPITAL,Aditya Birla Capital Ltd.,Financial Services,331.8500061035156,333.95001220703125,346.79998779296875,332.29998779296875,345.45001220703125,4.09823891920415,3.4436291599446363,0.6328178589397282,12471895.0,2468029.0,5788531.45,5038839.78,2.154587067156731,0.9068982354525862,47.53087077326581,1.241688736157204,-3.922984375335471,2,-0.28775291800689534,0.25838033241710295,4.385991837211046,3.8398585867870474
2025-11-25,PHOENIXLTD,Phoenix Mills Ltd.,Realty,1675.6805419921875,1687.7645102391175,1734.702339813815,1676.7790607641882,1729.4093017578125,3.206384416312898,2.4674527320636037,0.7211379462915753,1043795.0,476874.4,542683.7,535062.06,1.9233947877925943,0.9086198477909496,35.138639091357334,-2.721412626671239,-6.031588358904047,3,-0.28775291800689534,0.25838033241710295,3.494137334319793,2.948004083895795
2025-11-25,FEDERALBNK,Federal Bank Ltd.,Financial Services,247.32504272460935,247.55425395899852,256.02531358200474,246.65732431694437,255.1184234619141,3.1510681859994394,3.055560299185302,0.092676112319281,15576893.0,13535351.8,9753850.3,9401894.82,1.59699939212723,0.9031926601930376,68.34399773631287,3.8787606039736255,-1.214076521350827,4,-0.28775291800689534,0.25838033241710295,3.4388211040063346,2.8926878535823364
2025-11-25,AIAENG,AIA Engineering Ltd.,Capital Goods,3720.6142578125,3708.758519149437,3828.10991934648,3679.767643965392,3811.173583984375,2.433988580829621,2.761437939572985,-0.3186500357613862,57896.0,93294.2,107541.5,106156.44,0.538359610011019,0.8858293408362782,72.67021257614918,6.302709118797918,-3.0225866607031078,5,-0.28775291800689534,0.25838033241710295,2.7217414988365163,2.175608248412518
2025-11-26,JKCEMENT,J.K. Cement Ltd.,Construction Materials,5564.28955078125,5589.196897250791,5937.40087507417,5559.806289680578,5903.02880859375,6.087735994345218,5.614973262032085,0.4476285111015485,194107.0,102564.2,139261.8,116110.24,1.3938280274992856,0.9089709762532976,40.90689189501027,-3.07101296852452,-26.17804773248459,1,1.2381783530362669,1.2768551443453255,4.849557641308952,4.810880849999893
2025-11-26,TATAINVEST,Tata Investment Corporation Ltd.,Financial Services,722.8221435546875,742.9682299873133,790.9209326388733,728.1944481758741,762.6666259765625,5.512349445456693,2.651310674426223,2.787142952421404,9297941.0,352738.0,693581.3,8464857.52,13.405697356604048,0.5495633637976747,19.18299863380534,-6.476975112376103,-38.67223706271933,2,1.2381783530362669,1.2768551443453255,4.274171092420426,4.235494301111368
2025-11-26,GVT&D,GE Vernova T&D India Ltd.,Capital Goods,2848.44970703125,2856.729153968174,2997.979388914303,2812.937399590383,2976.63232421875,4.5000835672502095,4.1972186997154735,0.2906650209230226,681518.0,4172954.4,1518977.7,856337.02,0.4486688645922846,0.8846366450471712,29.018303825999325,-6.067221403236437,-14.08929472356292,3,1.2381783530362669,1.2768551443453255,3.2619052142139426,3.223228422904884
2025-11-26,LLOYDSME,Lloyds Metals And Energy Ltd.,Metals & Mining,1188.0899658203125,1193.9863938222866,1251.1523032289276,1182.5933002878062,1240.2587890625,4.390982563863985,3.875454149195324,0.4962947395909454,518172.0,290128.4,328405.5,308955.56,1.57784202761525,0.8411074592817083,17.98811009475908,-7.416491926525833,-26.25309964843037,4,1.2381783530362669,1.2768551443453255,3.152804210827718,3.1141274195186597
2025-11-26,MCX,Multi Commodity Exchange of India Ltd.,Financial Services,1968.5765380859373,1972.7662165758104,2057.159408232089,1971.3696141786925,2051.5732421875,4.216077073755073,3.9947473222892738,0.2128278179088003,4051170.0,2163868.0,2570770.0,2859266.9,1.575858594895693,0.9348854242369198,70.73923231564281,3.6847135006376903,-1.0827052908799406,5,1.2381783530362669,1.2768551443453255,2.9778987207188057,2.9392219294097472
2025-11-27,ASHOKLEY,Ashok Leyland Ltd.,Capital Goods,146.45167541503906,147.15960964641397,159.28280252805897,146.99246282681986,157.07054138183594,7.250764415431486,6.734817902300327,0.4833910089240325,90218203.0,15033180.8,15410138.6,14783612.56,5.854470575624803,0.8200000000000008,65.94286467360843,3.690477175009719,-1.948365242140346,1,0.03911422381892261,0.00446048243428041,7.211650191612563,7.246303932997206
2025-11-27,ESCORTS,Escorts Kubota Ltd.,Capital Goods,3627.056884765625,3626.958466717202,3797.656227187956,3610.724962119119,3785.6533203125,4.3725930026907545,4.375425168265968,-0.0027134409949917,298548.0,97140.8,99195.4,138019.08,3.009696014129688,0.9357897306743412,49.77088870573979,0.8673303464756872,-11.803824853397897,2,0.03911422381892261,0.00446048243428041,4.333478778871831,4.3681325202564745
2025-11-27,M&MFIN,Mahindra & Mahindra Financial Services Ltd.,Financial Services,342.1519775390625,343.27666935518994,356.968616281038,342.5431721984481,355.6483154296875,3.944544756893641,3.603986865095269,0.3287111839062906,3867503.0,7312280.6,4544071.65,3085552.28,0.8511095990310803,0.9084741624735158,72.00002024816098,7.745615471427278,-3.887358584082585,3,0.03911422381892261,0.00446048243428041,3.9054305330747185,3.9400842744593607
2025-11-27,COROMANDEL,Coromandel International Ltd.,Chemicals,2286.750732421875,2297.697003085309,2361.3837108364837,2290.134109361654,2355.114501953125,2.989559314969437,2.498915165520792,0.4786822852284111,459645.0,355091.2,438940.15,360853.3,1.0471700982468797,0.9120106112372712,89.82234182563582,3.93345577796447,-15.480522388898166,4,0.03911422381892261,0.00446048243428041,2.9504450911505145,2.9850988325351566
2025-11-27,LTTS,L&T Technology Services Ltd.,Information Technology,4228.2216796875,4251.954066672608,4350.938002803731,4219.32203165158,4336.30322265625,2.5561938601274594,1.9837739227895748,0.5612853058087998,105874.0,89527.4,132790.45,90465.68,0.7973013119542858,0.8888069584612716,59.49926697170134,2.506623959706651,-4.568331985813432,5,0.03911422381892261,0.00446048243428041,2.517079636308537,2.551733377693179
2025-11-28,IPCALAB,Ipca Laboratories Ltd.,Healthcare,1391.1700439453125,1395.255880278978,1453.95212115128,1391.1700898746997,1448.072509765625,4.0902595673307465,3.785443962872698,0.2936978374029902,454494.0,161726.8,444398.45,281660.08,1.022717338460564,0.9063488188244044,58.94540120035607,1.7730034172222615,-12.35503337426288,1,-0.04806903583735858,-0.11016551746126936,4.138328603168105,4.200425084792016
2025-11-28,MOTILALOFS,Motilal Oswal Financial Services Ltd.,Financial Services,918.7344360351562,918.7344041743672,954.5949172557728,911.6416295193736,951.7677612304688,3.5955248763581173,3.5955284689471694,-3.467899729509694e-06,3374319.0,1214325.0,1262550.15,1202271.94,2.672621756846649,0.9341806838476684,22.08099202870804,-5.273058771835788,-15.581985763783052,2,-0.04806903583735858,-0.11016551746126936,3.643593912195476,3.7056903938193866
2025-11-28,SRF,SRF Ltd.,Chemicals,2829.391357421875,2848.6192457064008,2943.7625092042126,2826.203293573408,2916.365234375,3.0739429780535943,2.378204415023517,0.6795768366962887,1212051.0,595560.6,505181.45,429551.62,2.3992389269241774,0.7669491525423752,42.29934044685141,-1.253454230760245,-14.474543086134576,3,-0.04806903583735858,-0.11016551746126936,3.122012013890953,3.1841084955148635
2025-11-28,LAURUSLABS,Laurus Labs Ltd.,Healthcare,1002.2022094726562,1005.9984610866916,1031.7228507321556,1005.4989583751292,1030.32421875,2.8060214806492123,2.418071061165597,0.3787909843097177,2486519.0,1867575.0,1751248.9,2183190.14,1.419854710544001,0.9466657366071416,57.35757012982993,1.6197184181622135,-2.9317857514492016,4,-0.04806903583735858,-0.11016551746126936,2.854090516486571,2.9161869981104815
2025-11-28,KALYANKJIL,Kalyan Jewellers India Ltd.,Consumer Durables,491.8929138183594,492.9884704126241,507.7781306037156,490.05044615880007,503.2964172363281,2.3182898345593377,2.090910323942549,0.2227225811732856,2786839.0,1404367.2,2446262.5,3444778.52,1.13922320274296,0.7471912712958464,37.45021167981318,-1.754457076298627,-19.80811218993556,5,-0.04806903583735858,-0.11016551746126936,2.3663588703966965,2.428455352020607
2025-12-01,LENSKART,Lenskart Solutions Ltd.,Consumer Services,410.4500122070313,428.0,448.7999877929688,417.0499877929688,430.5,4.884879326756001,0.5841121495327103,4.275791758075652,32012544.0,2672379.0,,,,0.4236224317175197,53.2623162548579,,-6.471458015608506,1,-0.10380212747402152,-0.10314443578633133,4.988681454230022,4.988023762542332
2025-12-01,ANTHEM,Anthem Biosciences Ltd.,Healthcare,633.0494995117188,638.3357266691412,667.1605986771201,635.0443202537912,657.685302734375,3.891607724460448,3.031253814697258,0.8350416770726139,978618.0,527338.8,516662.95,472106.26,1.8941129802320835,0.7049690559457117,23.61998053851065,-5.054675328685292,-27.338295067625435,2,-0.10380212747402152,-0.10314443578633133,3.9954098519344696,3.9947521602467795
2025-12-01,PAYTM,One 97 Communications Ltd.,Financial Services,1320.5999755859375,1335.0,1371.0,1322.0,1367.800048828125,3.574138582067236,2.456932496488764,1.090415317301013,6146500.0,13768400.6,6670836.5,4553829.14,0.921398688155526,0.9346948740433674,47.937941093538505,1.7713255106132024,-2.452361651997731,3,-0.10380212747402152,-0.10314443578633133,3.6779407095412573,3.677283017853567
2025-12-01,KPITTECH,KPIT Technologies Ltd.,Information Technology,1209.4091796875,1205.3527413752252,1258.4820040876384,1199.6143317266208,1244.82861328125,2.928655924614534,3.275047258032165,-0.3354066084832426,1195256.0,723875.4,750754.25,903702.34,1.592073571345084,0.7680664062499992,55.9308487648375,2.3142978062882067,-7.951802475142637,4,-0.10380212747402152,-0.10314443578633133,3.0324580520885553,3.031800360400865
2025-12-01,SWIGGY,Swiggy Ltd.,Consumer Services,378.2999877929688,380.0,391.75,378.5,388.6499938964844,2.735925571633866,2.276314183285362,0.4493820412073636,5479785.0,7374046.8,6954985.25,9641062.82,0.7878931159487362,0.7660372752063679,45.4593018532097,-4.311427951585678,-20.189875993044566,5,-0.10380212747402152,-0.10314443578633133,2.8397276991078875,2.8390700074201973
2025-12-02,BALKRISIND,Balkrishna Industries Ltd.,Automobile and Auto Components,2288.14990234375,2295.411633001079,2453.1877119484147,2285.4635887514905,2432.893798828125,6.325804805712858,5.989434045313194,0.3173625403602553,1912517.0,136375.6,155330.25,143154.46,12.312585603898787,0.8790042080204363,43.74627427649927,-0.874489532963414,-17.631731630253476,1,-0.5484113396941827,-0.19868842417966273,6.874216145407041,6.524493229892521
2025-12-02,UBL,United Breweries Ltd.,Fast Moving Consumer Goods,1659.1932373046875,1661.179118429624,1713.3081702631896,1660.285453299488,1708.8399658203125,2.99222100231524,2.869097429766886,0.1196895623901197,91970.0,226290.0,154672.1,154921.84,0.5946127323544453,0.9157303756060644,15.491313886606903,-4.8559916684433055,-20.397767723289675,2,-0.5484113396941827,-0.19868842417966273,3.5406323420094226,3.1909094264949025
2025-12-02,SWIGGY,Swiggy Ltd.,Consumer Services,388.6499938964844,389.1000061035156,402.5,388.0,399.3999938964844,2.765984862684245,2.6471312339760167,0.1157885537368898,7626093.0,3980135.4,6251373.6,9610299.14,1.2199067737688882,0.7862064756196121,47.151572456420574,-1.4279212509953034,-18.006330401585576,3,-0.5484113396941827,-0.19868842417966273,3.3143962023784277,2.9646732868639076
2025-12-02,POWERINDIA,Hitachi Energy India Ltd.,Capital Goods,22179.703125,22084.727095521583,22804.555230821523,22044.73664356048,22749.568359375,2.569309567235247,3.01041195110911,-0.4282114550548732,196298.0,68058.0,183160.45,124012.58,1.0717270021994376,0.9276315789473684,53.96216566848644,3.790440010605149,-1.180408785463372,4,-0.5484113396941827,-0.19868842417966273,3.1177209069294296,2.7679979914149095
2025-12-02,IDEA,Vodafone Idea Ltd.,Telecommunication,9.93000030517578,10.199999809265137,10.31999969482422,10.079999923706056,10.130000114440918,2.014096708143015,-0.6862715307174295,2.7190281550004034,649396924.0,563993820.4,500131450.7,517903391.0,1.2984524830243795,0.2083343267450269,42.21106003666088,-1.663692313422755,-10.37905800044103,5,-0.5484113396941827,-0.19868842417966273,2.5625080478371975,2.2127851323226775
2025-12-03,IDEA,Vodafone Idea Ltd.,Telecommunication,10.130000114440918,10.149999618530272,10.600000381469728,10.119999885559082,10.550000190734863,4.146101397325852,3.940892485102479,0.1974284685431048,102386584.0,580888912.2,532601169.7,518961372.04,0.1922387516679162,0.8958330435888316,44.1747556329404,0.0246867696599113,-8.574005557821154,1,-0.17746951904364833,-0.8854377927509427,4.3235709163695,5.031539190076795
2025-12-03,HEXT,Hexaware Technologies Ltd.,Information Technology,721.3681030273438,719.4051851223952,745.9044211364534,717.5404001082946,744.1378173828125,3.156462596545616,3.4379279955022053,-0.2721104380289095,384493.0,628092.0,519129.8,802386.0,0.7406490631052196,0.9377167379798844,61.63808600184176,3.1133948006822507,-17.674588553929706,2,-0.17746951904364833,-0.8854377927509427,3.3339321155892643,4.041900389296559
2025-12-03,APOLLOTYRE,Apollo Tyres Ltd.,Automobile and Auto Components,512.725830078125,515.145025822487,531.7339273807103,513.0220157469923,528.4754028320312,3.071733825367537,2.587694016507446,0.4718302848119426,1517255.0,565234.4,871207.8,1000206.22,1.7415535076706157,0.8258582761363985,41.992677777468046,-0.1941266117729918,-3.9315423514537247,3,-0.17746951904364833,-0.8854377927509427,3.2492033444111854,3.9571716181184797
2025-12-03,BIOCON,Biocon Ltd.,Healthcare,398.5234069824219,401.5198099275914,412.0072676495808,399.57212701534354,409.51025390625,2.756888737607509,1.9900497512437876,0.7518762744346732,10962895.0,2143234.2,4380607.95,3373293.86,2.5025967000767557,0.7991969840328261,45.412234385282616,0.1191905987461174,-6.106600562498124,4,-0.17746951904364833,-0.8854377927509427,2.9343582566511572,3.6423265303584516
2025-12-03,ANTHEM,Anthem Biosciences Ltd.,Healthcare,650.80322265625,649.3071341056483,665.2655275706104,637.6874045133967,661.97412109375,1.7164786603093385,1.950846729190669,-0.2298833961662688,542936.0,611177.4,542135.3,460567.16,1.001476937583662,0.8806515414398567,37.407117445470575,-1.646756120231302,-25.300514777815543,5,-0.17746951904364833,-0.8854377927509427,1.8939481793529869,2.601916453060281
2025-12-04,PETRONET,Petronet LNG Ltd.,Oil Gas & Consumable Fuels,265.6849975585937,268.35419466491925,278.1906993734452,268.00818029095376,277.745849609375,4.539530708022522,3.499723548641619,1.0046472818762897,12174889.0,1826550.4,2099220.9,2212781.9,5.799717885811827,0.9563124055583522,42.40966756207301,-1.3876195739248869,-12.03927096436002,1,0.18375278996382666,-0.04247775301600431,4.355777918058695,4.582008461038526
2025-12-04,HEXT,Hexaware Technologies Ltd.,Information Technology,744.1378173828125,742.3711830440878,792.7687780924847,736.0898589530963,773.9248657226562,4.002894039790504,4.25039163686052,-0.237406875105211,2507604.0,612419.4,521097.1,657680.32,4.812162646846432,0.6675322561553038,66.37589443849626,5.898663360911142,-15.076017734182216,2,0.18375278996382666,-0.04247775301600431,3.8191412498266772,4.045371792806508
2025-12-04,LTTS,L&T Technology Services Ltd.,Information Technology,4462.77734375,4450.021179837776,4673.3032272251885,4426.387288039266,4632.859375,3.8111251839215177,4.108703931357231,-0.2858346480155183,589695.0,108899.0,142458.2,90059.42,4.139424757578012,0.8362039633466708,67.34833815134087,5.980006706304442,-0.4170322670730393,3,0.18375278996382666,-0.04247775301600431,3.627372393957691,3.8536029369375218
2025-12-04,BDL,Bharat Dynamics Ltd.,Capital Goods,1477.7386474609375,1484.7137954472248,1533.5399538209924,1477.6390090715336,1522.5789794921875,3.03438853063057,2.5503355704697923,0.4720149938740566,1496051.0,1196411.8,1574551.35,1290811.56,0.9501443061860128,0.8039214832963797,45.668889836633326,-2.2270855469902497,-26.31740960656207,4,0.18375278996382666,-0.04247775301600431,2.8506357406667435,3.076866283646574
2025-12-04,COFORGE,Coforge Ltd.,Information Technology,1903.5068359375,1912.9621153639605,1976.6611660316469,1908.7819137624124,1956.9542236328125,2.807837969701276,2.2996852846969245,0.4967294704672628,3120396.0,1165343.4,1357387.05,1678149.28,2.298825526588013,0.7096764955413877,67.25129120353253,4.387271630660174,-3.6542711201302014,5,0.18375278996382666,-0.04247775301600431,2.6240851797374494,2.85031572271728
2025-12-05,M&MFIN,Mahindra & Mahindra Financial Services Ltd.,Financial Services,339.3646850585937,337.4086913700056,362.3475946451799,336.968581138484,359.4624938964844,5.92218628594799,6.536228345788049,-0.5763692495730597,15441892.0,5477979.8,4526194.35,3404026.4,3.411672324676028,0.8863194289275939,66.36790733237201,2.5550126645776,-10.335912120037902,1,0.5865433091659864,0.39397574957901516,5.335642976782003,5.528210536368975
2025-12-05,PATANJALI,Patanjali Foods Ltd.,Fast Moving Consumer Goods,523.3390502929688,522.0523084191026,549.4688502358499,517.3014417024301,545.163330078125,4.170198989152228,4.426955170260243,-0.2458715574818726,5471238.0,847202.6,880294.25,1006488.3,6.215237688988654,0.8661527193509616,4.471741854018717,-7.917517687315918,-18.81192398231933,2,0.5865433091659864,0.39397574957901516,3.5836556799862413,3.7762232395732127
2025-12-05,GROWW,Billionbrains Garage Ventures Ltd.,Financial Services,145.36000061035156,146.24000549316406,152.9499969482422,146.2100067138672,151.17999267578125,4.003847028750787,3.377999861226828,0.6053968623537773,53444345.0,25716430.0,,,,0.7373877096388597,48.54733798394262,,-24.99484090744285,3,0.5865433091659864,0.39397574957901516,3.4173037195848006,3.609871279171772
2025-12-05,SUNDARMFIN,Sundaram Finance Ltd.,Financial Services,4629.25390625,4631.534993642061,4828.895906647365,4608.823709047615,4808.3662109375,3.869139786125768,3.817982969753749,0.0492754866822277,171207.0,43647.0,53975.2,53820.84,3.1719567505076407,0.9067138151307822,45.89301972586051,-1.2748607977247144,-11.930185148303194,4,0.5865433091659864,0.39397574957901516,3.2825964769597817,3.475164036546753
2025-12-05,SBICARD,SBI Cards and Payment Services Ltd.,Financial Services,852.9119873046875,856.5990244839852,884.7005875750191,853.3105572846472,882.0598754882812,3.4174555660432047,2.9723184683327943,0.432288118138569,1752612.0,707304.6,1077600.25,1097809.52,1.626402740719483,0.9158741784474222,41.46123574840497,-2.0176849744860914,-14.814625974469308,5,0.5865433091659864,0.39397574957901516,2.8309122568772183,3.0234798164641896
2025-12-08,3MINDIA,3M India Ltd.,Diversified,33637.84375,33642.77277517722,34672.85474265627,33406.19892618681,34416.56640625,2.315019541792122,2.300029299736296,0.0146532138440595,12250.0,2259.6,6144.1,10731.34,1.9937826532771277,0.7976653696498057,9.657953782482563,-3.6846820469923256,-7.770268730604295,1,-0.8626539459891813,-1.7016484403204974,3.1776734877813038,4.01666798211262
2025-12-08,JSL,Jindal Stainless Ltd.,Metals & Mining,751.315673828125,754.7967683466817,765.7372930333478,748.5805611383488,762.7037353515625,1.5157492276731996,1.0475623818846431,0.4633331420892254,438568.0,372948.0,623244.3,604713.42,0.7036855371160233,0.8231855751811605,52.574759037060005,0.4698338033521406,-8.547217507281708,2,-0.8626539459891813,-1.7016484403204974,2.378403173662381,3.217397667993697
2025-12-08,TATAINVEST,Tata Investment Corporation Ltd.,Financial Services,704.86474609375,705.4119311052174,746.1518333505561,705.4119311052174,712.7739868164062,1.122093389758535,1.0436534153390675,0.0776297884806682,4191078.0,417660.0,907067.15,8147980.04,4.620471593530865,0.1807087230316367,27.2727158763076,-5.952785920645455,-40.195830417287866,3,-0.8626539459891813,-1.7016484403204974,1.9847473357477163,2.8237418300790322
2025-12-08,POLICYBZR,PB Fintech Ltd.,Financial Services,1893.800048828125,1900.0,1929.0,1893.5,1913.9000244140625,1.0613567994348334,0.731580232319079,0.3273815087137368,3420798.0,1295725.2,1260831.3,1600769.6,2.713129028443377,0.5746485750440141,61.73026743010576,4.471397862159948,-4.062814142445542,4,-0.8626539459891813,-1.7016484403204974,1.9240107454240147,2.763005239755331
2025-12-08,AJANTPHARM,Ajanta Pharmaceuticals Ltd.,Healthcare,2616.62939453125,2621.1875227516284,2665.580888536669,2608.6028583913685,2634.168701171875,0.6703015213878631,0.495240356043638,0.1741984642496526,154563.0,85494.4,72076.55,101547.06,2.144428388983657,0.4486965013586923,71.80718379879053,3.7549600632939537,-7.129248790641587,5,-0.8626539459891813,-1.7016484403204974,1.5329554673770445,2.371949961708361
2025-12-09,GVT&D,GE Vernova T&D India Ltd.,Capital Goods,2750.19287109375,2723.259442898337,2912.7903198766094,2689.443241736817,2905.308837890625,5.640185036738369,6.684981684981679,-0.9793287037611124,705987.0,913176.2,1499266.15,909664.82,0.4708883742889813,0.9665028884716292,35.777174021681134,-6.258126111525564,-17.052771330780118,1,-0.4657081109092657,0.37104901511681176,6.105893147647635,5.269136021621557
2025-12-09,FLUOROCHEM,Gujarat Fluorochemicals Ltd.,Chemicals,3315.704345703125,3298.815626611511,3538.157142083628,3227.362940364094,3483.093505859375,5.048374122173237,5.586183045857313,-0.5093553987556296,157190.0,54045.6,73267.95,80891.2,2.1454128305759887,0.8228292679863345,26.82880917266114,-4.345936957805281,-15.54067602590906,2,-0.4657081109092657,0.37104901511681176,5.514082233082503,4.677325107056425
2025-12-09,GODFRYPHLP,Godfrey Phillips India Ltd.,Fast Moving Consumer Goods,2607.65625,2591.985363579885,2749.678687878345,2534.920188097746,2732.135498046875,4.773606492300318,5.407057325100926,-0.6009567564787359,535725.0,244119.8,205315.8,442990.7,2.6092731294912523,0.9183120116344988,27.524515093284634,-8.149959988197818,-32.588715812887315,3,-0.4657081109092657,0.37104901511681176,5.239314603209584,4.402557477183506
2025-12-09,IDEA,Vodafone Idea Ltd.,Telecommunication,10.289999961853027,10.300000190734863,10.8100004196167,10.100000381469728,10.739999771118164,4.373176005183392,4.271840507139919,0.0971839545083447,889952074.0,542060830.4,569088356.05,524830552.02,1.5638205641336458,0.9014075426231952,40.8906858389008,-0.6181189333190564,-7.129963603725252,4,-0.4657081109092657,0.37104901511681176,4.838884116092658,4.00212699006658
2025-12-09,AIAENG,AIA Engineering Ltd.,Capital Goods,3645.79541015625,3616.4058294775314,3804.698033822229,3616.4058294775314,3784.57373046875,3.806530666144876,4.650139086174246,-0.8061225980165208,35805.0,39298.0,82875.1,104563.04,0.4320356777850041,0.8931219514715616,46.91021931635685,-2.6904686257916053,-6.645408283915304,5,-0.4657081109092657,0.37104901511681176,4.272238777054142,3.4354816510280646
2025-12-10,LLOYDSME,Lloyds Metals And Energy Ltd.,Metals & Mining,1239.2593994140625,1240.05891076086,1287.9302021764604,1229.2653128732572,1281.2342529296875,3.387091801399388,3.3204343609420617,0.0645152538020339,451882.0,227716.4,339652.6,316212.64,1.3304240862575467,0.8858610435252744,44.34307321513952,0.3353977176612246,-23.07692004179673,1,-0.3159887590995579,-0.9269298953721874,3.703080560498946,4.314021696771576
2025-12-10,ICICIPRULI,ICICI Prudential Life Insurance Company Ltd.,Financial Services,621.443359375,617.8558178369448,643.7659005204295,616.8592761952722,640.6267700195312,3.0869121626505835,3.685479933215722,-0.5772917972224062,2073986.0,945658.8,1022947.25,1392216.06,2.027461337815806,0.8833324291087988,55.81675409120724,0.497573501609576,-10.079306615954136,2,-0.3159887590995579,-0.9269298953721874,3.4029009217501414,4.013842058022771
2025-12-10,AUBANK,AU Small Finance Bank Ltd.,Financial Services,971.10693359375,980.0482707801302,1006.2728040196596,980.0482707801302,992.7359619140624,2.227255060394896,1.2945985939889186,0.9207366230298912,7019615.0,1496527.2,1845651.7,2619995.66,3.803325947143765,0.4838099888392873,70.22667252428687,4.162537179135911,-0.169459216737863,3,-0.3159887590995579,-0.9269298953721874,2.543243819494454,3.1541849557670836
2025-12-10,BERGEPAINT,Berger Paints India Ltd.,Consumer Durables,535.9039306640625,536.9460723080449,549.4516312767074,534.3655793709545,544.9853515625,1.694598673158509,1.4972228439810575,0.1944642657670079,299565.0,407986.4,386763.25,400372.06,0.774543599993019,0.7039464173854365,15.924952784460956,-4.968074051400703,-10.153085390286003,4,-0.3159887590995579,-0.9269298953721874,2.010587432258067,2.6215285685306964
2025-12-10,HDBFS,HDB Financial Services Ltd.,Financial Services,738.5907592773438,739.1392132831967,754.1463446656137,739.1392132831967,750.357177734375,1.5930903967095142,1.5177065767284927,0.074256819350076,695831.0,661380.8,826236.4,1033221.54,0.842169383968075,0.7475089119511379,49.30593034200511,-0.5621664107156559,-16.72869973961257,5,-0.3159887590995579,-0.9269298953721874,1.909079155809072,2.5200202920817016
2025-12-11,ANTHEM,Anthem Biosciences Ltd.,Healthcare,641.677001953125,640.2806775588928,698.079995846775,637.737320785309,685.313232421875,6.800341968923745,7.03325220349792,-0.2176054915451435,1502876.0,367461.4,466678.35,458184.86,3.2203679472167503,0.7884289449896686,48.19063667387507,-1.2668731025167768,-26.34802647538371,1,0.5456587516499728,0.8538348068661997,6.254683217273772,5.946507162057546
2025-12-11,DIXON,Dixon Technologies (India) Ltd.,Consumer Durables,12351.0,12349.0,13030.0,12130.0,12988.0,5.157477127358109,5.174508057332577,-0.0161930208080317,1277223.0,400922.0,267399.55,271576.36,4.776459047892938,0.9533333333333334,11.967128916238424,-15.113985470890237,-33.13301932759461,2,0.5456587516499728,0.8538348068661997,4.611818375708136,4.303642320491909
2025-12-11,IDEA,Vodafone Idea Ltd.,Telecommunication,10.720000267028809,10.739999771118164,11.3100004196167,10.699999809265137,11.25,4.94402723665312,4.748605584269382,0.1865625334998111,120953130.0,707429396.6,602306829.75,531234273.5,0.2008164676635065,0.9016387547840008,61.60338908603651,3.111626521379528,-3.24909439671578,3,0.5456587516499728,0.8538348068661997,4.3983684850031475,4.090192429786921
2025-12-11,PREMIERENE,Premier Energies Ltd.,Capital Goods,863.66357421875,864.3630594793618,916.3247694133812,833.485788218638,904.2337036132812,4.69744592751061,4.612719585440753,0.0809904784099018,3860640.0,1166187.2,964099.55,1084876.2,4.004399753116781,0.8540413507539946,14.581093968788052,-10.45124097281894,-23.887645021430927,4,0.5456587516499728,0.8538348068661997,4.151787175860637,3.84361112064441
2025-12-11,BSE,BSE Ltd.,Financial Services,2574.916259765625,2588.1814341678364,2699.587884965717,2578.20770995139,2691.708740234375,4.535777815134879,4.000001881623309,0.5151691575173338,5536101.0,4937548.6,4280245.0,5159296.02,1.2934075035424375,0.9350870541222076,27.495676255473867,-8.458470826322872,-12.780409475291748,5,0.5456587516499728,0.8538348068661997,3.990119063484906,3.6819430082686795
2025-12-12,GMRAIRPORT,GMR Airports Ltd.,Services,98.16000366210938,98.9000015258789,104.73999786376952,98.2300033569336,104.33999633789062,6.295835824389625,5.500500230617539,0.7538690262449297,71679432.0,17171844.2,30052691.3,18159091.2,2.3851252217135044,0.938555781351447,34.905185927175765,-4.656908174987243,-11.054727148214468,1,0.5729990019651497,1.182326102223288,5.722836822424475,5.113509722166337
2025-12-12,NIACL,The New India Assurance Company Ltd.,Financial Services,161.08326721191406,162.46191655816634,174.3638882454439,161.0039238157437,170.5155792236328,5.855550470869216,4.9572618839462095,0.8558613008752696,3410128.0,556389.0,398952.3,387859.08,8.54770858571313,0.7119521506168087,25.70285018718836,-4.382583752812451,-23.682180131419493,2,0.5729990019651497,1.182326102223288,5.282551468904066,4.673224368645927
2025-12-12,JSWENERGY,JSW Energy Ltd.,Power,456.2482604980469,456.248262401406,483.4557465644383,456.248262401406,480.5655822753906,5.32984427180032,5.329843832389297,4.1717618284878964e-07,5749586.0,7445812.6,3976299.95,2861008.02,1.4459638539089588,0.8937731885929155,32.083045674994054,-5.509863635374659,-17.86867673972251,3,0.5729990019651497,1.182326102223288,4.7568452698351695,4.147518169577031
2025-12-12,NATIONALUM,National Aluminium Co. Ltd.,Metals & Mining,259.0788879394531,261.48048098293486,274.2236721836028,261.0883887750887,272.6552734375,5.240251572030711,4.273662191746711,0.9269736575536764,21981929.0,7797796.4,8977414.8,12434993.88,2.448581188428544,0.8805965050524817,68.59641699928056,1.086202258386462,-4.308476688335728,4,0.5729990019651497,1.182326102223288,4.6672525700655605,4.057925469807422
2025-12-12,NAM-INDIA,Nippon Life India Asset Management Ltd.,Financial Services,819.4037475585938,823.0143730255601,863.1758675588694,820.0962210460077,861.0985717773438,5.088434650558941,4.62740384615384,0.4406405850258987,822247.0,524739.8,569281.7,853826.18,1.4443587419022956,0.9517801108023142,33.4891055523334,-2.630110499804108,-15.238360738174348,5,0.5729990019651497,1.182326102223288,4.515435648593791,3.906108548335653
2025-12-15,AIAENG,AIA Engineering Ltd.,Capital Goods,3735.757080078125,3735.757288335141,3889.3797705875695,3705.470988448044,3879.218017578125,3.840210549691304,3.8402047609179166,5.574693733887162e-06,86949.0,32615.8,60030.25,82540.04,1.4484197550401672,0.944745689187724,50.80015511517122,-0.6937263458501464,-4.341841017837176,1,-0.07543469807149619,-0.06906265498429492,3.9156452477628,3.909273204675599
2025-12-15,AIIL,Authum Investment & Infrastructure Ltd.,Financial Services,522.1599731445312,523.0399780273438,539.7999877929688,514.02001953125,537.2000122070312,2.8803508189121563,2.7072565720678496,0.1685316623396024,423455.0,455383.0,560425.75,456499.9,0.7555951881226014,0.8991474481449125,40.075477942587625,-1.7938807244701778,-21.33064440487457,2,-0.07543469807149619,-0.06906265498429492,2.9557855169836524,2.9494134738964513
2025-12-15,DIXON,Dixon Technologies (India) Ltd.,Consumer Durables,13379.0,13313.0,13763.0,13231.0,13737.0,2.675835264220046,3.184856906782844,-0.4933104118394499,567800.0,697308.4,341698.7,290626.64,1.6616978642295095,0.9511278195488722,34.922861149955835,-6.645221838835841,-27.56753830328623,3,-0.07543469807149619,-0.06906265498429492,2.751269962291542,2.744897919204341
2025-12-15,KEI,KEI Industries Ltd.,Capital Goods,4062.290283203125,4062.290110110083,4193.934040734021,4048.7060967150464,4162.970703125,2.478415201842451,2.478419568418978,-4.260971768499009e-06,443216.0,184802.0,160569.2,229066.94,2.760280302822708,0.7867949049462831,46.76421056536714,-1.1391670108135066,-8.645547089543154,4,-0.07543469807149619,-0.06906265498429492,2.553849899913947,2.5474778568267458
2025-12-15,UPL,UPL Ltd.,Chemicals,741.175537109375,743.8001784858754,762.17232792838,735.8768743209126,758.3097534179688,2.311762254784896,1.950735607731349,0.3541187269532254,1840513.0,2248419.4,2463489.9,2364014.24,0.7471161136077725,0.8531086564213378,53.31375271012072,-0.3989555203091248,-3.563146998628415,5,-0.07543469807149619,-0.06906265498429492,2.3871969528563923,2.380824909769191
2025-12-16,AIIL,Authum Investment & Infrastructure Ltd.,Financial Services,537.2000122070312,536.239990234375,569.760009765625,534.239990234375,561.6599731445312,4.553231642160386,4.740411639021161,-0.1787084793077532,1218565.0,492554.0,549319.5,458747.8,2.218317390880899,0.7719585538524985,55.11021333617327,1.2209848830689487,-19.06469097675746,1,-0.6424068837574247,-0.7708900319938818,5.19563852591781,5.324121674154267
2025-12-16,SUPREMEIND,Supreme Industries Ltd.,Capital Goods,3249.025146484375,3261.9339079839747,3396.879569946467,3261.9339079839747,3381.8857421875,4.089244918491552,3.67732264316971,0.3973118371696099,902022.0,233544.6,253501.75,259677.34,3.558247625509489,0.8888898869299359,33.74504998042377,-3.4298337254982494,-29.65620637756034,2,-0.6424068837574247,-0.7708900319938818,4.731651802248977,4.860134950485434
2025-12-16,BHARTIHEXA,Bharti Hexacom Ltd.,Telecommunication,1681.796142578125,1686.4449747895678,1739.8573083019646,1682.4885056405012,1724.6248779296875,2.546606825123751,2.263928186858496,0.276420672740773,233240.0,163261.8,161742.95,204434.88,1.4420412141611116,0.7344823376885767,35.46933024138451,-2.8685815943190143,-16.719391736033863,3,-0.6424068837574247,-0.7708900319938818,3.1890137088811756,3.3174968571176326
2025-12-16,ASTRAL,Astral Ltd.,Capital Goods,1428.3533935546875,1417.7701261432148,1469.2890725484694,1415.6734482197132,1460.602783203125,2.2578018712987897,3.0211284798635587,-0.7409418046842382,831639.0,361873.6,706121.35,735861.3,1.1777564861903695,0.8379895887795222,42.1431740612152,-0.6779577400134355,-10.22278684201341,4,-0.6424068837574247,-0.7708900319938818,2.9002087550562146,3.0286919032926716
2025-12-16,TATACOMM,Tata Communications Ltd.,Telecommunication,1776.2481689453125,1776.7436379193969,1831.8425846233956,1770.3022114654873,1808.356201171875,1.8076321083909896,1.7792416743642938,0.0278941300403173,328010.0,245943.4,264741.25,830769.46,1.238983346947255,0.6183581241658049,42.739492699739856,-2.65572989292028,-10.55887823749532,5,-0.6424068837574247,-0.7708900319938818,2.4500389921484143,2.5785221403848713
2025-12-17,M&MFIN,Mahindra & Mahindra Financial Services Ltd.,Financial Services,334.08349609375,335.7460812910758,346.06395904017535,334.9636962747037,343.9612731933594,2.956679158086124,2.446846697567669,0.4976555911218293,4262109.0,2782982.0,5450784.35,3858400.74,0.7819258158690502,0.8105733268444273,46.360822386509184,-3.1395964318256726,-11.731263529017529,1,-0.1606677033445664,-0.5458416176380758,3.1173468614306903,3.5025207757242
2025-12-17,BANKINDIA,Bank of India,Financial Services,134.97103881835938,134.97104708869173,138.28286167997447,134.6999054105362,137.4694366455078,1.8510621604614887,1.8510559195516545,6.127486630399652e-06,6426422.0,6033808.8,7128449.95,10271332.94,0.9015174470012236,0.7729737754811656,33.94372712765451,-3.1188541152662776,-7.95746517220854,2,-0.1606677033445664,-0.5458416176380758,2.011729863806055,2.3969037780995643
2025-12-17,APLAPOLLO,APL Apollo Tubes Ltd.,Capital Goods,1726.2501220703125,1723.3611529580794,1769.98160735515,1713.399527796472,1757.728759765625,1.8235270366011496,1.994219653179196,-0.1673551865571093,750140.0,483510.4,474263.6,487771.58,1.5816942308032915,0.7834500307324652,50.03252866929172,-0.068620563714402,-5.046569155228358,3,-0.1606677033445664,-0.5458416176380758,1.984194739945716,2.369368654239225
2025-12-17,PETRONET,Petronet LNG Ltd.,Oil Gas & Consumable Fuels,261.6811828613281,261.82947054326337,266.3275670784988,261.82947054326337,265.58612060546875,1.4922501119272136,1.4347697585038086,0.0566673080249051,1442506.0,1292923.2,2271395.3,2130103.56,0.6350748370395942,0.8351643929333197,36.52847564155893,-2.665033922745448,-13.364819877288102,4,-0.1606677033445664,-0.5458416176380758,1.65291781527178,2.0380917295652896
2025-12-17,AIAENG,AIA Engineering Ltd.,Capital Goods,3749.80419921875,3740.937671141555,3813.265884257619,3706.068744779383,3801.709228515625,1.3842063889012954,1.6245006657789522,-0.2364530947787217,32454.0,46991.8,59491.05,79942.38,0.5455274364799411,0.8921924988087935,50.03736313282792,-0.5648235593965876,-3.982149119463744,5,-0.1606677033445664,-0.5458416176380758,1.544874092245862,1.9300480065393713
2025-12-18,NAM-INDIA,Nippon Life India Asset Management Ltd.,Financial Services,855.7073974609375,871.4851241267003,923.9127195622452,871.4851241267003,905.7609252929688,5.849374211389375,3.933033418168285,1.8438226328974807,8464597.0,586178.2,605157.7,795078.84,13.987423443509025,0.6537740455483508,46.88709859637681,1.664438833059947,-11.4829997380832,1,-0.011619552256893775,0.21285117583109228,5.8609937636462694,5.636523035558283
2025-12-18,MOTILALOFS,Motilal Oswal Financial Services Ltd.,Financial Services,827.1734008789062,831.2405871755324,864.9187632844631,828.4630187487696,860.7523803710938,4.059484922569855,3.5503311136237143,0.4916969395177074,2260413.0,1058246.0,1230410.3,1339249.94,1.837121324488262,0.8857139535501708,30.1846098553017,-7.393991793224703,-23.99508150302592,2,-0.011619552256893775,0.21285117583109228,4.071104474826749,3.846633746738762
2025-12-18,POLICYBZR,PB Fintech Ltd.,Financial Services,1765.0,1775.0,1837.5,1760.0999755859375,1834.4000244140625,3.932012714677762,3.346480248679577,0.56657223796034,1625989.0,1563193.4,1384041.7,1605203.28,1.174812146194728,0.9599486484738852,45.12168599100541,-4.885337859405287,-10.587639311043564,3,-0.011619552256893775,0.21285117583109228,3.9436322669346557,3.7191615388466697
2025-12-18,M&MFIN,Mahindra & Mahindra Financial Services Ltd.,Financial Services,343.9612731933594,343.9612648348418,358.63120738089293,341.4673566943684,357.11529541015625,3.8242741965320857,3.824276719540075,-2.430075189583194e-06,6242162.0,2736823.0,5417301.85,3881520.7,1.1522640186645683,0.9116799604923832,44.55084888194576,-0.5837145662118417,-9.121440194674024,4,-0.011619552256893775,0.21285117583109228,3.8358937487889793,3.611423020700993
2025-12-18,ASHOKLEY,Ashok Leyland Ltd.,Capital Goods,163.3533477783203,163.3533599726066,169.16423609637363,162.85191952138908,168.69229125976562,3.2683404130110385,3.268332704056002,7.464974823342707e-06,21614399.0,13367286.0,20069250.6,15657047.38,1.076990836917448,0.9252342890281674,62.89861170670188,5.351260263291523,-1.5408425414552958,5,-0.011619552256893775,0.21285117583109228,3.279959965267932,3.055489237179946
2025-12-19,LENSKART,Lenskart Solutions Ltd.,Consumer Services,410.0499877929688,418.0,477.7000122070313,417.9500122070313,467.7000122070313,14.059267438185993,11.889955073452452,1.938790987367412,21225921.0,1014838.4,3552752.2,,5.974500839095954,0.8326359832635983,49.7429152550726,-0.2014021615508834,-8.634135707212934,1,0.5843362036054758,1.1574625875004283,13.474931234580517,12.901804850685565
2025-12-19,GROWW,Billionbrains Garage Ventures Ltd.,Financial Services,144.11000061035156,145.3000030517578,163.5,143.52000427246094,160.8699951171875,11.630000996358367,10.715754809642672,0.8257597920798085,197195933.0,16385102.0,47418826.35,,4.158600036713056,0.8683680958356021,27.058076792256216,-5.004547778378013,-25.63983573732743,2,0.5843362036054758,1.1574625875004283,11.045664792752891,10.47253840885794
2025-12-19,TATAELXSI,Tata Elxsi Ltd.,Information Technology,4925.17626953125,5025.870044218158,5353.985875877436,4972.821376824143,5318.12890625,7.978448185696083,5.815089913995315,2.04447047529715,1773370.0,88076.0,407803.0,271652.64,4.348594787188913,0.905927835051546,40.880513367395245,-1.803416129526892,-22.14457508898187,3,0.5843362036054758,1.1574625875004283,7.394111982090607,6.820985598195654
2025-12-19,AIIL,Authum Investment & Infrastructure Ltd.,Financial Services,540.4400024414062,540.0,588.7999877929688,540.0,581.7000122070312,7.63452179321207,7.722224482783564,-0.0814155945930287,2630320.0,609608.0,589368.25,472296.4,4.462948250096607,0.8545086606156798,49.67954038887498,1.7252874100402629,-18.576549493338494,4,0.5843362036054758,1.1574625875004283,7.050185589606594,6.477059205711641
2025-12-19,IDEA,Vodafone Idea Ltd.,Telecommunication,11.300000190734863,11.420000076293944,12.0,11.25,11.960000038146973,5.840706515680052,4.728546044180675,1.061945871978593,167371335.0,479547579.6,552453850.65,515260375.46,0.3029598486879512,0.9466667175292968,69.25287800951793,6.649050041650517,-6.068159255528358,5,0.5843362036054758,1.1574625875004283,5.256370312074576,4.683243928179624
2025-12-22,COCHINSHIP,Cochin Shipyard Ltd.,Capital Goods,1542.9794921875,1552.0481742869804,1678.611751431269,1545.5705108898317,1660.573974609375,7.621260231732564,6.9924247275540905,0.5877383429525436,3641800.0,578677.6,558646.3,783686.92,6.518972738206625,0.864419658532303,27.42854902868038,-4.238833232854257,-25.71946563842366,1,0.7933329106115723,0.8254203322053804,6.827927321120992,6.795839899527184
2025-12-22,GVT&D,GE Vernova T&D India Ltd.,Capital Goods,2919.77294921875,3103.318726770959,3243.771130582784,3038.0803012896504,3090.1513671875,5.835331066216589,-0.4242992983566297,6.286303104538344,2416070.0,513860.6,1495320.15,922813.52,1.6157543252526894,0.2531521024869916,57.83372751379033,0.8849359247597506,-11.938149128889082,2,0.7933329106115723,0.8254203322053804,5.041998155605016,5.009910734011209
2025-12-22,MCX,Multi Commodity Exchange of India Ltd.,Financial Services,2056.361328125,2074.9160088320205,2164.097397563302,2057.758098236995,2158.91015625,4.9869070538544165,4.048074575570904,0.9023064406652064,3615345.0,1735506.0,2383083.0,2903377.7,1.5170873192415035,0.9512199032139133,52.52209232801847,1.5950897794107954,-1.9874466742073549,3,0.7933329106115723,0.8254203322053804,4.193574143242844,4.161486721649036
2025-12-22,M&MFIN,Mahindra & Mahindra Financial Services Ltd.,Financial Services,368.3133544921875,368.31335686441,390.17157683391054,366.6018635981684,385.6238708496094,4.699942629364816,4.6999419550163255,6.440772345899499e-07,5381489.0,3859226.8,4989765.95,4015121.14,1.0785052954237262,0.8070529777424351,53.553926279934814,5.669271037525902,-2.687337726819692,4,0.7933329106115723,0.8254203322053804,3.906609718753244,3.874522297159436
2025-12-22,NATIONALUM,National Aluminium Co. Ltd.,Metals & Mining,272.9984130859375,275.44900526147035,286.9668907127952,274.9588824763076,284.5652770996094,4.23697115412562,3.309604196786041,0.8976580295217402,18744818.0,7760601.6,9303843.0,11589666.84,2.0147392856908697,0.7999990035076536,68.10341189456173,4.023300346123017,-1.4682391410060236,5,0.7933329106115723,0.8254203322053804,3.443638243514048,3.41155082192024
2025-12-23,NLCINDIA,NLC India Ltd.,Power,237.69444274902344,237.61557743724916,249.64424681313807,236.62962068439748,248.35264587402344,4.4839933999861215,4.518671945912222,-0.0331792829744784,2572970.0,727624.8,926343.55,1155510.54,2.7775548283355564,0.900757737768402,49.43348741243664,0.2057471920540799,-17.494873211901073,1,0.01814888939916057,0.10995045494296835,4.465844510586961,4.374042945043153
2025-12-23,NMDC,NMDC Ltd.,Metals & Mining,76.20349884033203,76.78579866978188,79.87198237461777,76.52376008300918,79.12469482421875,3.8334145129050494,3.046000946731457,0.7641379179582493,77610652.0,11189866.6,14362005.45,16566830.34,5.403886822783513,0.7768106519474842,60.23590568370391,3.551502683316593,-0.9086311303067428,2,0.01814888939916057,0.10995045494296835,3.815265623505889,3.7234640579620812
2025-12-23,JKCEMENT,J.K. Cement Ltd.,Construction Materials,5394.92041015625,5423.314282102633,5607.628260643827,5399.901425369022,5593.68017578125,3.684201999548005,3.141361256544505,0.5263075224044085,113679.0,63834.6,88951.2,107581.46,1.2779928769932278,0.9328537170263772,30.145531945671166,-3.882843865476435,-28.425084034370308,3,0.01814888939916057,0.10995045494296835,3.6660531101488445,3.574251544605037
2025-12-23,SUNDARMFIN,Sundaram Finance Ltd.,Financial Services,4875.21142578125,4904.369368717228,5123.449810611779,4821.061241715411,5052.439453125,3.635289054471095,3.0191462607250696,0.5980857113556989,68770.0,41032.8,50469.05,50797.24,1.3626172872285092,0.7651685123351506,61.79268863660231,3.2435719523080504,-7.250935825371376,4,0.01814888939916057,0.10995045494296835,3.6171401650719344,3.525338599528127
2025-12-23,ESCORTS,Escorts Kubota Ltd.,Capital Goods,3566.943603515625,3580.2255380476254,3717.9643606160967,3578.257840582361,3686.481201171875,3.351261218103707,2.9678483099752744,0.3723617754682057,185367.0,93058.4,85152.35,90071.24,2.176886486397616,0.7746478873239462,33.99755529855943,-2.130825773361824,-13.265550337779027,5,0.01814888939916057,0.10995045494296835,3.3331123287045465,3.241310763160739
2025-12-24,BDL,Bharat Dynamics Ltd.,Capital Goods,1426.32177734375,1428.9124512217334,1492.6853918620338,1421.6383015250567,1475.9449462890625,3.4791005601643485,3.291488924119593,0.1816331994038536,2713018.0,1126681.0,1201737.25,1295491.64,2.257580015931103,0.7643753531133897,43.39478962159396,-0.6386175552103899,-28.881143177898792,1,-0.13389838361685455,-0.4748714546938958,3.612998943781203,3.9539720148582442
2025-12-24,NTPCGREEN,NTPC Green Energy Ltd.,Power,90.4800033569336,90.37999725341795,95.19000244140624,90.08000183105467,93.2699966430664,3.0835468419763403,3.197609512583985,-0.1105284038519671,13630518.0,2832830.2,3041022.65,3753807.64,4.482215217962945,0.6242650549883693,38.54553616360239,-1.2647408085126888,-20.708086168631883,2,-0.13389838361685455,-0.4748714546938958,3.217445225593195,3.558418296670236
2025-12-24,AJANTPHARM,Ajanta Pharmaceuticals Ltd.,Healthcare,2643.8798828125,2722.063530577888,2798.364546906427,2688.27298371978,2709.677001953125,2.4886576568157666,-0.455041863851473,2.957155817616715,1012518.0,94582.0,72204.65,85389.84,14.022891877462186,0.1944201500441694,59.18064818194074,1.9545703741030145,-6.16206049764495,3,-0.13389838361685455,-0.4748714546938958,2.622556040432621,2.9635291115096623
2025-12-24,DALBHARAT,Dalmia Bharat Ltd.,Construction Materials,2053.382080078125,2067.740255803371,2113.805207392228,2043.9099472674704,2103.236083984375,2.427897096693919,1.716648311188052,0.699245204511556,252729.0,193026.8,208841.4,249101.64,1.2101479878989512,0.8487862640615736,60.24288637504402,2.109214079597422,-17.346969326125176,4,-0.13389838361685455,-0.4748714546938958,2.5617954803107734,2.9027685513878145
2025-12-24,THERMAX,Thermax Ltd.,Capital Goods,2919.775146484375,2932.0251453607343,2995.7648224337936,2901.051548774016,2988.39501953125,2.3501766267686195,1.9225576649541445,0.4195528169732254,146277.0,70828.4,80116.3,98436.52,1.8258082312837711,0.9221882781813996,55.125398265493416,1.95621350513034,-28.35182576458253,5,-0.13389838361685455,-0.4748714546938958,2.484075010385474,2.825048081462515
2025-12-26,RVNL,Rail Vikas Nigam Ltd.,Construction,343.5470275878906,344.5408051915486,390.3536755360842,343.696092826358,385.5339050292969,12.221580764707571,11.897894014312188,0.2892697429622597,102998642.0,10725537.8,4960341.95,4487422.2,20.764423710748407,0.8966990952623312,74.7399900644397,8.837333445406118,-13.52323231822939,1,-0.38175521330050494,-0.25441057190537886,12.603335978008076,12.47599133661295
2025-12-26,NATIONALUM,National Aluminium Co. Ltd.,Metals & Mining,289.46649169921875,292.11318127620063,303.0919436793153,290.64281291407207,300.7883605957031,3.9112882565519183,2.969800705877727,0.9143336630935608,12990101.0,11349350.8,10150453.25,11646603.16,1.2797557586898891,0.8149603271865726,74.92815683263723,8.027815946426887,-1.1051635107478437,2,-0.38175521330050494,-0.25441057190537886,4.293043469852424,4.165698828457297
2025-12-26,IRCTC,Indian Railway Catering And Tourism Corporation Ltd.,Consumer Services,675.8687744140625,675.8687919096521,708.5857163619734,675.0234844667915,701.574951171875,3.803427193407212,3.803424506344002,2.5886074794097736e-06,7180874.0,1013993.2,707609.05,752577.76,10.148081062558484,0.7911114728009248,54.63259912393299,0.7247037133367693,-14.166891552809746,3,-0.38175521330050494,-0.25441057190537886,4.1851824067077175,4.057837765312591
2025-12-26,HUDCO,Housing & Urban Development Corporation Ltd.,Financial Services,210.4078521728516,209.9602592311089,216.45066344343115,209.6975249959655,215.6624755859375,2.497351386282498,2.715855074532011,-0.2127263489078333,5995250.0,2838749.0,3011348.45,3936157.24,1.990885511771313,0.8832856954399554,42.27844803219466,-1.4664150484105547,-12.043722991080816,4,-0.38175521330050494,-0.25441057190537886,2.879106599583003,2.7517619581878767
2025-12-26,DALBHARAT,Dalmia Bharat Ltd.,Construction Materials,2103.236083984375,2108.0220601986025,2162.661978133336,2103.8343816788097,2154.28662109375,2.427237602954432,2.1946905475357688,0.2275529718547305,726199.0,215119.2,214433.85,249137.24,3.386587518714979,0.8576287738347453,64.39446579554001,4.374072358304249,-15.340238794064636,5,-0.38175521330050494,-0.25441057190537886,2.808992816254937,2.681648174859811
2025-12-29,NLCINDIA,NLC India Ltd.,Power,246.42015075683597,247.63289747818348,255.16559129657213,244.99052560198697,252.7993011474609,2.5887291972805664,2.086315558994991,0.4921459213553784,3001389.0,1337928.2,1029780.1,1178189.26,2.914592154189035,0.767442273088177,62.79465797985869,3.5251863599750384,-14.466129093299006,1,-0.3847631310177597,-0.4046766389148632,2.973492328298326,2.9934058361954294
2025-12-29,HUDCO,Housing & Urban Development Corporation Ltd.,Financial Services,215.6624755859375,216.94695207260267,221.5690558467691,216.2366118605219,220.64463806152344,2.310166598083327,1.704419423087038,0.5955957257633028,10244849.0,3500894.6,3152440.05,4008674.02,3.249815646771776,0.8266427574992257,45.7272146514009,1.4088263098466218,-9.8471456878761,2,-0.3847631310177597,-0.4046766389148632,2.6949297291010867,2.71484323699819
2025-12-29,NTPCGREEN,NTPC Green Energy Ltd.,Power,92.9800033569336,92.8499984741211,96.62999725341795,91.9000015258789,95.04000091552734,2.215527515831321,2.358645640706867,-0.1398202603988241,10463825.0,5421326.2,3539562.4,3918017.7,2.9562482074055256,0.6638482507218091,61.07636444601886,1.6463742151583698,-18.51721772009276,3,-0.3847631310177597,-0.4046766389148632,2.6002906468490807,2.620204154746184
2025-12-29,SUNDARMFIN,Sundaram Finance Ltd.,Financial Services,5106.88720703125,5093.6965773056445,5241.469316795236,5071.877783555504,5216.080078125,2.1381492613232456,2.402646073671144,-0.2582909939237431,129396.0,95120.4,60407.75,55838.34,2.1420430325579085,0.8502918265716384,70.35440450254046,6.765939714405003,-2.8433912029512145,4,-0.3847631310177597,-0.4046766389148632,2.5229123923410053,2.5428259002381086
2025-12-29,KPRMILL,K.P.R. Mill Ltd.,Textiles,933.4368286132812,941.9940526327056,954.2328983061308,933.5363053588766,950.6508178710938,1.8441514980061045,0.9189830035756535,0.9167437749523012,132996.0,136053.0,174294.15,268433.46,0.7630548701720626,0.8269241491019294,23.114886721237,-4.462683496600807,-25.36992575019528,5,-0.3847631310177597,-0.4046766389148632,2.228914629023864,2.2488281369209675
2025-12-30,NATIONALUM,National Aluminium Co. Ltd.,Metals & Mining,294.95587158203125,292.11318994570166,312.5513167688067,292.11318994570166,310.34576416015625,5.217693241900716,6.2416127864146365,-0.9637650612217084,24881884.0,14813476.4,10891428.55,11853325.8,2.284538147202003,0.8920863625253018,76.65841223884522,8.363112422981331,-4.171976466087781,1,-0.012527898855285829,-0.17668394121222522,5.230221140756002,5.394377183112941
2025-12-30,SAIL,Steel Authority of India Ltd.,Metals & Mining,134.08999633789062,134.08999633789062,141.8000030517578,133.5399932861328,141.02000427246094,5.168176690159293,5.168176690159293,0.0,41245044.0,19172012.2,13301342.05,19717856.4,3.1008182366079367,0.9055692666922828,59.70482818511775,2.383395227410985,-8.0945839977025,2,-0.012527898855285829,-0.17668394121222522,5.180704589014579,5.344860631371518
2025-12-30,JSL,Jindal Stainless Ltd.,Metals & Mining,790.8009643554688,790.8009169662024,843.4646315837689,782.6950199580551,831.4797973632812,5.144003970830664,5.144010271654427,-5.992565573159521e-06,2773011.0,282481.6,397480.25,547068.8,6.97647493177334,0.8027824450433638,65.18000878794666,1.8363427892586817,-3.7409292691302456,3,-0.012527898855285829,-0.17668394121222522,5.15653186968595,5.32068791204289
2025-12-30,MAHABANK,Bank of Maharashtra,Financial Services,56.05015182495117,56.050149862257285,59.0869687569559,55.58444021948464,58.70857620239258,4.7429387626707324,4.742942430427663,-3.5016745229441177e-06,40215113.0,7915177.0,22684270.3,20478792.42,1.772819335519909,0.891965889637973,61.21561918401727,1.175152872699756,-6.156597196157847,4,-0.012527898855285829,-0.17668394121222522,4.755466661526018,4.919622703882958
2025-12-30,M&MFIN,Mahindra & Mahindra Financial Services Ltd.,Financial Services,377.897705078125,377.94663448239305,399.2180513288964,376.6263336744297,395.5016479492188,4.65838840366982,4.644839208812565,0.0129477907937905,11718964.0,5185357.4,4953264.7,4286503.42,2.3659070753880767,0.8354970862986673,66.46284614345072,6.221691413844709,-6.259100333712715,5,-0.012527898855285829,-0.17668394121222522,4.6709163025251055,4.835072344882045
2025-12-31,HINDPETRO,Hindustan Petroleum Corporation Ltd.,Oil Gas & Consumable Fuels,445.7837524414063,446.782305904732,476.35857836454136,446.0690518857127,474.5992126464844,6.463999651684395,6.226053801621182,0.2239995194658932,11948717.0,2304653.4,2914798.65,3788546.36,4.099328439033002,0.9419150471273718,68.55290268355137,1.744579775856164,-5.19769751274516,1,0.7353834224439075,0.9745307348561969,5.728616229240487,5.489468916828198
2025-12-31,AIIL,Authum Investment & Infrastructure Ltd.,Financial Services,599.8599853515625,606.1799926757812,629.4000244140625,600.0,626.6799926757812,4.471044573593326,3.381833819606867,1.0535804151888473,714670.0,304815.0,584197.0,501104.7,1.2233373331256407,0.90748199049181,76.67400889405309,9.682867150649193,-9.624251336770543,2,0.7353834224439075,0.9745307348561969,3.735661151149418,3.496513838737129
2025-12-31,SAIL,Steel Authority of India Ltd.,Metals & Mining,141.02000427246094,145.10000610351562,149.19000244140625,143.8000030517578,146.99000549316406,4.233442802319483,1.302549490108288,2.8932078481375068,68661714.0,23741662.2,14815705.7,20227486.7,4.6343870072959135,0.5918372546632733,70.6866776911217,7.429898511418337,-3.344749710877833,3,0.7353834224439075,0.9745307348561969,3.4980593798755755,3.258912067463286
2025-12-31,GODFRYPHLP,Godfrey Phillips India Ltd.,Fast Moving Consumer Goods,2623.228515625,2646.19227729819,2742.385295315758,2642.2499444387963,2722.4765625,3.783431229259627,2.882794491400202,0.8754007337297859,265744.0,208459.6,296938.4,347119.38,0.8949465613069916,0.8011817740547968,40.42293550582696,-4.774678160322245,-32.18615262094663,4,0.7353834224439075,0.9745307348561969,3.0480478068157195,2.80890049440343
2025-12-31,GLAXO,Glaxosmithkline Pharmaceuticals Ltd.,Healthcare,2325.015625,2359.341779778906,2420.8755082726125,2322.8702762156545,2412.196533203125,3.7496912823166513,2.240233012326509,1.4763838319970917,114120.0,138573.4,101412.1,91563.24,1.125309504487137,0.911443757773631,24.400223253480878,-5.912342343632501,-30.892752333846392,5,0.7353834224439075,0.9745307348561969,3.0143078598727437,2.7751605474604544
2026-01-01,IDEA,Vodafone Idea Ltd.,Telecommunication,10.760000228881836,11.199999809265137,11.93000030517578,10.84000015258789,11.600000381469728,7.806692701856775,3.571433741219278,4.089215344087636,3908.0,467366774.6,535546850.35,503176147.28,7.29721404849263e-06,0.6972478187984055,50.49504862880568,-4.8881810135366015,-15.937499464489528,1,0.06487344669804322,0.0,7.741819255158732,7.806692701856775
2026-01-01,AJANTPHARM,Ajanta Pharmaceuticals Ltd.,Healthcare,2743.7646484375,2762.2949489618068,2935.111691847062,2719.8834284597624,2911.725830078125,6.121559359556381,5.409664205934309,0.6753604225806784,620493.0,280326.6,126644.3,102446.2,4.8994940948783325,0.8913439090160079,63.66677115975543,4.165841656392274,-2.616899215977759,2,0.06487344669804322,0.0,6.056685912858337,6.121559359556381
2026-01-01,ATGL,Adani Total Gas Ltd.,Oil Gas & Consumable Fuels,566.502197265625,567.1519164221016,620.7832118691553,567.1519164221016,593.892578125,4.8349999332009705,4.714902820322427,0.1146896092570654,10982992.0,438251.6,398575.3,622927.1,27.55562625180236,0.4986018234315732,29.29103881787557,-2.2416912743989896,-28.984958510302757,3,0.06487344669804322,0.0,4.770126486502927,4.8349999332009705
2026-01-01,INDUSTOWER,Indus Towers Ltd.,Telecommunication,403.5621643066406,405.77874837888425,423.8969009040539,405.77874837888425,419.9937744140625,4.071642874562582,3.503146996230908,0.5492546795242634,17970341.0,7796283.2,6532798.85,7237608.08,2.750787436230338,0.7845737039375736,64.27163996588746,1.6580859178287204,-3.669199852572087,4,0.06487344669804322,0.0,4.006769427864539,4.071642874562582
2026-01-01,JSWENERGY,JSW Energy Ltd.,Power,480.8147277832031,482.3594732398531,501.34489075440274,481.3628627579526,500.2984619140625,4.052233221034879,3.719008264462804,0.3212766513563431,6027942.0,1255781.0,3554590.15,2793769.04,1.6958191368419788,0.9476314996392688,67.01086857816958,2.3185780316918456,-13.446355296222263,5,0.06487344669804322,0.0,3.987359774336835,4.052233221034879
2026-01-02,SJVN,SJVN Ltd.,Power,73.20619201660156,73.42167647303832,82.2663623991725,73.13762693119214,81.33586120605469,11.105166059736442,10.77908475152102,0.2943527733117,82265437.0,3207375.4,3179133.65,2706841.72,25.8766840456676,0.8980689936320753,61.72838989590144,1.980524747342048,-26.085484125438573,1,0.6960765170238605,1.3563394607274755,10.409089542712582,9.748826599008966
2026-01-02,NLCINDIA,NLC India Ltd.,Power,252.5528106689453,253.19368213517865,269.90566113415883,251.76406289673383,268.18023681640625,6.187785479824214,5.919008150142691,0.2537574080192721,6070028.0,1776536.4,1256057.7,1223502.34,4.832602833452635,0.9048912727990448,69.17279872282552,4.974559132073363,-12.337447085654745,2,0.6960765170238605,1.3563394607274755,5.491708962800353,4.831446019096738
2026-01-02,TORNTPOWER,Torrent Power Ltd.,Power,1308.857421875,1305.898414717175,1387.7636476639464,1305.898414717175,1380.267578125,5.455915599095705,5.694865892300781,-0.2260755914564079,1781418.0,235218.8,286111.95,394735.74,6.226297084060977,0.9084340290850904,60.789099763283474,3.4093142876574967,-10.271155136002848,3,0.6960765170238605,1.3563394607274755,4.759839082071844,4.09957613836823
2026-01-02,IREDA,Indian Renewable Energy Development Agency Ltd.,Financial Services,137.70750427246094,138.38931546893397,145.84979195128713,138.38931546893397,144.9011688232422,5.223872575998645,4.705459617487604,0.495115498661597,28577864.0,10272427.2,7152055.4,5836059.18,3.995755402006533,0.8728468442613827,59.76004463656473,2.7277880074673666,-20.18327641112623,4,0.6960765170238605,1.3563394607274755,4.5277960589747845,3.86753311527117
2026-01-02,NHPC,NHPC Ltd.,Power,77.93501281738281,77.93501308120231,82.21576008561159,77.87624095127106,81.91209411621094,5.103073901004181,5.103073545217487,3.38512167790608e-07,32430153.0,10493063.4,7749394.55,9513558.6,4.184862803249578,0.9300231292915356,62.82391075110258,3.0549865867377983,-10.827179431421444,5,0.6960765170238605,1.3563394607274755,4.40699738398032,3.7467344402767053
2026-01-05,SJVN,SJVN Ltd.,Power,81.33586120605469,82.27616806115283,86.97766636806323,82.08027541204221,85.85126495361328,5.551553374617081,4.345239911760613,1.1560790543742914,101751319.0,18442229.2,7186214.35,4342183.38,14.159237958160825,0.7699996948242187,77.65190540170124,12.716583464402994,-17.877154395318275,1,-0.29720587604740517,-0.10452858593860426,5.848759250664486,5.656081960555685
2026-01-05,JKCEMENT,J.K. Cement Ltd.,Construction Materials,5539.880859375,5578.23793129109,5788.455506483521,5550.839906088285,5739.63720703125,3.605787790872928,2.8933738167529928,0.6923808090778542,154711.0,103523.4,83721.5,111546.8,1.8479243682924933,0.7945492662473774,41.86509653615188,-0.2260819661922206,-26.501880134709545,2,-0.29720587604740517,-0.10452858593860426,3.902993666920333,3.710316376811532
2026-01-05,VOLTAS,Voltas Ltd.,Consumer Durables,1425.7210693359375,1425.0233692562358,1489.919477369542,1418.743049698675,1472.17529296875,3.258296775711509,3.308852663737315,-0.0489366464947214,1588073.0,501951.2,507146.0,861715.62,3.131392143485308,0.7507013911565741,61.73604633122173,4.18995883711836,-2.707485785433673,3,-0.29720587604740517,-0.10452858593860426,3.555502651758914,3.3628253616501134
2026-01-05,BDL,Bharat Dynamics Ltd.,Capital Goods,1489.696044921875,1489.6960656750612,1547.4902943099466,1488.6996134572184,1536.330078125,3.130439485430107,3.130438048704013,1.3931154770861564e-06,3329765.0,1649380.2,1461094.6,1427703.76,2.278952368997873,0.8101703191207599,63.74798727400459,4.654866365442787,-25.72119320469722,4,-0.29720587604740517,-0.10452858593860426,3.4276453614775124,3.2349680713687112
2026-01-05,ESCORTS,Escorts Kubota Ltd.,Capital Goods,3784.964599609375,3814.381554119778,3911.290654733861,3784.866092003814,3898.107177734375,2.9892638397906497,2.1949986498903784,0.7772055388163785,160073.0,97685.8,76180.9,90432.18,2.101222222368074,0.8957206043287909,68.1941861886197,4.0352874909669545,-7.964112128225401,5,-0.29720587604740517,-0.10452858593860426,3.286469715838055,3.093792425729254
2026-01-06,CRISIL,CRISIL Ltd.,Financial Services,4389.25439453125,4389.25462068155,4653.928125960693,4371.464752983236,4612.91259765625,5.095585332298461,5.095579917393161,5.152362548175195e-06,331567.0,65034.6,56891.95,47983.14,5.8280125747139975,0.8547934626989083,48.70448622964716,1.887791533417396,-27.281937581171015,1,-0.2727647317136396,-0.19884157012362763,5.3683500640121,5.294426902422088
2026-01-06,NATIONALUM,National Aluminium Co. Ltd.,Metals & Mining,324.2652282714844,326.81388117824844,344.7523938332899,326.4217889162484,339.8511657714844,4.806539875731294,3.989207724663701,0.7859778615023917,41794775.0,15573718.6,12045693.1,12788131.06,3.469686190162026,0.7326204953962561,84.96637057788315,13.632069406238625,-1.194743173788122,2,-0.2727647317136396,-0.19884157012362763,5.079304607444933,5.005381445854921
2026-01-06,IPCALAB,Ipca Laboratories Ltd.,Healthcare,1408.111328125,1414.5887436484354,1469.8967220017205,1401.5340920063527,1464.515380859375,4.005652934379911,3.5294100448001124,0.460007344167918,647078.0,245395.4,158311.0,288667.88,4.087384957457157,0.9212824149288856,44.607472906290205,-1.0923198800072818,-11.287717201816452,3,-0.2727647317136396,-0.19884157012362763,4.27841766609355,4.204494504503538
2026-01-06,HAVELLS,Havells India Ltd.,Consumer Durables,1439.797607421875,1446.3447001713391,1493.960986596733,1432.4566166305992,1489.6953125,3.4656055004475697,2.9972531667952604,0.4547231302313009,1346661.0,343025.6,460573.45,603932.88,2.923878916598428,0.9306443737399188,66.17048042269066,2.46057151075953,-10.46819511946565,4,-0.2727647317136396,-0.19884157012362763,3.738370232161209,3.6644470705711973
2026-01-06,FORTIS,Fortis Healthcare Ltd.,Healthcare,914.4799194335938,914.4799221236436,949.4428330936956,913.0314464750744,943.9985961914062,3.227919621908772,3.2279193182517463,2.941617224432386e-07,3869929.0,1835326.0,1895181.6,3405593.44,2.041983206253163,0.8504798249153978,66.80160941142591,3.5653116637415536,-17.101333641326576,5,-0.2727647317136396,-0.19884157012362763,3.5006843536224115,3.4267611920323997
2026-01-07,TATAELXSI,Tata Elxsi Ltd.,Information Technology,5250.8359375,5245.923880181638,5818.653022905588,5241.994349185247,5749.88623046875,9.504206547469376,9.606741573033696,-0.0935481012324393,2893997.0,99566.0,210768.0,276958.26,13.730722880133609,0.8807495741056217,66.81200518907383,2.827021347094148,-16.99666353443741,1,-0.14496220164682433,0.4260232614375155,9.649168749116201,9.07818328603186
2026-01-07,KPITTECH,KPIT Technologies Ltd.,Information Technology,1127.785888671875,1127.6870068766186,1204.759040519996,1127.2912336577672,1195.6568603515625,6.018072433909865,6.0273686812444165,-0.008767780857129,2462611.0,377593.8,499793.6,636600.76,4.927255971264938,0.8825037065445637,41.14786680769959,-4.384037038481537,-14.16415553167932,2,-0.14496220164682433,0.4260232614375155,6.163034635556689,5.592049172472349
2026-01-07,GROWW,Billionbrains Garage Ventures Ltd.,Financial Services,155.30999755859375,155.16000366210938,165.14999389648438,154.5,162.0500030517578,4.33971128653277,4.440576970243395,-0.096577103111335,88637839.0,17934734.6,49255892.2,,1.799537781999612,0.7089208806260549,62.32724158787191,0.8712801873595734,-19.860683636255985,3,-0.14496220164682433,0.4260232614375155,4.484673488179594,3.913688025095255
2026-01-07,PERSISTENT,Persistent Systems Ltd.,Information Technology,6205.1123046875,6162.414493395928,6496.551212220892,6162.414493395928,6467.7548828125,4.232680493576129,4.954882371898161,-0.6881069865458707,633821.0,194403.4,322631.1,356228.96,1.964537826638536,0.9138187221396736,49.23746331333091,-0.6593329143662966,-5.303834065811882,4,-0.14496220164682433,0.4260232614375155,4.377642695222953,3.806657232138613
2026-01-07,KALYANKJIL,Kalyan Jewellers India Ltd.,Consumer Durables,498.1175231933594,502.9477935219635,532.8258802658426,500.70693701617256,518.6337890625,4.118760114603841,3.118811881188124,0.969704959913466,15853176.0,1639374.6,1855024.9,2144139.98,8.54607180744582,0.5581395348837209,65.28685876631721,3.519645692362517,-18.79333201596095,5,-0.14496220164682433,0.4260232614375155,4.263722316250665,3.6927368531663256
2026-01-08,IDFCFIRSTB,IDFC First Bank Ltd.,Financial Services,84.15278625488281,84.14281452811247,86.19677819388754,83.13577076657094,85.8178939819336,1.9786721285822744,1.99075757474392,-0.011849550340666,62702609.0,22510742.4,26582197.65,26914087.06,2.3588196064744857,0.8762223807192489,53.12936323230316,0.2821947484794348,-2.9885001904254778,1,-1.0095364158449929,-1.884189143609139,2.988208544427267,3.862861272191413
2026-01-08,IPCALAB,Ipca Laboratories Ltd.,Healthcare,1508.9610595703125,1518.2290067919794,1544.6373223023093,1495.8068521133976,1538.6580810546875,1.968044257737933,1.3455858221201291,0.6141939291863494,407694.0,273383.0,194490.3,305962.92,2.096217651985729,0.877551020408165,69.27063438491139,5.676753968869249,-4.934093225216199,2,-1.0095364158449929,-1.884189143609139,2.977580673582926,3.852233401347072
2026-01-08,DIXON,Dixon Technologies (India) Ltd.,Consumer Durables,11770.0,11780.0,12055.0,11708.0,11987.0,1.8436703483432453,1.757215619694397,0.0849617672047578,814042.0,664231.4,750859.95,438878.88,1.0841462512416598,0.8040345821325648,19.430894308832507,-6.61954007941703,-36.2784906068973,3,-1.0095364158449929,-1.884189143609139,2.853206764188238,3.727859491952384
2026-01-08,AIAENG,AIA Engineering Ltd.,Capital Goods,3974.260498046875,3974.260552624764,4153.088575337698,3973.662945537207,4043.89892578125,1.752236114582785,1.7522347172354875,1.373284135718811e-06,237206.0,59056.0,71577.65,82153.94,3.313967418600639,0.391448982634981,63.15310506716727,2.4651776726692294,-4.232387051147637,4,-1.0095364158449929,-1.884189143609139,2.761772530427778,3.636425258191924
2026-01-08,SCHAEFFLER,Schaeffler India Ltd.,Automobile and Auto Components,3769.1875,3786.842060351613,3876.107588227896,3738.440259029048,3819.57275390625,1.3367669797867578,0.8643268727082213,0.4683916719880167,66317.0,66992.8,49405.0,74119.78,1.3423135310191276,0.5893373202585629,52.02262132249136,-0.7578555151623285,-13.474497251653988,5,-1.0095364158449929,-1.884189143609139,2.3463033956317507,3.2209561233958968
2026-01-09,NATIONALUM,National Aluminium Co. Ltd.,Metals & Mining,326.91192626953125,324.31423361944604,342.4977759006708,322.3537425954986,341.1744384765625,4.362799598590399,5.1987249122406425,-0.7946154426753677,28744580.0,27012761.0,16053371.0,13875239.44,1.790563489749287,0.9343062333118516,74.49211016404458,10.10053618645074,-6.739363925110449,1,-0.7479613285493556,-0.8775723945933065,5.110760927139755,5.240371993183706
2026-01-09,OIL,Oil India Ltd.,Oil Gas & Consumable Fuels,402.9507141113281,404.96571903426553,418.0386295190388,404.96571903426553,412.8782653808594,2.463713531672373,1.953880532273976,0.5000623779464746,3122912.0,2115755.8,1526024.2,1761621.18,2.0464367472023053,0.6052627955962865,56.80593503995622,-0.2275543442785365,-9.032694402499583,2,-0.7479613285493556,-0.8775723945933065,3.211674860221729,3.3412859262656793
2026-01-09,LENSKART,Lenskart Solutions Ltd.,Consumer Services,447.3999938964844,447.5499877929688,459.75,444.2999877929688,457.75,2.313367511111393,2.279077753377049,0.0335256813881582,2064326.0,1476827.0,4117386.4,,0.5013680523159061,0.8705502640904189,63.25878178284103,1.847898381405933,-9.616162849195076,3,-0.7479613285493556,-0.8775723945933065,3.0613288396607485,3.1909399057047
2026-01-09,COFORGE,Coforge Ltd.,Information Technology,1639.2552490234375,1640.1511422814244,1677.0766635111024,1640.1511422814244,1673.692626953125,2.1007941228312714,2.0450240107167743,0.054652456261503,1700004.0,1748636.0,2412887.2,1821200.84,0.7045517917290124,0.90835507677932,24.633765551616804,-5.855858467471785,-17.22370061109192,4,-0.7479613285493556,-0.8775723945933065,2.848755451380627,2.978366517424578
2026-01-09,IPCALAB,Ipca Laboratories Ltd.,Healthcare,1538.6580810546875,1539.654575892857,1577.124462277549,1516.0366223199028,1569.55078125,2.0077690148117124,1.941747572815521,0.0647638907200734,726762.0,334009.4,204180.95,312856.6,3.559401599414637,0.876019825994834,71.0887283830595,7.4640202186745555,-3.0631541058685707,5,-0.7479613285493556,-0.8775723945933065,2.7557303433610683,2.8853414094050187
2026-01-12,BSE,BSE Ltd.,Financial Services,2662.485595703125,2692.905539295651,2792.642781491786,2677.94495296623,2783.267578125,4.536437027745803,3.3555591724536957,1.1425392738882647,7690160.0,3378257.2,3507166.95,4639251.32,2.192698582541102,0.9182617187500004,48.56445967295437,-0.10384242340141,-9.81419199384069,1,0.4164153963733427,-0.16852064546694123,4.1200216313724605,4.7049576732127445
2026-01-12,PREMIERENE,Premier Energies Ltd.,Capital Goods,716.9216918945312,715.972416095076,750.3471105730466,714.5234715825352,745.0509643554688,3.9236185456466415,4.061406222740752,-0.1324099703200043,7119994.0,3704559.8,1671379.75,1367534.7,4.259949900673381,0.8521605742236109,5.971739973017961,-15.482755509928856,-36.81961363871046,2,0.4164153963733427,-0.16852064546694123,3.5072031492732987,4.092139191113583
2026-01-12,IREDA,Indian Renewable Energy Development Agency Ltd.,Financial Services,134.9901123046875,138.33003892727007,140.79050347855144,135.8300402424127,139.82212829589844,3.579533277448164,1.078644508596479,2.474200936320422,50046560.0,11245063.2,9114708.15,6727966.36,5.490747391621091,0.8047813003434743,54.38014696347017,-1.309395428860916,-21.758305489754104,3,0.4164153963733427,-0.16852064546694123,3.1631178810748213,3.7480539229151053
2026-01-12,LINDEINDIA,Linde India Ltd.,Chemicals,5897.49853515625,5968.378230574324,6298.817838221744,5880.5272170608105,6094.6640625,3.3432060418227176,2.1159153633854646,1.2018603310462106,309281.0,17035.2,20150.3,39471.86,15.348704485789296,0.5119331742243448,50.94805686933107,-0.6479124715498643,-14.47272898048711,4,0.4164153963733427,-0.16852064546694123,2.926790645449375,3.511726687289659
2026-01-12,SJVN,SJVN Ltd.,Power,76.52662658691406,76.3992942644157,79.33772865920092,74.45013487493253,78.87737274169922,3.0718016194210893,3.243588178585736,-0.1663895668440911,8728718.0,28530624.8,13367739.75,6938268.32,0.6529688760584975,0.9058113382942256,59.22567278757037,2.6904830008236305,-22.732921903623403,5,0.4164153963733427,-0.16852064546694123,2.6553862230477465,3.2403222648880305
2026-01-13,AIIL,Authum Investment & Infrastructure Ltd.,Financial Services,619.719970703125,650.0999755859375,683.0,633.0,667.9000244140625,7.774487831378604,2.738047915181315,4.902214922708365,3867055.0,400226.0,585870.75,555658.6,6.60052579856564,0.69800048828125,62.83508175956648,4.56585165982162,-6.632118024967272,1,-0.22469428853927356,-0.1373666099207399,7.999182119917878,7.911854441299344
2026-01-13,MOTILALOFS,Motilal Oswal Financial Services Ltd.,Financial Services,788.0889282226562,797.5624338071999,833.2741845746865,795.5784476534507,830.5462036132812,5.387371129090355,4.135572139303482,1.2020858617959342,1955479.0,818621.8,849213.1,1110800.74,2.302695283433569,0.9276315789473676,26.8298664840041,-6.572111808850971,-27.586362551931863,2,-0.22469428853927356,-0.1373666099207399,5.612065417629629,5.524737739011095
2026-01-13,OIL,Oil India Ltd.,Oil Gas & Consumable Fuels,418.3335266113281,422.41266697200143,442.21863011634935,418.3335279615733,440.2527770996094,5.239659050479674,4.223384269106313,0.9750928627968224,12617320.0,2329805.8,1622310.35,1698960.04,7.777377491304299,0.9176954319055788,61.70849203894841,3.123889322545753,-5.559979361597738,3,-0.22469428853927356,-0.1373666099207399,5.464353339018948,5.377025660400414
2026-01-13,GODFRYPHLP,Godfrey Phillips India Ltd.,Fast Moving Consumer Goods,2099.8837890625,2114.07595500804,2216.576607372066,2098.996483987999,2183.5595703125,3.984781523903155,3.286713286713276,0.6758548267985973,2219934.0,663967.0,987806.25,605557.6,2.247337471290549,0.7191954208814846,16.352245200904207,-16.747579541672266,-45.71529017123972,4,-0.22469428853927356,-0.1373666099207399,4.209475812442428,4.122148133823895
2026-01-13,NAM-INDIA,Nippon Life India Asset Management Ltd.,Financial Services,852.1957397460938,854.6687442592431,885.3339422592854,847.7443447108465,882.31689453125,3.5345347764975514,3.234955116554548,0.2901920765159162,397780.0,753145.0,1110476.0,821612.94,0.3582067509788595,0.919737163342928,35.89657675423531,-2.416369835631495,-11.846256393088076,5,-0.22469428853927356,-0.1373666099207399,3.759229065036825,3.6719013864182912
2026-01-14,MCX,Multi Commodity Exchange of India Ltd.,Financial Services,2287.395263671875,2298.3684836574266,2439.023846589587,2278.4173683479003,2411.09228515625,5.407767666957941,4.904513888888886,0.4797255708196535,5300087.0,2484155.4,2276654.65,2501819.86,2.3280153623651265,0.826086956521739,62.37852233915439,5.316338388494639,-1.9247248889555408,1,-0.25921184600641006,0.21328820443873997,5.666979512964351,5.194479462519201
2026-01-14,NATIONALUM,National Aluminium Co. Ltd.,Metals & Mining,350.3397521972656,351.9081544638015,366.9058994987384,349.2614794977678,366.1707153320313,4.518745884666749,4.0529213907990975,0.4476803607638462,27306024.0,25891876.4,17693790.2,14750733.86,1.543254649871456,0.9583333333333314,77.57277160514779,13.596448123108546,-0.6670355691799937,2,-0.25921184600641006,0.21328820443873997,4.777957730673159,4.305457680228009
2026-01-14,INDUSINDBK,IndusInd Bank Ltd.,Financial Services,909.0775756835938,911.523594659873,947.3655654181244,903.5365313988884,942.97265625,3.7285135474734776,3.450164293537785,0.2690660337144386,11559313.0,3402121.0,3611049.5,3742864.86,3.201095138684751,0.8997717091780681,69.71076054359455,4.69461387278897,-1.5302254708034306,3,-0.25921184600641006,0.21328820443873997,3.9877253934798875,3.5152253430347375
2026-01-14,BANKINDIA,Bank of India,Financial Services,142.8922882080078,143.08595910157757,148.86711355649587,141.49783718551328,148.03431701660156,3.598534863622952,3.458311315865117,0.1355362812077258,16837377.0,6529818.6,6999424.2,7920928.5,2.405537444065756,0.8869907304367712,66.583818957678,2.1024570892593726,-3.706604496298736,4,-0.25921184600641006,0.21328820443873997,3.857746709629362,3.385246659184212
2026-01-14,INDIANB,Indian Bank,Financial Services,800.693115234375,802.8961800963958,832.1725403242491,791.6360507413854,828.7455444335938,3.503518222584864,3.219515172446635,0.2751447240027727,3279844.0,2091776.8,1917033.05,1988031.24,1.7108959076109824,0.915458987052888,60.40410465505557,0.655447274843954,-8.615963504788235,5,-0.25921184600641006,0.21328820443873997,3.762730068591274,3.290230018146124
2026-01-15,ABBOTINDIA,Abbott India Ltd.,Healthcare,27242.521484375,27242.521484375,27242.521484375,27242.521484375,27242.521484375,0.0,0.0,0.0,0.0,5685.6,7789.1,8477.86,0.0,0.5,40.64800935399751,-1.5632281229364906,-21.378661046728663,1,0.0,0.0,0.0,0.0
2026-01-15,MARICO,Marico Ltd.,Fast Moving Consumer Goods,746.3867797851562,746.3867797851562,746.3867797851562,746.3867797851562,746.3867797851562,0.0,0.0,0.0,0.0,1498258.0,1466906.25,1665838.5,0.0,0.5,56.69187395317008,-0.2769701567799671,-3.871792954924663,2,0.0,0.0,0.0,0.0
2026-01-15,NYKAA,FSN E-Commerce Ventures Ltd.,Consumer Services,254.8500061035156,254.8500061035156,254.8500061035156,254.8500061035156,254.8500061035156,0.0,0.0,0.0,0.0,4895878.0,5472173.3,6502922.96,0.0,0.5,45.35927143306675,-1.2620688466901318,-6.723517690913297,3,0.0,0.0,0.0,0.0
2026-01-15,NTPCGREEN,NTPC Green Energy Ltd.,Power,91.75,91.75,91.75,91.75,91.75,0.0,0.0,0.0,0.0,4229024.8,4199782.95,3722036.14,0.0,0.5,45.12196491420895,-1.0381555885128817,-19.595127938613963,4,0.0,0.0,0.0,0.0
2026-01-15,NMDC,NMDC Ltd.,Metals & Mining,81.37625122070312,81.37625122070312,81.37625122070312,81.37625122070312,81.37625122070312,0.0,0.0,0.0,0.0,35118611.6,30356658.8,22990535.76,0.0,0.5,56.32844353979582,2.661102773902333,-3.3095032216916573,5,0.0,0.0,0.0,0.0
2026-01-16,FEDERALBNK,Federal Bank Ltd.,Financial Services,246.00955200195312,246.65732271686736,277.4521096521174,246.607489913335,269.3298645019531,9.4794337497167,9.191919191919183,0.2633112046434228,66836048.0,7071180.8,7985256.8,7979123.02,8.369930945739904,0.7366722229370923,25.914151753926877,-5.20989989557497,-8.945037642049689,1,0.11201764399651254,0.04393441048663962,9.367416105720187,9.43549933923006
2026-01-16,ICICIAMC,ICICI Prudential Asset Management Company Ltd.,Financial Services,2711.106689453125,2784.433359215317,2944.9594105295096,2757.183566553957,2908.79150390625,7.291664884387168,4.466192170818496,2.7046766564905367,2826103.0,462681.4,,,,0.8073878627968332,64.04762354578986,,-0.4728992360858387,2,0.11201764399651254,0.04393441048663962,7.179647240390655,7.247730473900528
2026-01-16,OFSS,Oracle Financial Services Software Ltd.,Information Technology,7321.2548828125,7373.264886428216,7787.886479685732,7336.323220440442,7737.82080078125,5.689815812131976,4.944294284395811,0.7103973901771398,381617.0,82986.2,95956.15,103459.8,3.976993658040678,0.889128094725513,39.45110428254829,-2.056159394788118,-23.13809907922443,3,0.11201764399651254,0.04393441048663962,5.577798168135463,5.645881401645337
2026-01-16,GROWW,Billionbrains Garage Ventures Ltd.,Financial Services,164.33999633789062,167.0,179.77999877929688,166.64999389648438,173.22999572753906,5.409516604448614,3.7305363637958457,1.6185978589413403,190164176.0,38900166.6,56228689.85,,3.381977714709282,0.5011423750244047,48.28912035537823,2.839440046914214,-15.201241615047527,4,0.11201764399651254,0.04393441048663962,5.297498960452101,5.365582193961974
2026-01-16,AUBANK,AU Small Finance Bank Ltd.,Financial Services,975.4027099609376,974.5535414139656,1028.950663653195,967.6102723117282,1024.4051513671875,5.023816409963883,5.115327976838802,-0.0870582517661759,7202895.0,1994498.2,2026985.65,2119974.24,3.5535007364260327,0.9258969141441594,50.569998859903,-1.4536984173854173,-4.913333186207774,5,0.11201764399651254,0.04393441048663962,4.9117987659673705,4.979881999477244
2026-01-19,JSWINFRA,JSW Infrastructure Ltd.,Services,256.92510986328125,264.203144356704,278.9087910708979,261.51125109293366,271.9298400878906,5.840118247918202,2.924528301886792,2.832745502102012,10923909.0,1215039.0,984555.65,1042121.72,11.095268205509765,0.59885414881375,14.48092503943856,-6.788316919425756,-26.160456571923035,1,-0.42363247573810725,-0.4398177589318734,6.263750723656309,6.279936006850075
2026-01-19,POWERINDIA,Hitachi Energy India Ltd.,Capital Goods,16210.1298828125,16265.117048764112,17135.909165641213,16196.13351711713,16959.951171875,4.625634060202879,4.271928207019476,0.3392148388022146,262806.0,256476.2,170772.75,150996.86,1.538922339776106,0.8127659574468067,29.977924127300227,-10.660757779783072,-29.01050325425764,2,-0.42363247573810725,-0.4398177589318734,5.049266535940986,5.065451819134752
2026-01-19,POLYCAB,Polycab India Ltd.,Capital Goods,7087.869140625,7148.581363434225,7405.362984285744,7123.201784629133,7382.96923828125,4.163452961692637,3.2788026453184798,0.8565652328602572,1189009.0,635466.2,416500.2,308612.8,2.8547621345680025,0.9206349206349184,35.131879107775376,-6.170744366333926,-10.39884480122186,3,-0.42363247573810725,-0.4398177589318734,4.587085437430744,4.6032707206245105
2026-01-19,POLICYBZR,PB Fintech Ltd.,Financial Services,1620.0,1620.0,1685.0,1609.699951171875,1681.4000244140625,3.7901249638310186,3.7901249638310186,0.0,2218140.0,1136479.2,1078836.9,1306159.18,2.056047582354664,0.9521915902849604,3.292431756895766,-9.299592218114364,-17.933130699088146,4,-0.42363247573810725,-0.4398177589318734,4.213757439569126,4.229942722762892
2026-01-19,BANKINDIA,Bank of India,Financial Services,152.3629150390625,152.6147042276738,159.14149087919796,152.0336778921628,157.89230346679688,3.629090731374338,3.458119757090932,0.1652562164137805,35194066.0,9687022.6,7864750.75,7790684.58,4.474911808234991,0.8242515082093974,80.44010206500586,7.404080772854146,-0.15230707600917,5,-0.42363247573810725,-0.4398177589318734,4.052723207112446,4.068908490306211
2026-01-20,JKCEMENT,J.K. Cement Ltd.,Construction Materials,5763.54833984375,5818.344291033693,6082.361626157653,5763.548240347588,5869.6533203125,1.840966262662187,0.8818493150684938,0.9507329158868144,546446.0,79106.4,101566.15,100647.64,5.380198028575466,0.3328124999999995,59.89214200541033,1.627625763417064,-23.534462656472595,1,-1.3796877137441128,-2.485777688982255,3.2206539764063,4.326743951644442
2026-01-20,DALBHARAT,Dalmia Bharat Ltd.,Construction Materials,2150.796875,2137.6351392619304,2209.125816986384,2123.7758542972606,2184.996337890625,1.5900833448358531,2.215588514560405,-0.61194694352853,1166469.0,329586.2,297665.15,235994.08,3.918728813231915,0.7172877604686562,55.35716994301164,1.7850579682236565,-13.425814996941291,2,-1.3796877137441128,-2.485777688982255,2.969771058579966,4.075861033818108
2026-01-20,GODREJIND,Godrej Industries Ltd.,Diversified,997.2000122070312,997.2000122070312,1020.7000122070312,984.9000244140624,1004.7999877929688,0.7621315175394974,0.7621315175394974,0.0,250910.0,51985.0,86875.6,99704.0,2.888152714916501,0.5558650883901887,56.50640101959716,-1.2286967252542726,-24.73962172022405,3,-1.3796877137441128,-2.485777688982255,2.14181923128361,3.2479092065217525
2026-01-20,GICRE,General Insurance Corporation of India,Financial Services,350.4098205566406,351.08377065778706,354.69425787019173,348.96563578917505,352.1428527832031,0.4945729613997421,0.3016608040388147,0.1923319672022415,553291.0,341498.0,427430.25,511793.0,1.294459154446837,0.5546215039313954,23.056704212306272,-1.9458581053268096,-9.465173018281126,4,-1.3796877137441128,-2.485777688982255,1.8742606751438549,2.980350650381997
2026-01-20,MANKIND,Mankind Pharma Ltd.,Healthcare,2117.199951171875,2112.0,2134.89990234375,2087.0,2124.300048828125,0.335353193840765,0.5823886755741003,-0.2456051054127795,534187.0,286431.2,301673.35,459520.7,1.7707464050105852,0.7787082437129839,46.73812064336547,-4.046483274779118,-22.03075267434084,5,-1.3796877137441128,-2.485777688982255,1.7150409075848778,2.82113088282302
2026-01-21,KPRMILL,K.P.R. Mill Ltd.,Textiles,808.8093872070312,814.729803412445,894.5311482503148,800.0531243949899,854.7797241210938,5.683704670244567,4.915730410364535,0.7319915296554654,1018076.0,136792.6,248502.45,279938.26,4.096844920442434,0.579252163549771,18.348414314986883,-8.329672103874161,-35.33412999048562,1,-0.29723570791637766,-1.0131448191322872,5.980940378160945,6.696849489376854
2026-01-21,ITCHOTELS,ITC Hotels Ltd.,Consumer Services,178.42018127441406,179.0162769522219,188.05699208208588,177.03923399937247,186.09983825683597,4.304253547758926,3.9569370032785343,0.3340965542967453,9384918.0,3068566.8,1959113.35,2404661.28,4.790390510074366,0.8223636959028288,20.811554890148894,-7.344491899304691,-31.35463700987836,2,-0.29723570791637766,-1.0131448191322872,4.601489255675304,5.317398366891213
2026-01-21,BHARTIHEXA,Bharti Hexacom Ltd.,Telecommunication,1577.4442138671875,1582.7854566397384,1633.7249976372568,1565.0803535467087,1627.69140625,3.185354635117578,2.8371469690906275,0.3386010564174929,182578.0,200389.0,184915.15,163780.14,0.9873609598780848,0.9121039745023952,5.492356019015105,-8.527509581928765,-21.88677907659628,3,-0.29723570791637766,-1.0131448191322872,3.4825903430339555,4.198499454249865
2026-01-21,RADICO,Radico Khaitan Ltd,Fast Moving Consumer Goods,2747.404296875,2753.690266183098,2845.686100516226,2694.0226056780543,2826.12939453125,2.865435485625281,2.630620053306124,0.2287966614614574,654467.0,411094.0,404502.85,439344.76,1.6179539896937687,0.8710519891036181,20.09799047336068,-11.223952412798138,-23.341400076936463,4,-0.29723570791637766,-1.0131448191322872,3.1626711935416587,3.878580304757568
2026-01-21,GROWW,Billionbrains Garage Ventures Ltd.,Financial Services,156.97999572753906,156.8000030517578,162.3000030517578,155.75999450683594,161.27000427246094,2.732837725621926,2.8507660291483736,-0.1146596258631913,44370489.0,78656187.6,51558713.85,,0.860581765656282,0.8425080376849601,50.962220972677,-2.3883722791767457,-18.99897148834683,5,-0.29723570791637766,-1.0131448191322872,3.0300734335383037,3.745982544754213
2026-01-22,WAAREEENER,Waaree Energies Ltd.,Capital Goods,2417.101318359375,2562.986715929157,2737.849357366819,2557.990640459509,2639.62646484375,9.206281292147718,2.9902515076754423,6.035551611415397,9970347.0,1176077.6,1284895.4,1012521.76,7.759656544805126,0.4538886176215289,13.78802326821416,-11.051294559632934,-37.37756411651404,1,0.52628596094604,1.2195534746999022,8.679995331201678,7.986727817447816
2026-01-22,BANKINDIA,Bank of India,Financial Services,152.4984893798828,155.907136395073,163.07304855496054,155.907136395073,161.1556854248047,5.6769060992835705,3.366458490028143,2.2352005118549343,42718644.0,18024748.2,10716440.75,8415243.5,3.986271654606965,0.7324327891027429,65.9762378950426,5.573301710522684,-4.748082217011885,2,0.52628596094604,1.2195534746999022,5.150620138337531,4.4573526245836685
2026-01-22,RADICO,Radico Khaitan Ltd,Fast Moving Consumer Goods,2826.12939453125,2842.8922714193754,2994.0568742907494,2694.022625430432,2980.187744140625,5.451213589423338,4.829429313995842,0.5931390445378312,1014149.0,398296.2,422327.2,448671.12,2.401334794443739,0.9537748433626948,27.643430446035893,-8.030007551965358,-21.14479735195749,3,0.52628596094604,1.2195534746999022,4.924927628477298,4.231660114723436
2026-01-22,INDIANB,Indian Bank,Financial Services,832.8088989257812,841.7681013502166,889.0606318171523,836.3828221927339,878.0452880859375,5.4317850371802585,4.309641417574672,1.075781303008604,5457242.0,1222971.0,2038580.35,1914183.12,2.6769815572881392,0.7908921458627105,55.90265592138208,2.041300745935699,-4.95055175952961,4,0.52628596094604,1.2195534746999022,4.905499076234219,4.212231562480357
2026-01-22,APLAPOLLO,APL Apollo Tubes Ltd.,Capital Goods,1871.390869140625,1891.7126012022195,1976.3864143155365,1879.3601617923737,1968.4171142578125,5.184712970291643,4.054765666140079,1.0859159567731882,1290138.0,342504.0,560005.5,505379.38,2.3037952305825566,0.9178644969739348,32.754694922953576,-1.9640107090127223,-5.773187906479929,5,0.52628596094604,1.2195534746999022,4.658427009345603,3.965159495591741
2026-01-23,GVT&D,GE Vernova T&D India Ltd.,Capital Goods,2643.85595703125,2653.432364171744,2758.1731153890496,2652.035918237313,2706.002197265625,2.350591002096732,1.981201171875005,0.3622136491598798,964232.0,779435.4,628758.55,999725.66,1.5335489274857574,0.5084577365573381,27.44020004026183,-8.624858302611578,-20.25994724176033,1,-0.9539381186706124,-1.7189802523858533,3.3045291207673446,4.069571254482586
2026-01-23,VOLTAS,Voltas Ltd.,Consumer Durables,1289.44921875,1293.9351061832592,1358.7315483264888,1290.944501161264,1311.2806396484375,1.693081090824268,1.3405257637952703,0.3478917485101018,1639531.0,653599.2,617072.7,774901.64,2.6569494971986285,0.3000003590303317,27.224255411117184,-8.330677152158266,-14.78358818770259,2,-0.9539381186706124,-1.7189802523858533,2.6470192094948803,3.4120613432101212
2026-01-23,NATIONALUM,National Aluminium Co. Ltd.,Metals & Mining,357.39752197265625,359.6031120532873,375.090980899478,358.1817439369227,363.3280334472656,1.6593599871302709,1.0358423687463385,0.6171251743597147,22954119.0,13485319.6,18771724.0,13434925.98,1.2228029242279506,0.3043478260869566,64.81004523917234,6.219179419067025,-2.591503036356829,3,-0.9539381186706124,-1.7189802523858533,2.613298105800883,3.378340239516124
2026-01-23,LGEINDIA,LG Electronics India Ltd.,Consumer Durables,1377.800048828125,1380.0,1408.0,1379.0999755859375,1399.9000244140625,1.604004558189298,1.4420307546422102,0.1596712943758528,778477.0,849636.4,1100826.95,1036695.74,0.7071747289617137,0.719724264938817,25.75760038260208,-4.25993626918694,-21.223553526122068,4,-0.9539381186706124,-1.7189802523858533,2.5579426768599105,3.3229848105751514
2026-01-23,SCHAEFFLER,Schaeffler India Ltd.,Automobile and Auto Components,3536.60107421875,3523.0128590363965,3599.384477883751,3496.1339196996537,3586.88720703125,1.421877439869534,1.8130603137317007,-0.3842167916932826,56939.0,39295.8,50974.7,53939.2,1.1170051025312555,0.8789617114687338,23.560630759595934,-5.706856318768976,-18.81375337068853,5,-0.9539381186706124,-1.7189802523858533,2.3758155585401464,3.1408576922553872
2026-01-27,JSL,Jindal Stainless Ltd.,Metals & Mining,741.916748046875,745.9448597216109,827.0042011446926,726.2519275659901,805.670166015625,8.593068984705274,8.006665039062511,0.5429331101286039,1538290.0,617721.6,876808.75,633101.62,1.7544190794172618,0.7882525686886604,22.291648375858912,-7.415048622629104,-15.61651652764677,1,0.5060152863462812,0.5262087293696819,8.087053698358993,8.066860255335593
2026-01-27,KPRMILL,K.P.R. Mill Ltd.,Textiles,844.6802978515625,865.6256061341857,928.8099560603048,848.0633176494191,895.9242553710938,6.066668969297596,3.5002025150595326,2.479672881668648,3656306.0,587949.0,358924.35,278525.58,10.1868429935166,0.5927297862002675,37.86692710642968,-2.8109627345094026,-32.46618152011455,2,0.5060152863462812,0.5262087293696819,5.5606536829513145,5.540460239927914
2026-01-27,MCX,Multi Commodity Exchange of India Ltd.,Financial Services,2276.422119140625,2379.170503450682,2440.021405216088,2295.3758190524195,2412.08984375,5.959691019897096,1.3836477987421272,4.513591018384864,6439930.0,3684033.2,2783180.8,2515770.62,2.313874111232731,0.8068965517241375,56.494520952267656,-0.1404709290238267,-8.683472844829145,3,0.5060152863462812,0.5262087293696819,5.453675733550814,5.433482290527414
2026-01-27,SAIL,Steel Authority of India Ltd.,Metals & Mining,149.02999877929688,150.5,157.0,149.0,155.55999755859375,4.381667337303916,3.3621246236503324,0.9863794086720052,40035179.0,26920910.2,25368037.95,18283058.62,1.578174042427274,0.8199996948242188,47.68447011501523,0.9938089934654823,-4.773163719299121,4,0.5060152863462812,0.5262087293696819,3.875652050957634,3.8554586079342337
2026-01-27,BDL,Bharat Dynamics Ltd.,Capital Goods,1403.0047607421875,1409.9798655432166,1479.7315196690297,1399.018891323446,1464.1868896484375,4.360792679982407,3.84452469357332,0.4971547493067184,1349065.0,1206526.0,1719184.45,1606559.4,0.784712193040136,0.8074077088155863,20.887728875819803,-5.7787442128325,-30.043769726512043,5,0.5060152863462812,0.5262087293696819,3.854777393636126,3.8345839506127253
2026-01-28,OIL,Oil India Ltd.,Oil Gas & Consumable Fuels,440.89166259765625,447.23153801625415,488.0229859891653,446.74007478766487,482.12542724609375,9.352357539604036,7.802197802197801,1.4379667288885587,29364980.0,2285449.2,3128052.25,2243726.0,9.387624519379433,0.8571428571428568,60.11434940151219,3.791975997794209,-4.053478226177357,1,0.6647346488174181,1.6186751125661116,8.687622890786617,7.733682427037924
2026-01-28,MOTILALOFS,Motilal Oswal Financial Services Ltd.,Financial Services,726.2380981445312,757.8827207365343,802.3239990578677,747.0699718372879,783.8233642578125,7.929254367184273,3.422778064667872,4.357334415923933,7093909.0,1233719.4,981275.75,1081539.56,7.229271690449907,0.6651712874032015,26.154728718583627,-11.054958244564563,-33.26953284496004,2,0.6647346488174181,1.6186751125661116,7.264519718366855,6.310579254618161
2026-01-28,MCX,Multi Commodity Exchange of India Ltd.,Financial Services,2412.08984375,2481.918753615503,2598.632778604657,2452.9896363104995,2586.662109375,7.237386537542815,4.220257234726692,2.8949547649080265,7308758.0,4321339.8,2991060.55,2600271.32,2.443533949856014,0.917808219178082,61.81318496485422,5.279660553461682,-3.2412899762805347,3,0.6647346488174181,1.6186751125661116,6.572651888725397,5.618711424976703
2026-01-28,BDL,Bharat Dynamics Ltd.,Capital Goods,1464.1868896484375,1467.7740696220642,1569.910418662296,1467.0766017469252,1564.429931640625,6.84632834106694,6.585200271554643,0.2449946792303268,2537859.0,1324722.0,1691949.45,1458114.52,1.4999614793456153,0.9467054011407424,37.41823691388285,-1.6558015901191891,-26.993123557554146,4,0.6647346488174181,1.6186751125661116,6.181593692249522,5.227653228500828
2026-01-28,COCHINSHIP,Cochin Shipyard Ltd.,Capital Goods,1517.8660888671875,1520.855713226413,1626.391824711577,1520.7560811947712,1617.3231201171875,6.55242461633929,6.342969030646844,0.1969623263312153,1844824.0,813679.0,632577.45,731136.68,2.916360676467364,0.91415117371757,35.3445346602917,-2.065612026827335,-26.928449314302554,5,0.6647346488174181,1.6186751125661116,5.887689967521872,4.9337495037731784
2026-01-29,GVT&D,GE Vernova T&D India Ltd.,Capital Goods,2897.827392578125,3048.4544802461705,3189.804562379864,2978.926624086864,3150.102783203125,8.705673473552089,3.3344208882117248,5.197931666110602,2761697.0,786028.4,641659.55,1014833.44,4.303991111797525,0.8117309970966424,39.300967609263566,1.8085479245611549,-12.600038381848746,1,0.3004819548983437,0.10577897391028,8.405191518653746,8.59989449964181
2026-01-29,NATIONALUM,National Aluminium Co. Ltd.,Metals & Mining,398.126708984375,403.76315173276544,422.9759712413905,403.4200597940055,420.3783264160156,5.5890792879494855,4.115079499440579,1.4157409239809746,39396481.0,17041585.6,18981916.7,14013854.66,2.0754743381631213,0.8671683070173541,69.82601225848111,14.374613678315749,-0.4290267286554896,2,0.3004819548983437,0.10577897391028,5.2885973330511415,5.483300314039205
2026-01-29,NLCINDIA,NLC India Ltd.,Power,251.1000061035156,252.0,266.95001220703125,245.0,264.3999938964844,5.296689553836908,4.920632498604911,0.3584204996448123,3308564.0,1084457.2,1864005.05,1368454.24,1.7749758778818758,0.883826109685259,36.10653509800654,-1.290043775730666,-12.84172401986842,3,0.3004819548983437,0.10577897391028,4.996207598938564,5.190910579926627
2026-01-29,OIL,Oil India Ltd.,Oil Gas & Consumable Fuels,482.12542724609375,484.53363966032856,511.1217900072851,484.53363966032856,505.96142578125,4.94394138705933,4.422352622604884,0.4994991506651182,20563028.0,7769075.6,4532429.35,2792072.2,4.536866746748077,0.8059148846875022,74.27610816508536,12.470334421758492,-1.2084592145015138,4,0.3004819548983437,0.10577897391028,4.643459432160986,4.83816241314905
2026-01-29,APARINDS,Apar Industries Ltd.,Capital Goods,7385.857421875,7476.542961770021,7821.844146208983,7405.2903364096,7668.376953125,3.8251419586472144,2.565811396201267,1.2278268414230953,202012.0,78024.4,60013.4,53099.42,3.366114901005442,0.6315789473684212,31.25453742550866,-3.69047030512208,-25.17415299817212,5,0.3004819548983437,0.10577897391028,3.524660003748871,3.7193629847369345
2026-01-30,IDEA,Vodafone Idea Ltd.,Telecommunication,10.050000190734863,9.960000038146973,11.380000114440918,9.859999656677246,11.170000076293944,11.144277256746866,12.148594713982446,-0.8955238893513866,656772821.0,589391595.4,552567915.5,562986172.9,1.188582982429786,0.8618421217741349,21.78989397894827,-7.129324656658191,-21.484374679857872,1,-0.3865234077404724,0.03374659272599103,11.530800664487339,11.110530664020875
2026-01-30,AUROPHARMA,Aurobindo Pharma Ltd.,Healthcare,1150.5999755859375,1190.0,1219.0,1174.0,1207.699951171875,4.962626177430572,1.4873908547794117,3.4243025595405765,8127226.0,596550.4,828180.65,786846.5,9.813349297644178,0.7488878038194444,28.65057832506673,-2.0461688987629447,-9.458614150434652,2,-0.3865234077404724,0.03374659272599103,5.349149585171044,4.928879584704581
2026-01-30,BLUESTARCO,Blue Star Ltd.,Consumer Durables,1724.044921875,1691.7034448632746,1813.1080450240509,1690.8078128622567,1808.032958984375,4.871568950653158,6.876472024356625,-1.8759068630620208,1269386.0,464788.0,346376.25,291833.04,3.6647605024882624,0.9585030547369536,32.9666277674481,-2.336864889166784,-15.073527296014428,3,-0.3865234077404724,0.03374659272599103,5.25809235839363,4.837822357927167
2026-01-30,RADICO,Radico Khaitan Ltd,Fast Moving Consumer Goods,2695.31982421875,2694.022607933875,2842.692744445781,2688.9338011232794,2821.839111328125,4.694036157510442,4.744448061342599,-0.0481284734085704,626081.0,844247.8,540643.0,508741.74,1.1580303453480392,0.8643745029262005,28.279517760142795,-9.069639276409289,-24.794670990176527,4,-0.3865234077404724,0.03374659272599103,5.080559565250914,4.660289564784451
2026-01-30,APARINDS,Apar Industries Ltd.,Capital Goods,7668.376953125,7554.272916265569,8016.667564791025,7369.414710874465,7966.34228515625,3.885637519551303,5.454785304399441,-1.487981584068215,131711.0,95952.2,68587.7,55323.18,1.9203297384224869,0.9222478829869126,39.127639808338174,0.4323383931754794,-22.31195812859203,5,-0.3865234077404724,0.03374659272599103,4.272160927291775,3.8518909268253116
2026-02-02,MEDANTA,Global Health Ltd.,Healthcare,1053.4263916015625,1114.604758001644,1149.292408834466,1049.72773916188,1139.7957763671875,8.198900792139305,2.2600853068946125,5.807559682178637,251850.0,172346.0,142883.05,182171.2,1.762630346986574,0.9046184505155522,27.34725112393781,-6.834879666451334,-27.62242988330404,1,-0.917235522852094,-1.1239677112615158,9.1161363149914,9.322868503400821
2026-02-02,HINDPETRO,Hindustan Petroleum Corporation Ltd.,Oil Gas & Consumable Fuels,406.0792846679688,417.4438172408308,432.7074417644486,412.2608263843703,431.0431823730469,6.147542770001156,3.257771362408371,2.798599436598749,12394412.0,5497412.0,5012288.3,4066837.34,2.4728050858527038,0.91860465116279,38.97618392585989,-4.705580236864072,-16.019275496935844,2,-0.917235522852094,-1.1239677112615158,7.06477829285325,7.271510481262672
2026-02-02,ESCORTS,Escorts Kubota Ltd.,Capital Goods,3326.196044921875,3441.30628515496,3454.2930409149785,3338.297366693796,3444.749755859375,3.5642430372826857,0.1000628952810609,3.460717248125659,88940.0,109727.0,89301.9,89323.08,0.995947454645422,0.917727233194867,21.97032264341337,-7.645569427358964,-19.119611776140854,3,-0.917235522852094,-1.1239677112615158,4.4814785601347795,4.6882107485442015
2026-02-02,CRISIL,CRISIL Ltd.,Financial Services,4609.650390625,4547.287366519592,4787.252696762777,4464.070134525892,4768.67236328125,3.4497621116704464,4.86850684633775,-1.3528796941355987,71940.0,30450.8,60339.15,57835.1,1.192260746132486,0.94250824254587,45.97113102457845,0.2918957218670776,-23.63057259745677,4,-0.917235522852094,-1.1239677112615158,4.366997634522541,4.573729822931963
2026-02-02,PAYTM,One 97 Communications Ltd.,Financial Services,1137.5,1174.0,1185.0,1147.699951171875,1171.4000244140625,2.980221926510989,-0.2214629970985945,3.208791208791209,2484739.0,7876239.8,3733733.25,4111148.4,0.6654838023043023,0.6353898717772498,32.29434777216477,-10.18909722973786,-17.67984080151905,5,-0.917235522852094,-1.1239677112615158,3.897457449363083,4.104189637772505
2026-02-03,APARINDS,Apar Industries Ltd.,Capital Goods,8134.25927734375,9416.806174258618,9761.110797064728,9169.664216354377,9725.2353515625,19.558954539967463,3.275305571723363,15.767224195657612,973633.0,110834.4,76590.7,57722.82,12.712156959004162,0.9393428812131434,55.7330612317764,6.837606960938008,-17.59212161921104,1,2.5475932330218902,2.9200893740589673,17.011361306945574,16.638865165908495
2026-02-03,KPRMILL,K.P.R. Mill Ltd.,Textiles,854.7300415039062,1025.6760626117348,1025.6760626117348,969.6558747270636,984.0340576171876,15.128053284025151,-4.05995679459575,20.000001498373365,4445582.0,1295980.4,604061.45,367530.24,7.359486356892996,0.2566607402267941,55.31298956502223,-0.382116779636885,-31.66268513774003,2,2.5475932330218902,2.9200893740589673,12.58046005100326,12.207963909966184
2026-02-03,BALKRISIND,Balkrishna Industries Ltd.,Automobile and Auto Components,2285.847900390625,2513.7549997617352,2742.957636013549,2398.45615705391,2562.983642578125,12.123979996225502,1.9583707569375643,9.970352766348258,2320342.0,248262.8,156141.1,170109.18,14.860546006144444,0.4775813619757806,28.350578947518912,-4.101848991938095,-17.71459854140666,3,2.5475932330218902,2.9200893740589673,9.576386763203612,9.203890622166535
2026-02-03,WAAREEENER,Waaree Energies Ltd.,Capital Goods,2792.90625,3065.5919417222835,3192.4922600399923,3014.931784695487,3099.96484375,10.99423203875891,1.1212484466672163,9.763510383575658,8624667.0,1318395.2,2000231.95,1265687.92,4.311833435117363,0.4788963247002508,65.96896854340169,6.418386766365384,-27.641182750284575,4,2.5475932330218902,2.9200893740589673,8.446638805737019,8.074142664699941
2026-02-03,GODREJPROP,Godrej Properties Ltd.,Realty,1552.59521484375,1604.245509153657,1734.7148311659985,1602.4541194211652,1691.22509765625,8.928913440355503,5.421837742807858,3.326707039677752,3763783.0,2197662.0,1598004.35,898791.26,2.3553020991463507,0.671181767162633,14.607607655278102,-13.299843100572978,-35.209103963435034,5,2.5475932330218902,2.9200893740589673,6.381320207333612,6.008824066296535
2026-02-04,LLOYDSME,Lloyds Metals And Energy Ltd.,Metals & Mining,1168.0018310546875,1254.250395221035,1327.2067927119797,1254.250395221035,1284.732177734375,9.99402086333048,2.4302788844621617,7.384283301034414,5236292.0,408274.4,311505.85,479979.34,16.809610477620247,0.4178082191780837,39.41213007994504,-2.3299805333077,-27.500006629743524,1,0.1883164828317406,0.6042583418971056,9.805704380498739,9.389762521433374
2026-02-04,DIXON,Dixon Technologies (India) Ltd.,Consumer Durables,11031.0,11032.0,11713.0,10926.0,11678.0,5.86528873175596,5.855692530819434,0.0090653612546459,1509099.0,1147629.4,782177.6,642818.14,1.929355941668491,0.9555273189326556,46.16524638731148,0.6873134532708933,-40.27935682962482,2,0.1883164828317406,0.6042583418971056,5.67697224892422,5.261030389858854
2026-02-04,TIINDIA,Tube Investments of India Ltd.,Automobile and Auto Components,2499.8193359375,2506.509677592548,2654.203915257728,2454.8816186509675,2633.732421875,5.356910557989543,5.075693320468137,0.2676330068684173,858431.0,737487.4,447351.95,412344.26,1.9189164146931736,0.8972945138038623,58.52191108284493,5.766621324386249,-26.8019445929424,3,0.1883164828317406,0.6042583418971056,5.168594075157802,4.752652216092437
2026-02-04,NMDC,NMDC Ltd.,Metals & Mining,79.24115753173828,79.27997797628215,83.84131526859647,79.24115717070912,83.34635925292969,5.180643303383294,5.129140270276128,0.0489902542480206,73789115.0,40351405.6,29122012.6,24360000.8,2.533791740753522,0.8924045641183294,48.89618358732481,0.2369339956348092,-5.84640147342287,4,0.1883164828317406,0.6042583418971056,4.992326820551554,4.5763849614861885
2026-02-04,NLCINDIA,NLC India Ltd.,Power,251.5,254.0,268.3999938964844,252.0,264.3500061035156,5.109346363226889,4.074805552565207,0.9940357852882704,4520672.0,2031507.4,1691328.4,1491215.12,2.672852888888994,0.753049432912476,49.797595652701176,-0.9264334661666196,-12.70288380651621,5,0.1883164828317406,0.6042583418971056,4.921029880395149,4.505088021329783
2026-02-05,POLICYBZR,PB Fintech Ltd.,Financial Services,1439.9000244140625,1439.0,1583.800048828125,1412.300048828125,1552.800048828125,7.840823841919499,7.908273024887075,-0.0625060350581455,14233176.0,4772493.2,2224482.55,1635845.26,6.398421062012827,0.8192419825072886,30.834618065997603,-12.390860085374651,-27.0567363518712,1,-0.516756745616077,-0.3204254158712844,8.357580587535576,8.161249257790784
2026-02-05,JUBLFOOD,Jubilant Foodworks Ltd.,Consumer Services,515.1349487304688,514.536686598175,545.9473564195753,514.4868405645229,543.5541381835938,5.516843600528959,5.639530152313464,-0.1161369722182715,6629518.0,1499884.4,1908740.8,1784610.44,3.473241626102402,0.9239294661598124,42.29367290612388,0.9452556987096692,-28.019944368643618,2,-0.516756745616077,-0.3204254158712844,6.033600346145036,5.837269016400243
2026-02-05,ANTHEM,Anthem Biosciences Ltd.,Healthcare,603.7259521484375,609.4111641470842,637.3383533387672,594.5000277426651,633.3487548828125,4.906663798194925,3.927986906710312,0.9416875286568488,879172.0,211269.2,184599.5,323398.92,4.762591447972502,0.9068684781573788,41.83008925462224,-1.2222799733872332,-30.704064960382155,3,-0.516756745616077,-0.3204254158712844,5.423420543811003,5.2270892140662095
2026-02-05,PAGEIND,Page Industries Ltd.,Textiles,33978.71484375,34003.39194352378,35824.47345689972,33470.39247619423,35177.96484375,3.529415416429702,3.454281567489123,0.0726251710438536,64590.0,24081.8,23474.15,29746.0,2.7515373293601684,0.7253668763102739,47.75966920951976,1.8981009150773016,-30.27587736250046,4,-0.516756745616077,-0.3204254158712844,4.046172162045779,3.8498408323009863
2026-02-05,ESCORTS,Escorts Kubota Ltd.,Capital Goods,3541.65869140625,3541.6585944993003,3664.836403567644,3514.1108309288597,3654.112548828125,3.175174888950807,3.175177712032484,-2.73620238811727e-06,168164.0,224317.2,112905.3,99024.02,1.48942520855974,0.9288517897011512,44.83509450704233,-0.2240946203452656,-13.880382861176018,5,-0.516756745616077,-0.3204254158712844,3.691931634566884,3.495600304822091
2026-02-06,POWERINDIA,Hitachi Energy India Ltd.,Capital Goods,19194.416015625,20895.01107881156,22071.730123776208,20551.09319311245,21865.779296875,13.917398055118774,4.645933014354056,8.859842684467221,993958.0,172515.4,223554.3,158734.64,4.446159165804461,0.8645627876397092,67.71615580731746,8.75278398426703,-15.941331554511828,1,0.19849016468285677,-0.021204161252080342,13.718907890435917,13.938602216370855
2026-02-06,GODFRYPHLP,Godfrey Phillips India Ltd.,Fast Moving Consumer Goods,1953.426025390625,1951.4549065035037,2197.357936388667,1936.3754341017925,2156.751953125,10.408683261692293,10.520204486268932,-0.1009057349242382,7290096.0,378762.8,448649.0,639747.22,16.248996431508818,0.8444110892191827,30.069934576636243,-5.019766881183855,-49.50141264359157,2,0.19849016468285677,-0.021204161252080342,10.210193097009435,10.429887422944374
2026-02-06,MRF,MRF Ltd.,Automobile and Auto Components,134732.171875,134732.1603596241,148807.3138090625,133504.32782467312,146196.921875,8.509289088456624,8.509298362599106,-8.546864298163135e-06,64381.0,7833.6,6469.15,4964.74,9.95200296793242,0.8294194390084806,31.80194255225604,-4.066689059816004,-17.498372718672847,3,0.19849016468285677,-0.021204161252080342,8.310798923773767,8.530493249708705
2026-02-06,LICI,Life Insurance Corporation of India,Financial Services,410.258056640625,414.0198778734692,443.3571700490867,414.0198778734692,440.5968627929688,7.395054322825823,6.419253359526341,0.9169402457681608,31639860.0,2112959.2,1809601.2,1961324.44,17.484438007667105,0.9059113145277924,54.83869322872585,2.124578365385381,-12.988572329591957,4,0.19849016468285677,-0.021204161252080342,7.196564158142966,7.416258484077903
2026-02-06,NYKAA,FSN E-Commerce Ventures Ltd.,Consumer Services,258.2900085449219,264.79998779296875,278.5,263.5,276.989990234375,7.239916787644854,4.603475454438798,2.5204146628516053,57686215.0,7070147.0,5114635.1,5378272.16,11.2786570052671,0.8993326822916666,53.86169933359519,4.762777114146616,-5.464458168902876,5,0.19849016468285677,-0.021204161252080342,7.041426622961997,7.261120948896934
2026-02-09,KALYANKJIL,Kalyan Jewellers India Ltd.,Consumer Durables,378.7047729492188,403.3541797428457,441.1499724465447,393.59401668674,435.5727233886719,15.016433512729629,7.987655828028552,6.508871436096802,73673179.0,4772277.4,7728666.25,4521210.1,9.53245703940185,0.8827223852666881,21.080520221429552,-8.808575067030699,-38.260849440303154,1,0.6756581098813288,1.5740993201204252,14.3407754028483,13.442334192609204
2026-02-09,GODREJPROP,Godrej Properties Ltd.,Realty,1691.623291015625,1712.7212321769316,1812.6382882635364,1707.0487002801028,1792.7344970703125,5.977170365985081,4.6717039171448285,1.247200914846693,3904447.0,1790376.8,1861091.6,1015570.18,2.097933814756888,0.811498542864409,34.9888978933223,-0.8969846198066181,-29.40736404868069,2,0.6756581098813288,1.5740993201204252,5.301512256103752,4.403071045864655
2026-02-09,TATAINVEST,Tata Investment Corporation Ltd.,Financial Services,619.5547485351562,619.803463825246,662.582836127791,619.803463825246,653.0818481445312,5.41148295427398,5.369183339812392,0.0401441988263042,1119361.0,434487.8,386994.1,446638.32,2.892449781534137,0.7779072606286345,37.812855556056846,-1.9985828835890804,-47.43394750197509,3,0.6756581098813288,1.5740993201204252,4.735824844392651,3.837383634153555
2026-02-09,AIAENG,AIA Engineering Ltd.,Capital Goods,3868.159423828125,3890.276281905499,4184.271247054556,3835.581976466676,4055.156494140625,4.834264822710908,4.238264850288877,0.5717669737481054,84312.0,48507.6,65665.7,65069.8,1.2839579871987965,0.6297140066964286,46.28174547617163,-0.8709893002667844,-7.68883527137125,4,0.6756581098813288,1.5740993201204252,4.158606712829579,3.260165502590483
2026-02-09,VOLTAS,Voltas Ltd.,Consumer Durables,1430.506103515625,1435.490437311263,1501.2837490213624,1426.9173937593714,1498.1934814453125,4.731708432654595,4.368057250976567,0.3484314945170889,769229.0,627743.0,693621.45,659272.56,1.1090040540124588,0.9584453538812956,53.30161091335927,3.7426881657528006,-5.461498254762156,5,0.6756581098813288,1.5740993201204252,4.056050322773267,3.15760911253417
2026-02-10,SWIGGY,Swiggy Ltd.,Consumer Services,333.70001220703125,335.04998779296875,359.0,333.1000061035156,355.75,6.607727595553305,6.178186229280517,0.4045476585418762,31081429.0,11769031.6,13742655.95,12771413.34,2.2616755533343613,0.8745173449465118,49.95297478297032,1.8255093029876108,-29.59915354282041,1,0.26229876069706126,0.3939924568965517,6.345428834856244,6.213735138656753
2026-02-10,TATACOMM,Tata Communications Ltd.,Telecommunication,1559.4197998046875,1569.726024082387,1672.788843845372,1565.7620694761183,1661.6898193359375,6.558209633099375,5.8585889411695,0.6609012069098011,507715.0,196051.2,375678.8,280749.84,1.3514603432506709,0.896296748408565,24.554286373124683,-3.206260004388489,-21.47704435016594,2,0.26229876069706126,0.3939924568965517,6.295910872402314,6.164217176202824
2026-02-10,BSE,BSE Ltd.,Financial Services,2977.25634765625,3101.82811659834,3180.0220141637446,3061.933221208008,3165.859375,6.3347930215086015,2.0643071116358582,4.184112968309062,17810099.0,4883680.6,4298759.55,3956364.32,4.143078670217784,0.8800678810473302,65.58881625858689,6.64480374681674,-0.420317367343579,3,0.26229876069706126,0.3939924568965517,6.07249426081154,5.94080056461205
2026-02-10,UBL,United Breweries Ltd.,Fast Moving Consumer Goods,1522.7640380859375,1535.0765233240447,1618.9794768951197,1519.3881119246732,1608.2557373046875,5.614244694549666,4.767137850703428,0.8085615978680192,158265.0,197358.8,140451.45,119026.1,1.1268306592776365,0.8923225965060885,55.22614511457307,3.3266462691827794,-26.94315891785505,4,0.26229876069706126,0.3939924568965517,5.351945933852605,5.220252237653114
2026-02-10,GLAXO,Glaxosmithkline Pharmaceuticals Ltd.,Healthcare,2453.73876953125,2487.089751313689,2608.5968238354385,2478.508389609695,2557.7900390625,4.240519440100277,2.8426914513827506,1.359190399425056,356548.0,71360.4,67954.55,82824.18,5.246859849708371,0.6094442593968575,64.90891110032295,5.472077480422135,-27.06666956096731,5,0.26229876069706126,0.3939924568965517,3.9782206794032158,3.8465269832037254
2026-02-11,SJVN,SJVN Ltd.,Power,71.3060073852539,71.50190355273644,76.84985325048977,70.43427597705573,75.7920150756836,6.29120582532769,5.999996237558868,0.2747260359483284,26862506.0,3786381.4,4899738.7,8048445.48,5.482436440947351,0.8351141090316953,52.88628446130467,-1.1124857389663452,-28.00405444345884,1,0.07209990483324658,0.020798043918201232,6.219105920494444,6.270407781409489
2026-02-11,LAURUSLABS,Laurus Labs Ltd.,Healthcare,965.3887939453124,967.0372249112788,1015.7387380460152,960.9932544504734,1012.641845703125,4.894717242853069,4.715911613022982,0.1707530661537498,2286558.0,1219285.4,2233232.9,1719026.46,1.023877984244277,0.9434310898453292,36.10048567069439,-4.027694318741107,-15.306752702959026,2,0.07209990483324658,0.020798043918201232,4.822617338019823,4.873919198934868
2026-02-11,NAM-INDIA,Nippon Life India Asset Management Ltd.,Financial Services,901.062255859375,902.1503459204816,942.212943518924,899.1827460983747,939.9872436523438,4.319899933644941,4.194078947368412,0.1207563688336692,1231395.0,703104.6,935618.5,955826.52,1.3161293839315915,0.948275862068965,61.68988182393485,4.087397037150893,-9.722493637981842,3,0.07209990483324658,0.020798043918201232,4.247800028811695,4.29910188972674
2026-02-11,SUPREMEIND,Supreme Industries Ltd.,Capital Goods,3664.78515625,3673.9203482820008,3838.754747566285,3629.435113982499,3822.37060546875,4.299991472897136,4.040649853940562,0.2492695108312533,597885.0,262530.2,296596.25,264495.72,2.015821171036384,0.9217266826956472,75.73652783088114,4.102967492435442,-20.654695153474385,4,0.07209990483324658,0.020798043918201232,4.22789156806389,4.279193428978934
2026-02-11,ASTRAL,Astral Ltd.,Capital Goods,1529.7938232421875,1537.5816920750442,1596.2894054329947,1534.3867658819215,1589.599853515625,3.9094176852333504,3.383115297788156,0.5090796363886073,1584163.0,674044.6,444323.15,471430.46,3.5653397757915606,0.891934302545363,68.81547014771573,5.4290167748292255,-3.846886368092103,5,0.07209990483324658,0.020798043918201232,3.8373177804001037,3.8886196413151493
2026-02-12,LENSKART,Lenskart Solutions Ltd.,Consumer Services,467.6000061035156,516.0999755859375,532.4000244140625,500.6499938964844,513.0,9.709151690308978,-0.6006540849799581,10.372106255209314,40337888.0,1618518.8,1515912.4,2698192.9,26.609643142967894,0.3889761963119422,61.74446199653556,4.107180779442595,-5.535352302320075,1,-0.5650429236209615,-0.5007958990349216,10.27419461392994,10.2099475893439
2026-02-12,MFSL,Max Financial Services Ltd.,Financial Services,1734.0999755859375,1743.0,1821.0,1738.5,1813.5,4.578745489413545,4.044750430292599,0.5132359459872121,1536113.0,727471.0,604730.55,612673.0,2.5401610684295672,0.9090909090909092,66.5221161240448,4.66088275445708,-1.9174221953655264,2,-0.5650429236209615,-0.5007958990349216,5.143788413034507,5.079541388448466
2026-02-12,HUDCO,Housing & Urban Development Corporation Ltd.,Financial Services,189.15391540527344,187.94012007540755,198.64879389031972,187.45069267937785,197.6601409912109,4.496986259952594,5.171871185302749,-0.6416971741056803,22244997.0,2708313.4,4286862.4,3938542.32,5.189109172246816,0.9117124519161534,42.39799287679321,-3.332125659859185,-20.928453910359504,3,-0.5650429236209615,-0.5007958990349216,5.062029183573555,4.9977821589875155
2026-02-12,GROWW,Billionbrains Garage Ventures Ltd.,Financial Services,172.02000427246094,172.0500030517578,181.25,171.5,179.66000366210938,4.441343564640024,4.423133086526157,0.0174391225158675,69450778.0,38548991.8,49754108.25,48516849.58,1.3958802688419203,0.8369234525240384,60.23614952536258,2.437372298324063,-11.238389286031191,4,-0.5650429236209615,-0.5007958990349216,5.006386488260986,4.942139463674946
2026-02-12,BHARATFORG,Bharat Forge Ltd.,Automobile and Auto Components,1669.42041015625,1669.0221199867717,1749.5853241959244,1612.8569121616736,1719.510986328125,3.000477043837433,3.025056752498504,-0.0238579908964474,5012665.0,1372642.0,1174283.25,923664.9,4.268701780426485,0.7800432447042119,82.84575880403858,12.7503242782563,-0.7107320437385388,5,-0.5650429236209615,-0.5007958990349216,3.5655199674583944,3.5012729428723546
2026-02-13,LINDEINDIA,Linde India Ltd.,Chemicals,6429.59619140625,6408.13268823596,6955.20492895154,6383.175013020834,6888.318359375,7.134540868707659,7.493379031001718,-0.3338235019950095,404286.0,180445.8,58463.7,46709.68,6.915162742009144,0.8830715532286212,67.53249179482489,6.173755318186937,-6.756091124003836,1,-1.3023482576552117,-1.6539823784811134,8.436889126362871,8.788523247188772
2026-02-13,KPRMILL,K.P.R. Mill Ltd.,Textiles,893.3370971679688,895.0334655663328,986.5324396110756,867.1447294589966,928.4600219726562,3.9316541220590944,3.734671125975474,0.1898911848328931,3875768.0,797093.2,994874.55,539115.4,3.8957353969905046,0.5135812759584282,54.654581774216986,-0.3186565146773793,-28.575976597371287,2,-1.3023482576552117,-1.6539823784811134,5.2340023797143065,5.5856365005402075
2026-02-13,HEXT,Hexaware Technologies Ltd.,Information Technology,532.8800048828125,520.1701854986288,578.7629523363681,511.87689414542666,551.18408203125,3.4349341278929795,5.962259544516499,-2.3851184633919105,4782118.0,2993234.2,1493645.0,937970.04,3.201642960676734,0.5876738583340048,12.711670845669332,-19.54836278607292,-39.18560375866995,3,-1.3023482576552117,-1.6539823784811134,4.737282385548191,5.088916506374093
2026-02-13,LGEINDIA,LG Electronics India Ltd.,Consumer Durables,1469.0,1468.0,1531.9000244140625,1461.300048828125,1511.199951171875,2.872699194817903,2.94277596538658,-0.068073519400953,1200452.0,1161960.0,812338.25,893026.66,1.4777735752317462,0.7067977280390072,63.40388443452488,1.7460986373339946,-16.00914808461978,4,-1.3023482576552117,-1.6539823784811134,4.175047452473114,4.526681573299016
2026-02-13,THERMAX,Thermax Ltd.,Capital Goods,2820.08251953125,2817.9909625172627,2883.224540197022,2738.61519219904,2874.958251953125,1.9458910170825912,2.0215568535739523,-0.0741665181604319,302282.0,141435.6,110172.45,101522.42,2.743716782190103,0.9428371100600428,44.96388924127059,-2.4620396340737885,-30.79817671545093,5,-1.3023482576552117,-1.6539823784811134,3.248239274737803,3.5998733955637046
2026-02-16,GMRAIRPORT,GMR Airports Ltd.,Services,94.02999877929688,95.1500015258789,101.4000015258789,95.1500015258789,100.5199966430664,6.902050354166836,5.643715219202564,1.1911121568882002,50976360.0,9394556.2,13963628.6,15814660.0,3.650652810974935,0.85919921875,61.19046271483534,-1.849649944726276,-14.797029485992011,1,0.8309432803093396,0.4242740178818214,6.071107073857497,6.4777763362850145
2026-02-16,AUROPHARMA,Aurobindo Pharma Ltd.,Healthcare,1145.5999755859375,1142.0,1187.199951171875,1141.9000244140625,1184.5999755859375,3.404329681488755,3.7302955854586255,-0.3142436856369718,1559869.0,3305651.4,1872473.15,1230552.42,0.8330527997157129,0.9426053026567178,51.79500886475277,-1.5371924847425409,-9.85206707834497,2,0.8309432803093396,0.4242740178818214,2.573386401179415,2.9800556636069335
2026-02-16,GVT&D,GE Vernova T&D India Ltd.,Capital Goods,3544.2275390625,3561.1853898244403,3690.864409621969,3526.371658078541,3661.137939453125,3.2986144118035243,2.806721321341042,0.4784639410150832,708424.0,479749.8,918012.2,755185.48,0.7716934480827161,0.8192840116666422,84.13912382107964,12.27593835944753,-6.965168804587134,3,0.8309432803093396,0.4242740178818214,2.4676711314941846,2.874340393921703
2026-02-16,CRISIL,CRISIL Ltd.,Financial Services,4391.32958984375,4361.087077896983,4622.00512237972,4347.3494440408,4534.63720703125,3.263422028693572,3.979515337216265,-0.6886869074166477,129063.0,49483.6,45215.4,56867.38,2.854403588158017,0.6819002036409394,48.103563498528224,-4.507892583922965,-27.24755721295776,4,0.8309432803093396,0.4242740178818214,2.432478748384232,2.8391480108117504
2026-02-16,JSWENERGY,JSW Energy Ltd.,Power,473.0910034179688,469.9018315031092,490.5814985310827,468.40691581434,488.289306640625,3.212553845423431,3.913046067238867,-0.6741138368344718,2229748.0,1253753.8,3268262.3,3180796.18,0.6822426706693646,0.8966297621137657,48.63993990862617,0.592283312171132,-14.836738027592837,5,0.8309432803093396,0.4242740178818214,2.3816105651140913,2.7882798275416096
2026-02-17,THERMAX,Thermax Ltd.,Capital Goods,2912.3056640625,2903.7407630926023,3051.9353178803603,2903.7407630926023,3041.77685546875,4.445659430735889,4.75373332670144,-0.2940934763677995,133302.0,162611.2,123684.3,107556.44,1.077760071407608,0.9314518510740214,56.19516007189808,0.955802001743814,-28.53511891256869,1,0.16606629206373927,0.28438564613218636,4.2795931386721495,4.1612737846037025
2026-02-17,PAYTM,One 97 Communications Ltd.,Financial Services,1123.0999755859375,1120.0,1174.9000244140625,1110.5999755859375,1169.300048828125,4.113620714672731,4.401790073939732,-0.2760195577709097,4617604.0,3482802.4,4222911.2,2986870.12,1.0934646222255395,0.9129086884380708,45.37311630042756,-5.4836511911681525,-18.721961506774115,2,0.16606629206373927,0.28438564613218636,3.9475544226089916,3.8292350685405445
2026-02-17,M&MFIN,Mahindra & Mahindra Financial Services Ltd.,Financial Services,361.4184875488281,361.56518603033896,381.4184957961718,358.9734723743522,375.9417114257813,4.018395399596435,3.9761918323176033,0.0405896451246202,3721158.0,1454169.4,1884613.85,3273573.62,1.9744936078019375,0.7559911492421809,52.52198301655641,0.0636309791870679,-10.3469173705306,3,0.16606629206373927,0.28438564613218636,3.8523291075326958,3.7340097534642487
2026-02-17,COCHINSHIP,Cochin Shipyard Ltd.,Capital Goods,1467.7481689453125,1548.2574814676125,1572.7299384327457,1518.2912076327557,1523.8848876953125,3.8246832759013736,-1.5741951234879017,5.48522656854355,4331935.0,430803.6,864722.7,808185.0,5.00962331623768,0.102751845613529,44.2968453066678,-2.954888480442428,-29.34117475345258,4,0.16606629206373927,0.28438564613218636,3.6586169838376343,3.5402976297691873
2026-02-17,COROMANDEL,Coromandel International Ltd.,Chemicals,2285.175048828125,2285.174973412489,2379.6830545857624,2277.782268873022,2367.5947265625,3.606711782392389,3.6067152016343,-3.300212640536364e-06,285813.0,268588.4,274404.1,291588.4,1.0415770026759803,0.8813715916053918,56.497286327203504,1.107056996322874,-15.538760461083273,5,0.16606629206373927,0.28438564613218636,3.4406454903286496,3.3223261362602026
2026-02-18,GODFRYPHLP,Godfrey Phillips India Ltd.,Fast Moving Consumer Goods,2036.0179443359373,2053.6597041248606,2443.162143925439,2036.31358385298,2441.9794921875,19.938996558498896,18.908672516809045,0.8664835119946389,11296396.0,506272.8,756350.3,824682.6,14.93540228648022,0.9970931401656468,52.87162866157439,0.1408234729884308,-47.36630479738621,1,0.36520021971839756,0.5456063569946491,19.5737963387805,19.393390201504246
2026-02-18,APARINDS,Apar Industries Ltd.,Capital Goods,9522.9384765625,9522.938286851184,10387.436922665687,9502.01094235308,10146.7724609375,6.550855976969261,6.5508580996232695,-1.992151021365892e-06,465984.0,36760.2,122484.55,77476.48,3.8044308445432495,0.7281935846933033,84.14264838965252,11.300382276697276,-3.523464270422913,2,0.36520021971839756,0.5456063569946491,6.1856557572508635,6.005249619974612
2026-02-18,NAM-INDIA,Nippon Life India Asset Management Ltd.,Financial Services,933.8047485351562,939.7399218078856,971.2459150360036,932.815522384038,967.9815673828124,3.6599534218763448,3.005261872944081,0.6355903931779904,688464.0,968907.6,1059097.55,971732.66,0.6500477694429564,0.9150581758881924,69.30011785984827,5.979299693303037,-6.442020428029196,3,0.36520021971839756,0.5456063569946491,3.2947532021579473,3.1143470648816955
2026-02-18,LLOYDSME,Lloyds Metals And Energy Ltd.,Metals & Mining,1174.9976806640625,1175.2976319831064,1226.9667052704765,1169.3012154933967,1210.676513671875,3.0365024199578188,3.0102061576583816,0.025527822222965,352554.0,514661.4,661448.15,611850.84,0.5330032293536537,0.7175053630589958,54.85729596776339,-0.5603414538329791,-27.06576154826021,4,0.36520021971839756,0.5456063569946491,2.6713022002394213,2.4908960629631696
2026-02-18,BSE,BSE Ltd.,Financial Services,2735.09423828125,2757.734619659337,2821.3670259484065,2753.745130155309,2816.57958984375,2.979252064590867,2.13381555153708,0.8277733564425359,5187180.0,6343714.6,5468171.95,4596679.42,0.9486131832412475,0.9292028706307696,46.45985871807253,-4.144211062133942,-15.020145574105962,5,0.36520021971839756,0.5456063569946491,2.6140518448724697,2.433645707596218
2026-02-19,TATAINVEST,Tata Investment Corporation Ltd.,Financial Services,640.6956787109375,642.9838853034894,723.2698335828783,638.8054229513222,688.7478637695312,7.5000014289582,7.117437856850984,0.357144065206698,23162821.0,360412.8,486059.4,379547.96,47.65430109982442,0.5912838371188548,58.416122394049566,2.210859074792595,-45.64024767463185,1,-1.4136684522350191,-1.563852086049808,8.913669881193218,9.063853515008008
2026-02-19,OIL,Oil India Ltd.,Oil Gas & Consumable Fuels,452.5245971679688,464.3005275885429,484.8085773987815,459.9593988859622,475.7271728515625,5.127362319927414,2.4610450740529224,2.6022741071471915,19628154.0,4415201.4,7065855.65,4310700.52,2.7778877707471987,0.6345390435126846,27.510038816266928,-3.298086528173693,-12.140267875173231,2,-1.4136684522350191,-1.563852086049808,6.541030772162433,6.691214405977222
2026-02-19,GODREJIND,Godrej Industries Ltd.,Diversified,985.0999755859376,988.5499877929688,1063.0,982.7000122070312,1026.0999755859375,4.162014111878665,3.7984915539579993,0.3502194998004322,1135226.0,64882.6,63614.65,82734.02,17.845354804278575,0.5404728515127676,48.70667519455213,-1.1102653170060142,-25.65283203125,3,-1.4136684522350191,-1.563852086049808,5.575682564113684,5.725866197928473
2026-02-19,UPL,UPL Ltd.,Chemicals,740.4822998046875,740.4823041592526,764.4998194264189,740.4823041592526,757.7154541015625,2.327287809772156,2.327287208014575,5.880714685946811e-07,2242488.0,1169833.6,3004903.0,2879314.68,0.7462763357086735,0.7175242630476805,60.517584029655154,2.676964445536417,-7.947549574858319,4,-1.4136684522350191,-1.563852086049808,3.7409562620071752,3.891139895821964
2026-02-19,GODFRYPHLP,Godfrey Phillips India Ltd.,Fast Moving Consumer Goods,2441.9794921875,2490.8646022074213,2597.011870379193,2440.8955794290514,2487.31640625,1.8565640787543083,-0.1424483672969156,2.001864068732637,9255923.0,2706541.0,1301229.75,1044687.04,7.113211944316521,0.2973477433932493,69.18698989297681,19.092702346695905,-36.87167412232625,5,-1.4136684522350191,-1.563852086049808,3.270232530989327,3.4204161648041165
2026-02-20,THERMAX,Thermax Ltd.,Capital Goods,2994.768798828125,2987.797384198777,3185.390287281427,2962.899072663787,3138.97998046875,4.815436226564665,5.060001627604178,-0.2327864051500774,318068.0,135762.6,130756.2,108920.2,2.432527100053382,0.7914061151024101,57.98069106823191,3.1644016952569265,-26.51156136061121,1,0.45925506806877847,0.48043324859172626,4.356181158495886,4.335002977972938
2026-02-20,APARINDS,Apar Industries Ltd.,Capital Goods,10028.6826171875,9955.43667541324,10737.720738496264,9819.408937055492,10482.6064453125,4.526255795023863,5.295295295295292,-0.7303645410886563,234160.0,127214.0,138801.2,86369.52,1.6870171151258058,0.722192078133477,81.3323232620999,13.098452977483038,-3.4537326979610823,2,0.45925506806877847,0.48043324859172626,4.067000726955084,4.045822546432136
2026-02-20,POWERINDIA,Hitachi Energy India Ltd.,Capital Goods,22845.544921875,22694.580358358467,23992.270459906897,22694.580358358467,23865.30078125,4.463696807680724,5.158590308370049,-0.660805264364613,218752.0,79499.2,182574.25,166172.76,1.19815362790755,0.9021571648690284,76.68227100625785,11.807532108935352,-3.651387371735884,3,0.45925506806877847,0.48043324859172626,4.004441739611945,3.9832635590889973
2026-02-20,KEI,KEI Industries Ltd.,Capital Goods,4568.60009765625,4565.0,4785.0,4505.0,4756.0,4.1019108334714725,4.184008762322016,-0.0788008925993959,410082.0,178449.6,342317.9,270483.72,1.197956636214466,0.8964285714285715,80.90778383828996,5.866078117287066,-1.6871078619270496,4,0.45925506806877847,0.48043324859172626,3.642655765402694,3.621477584879746
2026-02-20,TIINDIA,Tube Investments of India Ltd.,Automobile and Auto Components,2486.944580078125,2478.449338203902,2590.588175712134,2466.0559458969883,2584.3916015625,3.9183431052297033,4.2745381850481206,-0.3415935337793632,752197.0,360650.4,732245.65,499103.18,1.0272467989396727,0.9502412013433604,58.16720702788631,3.758786110030326,-27.178934673464934,5,0.45925506806877847,0.48043324859172626,3.459088037160925,3.437909856637977
2026-02-23,JSL,Jindal Stainless Ltd.,Metals & Mining,758.120849609375,758.8676819024658,796.2608616785643,754.486092684839,791.8792724609375,4.452907853537687,4.350111534030843,0.0985109819200534,1952324.0,687801.8,598930.8,667614.5,3.259682086812032,0.8951139809226727,37.25316002187009,-2.7507520862141,-13.77350848128149,1,0.5543334799824021,-0.16470152960430465,3.8985743735552854,4.617609383141992
2026-02-23,INDIANB,Indian Bank,Financial Services,926.9534301757812,933.1220005048016,965.4336752337192,932.1918039768592,962.25146484375,3.8079620311966553,3.1217208814270725,0.6654671236127321,4004600.0,1790277.8,1892506.6,1918376.7,2.116029608562528,0.90427102116544,76.04746071688388,5.8415816133039495,-0.6089176759045583,2,0.5543334799824021,-0.16470152960430465,3.2536285512142533,3.97266356080096
2026-02-23,ENDURANCE,Endurance Technologies Ltd.,Automobile and Auto Components,2455.090576171875,2459.671812935673,2589.337835938229,2459.671812935673,2544.3232421875,3.6345977163401417,3.4415741484955853,0.1866015375669572,184909.0,51652.8,83899.15,69988.2,2.203943663314825,0.6528420267054686,54.60750539001328,0.1678126082895322,-19.958434383489838,3,0.5543334799824021,-0.16470152960430465,3.0802642363577397,3.7992992459444466
2026-02-23,ICICIAMC,ICICI Prudential Asset Management Company Ltd.,Financial Services,3012.10546875,3018.2814862651207,3137.7176761823275,2980.72733951424,3118.890869140625,3.5452078786251837,3.333333333333341,0.2050398825404923,285371.0,202237.8,409509.45,,0.6968605974782756,0.8800766503131556,56.91705918931431,1.0896952496438164,-4.024629834119772,4,0.5543334799824021,-0.16470152960430465,2.9908743986427817,3.7099094082294886
2026-02-23,SUNDARMFIN,Sundaram Finance Ltd.,Financial Services,5150.8388671875,5142.880876701256,5361.726871454501,5125.472672573157,5326.4130859375,3.4086529063928643,3.5686653771760133,-0.1544989212716185,57441.0,42503.4,71054.35,76569.88,0.8084093373593594,0.8505263157894741,41.51848236796858,-2.0088918541696748,-6.786686281886488,5,0.5543334799824021,-0.16470152960430465,2.8543194264104623,3.573354435997169
2026-02-24,ENDURANCE,Endurance Technologies Ltd.,Automobile and Auto Components,2544.3232421875,2536.953435463612,2690.521281205964,2507.674097270717,2673.9892578125,5.096287039123171,5.401589971392024,-0.2896568565537947,279045.0,75707.2,89424.6,73069.76,3.120450077495454,0.9095855728392372,54.03490667853695,3.393016470094835,-17.04924546746926,1,-1.1214156627970289,-0.2828814041157178,6.217702701920199,5.379168443238888
2026-02-24,WAAREEENER,Waaree Energies Ltd.,Capital Goods,2913.51123046875,2926.70088659343,3046.606692804154,2893.0273881390485,3021.126708984375,3.693669596678058,3.2263571184704563,0.4527065482619695,2294645.0,1078966.4,1473567.6,1464583.44,1.5572037550228437,0.8340923350620666,32.34291796746612,-2.31007970860236,-24.51654018802751,2,-1.1214156627970289,-0.2828814041157178,4.815085259475087,3.976551000793776
2026-02-24,SCHAEFFLER,Schaeffler India Ltd.,Automobile and Auto Components,3917.96337890625,3932.543177466413,4084.393857013613,3915.185991332916,4051.46484375,3.407419925426119,3.024039684167032,0.372126973893071,276595.0,50830.2,53402.9,50703.38,5.179400369642847,0.8053931291483137,54.586186503523976,3.938546716332932,-10.05919681377704,3,-1.1214156627970289,-0.2828814041157178,4.5288355882231475,3.6903013295418368
2026-02-24,MAHABANK,Bank of Maharashtra,Financial Services,68.5940933227539,68.59409448531949,71.35204502487689,67.96370707881677,70.78075408935547,3.1878266198705005,3.1878248709937704,1.6948479457413012e-06,48120203.0,20831141.2,15821007.9,18625917.96,3.0415383965518403,0.8313949362147592,75.00004914109158,5.418519574405361,-2.2459271786907284,4,-1.1214156627970289,-0.2828814041157178,4.30924228266753,3.4707080239862185
2026-02-24,AUBANK,AU Small Finance Bank Ltd.,Financial Services,973.1549072265624,969.058948985828,1008.8702638914152,967.7602223834068,1001.2277221679688,2.8847221272728527,3.319588887322807,-0.4208947835866896,3314603.0,4484267.6,2564751.15,2430281.62,1.2923682673853174,0.8140954997100268,47.69143498768334,-1.836352052399815,-6.264430551189232,5,-1.1214156627970289,-0.2828814041157178,4.006137790069881,3.1676035313885706
2026-02-25,LLOYDSME,Lloyds Metals And Energy Ltd.,Metals & Mining,1163.4046630859375,1181.8936270473716,1257.248616201708,1177.5962685688116,1251.0523681640625,7.533724752799165,5.851519928190534,1.5892117805675676,1388532.0,549293.4,693397.9,632766.86,2.002503901439563,0.9222088460442752,28.33689402816536,-1.9874473303074285,-27.785361188610413,1,0.22753354908011347,0.6363441557430213,7.3061912037190515,6.897380597056143
2026-02-25,MANKIND,Mankind Pharma Ltd.,Healthcare,2054.699951171875,2067.5,2165.0,2052.800048828125,2155.699951171875,4.9155595658819085,4.266019403718259,0.622964380800449,802399.0,319267.2,350404.35,362494.98,2.289923056035121,0.917111828205,42.71883765841939,-1.1364972687052417,-24.33241433608254,2,0.22753354908011347,0.6363441557430213,4.688026016801795,4.279215410138887
2026-02-25,NATIONALUM,National Aluminium Co. Ltd.,Metals & Mining,340.43463134765625,344.4047239142977,358.3000153690532,344.00772164488524,357.1089782714844,4.897958488482938,3.6887572890399873,1.1661835198508688,14931791.0,5653732.8,14224771.95,15595373.32,1.0497033662462336,0.9166657836345188,32.05492703458532,-5.22388122153541,-19.514427652115558,3,0.22753354908011347,0.6363441557430213,4.6704249394028245,4.261614332739916
2026-02-25,LAURUSLABS,Laurus Labs Ltd.,Healthcare,1027.47705078125,1033.9705707732803,1077.8269314499655,1031.12342982325,1075.2794189453125,4.652402516213438,3.995166723278992,0.6319868640465638,2096497.0,1062240.0,1394879.9,1710390.7,1.502994630577156,0.9454535010026744,61.88363340589888,3.3387952288556524,-9.859769970791396,4,0.22753354908011347,0.6363441557430213,4.424868967133325,4.016058360470416
2026-02-25,SCHAEFFLER,Schaeffler India Ltd.,Automobile and Auto Components,4051.46484375,4240.112713804823,4299.325709631996,4097.486426062574,4229.59912109375,4.396786945308169,-0.2479555007309923,4.656287968186154,1238284.0,102898.6,65586.2,55304.86,18.88025224818636,0.6545440148955767,64.0821938901621,6.8508191311811055,-6.994535964921387,5,0.22753354908011347,0.6363441557430213,4.169253396228056,3.7604427895651478
2026-02-26,MANKIND,Mankind Pharma Ltd.,Healthcare,2155.699951171875,2155.699951171875,2284.89990234375,2145.89990234375,2279.699951171875,5.752191993723037,5.752191993723037,0.0,2770867.0,437516.8,374406.8,364090.26,7.400685564471586,0.9625902793390289,61.41948134103196,3.626467238564436,-20.61292909070796,1,0.05513894339252429,0.5833567700675814,5.697053050330513,5.168835223655456
2026-02-26,TIINDIA,Tube Investments of India Ltd.,Automobile and Auto Components,2617.2734375,2613.575430548801,2724.5149612527844,2605.0800610804777,2718.818115234375,3.879788648730937,4.026770509679732,-0.1412923425659152,862660.0,615910.6,712999.9,493105.08,1.2099019929736314,0.9523016638336816,70.7421491417756,6.253884408410591,-23.36273132246268,2,0.05513894339252429,0.5833567700675814,3.8246497053384125,3.2964318786633555
2026-02-26,VMM,Vishal Mega Mart Ltd.,Consumer Services,122.97000122070312,123.0,129.5,123.0,127.52999877929688,3.708219495265023,3.682925836826728,0.0243952012678555,40225825.0,9022679.4,7282287.95,7661999.6,5.523789401928277,0.6969228891225961,49.824248979977895,0.8124352218568318,-21.973352501056787,3,0.05513894339252429,0.5833567700675814,3.6530805518724985,3.1248627251974415
2026-02-26,OFSS,Oracle Financial Services Software Ltd.,Information Technology,6427.85009765625,6465.763880604285,6688.386031958726,6446.320897953242,6665.54052734375,3.697821605612236,3.089760938204783,0.58983614073171,254463.0,143327.2,165848.4,140037.4,1.534310852561737,0.9056224899598382,26.400227540914017,-6.814834311543466,-32.51747340479728,4,0.05513894339252429,0.5833567700675814,3.6426826622197117,3.1144648355446547
2026-02-26,IDFCFIRSTB,IDFC First Bank Ltd.,Financial Services,70.01432037353516,70.01432299630962,72.94571400975589,69.64540400801033,72.59673309326172,3.688406465918783,3.6884025816949184,3.746054301240723e-06,142273285.0,215056277.0,71474614.8,44356226.48,1.9905428717329725,0.8942581405051065,18.626645269446183,-13.957149081941802,-19.287351852944848,5,0.05513894339252429,0.5833567700675814,3.6332675225262587,3.1050496958512017
2026-02-27,LTTS,L&T Technology Services Ltd.,Information Technology,3280.409423828125,3297.813291568168,3495.583204105989,3275.7618980365305,3473.235107421875,5.8780980871811135,5.319337401611697,0.5305394995400582,323780.0,240160.6,134981.65,100557.2,2.398696415401649,0.8983351655773876,24.94411911540328,-7.984960259827208,-29.805337588250303,1,-1.2468368500212268,-1.0857026687869369,7.12493493720234,6.96380075596805
2026-02-27,LENSKART,Lenskart Solutions Ltd.,Consumer Services,512.75,508.1000061035156,541.7999877929688,505.5,537.4000244140625,4.807415780411994,5.76658491607606,-0.9068735049213796,5845971.0,2327903.2,4416775.1,3753787.16,1.3235835802461395,0.8787888468723255,67.46457076791847,7.228373818821159,-3.799249530956848,2,-1.2468368500212268,-1.0857026687869369,6.054252630433221,5.893118449198932
2026-02-27,DIXON,Dixon Technologies (India) Ltd.,Consumer Durables,10116.0,10106.0,10620.0,10085.0,10528.0,4.072756030051404,4.1757371858302,-0.0988533017002767,1359438.0,518113.2,718193.4,707904.14,1.8928578291028573,0.8280373831775701,25.49504950482429,-9.421392883365275,-45.23306805262303,3,-1.2468368500212268,-1.0857026687869369,5.319592880072631,5.158458698838341
2026-02-27,APARINDS,Apar Industries Ltd.,Capital Goods,10769.609375,10772.59924942562,11607.699912794598,10715.796459673791,11141.8173828125,3.4560957120369094,3.4273820536540183,0.0277621436535978,447170.0,153049.4,153075.5,98203.66,2.921238212516046,0.4776536312849154,77.58691896604023,10.944853207457776,-2.459499269601773,4,-1.2468368500212268,-1.0857026687869369,4.702932562058136,4.541798380823846
2026-02-27,3MINDIA,3M India Ltd.,Diversified,35934.58203125,35821.224820024,37260.3824490068,35658.58029346087,36969.59375,2.880266473810428,3.2058337919647704,-0.3154543751960752,7761.0,2310.0,5299.6,4305.64,1.4644501471809193,0.8184615384615379,57.42806308667715,1.0386551796450143,-4.1414711112723,5,-1.2468368500212268,-1.0857026687869369,4.127103323831655,3.965969142597365
2026-03-02,TIINDIA,Tube Investments of India Ltd.,Automobile and Auto Components,2751.900146484375,2566.001427381005,2848.4475914172217,2566.001427381005,2836.054443359375,3.0580432572202643,10.52427380190509,-6.755285773753831,2001875.0,721477.8,756392.15,523572.2,2.6466099628347544,0.9561220875484872,83.03286481396026,9.897485764847556,-19.420681126338238,1,-1.2429227421638296,-1.6986024209351052,4.300965999384093,4.756645678155369
2026-03-02,KEI,KEI Industries Ltd.,Capital Goods,5080.39990234375,4920.5,5303.0,4915.0,5206.0,2.4722482495582025,5.802255868306067,-3.1473881075775765,1582606.0,370091.0,297290.55,288673.8,5.323431908615999,0.75,79.36548982367302,10.09345105578226,-0.5792582711594911,2,-1.2429227421638296,-1.6986024209351052,3.715170991722032,4.170850670493308
2026-03-02,MCX,Multi Commodity Exchange of India Ltd.,Financial Services,2437.327880859375,2421.06783687322,2528.10561895509,2419.3720407848464,2495.08642578125,2.369748665145125,3.0572703408271478,-0.667125835380926,5390946.0,2281329.6,4123723.15,3574453.7,1.3073006610543194,0.6963293793004585,50.7586866659605,1.7710908670020842,-9.67468196330982,3,-1.2429227421638296,-1.6986024209351052,3.6126714073089548,4.068351086080231
2026-03-02,NATIONALUM,National Aluminium Co. Ltd.,Metals & Mining,351.9479064941406,339.2932619002985,361.0790765941593,338.4496131118013,360.1361999511719,2.3265640471049576,6.14304508558089,-3.5956016104482256,8626089.0,8491880.0,10673122.2,15728280.22,0.8082067119966078,0.9583341141197412,42.91444519910426,-0.2314677590661666,-16.792458573660788,4,-1.2429227421638296,-1.6986024209351052,3.569486789268787,4.025166468040062
2026-03-02,ABBOTINDIA,Abbott India Ltd.,Healthcare,25923.388671875,25429.93442768082,26284.92741996596,25405.506056472677,26192.099609375,1.036557916486944,2.9971181556196007,-1.9035098012843643,12530.0,4218.4,6907.1,7051.14,1.814075371718956,0.8944444444444428,30.20829516097565,-0.8011061196754999,-25.18565035333264,5,-1.2429227421638296,-1.6986024209351052,2.2794806586507734,2.735160337422049
2026-03-04,ABBOTINDIA,Abbott India Ltd.,Healthcare,26192.099609375,26192.09979152628,27291.376503537736,25898.959334989893,27188.77734375,3.805260934553932,3.8052602126468895,6.954436039689775e-07,25338.0,5822.6,7220.85,7224.28,3.509005172521241,0.9263157894736838,40.160597113419904,0.3246809003072038,-24.41015628940189,1,-1.5491187895474108,-2.1945208369710727,5.354379724101343,5.999781771525004
2026-03-04,SWIGGY,Swiggy Ltd.,Consumer Services,289.0,280.29998779296875,300.20001220703125,280.29998779296875,297.75,3.027681660899654,6.225477333919805,-3.010384846723616,18441389.0,10312397.4,10384529.9,11383197.28,1.7758520778104745,0.8768839597352488,9.569951621261753,-10.863681744494883,-39.0295358649789,2,-1.5491187895474108,-2.1945208369710727,4.576800450447065,5.222202497870727
2026-03-04,NATIONALUM,National Aluminium Co. Ltd.,Metals & Mining,360.1361999511719,362.2700857956566,374.4780793108465,355.2231821784777,370.7065124511719,2.935087475636481,2.328767123287667,0.5925218972083452,26380460.0,9239306.6,9545143.25,15730774.32,2.7637573694873567,0.8041242789433357,46.35679575201586,2.1224321559918384,-14.856581830355614,3,-1.5491187895474108,-2.1945208369710727,4.484206265183892,5.129608312607553
2026-03-04,SUNDARMFIN,Sundaram Finance Ltd.,Financial Services,5273.19384765625,5202.5663847081805,5612.405266256894,5067.777140897863,5411.46484375,2.622148930770042,4.015296367112804,-1.3393678478074709,170935.0,101104.6,72217.05,83753.46,2.366961818573315,0.6310502283105016,49.09256201450226,-1.032051091925118,-5.3308318523484335,4,-1.5491187895474108,-2.1945208369710727,4.171267720317453,4.816669767741114
2026-03-04,UBL,United Breweries Ltd.,Fast Moving Consumer Goods,1578.6663818359375,1547.3888882357032,1634.5684499172614,1545.700827145524,1618.284423828125,2.50958926141906,4.581623671425946,-1.9812605095105376,126108.0,88208.8,118807.8,99320.04,1.0614454606515733,0.8167608676675973,42.10807684930652,0.2819454734720052,-24.26116187739651,5,-1.5491187895474108,-2.1945208369710727,4.05870805096647,4.7041100983901325
2026-03-05,SJVN,SJVN Ltd.,Power,67.87844848632812,68.15696662684255,72.66297232945382,68.15696662684255,72.28498077392578,6.4917987754024855,6.056628326322083,0.4103189550222553,8398954.0,3717807.2,7591337.55,9837907.64,1.106386581373924,0.916113831079044,28.41857248107829,-7.472663557782735,-31.46477750071321,1,1.1658274570576581,1.5284530226972177,5.325971318344827,4.963345752705267
2026-03-05,NATIONALUM,National Aluminium Co. Ltd.,Metals & Mining,370.7065124511719,374.1803650085668,401.27617242793673,373.68410457752094,392.9886474609375,6.01072122052362,5.026528436878316,0.9370897032332276,45535889.0,13239284.4,9503067.1,16143241.6,4.791704459289781,0.6996410340852962,53.24746959863975,5.012874813347463,-12.357548027329583,2,1.1658274570576581,1.5284530226972177,4.8448937634659615,4.482268197826402
2026-03-05,JSWINFRA,JSW Infrastructure Ltd.,Services,245.9581756591797,249.0986940803212,263.2061382058116,247.75274751569768,260.663818359375,5.978920058576417,4.642788000857456,1.2768505916604709,2320581.0,1488394.8,1248595.95,1375830.2,1.8585524003982237,0.835484658518145,34.65848369097168,-4.618299688614011,-29.31232216757283,3,1.1658274570576581,1.5284530226972177,4.813092601518759,4.4504670358792
2026-03-05,BLUESTARCO,Blue Star Ltd.,Consumer Durables,1834.6026611328125,1836.791982781344,1946.454124649801,1812.1129657399224,1937.199462890625,5.592317286537785,5.466458970342429,0.1193349216652359,811414.0,304093.0,464707.3,402253.16,1.7460754328584898,0.9311107494212963,31.2697337028183,-5.187775212284088,-9.62745178709928,4,1.1658274570576581,1.5284530226972177,4.426489829480127,4.063864263840568
2026-03-05,TATAINVEST,Tata Investment Corporation Ltd.,Financial Services,622.4398803710938,622.7880422104884,666.5622815990849,622.7880422104884,654.673583984375,5.17860513597936,5.119806356704268,0.0559350148301929,4620665.0,594444.2,2459299.75,1192583.34,1.878853929863572,0.7284088134765625,41.399634696590205,-4.0995085516578,-47.18915881798843,5,1.1658274570576581,1.5284530226972177,4.012777678921703,3.6501521132821426
2026-03-06,RADICO,Radico Khaitan Ltd,Fast Moving Consumer Goods,2560.71826171875,2546.8491599299828,2787.7146402400163,2534.4767090514742,2760.7744140625,7.812501489698153,8.399604401322236,-0.5416098286212213,2100819.0,263423.0,272240.45,408228.84,7.716777576587168,0.8936169394092128,17.770198794803406,-5.96081599801785,-28.550349519340667,1,-1.273731893044407,-0.6761662700459533,9.08623338274256,8.488667759744107
2026-03-06,UBL,United Breweries Ltd.,Fast Moving Consumer Goods,1638.44091796875,1629.1073152271272,1766.529451455949,1616.2985592697028,1745.777099609375,6.551117007850034,7.161577588642891,-0.5696636747325695,866202.0,66418.2,125238.95,101122.62,6.916394620044324,0.8618636184304468,56.146324114332096,3.2467535014979343,-21.39339072061052,2,-1.273731893044407,-0.6761662700459533,7.824848900894441,7.227283277895987
2026-03-06,BDL,Bharat Dynamics Ltd.,Capital Goods,1280.5999755859375,1281.300048828125,1374.9000244140625,1276.0999755859375,1356.699951171875,5.942525147333226,5.884640558057469,0.0546675976522006,5023734.0,1723657.8,1344450.85,1749745.74,3.7366438497919057,0.8157888234058589,51.65929083774532,0.6504517484957587,-36.147082827486585,3,-1.273731893044407,-0.6761662700459533,7.216257040377633,6.618691417379179
2026-03-06,THERMAX,Thermax Ltd.,Capital Goods,3051.23828125,3039.5859358194048,3184.792940360608,3027.6347460324346,3149.038818359375,3.205273665788864,3.6009142314465987,-0.3818890678646578,103275.0,98558.2,135499.75,115670.94,0.7621785280046642,0.7724959735375175,65.27574670522984,1.303449855095386,-25.12586036907495,4,-1.273731893044407,-0.6761662700459533,4.479005558833271,3.8814399358348175
2026-03-06,COCHINSHIP,Cochin Shipyard Ltd.,Capital Goods,1445.9725341796875,1456.3608971033225,1522.0869726456888,1444.274524470082,1488.6246337890625,2.949717135088731,2.2153668606395764,0.718434318638574,3073346.0,1296081.0,923686.0,899888.86,3.3272627278101,0.5699616238637212,41.16463859348115,-2.984328436880248,-30.38947500283567,5,-1.273731893044407,-0.6761662700459533,4.223449028133138,3.6258834051346844
2026-03-09,TATACOMM,Tata Communications Ltd.,Telecommunication,1443.5731201171875,1413.14981986935,1473.600127731924,1389.2670175144249,1470.0325927734375,1.8329153049138276,4.025247153861326,-2.1074997742662136,579665.0,407416.2,283624.5,303555.34,2.0437761899976907,0.957697102012654,25.44158782952333,-9.74513913038534,-27.310382937005368,1,-1.7275692308183883,-2.0411463924385265,3.5604845357322157,3.874061697352354
2026-03-09,MCX,Multi Commodity Exchange of India Ltd.,Financial Services,2527.706298828125,2472.940708721137,2581.574432674996,2445.109000663371,2570.801025390625,1.7048945355114729,3.957244762252921,-2.166612083546948,4232863.0,3291533.8,3403731.6,3645586.0,1.2435948239867092,0.9210539465888096,72.7571859921097,4.764833142320757,-6.325333929018301,2,-1.7275692308183883,-2.0411463924385265,3.432463766329861,3.7460409279499993
2026-03-09,FLUOROCHEM,Gujarat Fluorochemicals Ltd.,Chemicals,3244.251708984375,3197.8823581623246,3304.811549513377,3114.1377651121365,3287.52294921875,1.3337818429606751,2.803123474121095,-1.42927722573556,67341.0,41257.2,53721.45,70540.76,1.253521638004931,0.909328907752486,39.3209305231384,-4.8779934175792325,-17.36075428507369,3,-1.7275692308183883,-2.0411463924385265,3.0613510737790635,3.3749282353992016
2026-03-09,AUROPHARMA,Aurobindo Pharma Ltd.,Healthcare,1231.9000244140625,1202.300048828125,1251.800048828125,1182.0999755859375,1247.300048828125,1.250103426322061,3.742826097683456,-2.402790405010045,2180013.0,1056879.2,2123789.45,1539347.98,1.0264732221925297,0.935437657513446,68.54320303341848,4.130040254549163,-3.0610657002991437,4,-1.7275692308183883,-2.0411463924385265,2.9776726571404493,3.2912498187605874
2026-03-09,SUNDARMFIN,Sundaram Finance Ltd.,Financial Services,5327.9052734375,5213.5088361453145,5504.474555392119,5140.891750658077,5385.10400390625,1.0735688330255555,3.2913566113337014,-2.147118453147316,89328.0,122481.0,75029.5,86436.74,1.1905717084613383,0.6716826265389861,52.65680038628797,-0.3089777126056168,-5.069127750447299,5,-1.7275692308183883,-2.0411463924385265,2.801138063843944,3.114715225464082
2026-03-10,AIIL,Authum Investment & Infrastructure Ltd.,Financial Services,405.2999877929688,410.0,486.3500061035156,407.75,486.3500061035156,19.9975378119054,18.621952708174543,1.1596378851686673,6762223.0,301541.0,349554.15,521285.36,19.345280266304947,1.0,13.139541236683684,-15.715707447112116,-40.65885976676885,1,0.9719840791548809,1.5918532476106764,19.025553732750517,18.405684564294724
2026-03-10,DIXON,Dixon Technologies (India) Ltd.,Consumer Durables,9804.0,10399.0,11078.0,10171.0,10908.0,11.260709914320683,4.894701413597461,6.068951448388413,2031360.0,599129.6,564053.15,725569.48,3.6013627439187244,0.8125689084895259,16.9664065150195,-9.9988983953292,-46.92220237128472,2,0.9719840791548809,1.5918532476106764,10.288725835165803,9.668856666710006
2026-03-10,ICICIAMC,ICICI Prudential Asset Management Company Ltd.,Financial Services,2895.757080078125,2941.579351995785,3082.9304602872157,2920.660568930458,3071.87353515625,6.081879460461288,4.4293954902853,1.5823935036851884,357479.0,383673.8,345390.2,501937.96,1.035000414024486,0.9318608952128022,37.6641754675739,-4.730851819656587,-8.957093969524346,3,0.9719840791548809,1.5918532476106764,5.109895381306407,4.490026212850611
2026-03-10,GROWW,Billionbrains Garage Ventures Ltd.,Financial Services,149.22000122070312,152.0,159.38999938964844,151.3000030517578,157.08999633789062,5.274088629410626,3.348681801243832,1.8630202094591404,23808763.0,20239240.8,30202402.6,37277263.38,0.788306920986478,0.7156978871565828,17.937774137221055,-9.75042536233942,-23.003096557820378,4,0.9719840791548809,1.5918532476106764,4.302104550255745,3.6822353817999494
2026-03-10,NAM-INDIA,Nippon Life India Asset Management Ltd.,Financial Services,824.5970458984375,840.8199636113274,875.3925141903055,836.9620596278976,867.6272583007812,5.218332107345873,3.1882324218749982,1.9673751917476512,970262.0,745813.0,733570.9,803589.8,1.3226560650102124,0.7979400457802516,35.40654047973256,-9.998814912940498,-17.38354972354373,5,0.9719840791548809,1.5918532476106764,4.246348028190992,3.6264788597351965
2026-03-11,ATGL,Adani Total Gas Ltd.,Oil Gas & Consumable Fuels,472.2850646972656,478.8327538815839,566.7020874023438,474.73417932317534,566.7020874023438,19.991532606604736,18.350735785816795,1.3863849767333438,18960811.0,525286.8,369947.7,704625.04,51.2526797706811,1.0,16.07737096858915,-7.756137955343491,-40.795739846504894,1,-1.6270567743087452,-1.1404328354226212,21.61858938091348,21.131965442027358
2026-03-11,PREMIERENE,Premier Energies Ltd.,Capital Goods,747.1994018554688,748.4484692419512,794.4145968589469,747.1993896871415,787.5196533203125,5.396183584290786,5.220290465412218,0.1671665399330811,5224183.0,1090763.8,2118161.8,2345014.44,2.4663757981094743,0.853967737268519,46.54916609856497,-0.3913066593164276,-34.15132024614769,2,-1.6270567743087452,-1.1404328354226212,7.023240358599532,6.536616419713408
2026-03-11,ASTRAL,Astral Ltd.,Capital Goods,1658.092041015625,1679.15902710202,1765.9224658214252,1674.7659122846608,1743.5577392578125,5.154460435732959,3.8351764851560937,1.2705558898582558,2881726.0,654348.4,740462.1,558837.68,3.891794056711343,0.754655856371393,52.40077223982333,1.3793338347135051,-2.609669120212561,3,-1.6270567743087452,-1.1404328354226212,6.781517210041704,6.294893271155581
2026-03-11,RADICO,Radico Khaitan Ltd,Fast Moving Consumer Goods,2756.38427734375,2763.8677729650785,2914.5334891086623,2726.8498075188813,2887.59326171875,4.760184762824231,4.476534296028884,0.2714968185981732,699402.0,681831.4,368025.4,445991.72,1.9004177429057885,0.8564594046657964,44.687262375724025,1.306997692380184,-23.090838945160616,4,-1.6270567743087452,-1.1404328354226212,6.387241537132976,5.9006175982468525
2026-03-11,GODFRYPHLP,Godfrey Phillips India Ltd.,Fast Moving Consumer Goods,2029.0201416015625,2034.2437051961767,2128.7610369169624,2029.020066162337,2092.196044921875,3.1136163720112697,2.848839575006059,0.257442668385299,1182096.0,411039.2,1934987.35,1457228.96,0.610906319361726,0.6334004800791291,49.70244873739768,-4.140400179023072,-47.54720704200236,5,-1.6270567743087452,-1.1404328354226212,4.740673146320015,4.254049207433891
2026-03-12,NTPCGREEN,NTPC Green Energy Ltd.,Power,86.7300033569336,86.5,103.1999969482422,85.2300033569336,97.6500015258789,12.590796432930516,12.890175174426483,-0.265194682383471,165346086.0,2415764.2,2458284.35,3217590.72,67.26076501280252,0.6911520644588541,36.45132711096492,-2.348672956659266,-23.99438884144057,1,-0.9540396930332975,-0.23248911150376855,13.544836125963814,12.823285544434285
2026-03-12,KPRMILL,K.P.R. Mill Ltd.,Textiles,809.1222534179688,801.2394976781271,934.8459588245934,794.3546009216013,907.40625,12.146989675151184,13.250314372859592,-0.974235439272936,4677636.0,238939.0,503199.25,648830.5,9.29579286932562,0.8046875677325275,20.766911879638712,-8.665316612035308,-35.309115733669536,2,-0.9540396930332975,-0.23248911150376855,13.101029368184482,12.379478786654953
2026-03-12,ATGL,Adani Total Gas Ltd.,Oil Gas & Consumable Fuels,566.7020874023438,593.7926502257477,650.7727530251882,589.6941058334335,607.3878784179688,7.179396709498821,2.289558179450759,4.780388748448417,48585918.0,4210754.8,1298986.25,1077793.64,37.402950185192495,0.2896883509712677,59.85721307200442,10.42932778678374,-28.95990087341983,3,-0.9540396930332975,-0.23248911150376855,8.13343640253212,7.411885821002589
2026-03-12,NLCINDIA,NLC India Ltd.,Power,248.4499969482422,247.5500030517578,271.3999938964844,242.8000030517578,265.25,6.761925239732499,7.150069371859982,-0.3622434725454492,12868605.0,1808830.2,1567462.05,1733821.0,8.20983512806578,0.7849651795389176,34.90741736679648,-3.4161044085735988,-13.761557646674389,4,-0.9540396930332975,-0.23248911150376855,7.715964932765797,6.9944143512362675
2026-03-12,JSWENERGY,JSW Energy Ltd.,Power,486.3459167480469,482.3594847139491,526.2103469606717,482.3594847139491,516.543212890625,6.20901607326991,7.086774337390233,-0.8196700942310928,19316979.0,2193183.6,2004257.85,2622751.38,9.637970982625813,0.7795451771129263,50.790071333612765,0.6195960379604374,-12.450660828501206,5,-0.9540396930332975,-0.23248911150376855,7.1630557663032075,6.441505184773678
2026-03-13,LTTS,L&T Technology Services Ltd.,Information Technology,3094.604736328125,3094.110323430624,3544.0368805290364,2976.437223881808,3391.85302734375,9.605371811339054,9.622885831136143,-0.0159766089574285,3433441.0,84329.2,155326.05,109613.62,22.104733880762435,0.7318817032338855,37.503931925103714,-6.5988178663054775,-33.78121243449526,1,-2.0645868112229406,-2.6833873480369688,11.669958622561996,12.288759159376024
2026-03-13,AIIL,Authum Investment & Infrastructure Ltd.,Financial Services,449.4500122070313,447.0,488.3999938964844,443.2000122070313,474.7999877929688,5.640221358868376,6.219236642722315,-0.5451133920322813,4091568.0,2117945.4,751470.1,699994.28,5.444751560973617,0.6991147873254775,37.72909394921337,-5.459553636715803,-34.19472734889733,2,-2.0645868112229406,-2.6833873480369688,7.704808170091317,8.323608706905345
2026-03-13,THERMAX,Thermax Ltd.,Capital Goods,3152.425048828125,3152.126220020956,3221.8414918697613,3092.3702727219807,3207.8984375,1.7597052368460449,1.769352290679305,-0.0094793310718001,236376.0,84038.8,129209.6,114861.14,1.829399673089306,0.89230769230769,60.63700814264912,2.658990083883881,-22.642844797658245,3,-2.0645868112229406,-2.6833873480369688,3.8242920480689855,4.443092584883013
2026-03-13,ABBOTINDIA,Abbott India Ltd.,Healthcare,26074.84375,25825.675148802624,26636.69710769427,25688.8762641703,26343.556640625,1.0305445861971847,2.0052970109723813,-0.9555900069290966,7310.0,7631.2,8547.5,7204.36,0.8552208248025739,0.6907216494845365,53.74677643176765,-0.1982217648212497,-24.74855421154233,4,-2.0645868112229406,-2.6833873480369688,3.0951313974201256,3.7139319342341537
2026-03-13,NTPCGREEN,NTPC Green Energy Ltd.,Power,97.6500015258789,98.3000030517578,104.7300033569336,94.0500030517578,98.1500015258789,0.5120327620962623,-0.1525956472248796,0.665644153325123,177681435.0,35114841.4,10624193.25,6466665.74,16.72422844906365,0.3838949772439741,67.56888975679456,9.412991190352775,-14.42467706286164,5,-2.0645868112229406,-2.6833873480369688,2.5766195733192028,3.195420110133231
2026-03-16,PAYTM,One 97 Communications Ltd.,Financial Services,976.2000122070312,975.5999755859376,1019.7999877929688,972.0999755859376,1013.7999877929688,3.8516671907153537,3.915540504609856,-0.0614665656208263,2811169.0,2394983.4,3009070.2,3188976.94,0.9342317769788157,0.8742138686682439,13.150181949216474,-10.69966448321368,-29.353019415875288,1,1.1131271353117254,-0.36846133173528395,2.7385400554036283,4.220128522450637
2026-03-16,LINDEINDIA,Linde India Ltd.,Chemicals,6932.74267578125,6838.402927168656,7230.238423360437,6828.419857201987,7160.35693359375,3.2831776463829327,4.7080291970802985,-1.3607853778009005,89401.0,66256.4,70171.05,60746.3,1.2740439255219922,0.8260869565217389,54.070866753856045,2.4379605728780067,-4.187362030905079,2,1.1131271353117254,-0.36846133173528395,2.1700505110712074,3.651638978118217
2026-03-16,VMM,Vishal Mega Mart Ltd.,Consumer Services,102.79000091552734,102.0500030517578,106.8499984741211,100.79000091552734,106.0999984741211,3.2201551990586137,3.968638217785453,-0.7199123038997347,14135084.0,14511034.0,52521737.2,25845947.34,0.2691282648586878,0.8762375739019207,35.462594877743484,-11.47607280173896,-34.7779207267211,3,1.1131271353117254,-0.36846133173528395,2.1070280637468883,3.5886165307938978
2026-03-16,APOLLOTYRE,Apollo Tyres Ltd.,Automobile and Auto Components,398.0237426757813,399.167231456103,411.8944341827935,389.82065876489065,410.4526672363281,3.122659084855428,2.82724504690866,0.2872916004041568,1670759.0,1667068.4,1220217.55,1105338.7,1.3692304294426842,0.9346841707333848,26.075623362165416,-11.073101222265684,-25.42305297835717,4,1.1131271353117254,-0.36846133173528395,2.0095319495437027,3.491120416590712
2026-03-16,GODREJIND,Godrej Industries Ltd.,Diversified,837.9500122070312,837.0,866.6500244140625,814.4000244140625,859.5499877929688,2.5777164832358546,2.694144300235215,-0.1133733746872399,81447.0,75483.2,122196.35,95856.32,0.6665256368132109,0.8641141316537081,9.983741381703936,-13.34338023578714,-36.75848964475236,5,1.1131271353117254,-0.36846133173528395,1.4645893479241292,2.9461778149711386
2026-03-17,LLOYDSME,Lloyds Metals And Energy Ltd.,Metals & Mining,1146.5147705078125,1152.411265065031,1241.258192277273,1150.5123754760764,1235.5616455078125,7.766744684899218,7.215339086267019,0.5142973042211167,1493749.0,392771.2,575826.3,538036.42,2.594096518342424,0.9372252411156248,50.97525869593433,-3.089285064333848,-28.833747473101667,1,0.7362598835607536,1.0343057530738409,7.030484801338464,6.732438931825378
2026-03-17,NATIONALUM,National Aluminium Co. Ltd.,Metals & Mining,369.46588134765625,373.1878422415341,393.8322639519284,368.2748518835255,392.1946105957031,6.151780284864741,5.093083483107548,1.0073896080205569,19748708.0,19233473.8,14405292.3,17311805.68,1.370934208672739,0.9359225671268212,62.18889457979824,1.3745850930921704,-12.650858094063285,2,0.7362598835607536,1.0343057530738409,5.415520401303987,5.117474531790901
2026-03-17,SAIL,Steel Authority of India Ltd.,Metals & Mining,144.69000244140625,145.19000244140625,153.99000549316406,144.5,153.52999877929688,6.109611022690027,5.7441946398866985,0.345566377471367,27048278.0,14985261.8,21273464.1,22643642.82,1.271456208206354,0.9515272447209284,34.948549962814454,-7.764094885711676,-13.982523829554044,3,0.7362598835607536,1.0343057530738409,5.373351139129273,5.0753052696161856
2026-03-17,MCX,Multi Commodity Exchange of India Ltd.,Financial Services,2549.353515625,2573.5940106774,2674.4469955434606,2563.7183060599377,2665.26953125,4.546878842598729,3.5621593845903394,0.9508487114019292,4027322.0,2762803.6,3076893.0,3763644.52,1.3088924444236445,0.9171175570101344,68.33028722831006,3.8878718962793566,-5.523106310345387,4,0.7362598835607536,1.0343057530738409,3.8106189590379755,3.512573089524888
2026-03-17,GVT&D,GE Vernova T&D India Ltd.,Capital Goods,3513.603271484375,3550.711339647077,3704.5305600991073,3478.9889633101,3662.035888671875,4.2245127215171445,3.135274551376608,1.0561257289308283,536116.0,460105.6,541028.5,704026.7,0.9909200716782942,0.8115883188191411,40.807470363186425,-5.632497812299317,-11.920480420263925,5,0.7362598835607536,1.0343057530738409,3.488252837956391,3.1902069684433036
2026-03-18,WAAREEENER,Waaree Energies Ltd.,Capital Goods,2880.837158203125,2887.7316332822047,3221.2696817915894,2887.7316332822047,3182.30029296875,10.464428157878167,10.200693731077,0.239321929719208,7718322.0,2311649.2,2348863.45,2089329.04,3.285981566957415,0.8831635880913811,40.96526138163641,3.909543051178442,-25.363062416932387,1,0.8339304375208979,1.8650390808177848,9.630497720357269,8.599389077060383
2026-03-18,HEXT,Hexaware Technologies Ltd.,Information Technology,399.4514465332031,417.1176135232944,445.3834539414194,406.8614155160328,428.6496887207031,7.309584792071341,2.764705882352932,4.422606838306409,3076776.0,1012513.6,1274013.95,1288746.76,2.4150253613785,0.565605406548567,17.104016960567506,-13.830518372641764,-54.41300419221977,2,0.8339304375208979,1.8650390808177848,6.475654354550443,5.444545711253556
2026-03-18,PREMIERENE,Premier Energies Ltd.,Capital Goods,810.6026611328125,818.197073948703,875.3549675922683,812.7011238097105,868.9596557617188,7.199210837446881,6.204199871802325,0.9368847624158184,6329950.0,2984349.6,2466712.7,2545085.68,2.566148056074791,0.8979262652624368,58.27477910418789,7.572653127627911,-28.563761014787588,3,0.8339304375208979,1.8650390808177848,6.365280399925982,5.334171756629096
2026-03-18,COFORGE,Coforge Ltd.,Information Technology,1071.404052734375,1081.7799310634446,1145.5313179854422,1078.8866468529372,1129.3690185546875,5.410187283908222,4.399146825034963,0.968437472547248,6762954.0,3948062.0,3786096.35,3082397.78,1.786260405126774,0.7574854949974867,12.80261216183436,-10.397821193827015,-45.89807616082731,4,0.8339304375208979,1.8650390808177848,4.576256846387324,3.545148203090437
2026-03-18,PAYTM,One 97 Communications Ltd.,Financial Services,1022.0,1023.0,1085.9000244140625,1023.0,1076.4000244140625,5.322898670651908,5.219943735489981,0.0978473581213307,2879856.0,2427383.4,2816804.35,3224865.78,1.0223841070111952,0.8489666722947075,25.48054649402428,-5.587606081840383,-26.03850312013404,5,0.8339304375208979,1.8650390808177848,4.4889682331310095,3.457859589834123
2026-03-19,ATGL,Adani Total Gas Ltd.,Oil Gas & Consumable Fuels,515.4700317382812,535.4630281636763,579.7975211046753,517.5192823336154,555.9558715820312,7.854159767003837,3.827125747343072,3.878595300288199,50297135.0,22041749.0,6729828.35,3025034.34,7.473761942234382,0.6171752767401152,50.08739120669678,-0.2056174937388573,-35.38219998566838,1,-3.2620779262169592,-3.0744574511770546,11.116237693220796,10.928617218180891
2026-03-19,OIL,Oil India Ltd.,Oil Gas & Consumable Fuels,469.4899291992188,470.9868485471231,482.01428533594026,464.45019762601424,476.076416015625,1.4029026836934355,1.0806177463769864,0.3188395010852619,7842725.0,4067332.8,7528464.75,6633399.22,1.04174293968767,0.6619312418395871,50.09443989300154,-1.0042620477854016,-8.846370621846479,2,-3.2620779262169592,-3.0744574511770546,4.664980609910395,4.47736013487049
2026-03-19,NTPCGREEN,NTPC Green Energy Ltd.,Power,97.8499984741211,97.8000030517578,101.18000030517578,96.5,98.87999725341795,1.05263034783724,1.1042885152964674,-0.0510939429155983,49983075.0,83918044.2,22911408.75,11278624.88,2.1815801701848647,0.5085463885089588,65.73194811238814,7.64161739570592,-14.249410261378468,3,-3.2620779262169592,-3.0744574511770546,4.314708274054199,4.127087799014294
2026-03-19,FLUOROCHEM,Gujarat Fluorochemicals Ltd.,Chemicals,3140.720458984375,3047.9816618313444,3294.7181781105905,3038.288129604284,3157.808837890625,0.5440910494713663,3.603275486680333,-2.952787373602167,393352.0,85466.0,54797.45,66657.84,7.178290230658543,0.466094784845004,30.060093592946515,-5.006872153285684,-19.997955456681265,4,-3.2620779262169592,-3.0744574511770546,3.8061689756883257,3.618548500648421
2026-03-19,ABBOTINDIA,Abbott India Ltd.,Healthcare,25771.931640625,25708.417825110788,26475.46868002192,25405.506022534413,25908.73046875,0.5308054903783784,0.7791714177118909,-0.2464456929339888,9265.0,7380.2,8329.7,7351.98,1.112284956240921,0.4703196347031974,49.59347857057701,-1.435954986854496,-25.62275213180025,5,-3.2620779262169592,-3.0744574511770546,3.7928834165953376,3.605262941555433
2026-03-20,AWL,AWL Agri Business Ltd.,Fast Moving Consumer Goods,175.36392211914062,177.8111427344589,194.9714992182049,176.33882295908202,191.10171508789065,8.974361874763435,7.474544142196813,1.3955097409692216,25383780.0,4559982.0,4589660.4,2690272.04,5.530644489513865,0.7923119536615374,28.59468387214692,-3.5379837512746155,-38.36363675258431,1,0.4884308965338754,0.5865605934546788,8.48593097822956,8.387801281308755
2026-03-20,ESCORTS,Escorts Kubota Ltd.,Capital Goods,2854.895751953125,2897.711275811564,3080.146945624645,2897.711275811564,3025.1689453125,5.964252573596976,4.398563465065676,1.4997228472930264,830222.0,120315.8,96191.85,115773.68,8.63089752406259,0.698644457147696,22.78182091588552,-12.914437810119331,-30.579835452230995,2,0.4884308965338754,0.5865605934546788,5.4758216770631005,5.3776919801422975
2026-03-20,SCHAEFFLER,Schaeffler India Ltd.,Automobile and Auto Components,3926.69140625,3933.634409429864,4205.398360056133,3933.634409429864,4152.3349609375,5.746404067514695,5.559757942511348,0.17681560534176,213502.0,88629.0,170842.05,100236.78,1.2497040394914485,0.804744525547444,35.65669090298306,-3.075797322014444,-11.386180160607278,3,0.4884308965338754,0.5865605934546788,5.2579731709808195,5.1598434740600165
2026-03-20,LLOYDSME,Lloyds Metals And Energy Ltd.,Metals & Mining,1184.6920166015625,1200.282619316426,1274.2384176756395,1200.282619316426,1245.055908203125,5.095323574030986,3.730228878278506,1.3160047080917372,1463549.0,715499.8,665475.85,575322.24,2.1992518586512197,0.605406065244931,41.345306455873335,-0.2566344659251584,-26.46401652311489,4,0.4884308965338754,0.5865605934546788,4.60689267749711,4.508762980576307
2026-03-20,TATAELXSI,Tata Elxsi Ltd.,Information Technology,3968.138671875,4035.5298917813975,4204.598054341552,4032.681077820577,4163.04345703125,4.911743295104019,3.1597725371714294,1.6983080854519188,826879.0,409350.2,326655.5,382805.84,2.531348775697945,0.7582868303571417,23.312823644823112,-8.391772776009859,-37.2730831349363,5,0.4884308965338754,0.5865605934546788,4.423312398570143,4.32518270164934
2026-03-23,FLUOROCHEM,Gujarat Fluorochemicals Ltd.,Chemicals,3181.79296875,3172.999055570684,3269.534986579473,3074.064566313675,3246.050537109375,2.01953958005694,2.3022850073162924,-0.276382318575906,126206.0,146322.2,73400.15,74285.3,1.7194242791056968,0.8798567607407604,32.22931258835139,-3.088397813965724,-18.95173539390051,1,-2.6037751600726815,-3.861938188942962,4.623314740129621,5.881477768999902
2026-03-23,APARINDS,Apar Industries Ltd.,Capital Goods,9639.533203125,9611.629747856645,9816.917018780276,9282.77149831878,9771.076171875,1.364619696598541,1.6588906168999378,-0.2894689470991302,110812.0,98128.8,142860.75,126103.08,0.7756644144735345,0.9141791044776126,31.613617267330667,-3.9402579309354215,-16.955699444815803,2,-2.6037751600726815,-3.861938188942962,3.968394856671223,5.226557885541503
2026-03-23,COFORGE,Coforge Ltd.,Information Technology,1086.768310546875,1074.4967705835843,1104.925880614039,1062.424918502591,1097.8424072265625,1.0189933376061435,2.1727042167189032,-1.1291771985065788,3639224.0,4383777.8,3949121.3,3226792.08,0.92152753069398,0.8333338109169887,31.363481694724427,-5.978915024467479,-45.12223822751367,3,-2.6037751600726815,-3.861938188942962,3.622768497678825,4.880931526549105
2026-03-23,GROWW,Billionbrains Garage Ventures Ltd.,Financial Services,161.4600067138672,158.92999267578125,162.89999389648438,156.0500030517578,162.14999389648438,0.427342471154454,2.0260500654976807,-1.5669601962605668,16946943.0,15370178.4,16974937.55,34725685.06,0.9983508304571052,0.8905108025688261,47.75789936287991,0.9866655081824536,-16.687304349140614,4,-2.6037751600726815,-3.861938188942962,3.0311176312271355,4.2892806600974165
2026-03-23,PREMIERENE,Premier Energies Ltd.,Capital Goods,864.1132202148438,850.3733883052398,874.3557165300645,843.2786406014817,865.9119262695312,0.2081562939449403,1.8272606102196027,-1.5900499596786415,2931759.0,3326473.6,2873260.6,2508312.02,1.0203595872925693,0.7282952141334785,81.41882041539766,12.269836029944733,-23.848018925470654,5,-2.6037751600726815,-3.861938188942962,2.8119314540176217,4.070094482887902
2026-03-24,LINDEINDIA,Linde India Ltd.,Chemicals,6753.546875,6888.318398603926,7502.277212392536,6842.895429453712,7380.98291015625,9.290466872731228,7.152173913043479,1.9955665681808972,247642.0,59003.2,53813.4,66704.06,4.6018649630017805,0.8160484481453449,52.33558515310484,-1.4042409909229976,-8.581079862863517,1,1.775668315652736,2.497975135955157,7.5147985570784925,6.792491736776071
2026-03-24,VMM,Vishal Mega Mart Ltd.,Consumer Services,99.68000030517578,102.4000015258789,107.63999938964844,100.8000030517578,106.93000030517578,7.273274456063129,4.423826866986947,2.7287331584828376,27135848.0,18806244.2,56769906.4,27231901.1,0.4779970537347935,0.8961989086836833,30.710045129590146,-10.475240869711987,-36.75127129138341,2,1.775668315652736,2.497975135955157,5.497606140410394,4.7752993201079725
2026-03-24,HINDPETRO,Hindustan Petroleum Corporation Ltd.,Oil Gas & Consumable Fuels,303.5133361816406,314.782764671589,321.86776599897985,303.94130969885606,320.298583984375,5.530316398581271,1.7522621731023345,3.712992856170273,11512642.0,17431239.2,10905989.25,7174662.5,1.0556256508321793,0.9124655766687132,19.787785811083797,-18.094741979773783,-37.23080484216872,3,1.775668315652736,2.497975135955157,3.754648082928535,3.032341262626114
2026-03-24,ABBOTINDIA,Abbott India Ltd.,Healthcare,24902.283203125,25102.59512447528,26382.64182019589,24770.36926451726,26187.21484375,5.159894898567988,4.320747372518491,0.8043917889631195,14823.0,8608.2,8787.05,7596.32,1.686914265879903,0.8787878787878789,37.70951405013586,-4.684428944691132,-28.132539069624112,4,1.775668315652736,2.497975135955157,3.3842265829152525,2.6619197626128313
2026-03-24,COROMANDEL,Coromandel International Ltd.,Chemicals,1844.7039794921875,1886.1635913349396,1946.105230890075,1844.3043219886208,1938.212890625,5.069046967554857,2.759532605187365,2.2474940317613963,249783.0,355246.6,390793.05,305281.22,0.6391695041659518,0.9224727917437848,23.916098894532112,-11.364240572455117,-31.818796651844057,5,1.775668315652736,2.497975135955157,3.293378651902121,2.5710718315996997
2026-03-25,GODFRYPHLP,Godfrey Phillips India Ltd.,Fast Moving Consumer Goods,1870.1441650390625,1887.3918773124733,2156.4560979423977,1878.817351372624,2024.8807373046875,8.274045132899845,7.284595300261102,0.922266453883278,9392352.0,351438.0,624691.8,1181253.52,15.03517734665318,0.5260915046501129,41.99385903216709,-6.680175267696418,-51.65435636682603,1,1.719805962740734,2.339261972254973,6.554239170159111,5.934783160644872
2026-03-25,BALKRISIND,Balkrishna Industries Ltd.,Automobile and Auto Components,2050.466796875,2071.792244383013,2221.2722042952078,2056.943999016084,2200.145751953125,7.29975024741889,6.195288543921359,1.0400289114904904,187325.0,134483.8,161449.6,213544.76,1.1602692109488038,0.871437454658514,33.101464286528554,-8.50800331598236,-26.18779074078269,2,1.719805962740734,2.339261972254973,5.579944284678156,4.960488275163917
2026-03-25,GVT&D,GE Vernova T&D India Ltd.,Capital Goods,3512.20654296875,3560.1879893240857,3763.584454257841,3552.207741659588,3754.10791015625,6.887447085700971,5.446901158412723,1.366133960754444,808920.0,575900.4,566782.4,707413.58,1.42721439480125,0.9551675111931444,44.21134252258328,-5.605015945166043,-11.955493814530143,3,1.719805962740734,2.339261972254973,5.167641122960236,4.548185113445998
2026-03-25,AIIL,Authum Investment & Infrastructure Ltd.,Financial Services,493.3999938964844,496.1000061035156,527.25,496.1000061035156,526.7000122070312,6.749091755670602,6.1681124223027455,0.5472258290294414,733675.0,447986.6,1077337.65,795492.12,0.681007481730542,0.9823438876169148,62.4102431955949,5.44650018103863,-27.75988376332586,4,1.719805962740734,2.339261972254973,5.029285792929867,4.409829783415629
2026-03-25,KALYANKJIL,Kalyan Jewellers India Ltd.,Consumer Durables,370.18951416015625,373.8744657670406,395.6356791175424,372.9781292121325,390.2576293945313,5.421038270061012,4.38199586427465,0.9954230106285796,7261892.0,2988280.4,2959914.95,7201822.98,2.453412386055214,0.7626376309237638,38.86089297640636,-4.785081877112156,-39.64906760385718,5,1.719805962740734,2.339261972254973,3.7012323073202777,3.081776297806039
2026-03-27,APARINDS,Apar Industries Ltd.,Capital Goods,9979.353515625,9945.470640893076,10760.640478994332,9755.131473316866,10571.2978515625,5.931690214307704,6.292585170340681,-0.3395297569013105,312781.0,85386.6,128950.15,127751.58,2.425596247852368,0.8116947472745296,42.82238542251414,0.6232435675335886,-14.02815725253848,1,-2.088905112938998,-2.181613168119033,8.020595327246703,8.113303382426736
2026-03-27,ANTHEM,Anthem Biosciences Ltd.,Healthcare,644.1704711914062,638.3357523777468,688.654575033437,631.3539550861151,679.677978515625,5.512128995690675,6.476564407348631,-0.9057724739955966,996571.0,275310.0,305980.7,250997.78,3.256973397341728,0.8433420698403531,41.26794041933861,-2.002517652385833,-26.061824960036656,2,-2.088905112938998,-2.181613168119033,7.6010341086296735,7.693742163809708
2026-03-27,OFSS,Oracle Financial Services Software Ltd.,Information Technology,6415.2119140625,6610.614097137253,6865.317169703424,6610.614097137253,6753.52001953125,5.273529697860173,2.1617647058823555,3.0459193818121726,980855.0,153798.8,151098.75,159459.96,6.491483218755946,0.5610687022900768,44.5337048252557,-0.8008574658211082,-32.65015486866516,3,-2.088905112938998,-2.181613168119033,7.362434810799171,7.455142865979206
2026-03-27,LENSKART,Lenskart Solutions Ltd.,Consumer Services,495.2999877929688,492.0,515.2000122070312,492.0,509.3500061035156,2.8366684144598984,3.5264240047795985,-0.666260422834518,4794427.0,1981585.0,2267113.0,2889699.28,2.114771958874569,0.7478446971789671,38.79571822918951,-3.0012260909566506,-8.93547241029269,4,-2.088905112938998,-2.181613168119033,4.925573527398896,5.018281582578931
2026-03-27,LICHSGFIN,LIC Housing Finance Ltd.,Financial Services,486.53125,490.1584501882314,501.922252992749,488.49189949083245,496.08935546875,1.9645409146380628,1.209997558593752,0.7455225513739204,5161239.0,2634002.6,1902098.05,1800117.26,2.7134452926861474,0.5656929266108569,41.31486338330632,-2.030265158968222,-21.880903843469824,5,-2.088905112938998,-2.181613168119033,4.053446027577061,4.1461540827570955
2026-03-30,AIAENG,AIA Engineering Ltd.,Capital Goods,3445.4482421875,3364.353293682917,3683.653036242992,3364.353293682917,3622.981201171875,5.152681059334681,7.687299308742965,-2.353683550129205,220600.0,108323.2,90390.45,67734.9,2.4405233074954267,0.8099847040756636,39.934780474253465,-4.8420976431033615,-17.776568801868795,1,-2.139385559374287,-2.615426993146308,7.292066618708968,7.768108052480988
2026-03-30,NATIONALUM,National Aluminium Co. Ltd.,Metals & Mining,368.2252197265625,377.1578974408628,391.64870692672,373.2374282333111,383.2122802734375,4.070079870684611,1.6052647640830542,2.425873415442205,31797909.0,16497372.0,17538892.5,15669703.34,1.812994121493133,0.5417794280468601,41.91578830051014,-1.8349711196725875,-12.944175375764308,2,-2.139385559374287,-2.615426993146308,6.2094654300588985,6.68550686383092
2026-03-30,SAIL,Steel Authority of India Ltd.,Metals & Mining,146.47000122070312,146.1999969482422,156.60000610351562,145.00999450683594,151.4199981689453,3.3795295330020925,3.5704523458718764,-0.1843410051277948,70851364.0,22949967.0,20421255.0,23142496.5,3.469491174758848,0.5530627479221605,42.933424032394655,-4.516355083734301,-12.92432353929145,3,-2.139385559374287,-2.615426993146308,5.51891509237638,5.994956526148401
2026-03-30,THERMAX,Thermax Ltd.,Capital Goods,3183.896484375,3245.644284612641,3326.4145065670587,3130.215806628822,3247.43701171875,1.995684459453242,0.0552348609059879,1.9393783855935307,541315.0,124522.6,170993.4,142794.64,3.1657069805033413,0.5974616810755077,52.2840015104359,0.8016785964815267,-21.8705692680798,4,-2.139385559374287,-2.615426993146308,4.135070018827529,4.61111145259955
2026-03-30,GLAXO,Glaxosmithkline Pharmaceuticals Ltd.,Healthcare,2203.4111328125,2203.4109921883555,2239.882492932321,2162.5511978109103,2226.32763671875,1.040046660606579,1.040053109094932,-6.3821110088907885e-06,129602.0,62052.8,49972.6,65009.28,2.593461216746777,0.824717067103432,22.492576433456207,-7.463338852685379,-34.50724492845784,5,-2.139385559374287,-2.615426993146308,3.1794322199808662,3.655473653752887
2026-04-01,COCHINSHIP,Cochin Shipyard Ltd.,Capital Goods,1191.7586669921875,1243.5004810970222,1370.457568163449,1226.7193192442385,1337.0950927734375,12.195122201045654,7.526704902747257,4.341635226821799,8012279.0,1392496.2,1224762.15,1020370.0,6.541906116220199,0.7678942408101606,26.32628351128207,-13.690144891329451,-42.62757796688702,1,1.5583438293735252,2.255166821612764,10.63677837167213,9.93995537943289
2026-04-01,GODREJIND,Godrej Industries Ltd.,Diversified,749.0,770.0,879.9000244140625,756.0,831.8499755859375,11.06141196073932,8.032464361810066,2.803738317757009,6509510.0,76837.6,78801.1,94385.32,82.60684178266547,0.6121869301046612,20.543594130993057,-13.386873523805026,-43.471698113207545,2,1.5583438293735252,2.255166821612764,9.503068131365795,8.806245139126556
2026-04-01,BDL,Bharat Dynamics Ltd.,Capital Goods,1096.5999755859375,1132.199951171875,1216.0,1120.199951171875,1203.9000244140625,9.784794019422828,6.332810133755516,3.2463958032568483,4217920.0,2189147.6,1886816.55,1684658.12,2.2354690497070315,0.8736955175498283,23.833506209882003,-13.442604090871349,-45.32163927269247,3,1.5583438293735252,2.255166821612764,8.226450190049302,7.529627197810063
2026-04-01,NAM-INDIA,Nippon Life India Asset Management Ltd.,Financial Services,792.9921264648438,821.0359340900757,864.3134306159079,813.4190826263348,855.8063354492188,7.921164269864889,4.234942700489456,3.536454737608949,1610039.0,758091.2,633975.9,790185.16,2.539590227325676,0.8328479388628371,45.38361510585552,-6.08186297325589,-20.550049370692,4,1.5583438293735252,2.255166821612764,6.3628204404913635,5.665997448252124
2026-04-01,GROWW,Billionbrains Garage Ventures Ltd.,Financial Services,150.1199951171875,158.0,162.5,154.14999389648438,161.5500030517578,7.613914406037487,2.246837374530261,5.249137449452465,21307137.0,23791803.4,18969240.75,31973566.76,1.1232466961019512,0.8862279935529379,50.98597085356979,-5.168005941463092,-22.538703429692298,5,1.5583438293735252,2.255166821612764,6.055570576663961,5.358747584424723
2026-04-02,COFORGE,Coforge Ltd.,Information Technology,1151.2181396484375,1130.6660271639068,1232.1296067985938,1127.373648325839,1210.579833984375,5.156424511697284,7.0678524781468,-1.7852491875090606,6403645.0,2829563.2,3229975.05,3402239.98,1.9825679458421823,0.794285946800596,52.244283419731865,2.4896349208876347,-41.867761322557534,1,0.14858954897207188,-0.3200930622190412,5.007834962725212,5.476517573916325
2026-04-02,LINDEINDIA,Linde India Ltd.,Chemicals,6990.1455078125,6888.318250027839,7309.60380097157,6761.034108451237,7284.14697265625,4.20594198668913,5.746376811594199,-1.4567258674494588,78863.0,113701.2,72721.45,70291.02,1.084453074024239,0.9535941765241128,55.82453161908563,0.5824928746311411,-6.826350054541814,2,0.14858954897207188,-0.3200930622190412,4.057352437717058,4.526035048908171
2026-04-02,PAGEIND,Page Industries Ltd.,Textiles,32313.85546875,32274.22882374061,33760.15096111357,31922.560584562343,33626.41796875,4.061918582477259,4.189686924493554,-0.1226305076709646,77315.0,28156.8,21818.8,24391.46,3.543503767393257,0.927223719676548,56.86274949938417,3.768033757240645,-33.69215898970398,3,0.14858954897207188,-0.3200930622190412,3.913329033505187,4.3820116446963
2026-04-02,SWIGGY,Swiggy Ltd.,Consumer Services,265.29998779296875,262.5,277.0,256.70001220703125,275.3500061035156,3.788171418383017,4.895240420386904,-1.0554044183197502,10194616.0,16292182.0,12690761.75,12590275.66,0.8033100140738203,0.9187194636119004,32.477614675943826,-6.769985343540549,-44.02953844030195,4,0.14858954897207188,-0.3200930622190412,3.6395818694109447,4.108264480602058
2026-04-02,PERSISTENT,Persistent Systems Ltd.,Information Technology,5031.6240234375,4952.897470862676,5248.769736314872,4946.71873581132,5209.60595703125,3.5372661543212143,5.182996168985141,-1.5646350404583695,964640.0,944528.2,748526.4,842467.34,1.2887187412494736,0.8703405079992071,59.93711738335481,6.192882383322485,-23.21242871270146,5,0.14858954897207188,-0.3200930622190412,3.3886766053491426,3.8573592165402557
2026-04-06,KALYANKJIL,Kalyan Jewellers India Ltd.,Consumer Durables,392.7474670410156,393.3948247822042,420.2353192886936,393.3948247822042,418.6418151855469,6.593129254179769,6.417723064181173,0.1648279863052582,12249798.0,4462567.0,3150988.75,7282347.46,3.887604486052195,0.940630598189557,51.4722728376387,2.247975896820753,-35.97150938777239,1,1.123362266767345,1.4394971567241424,5.469766987412424,5.153632097455627
2026-04-06,LTF,L&T Finance Ltd.,Financial Services,237.900634765625,241.4144421833636,254.85606716338145,239.63279782153208,252.84674072265625,6.282499402221377,4.735548725212294,1.4770063229130674,11678955.0,6401854.0,5245027.3,7649903.6,2.22667191837114,0.8680095322756025,35.887536524136166,-7.555733972565561,-27.045074378305006,2,1.123362266767345,1.4394971567241424,5.159137135454031,4.843002245497234
2026-04-06,VMM,Vishal Mega Mart Ltd.,Consumer Services,107.87999725341795,107.01000213623048,114.0500030517578,105.5199966430664,113.73999786376952,5.431962142700091,6.289127738705541,-0.8064471072833068,25229396.0,15935315.4,18075424.8,28740133.6,1.3957844022564825,0.9636570978806756,49.815596107598594,0.9710526665688052,-31.54822774400168,3,1.123362266767345,1.4394971567241424,4.308599875932746,3.992464985975949
2026-04-06,GODREJPROP,Godrej Properties Ltd.,Realty,1501.04443359375,1509.702500380916,1584.3417143087793,1486.6141521324685,1577.0767822265625,5.065296331753379,4.462752219635798,0.5768028309753086,2223294.0,1244033.8,1300446.7,1610018.08,1.7096386956881815,0.925661380265374,36.22154040663156,-5.003635034241812,-37.36035451260576,4,1.123362266767345,1.4394971567241424,3.9419340649860333,3.625799175029236
2026-04-06,LGEINDIA,LG Electronics India Ltd.,Consumer Durables,1318.800048828125,1336.0,1406.800048828125,1314.5999755859375,1379.699951171875,4.617826818998464,3.27095442903256,1.3042122031432086,1456472.0,1502695.6,830351.2,773968.32,1.7540433493683156,0.706072927023989,24.078948303724403,-13.481594907293507,-24.59690972966695,5,1.123362266767345,1.4394971567241424,3.4944645522311184,3.1783296622743213
2026-04-07,COROMANDEL,Coromandel International Ltd.,Chemicals,1890.359375,1861.1879246001392,2038.0157628471732,1858.190842595952,2008.944091796875,6.273130832431002,7.93880968406132,-1.5431695573684638,861108.0,480535.0,420018.45,334075.42,2.050167081946043,0.8383334689670136,41.16125305664079,-4.017455311493503,-30.13134986381493,1,0.6765878576948614,0.1010461690776363,5.59654297473614,6.172084663353365
2026-04-07,MPHASIS,MphasiS Ltd.,Information Technology,2176.839599609375,2162.0365675052312,2280.8511896834466,2149.473477151883,2267.314208984375,4.156236839463748,4.869373768299552,-0.6800240176997934,1130562.0,733069.4,611060.5,663877.02,1.8501637726542624,0.8969613609628093,53.917253969421246,4.44151394082082,-26.405906153897156,2,0.6765878576948614,0.1010461690776363,3.4796489817688867,4.055190670386112
2026-04-07,FORTIS,Fortis Healthcare Ltd.,Healthcare,807.2936401367188,803.1480042800537,841.30753608049,783.5188029215852,839.1597900390625,3.9472811772612353,4.483829327483668,-0.5135226701356149,2061444.0,1546102.4,1689933.35,1710798.72,1.219837456903256,0.9628345193946076,39.09998547168767,-3.2760879329365618,-26.81789429709553,3,0.6765878576948614,0.1010461690776363,3.270693319566374,3.8462350081835988
2026-04-07,ICICIAMC,ICICI Prudential Asset Management Company Ltd.,Financial Services,2894.262939453125,2891.772648902624,3043.184788976065,2871.152754781905,2998.65771484375,3.606955469303371,3.6961780512616342,-0.0860423051601352,460850.0,509937.8,461541.1,427210.28,0.9985026252266592,0.741169867920874,48.40678428451385,0.239947096541543,-9.004069907338343,4,0.6765878576948614,0.1010461690776363,2.9303676116085096,3.505909300225735
2026-04-07,PRESTIGE,Prestige Estates Projects Ltd.,Realty,1181.7122802734375,1171.7249322574787,1228.1538969931316,1154.546605918847,1220.5634765625,3.287703524589986,4.168089537100449,-0.8451590275128398,2218484.0,1853488.4,1065109.6,914356.06,2.082869218341474,0.8968795031055908,41.96903470889301,-4.755395744538245,-34.698905228705904,5,0.6765878576948614,0.1010461690776363,2.6111156668951248,3.1866573555123496
2026-04-08,ASHOKLEY,Ashok Leyland Ltd.,Capital Goods,150.3649139404297,162.33079983594698,170.2556078431736,160.2070257041705,169.58700561523438,12.78362828872428,4.470011720893748,7.957897611844365,102302775.0,43728315.8,28508508.9,21989069.72,3.588499677722534,0.9334630280480982,35.527595941664046,-9.84443222697961,-29.00845567437637,1,3.7783792956159856,3.9707263852654537,9.005248993108294,8.812901903458826
2026-04-08,HINDPETRO,Hindustan Petroleum Corporation Ltd.,Oil Gas & Consumable Fuels,315.1631774902344,336.65588202964136,349.6370987949526,333.80286608023766,346.4036865234375,9.912487011326425,2.895480225988708,6.819548118077011,25974676.0,8751638.0,12576261.9,8166797.7,2.065373336412468,0.7957960875167488,35.3471980364377,-5.60959069507737,-34.82151643376988,2,3.7783792956159856,3.9707263852654537,6.134107715710439,5.9417606260609706
2026-04-08,ABCAPITAL,Aditya Birla Capital Ltd.,Financial Services,308.54998779296875,323.70001220703125,340.04998779296875,321.0,338.3999938964844,9.674285297183165,4.541236062744214,4.910071305602476,7244230.0,4332741.6,4205426.9,7509462.86,1.722590874186875,0.9133860916649312,49.116460955508494,-1.3295205264730885,-16.450041161132322,3,3.7783792956159856,3.9707263852654537,5.8959060015671785,5.70355891191771
2026-04-08,AUBANK,AU Small Finance Bank Ltd.,Financial Services,887.5880737304688,919.107410965958,971.0569602814252,917.5589269796272,966.8610229492188,8.931276970134524,5.195650847061829,3.5511222117953496,4895295.0,2519819.0,2711528.4,3095174.52,1.805363720328358,0.9215683816162752,50.65287334089453,-0.9418550837138224,-14.506341272829989,4,3.7783792956159856,3.9707263852654537,5.152897674518538,4.96055058486907
2026-04-08,JSWINFRA,JSW Infrastructure Ltd.,Services,233.6054229736328,244.2632887551068,256.9649700341124,241.092858268562,254.1534576416016,8.796043519198617,4.04897884446747,4.562336629778045,6113463.0,2418732.2,1920087.15,1558286.56,3.183950790983628,0.8228646298589527,38.95126872164554,-7.0065593520620935,-32.86246804029856,5,3.7783792956159856,3.9707263852654537,5.017664223582631,4.825317133933163
2026-04-09,THERMAX,Thermax Ltd.,Capital Goods,3278.21142578125,3282.5933980995555,3571.413812374092,3241.760167115914,3520.720947265625,7.397616870503741,7.254250535687194,0.1336696066594072,676592.0,158065.8,207772.3,162794.76,3.2564109845248863,0.8462238599886702,52.030083779148576,2.112298566810315,-19.556180996429937,1,-0.9261439434677153,0.268064360106329,8.323760813971457,7.129552510397413
2026-04-09,POWERINDIA,Hitachi Energy India Ltd.,Capital Goods,25908.814453125,26073.773373146625,27493.43434668452,25858.824704618,27308.478515625,5.402269814515496,4.735429447852751,0.6366903445932414,255940.0,121554.6,130968.7,151874.6,1.9542073793204024,0.8868501529051972,61.56968808881905,4.040792565546666,-1.5574524283824225,2,-0.9261439434677153,0.268064360106329,6.328413757983212,5.134205454409168
2026-04-09,GVT&D,GE Vernova T&D India Ltd.,Capital Goods,3715.902587890625,3752.711403913129,3967.978629910554,3742.736094492839,3901.642822265625,4.998522700252957,3.968635003405761,0.990575375750062,1193863.0,817754.0,654677.6,731542.42,1.823589198713993,0.7054916491598341,57.040690328978,0.5734582185739788,-14.247237179108346,3,-0.9261439434677153,0.268064360106329,5.9246666437206725,4.730458340146629
2026-04-09,BHEL,Bharat Heavy Electricals Ltd.,Capital Goods,264.8456726074219,265.64307860918234,280.09645436840617,262.9118987171806,276.3086853027344,4.328185762847638,4.015013961362577,0.3010832663074889,31642983.0,13701165.0,10193007.15,12793238.9,3.104381517087428,0.7795829497982013,56.56620665424014,3.823944847949407,-13.141543750236504,4,-0.9261439434677153,0.268064360106329,5.254329706315353,4.060121402741309
2026-04-09,ANTHEM,Anthem Biosciences Ltd.,Healthcare,688.9038696289062,686.2607369991598,729.2486934282535,686.2607369991598,718.3770141601562,4.278266653825937,4.679894306853776,-0.3836721996016991,745966.0,392343.2,387416.0,299015.98,1.9254909451339128,0.7470994164137686,62.96915538507301,5.678676956262817,-20.927305462911928,5,-0.9261439434677153,0.268064360106329,5.204410597293652,4.010202293719608
2026-04-10,NIACL,The New India Assurance Company Ltd.,Financial Services,128.87850952148438,129.93976702221366,154.64627956395785,129.92985416102584,154.43800354003906,19.83223899271884,18.85353274000972,0.8234557527625417,76076824.0,547691.2,619220.25,517056.32,122.85906993513213,0.991573375982836,46.35598580246295,0.6233755418806737,-38.940108151318206,1,1.1587753764504307,1.5969129343445183,18.673463616268407,18.23532605837432
2026-04-10,LENSKART,Lenskart Solutions Ltd.,Consumer Services,514.4000244140625,517.0,550.0,517.0,547.5499877929688,6.444393819122846,5.909088547963007,0.5054384647238408,4598082.0,2213371.0,2372096.0,3059671.96,1.9384046851392187,0.9257572058475378,54.30055945399406,2.1156690377385687,-5.423790894618919,2,1.1587753764504307,1.5969129343445183,5.2856184426724155,4.847480884778328
2026-04-10,ATGL,Adani Total Gas Ltd.,Oil Gas & Consumable Fuels,549.7080688476562,552.757000888498,585.3955675546044,551.2075541303083,580.84716796875,5.664661096638097,5.081829273098304,0.5546456771561004,7676199.0,4270142.8,12052117.35,5139223.06,0.636917047609066,0.8669592313128653,58.75496173312767,3.135425118014302,-31.09022082374467,3,1.1587753764504307,1.5969129343445183,4.505885720187667,4.067748162293579
2026-04-10,APARINDS,Apar Industries Ltd.,Capital Goods,10729.748046875,10861.78975677894,11399.921457192777,10788.5440531115,11302.7587890625,5.340393266311479,4.059819257764114,1.2306133315254812,168276.0,106341.8,122369.3,139606.58,1.3751488322643015,0.8410757946210259,72.22039018221155,9.73717250534837,-7.563530006077043,4,1.1587753764504307,1.5969129343445183,4.181617889861048,3.743480331966961
2026-04-10,NAM-INDIA,Nippon Life India Asset Management Ltd.,Financial Services,898.8365478515625,910.0639302129678,950.6211271028936,902.3976308008477,944.9332275390624,5.1284830148131215,3.83152173913044,1.2491016735179974,2020947.0,1378197.2,854044.95,903621.66,2.3663239270954066,0.8820512820512826,57.19227894326687,6.842496418021413,-9.9454875182922,5,1.1587753764504307,1.5969129343445183,3.969707638362691,3.531570080468603
2026-04-13,NIACL,The New India Assurance Company Ltd.,Financial Services,154.43800354003906,148.77464820655675,174.2051941346319,147.48526489527194,170.2676239013672,10.249821934032056,14.446665445963532,-3.667073650051461,29343939.0,15675978.2,4401178.55,2033542.04,6.667291196354667,0.8526354543085968,65.12564576481762,19.74330747238479,-26.830564471191988,1,-0.8646321593950644,-0.576053705227534,11.11445409342712,10.82587563925959
2026-04-13,NTPCGREEN,NTPC Green Energy Ltd.,Power,97.16999816894533,97.0,106.08999633789062,96.25,104.2300033569336,7.26562243596357,7.453611708178963,-0.1749492355137683,91182889.0,7225491.4,30127739.05,13964773.86,3.0265427103133384,0.8109762527253386,48.66875431787941,0.5744433050167622,-14.845326746821108,2,-0.8646321593950644,-0.576053705227534,8.130254595358634,7.841676141191104
2026-04-13,TATAINVEST,Tata Investment Corporation Ltd.,Financial Services,662.234619140625,646.6649105794754,734.1636594707426,641.0936679463562,709.5406494140625,7.143394335805948,9.723078801081728,-2.351086474662746,13553272.0,1021937.2,658961.15,1429312.34,20.567634374196416,0.7354355614158588,58.15823598812431,10.283183139792614,-43.81277871235573,3,-0.8646321593950644,-0.576053705227534,8.008026495201012,7.719448041033482
2026-04-13,THERMAX,Thermax Ltd.,Capital Goods,3628.181884765625,3581.3731309205664,3873.7789988242794,3523.210772438283,3855.055419921875,6.253091558305536,7.641825607011257,-1.29014353005851,536932.0,276183.6,245221.6,178765.48,2.189578732052968,0.946590770374644,66.72184788646172,11.388160948856834,-10.968278447580117,4,-0.8646321593950644,-0.576053705227534,7.117723717700601,6.8291452635330705
2026-04-13,JSWENERGY,JSW Energy Ltd.,Power,487.1930236816406,482.3594765852148,513.8523437003768,470.84863760508665,507.8727111816406,4.244660020729951,5.289257459404055,-0.9921215742991312,8068921.0,2631038.2,4394364.05,3596478.04,1.836197663231839,0.8609507630461867,41.86419654496145,-1.3366027606558628,-12.298169258838971,5,-0.8646321593950644,-0.576053705227534,5.109292180125015,4.820713725957485
2026-04-15,SUZLON,Suzlon Energy Ltd.,Capital Goods,45.86000061035156,47.0,49.36000061035156,46.72999954223633,49.130001068115234,7.130397763286475,4.531917166202627,2.4858250642742377,215457241.0,83566090.6,77166340.0,67643389.38,2.792114294911486,0.912547738088504,65.93185983579454,9.251606677625464,-32.855053351024296,1,1.6300637062472656,2.2044500698196825,5.500334057039209,4.925947693466792
2026-04-15,GROWW,Billionbrains Garage Ventures Ltd.,Financial Services,194.7100067138672,201.00999450683597,212.8999938964844,201.00999450683597,208.44000244140625,7.051510068363228,3.696337564109347,3.2355747397342505,131089257.0,49207967.4,26885644.25,29537707.36,4.8758086576259005,0.6248955690476282,77.32953871699101,16.888889951472265,-2.0819709643324185,2,1.6300637062472656,2.2044500698196825,5.4214463621159625,4.847059998543546
2026-04-15,RVNL,Rail Vikas Nigam Ltd.,Construction,270.94549560546875,277.1361839227877,287.9524763223103,275.8900679878831,286.16802978515625,5.618301254896466,3.2589919275517154,2.284846368634009,14149575.0,6729471.2,6811849.1,8110915.12,2.077200300869848,0.8520654841321292,55.15510156427171,2.19129616459002,-31.95820378522439,3,1.6300637062472656,2.2044500698196825,3.9882375486492005,3.413851185076784
2026-04-15,THERMAX,Thermax Ltd.,Capital Goods,3855.055419921875,3881.148733755833,4082.327087417285,3859.238219990724,4068.384033203125,5.533736614493942,4.82422376186811,0.6768596295429298,421948.0,369952.6,267646.45,187166.12,1.5765125971220617,0.9375000000000006,74.86264153852774,17.120580569745616,-5.4010433829716575,4,1.6300637062472656,2.2044500698196825,3.9036729082466763,3.3292865446742597
2026-04-15,DIXON,Dixon Technologies (India) Ltd.,Consumer Durables,10503.5,10714.5,11099.0,10714.5,11068.5,5.3791593278431,3.303933921321574,2.0088541914599896,852184.0,725195.6,710884.45,751848.9,1.1987658472484524,0.9206762028608584,54.15715245110593,2.0485492074441507,-43.135184884413405,5,1.6300637062472656,2.2044500698196825,3.749095621595834,3.1747092580234173
2026-04-16,NLCINDIA,NLC India Ltd.,Power,275.20001220703125,277.3500061035156,307.45001220703125,276.04998779296875,297.75,8.194035898517523,7.355324841374067,0.7812477474989892,41546367.0,1809455.8,2425282.15,2203382.78,17.130529328309287,0.6910826539775842,56.36233475272362,2.9554844184688487,-4.476471403239106,1,-0.14258739785333827,0.6285712326287466,8.336623296370862,7.5654646658887765
2026-04-16,HDBFS,HDB Financial Services Ltd.,Financial Services,642.4652709960938,717.9496885249636,721.888452460669,681.0550517535419,684.0465087890625,6.4721378213175935,-4.722222222222223,11.749182552986396,12462293.0,769488.0,1098861.55,972300.2,11.341094790330956,0.0732600514215435,52.14610327569368,4.910928625258324,-27.566222815552656,2,-0.14258739785333827,0.6285712326287466,6.614725219170932,5.843566588688847
2026-04-16,BHEL,Bharat Heavy Electricals Ltd.,Capital Goods,291.5594787597656,293.4234581812196,311.2957975614518,292.1076952966817,308.2655944824219,5.729916857349536,5.058265073011212,0.6393136074268444,28292886.0,23809776.4,13474079.3,14205043.28,2.0998010602475823,0.8420790635146093,66.13672433134224,12.008665651693684,-4.380517224470307,3,-0.14258739785333827,0.6285712326287466,5.872504255202874,5.101345624720789
2026-04-16,POLICYBZR,PB Fintech Ltd.,Financial Services,1480.5999755859375,1490.0,1563.9000244140625,1482.199951171875,1550.5,4.7210607569002585,4.060402684563758,0.6348794116616477,4186963.0,1296071.8,1357425.6,2351365.84,3.0844880190855397,0.8359851603273334,47.62179235251212,0.6526156074736573,-24.994935380651597,4,-0.14258739785333827,0.6285712326287466,4.863648154753597,4.092489524271512
2026-04-16,RADICO,Radico Khaitan Ltd,Fast Moving Consumer Goods,2900.264892578125,2913.6354013140926,3048.037145488773,2911.539952982586,3029.677734375,4.46210420737936,3.982733495363578,0.4610099156867778,1034273.0,419925.4,440034.55,421201.88,2.3504358919089423,0.8654960532397695,63.4859811471021,7.261066936060113,-19.076254512690387,5,-0.14258739785333827,0.6285712326287466,4.6046916052326985,3.8335329747506135
2026-04-17,COLPAL,Colgate Palmolive (India) Ltd.,Fast Moving Consumer Goods,1954.3612060546875,1954.361239667065,2097.1775424260813,1946.256705880731,2081.462890625,6.5034899473314605,6.503488115615045,1.7198651888390617e-06,2100901.0,433760.6,409634.1,418181.18,5.12872585558673,0.8958748694958417,64.61466588661636,4.523961601687413,-20.17624871825453,1,0.6480241406387222,1.2153036833406028,5.855465806692738,5.288186263990857
2026-04-17,ATGL,Adani Total Gas Ltd.,Oil Gas & Consumable Fuels,597.391357421875,609.7870472004547,649.2732576339268,601.8897807082209,632.6790771484375,5.90696857062873,3.754102362961068,2.074969720364724,8867488.0,4156903.4,7983508.25,5419752.62,1.1107257263747423,0.6497897249813921,74.77872025271478,10.790275766779274,-25.112784667613404,2,0.6480241406387222,1.2153036833406028,5.258944429990008,4.691664887288127
2026-04-17,SUZLON,Suzlon Energy Ltd.,Capital Goods,50.25,50.790000915527344,53.7400016784668,50.56999969482422,52.93000030517578,5.333333940648321,4.213426562459865,1.0746286876166045,337159969.0,131293761.0,86599234.95,72867331.58,3.893336577334278,0.7444792219466496,81.26137144061356,17.534237005003803,-26.427528909595367,3,0.6480241406387222,1.2153036833406028,4.685309800009598,4.118030257307717
2026-04-17,NAM-INDIA,Nippon Life India Asset Management Ltd.,Financial Services,954.4295043945312,959.5239564419256,1013.6331456848304,951.6103568011672,1004.08740234375,5.202887978690538,4.644328638450379,0.5337693380116195,2327117.0,1524050.6,1062603.9,970124.66,2.1900136071399703,0.8460929681993921,66.37099534775714,10.954262550243218,-4.37562433141988,4,0.6480241406387222,1.2153036833406028,4.554863838051816,3.987584295349935
2026-04-17,CRISIL,CRISIL Ltd.,Financial Services,4108.2822265625,4108.083347968464,4363.861488569698,4085.5819343704666,4316.46923828125,5.0674953724624014,5.072581850507902,-0.0048409184926448,444535.0,67628.2,83194.2,57912.78,5.343341242538543,0.8296955361135948,58.13423942040729,5.088061937313439,-31.936885736776212,5,0.6480241406387222,1.2153036833406028,4.419471231823679,3.8521916891217987
2026-04-20,RADICO,Radico Khaitan Ltd,Fast Moving Consumer Goods,3179.8447265625,3213.7692642536776,3357.550343723618,3184.035432315665,3332.70556640625,4.807179374729935,3.700835136967822,1.066861454202231,1253847.0,702417.8,514775.75,438968.6,2.43571496909091,0.8568147422272251,74.79250341078765,16.32210581328402,-11.275364536525426,1,0.046394992773288166,-0.09094419118675037,4.760784381956647,4.898123565916685
2026-04-20,APARINDS,Apar Industries Ltd.,Capital Goods,11442.2744140625,11480.142669282792,12023.257057716744,11341.125316646943,11935.5615234375,4.311093157919308,3.967013888888892,0.3309504199073556,183666.0,155726.6,131296.95,144746.68,1.398859607934533,0.8714390065741431,71.6746776413112,11.570508908935254,-2.521436454707532,2,0.046394992773288166,-0.09094419118675037,4.2646981651460205,4.402037349106059
2026-04-20,MAHABANK,Bank of Maharashtra,Financial Services,71.63768768310547,71.91348561555512,75.7943067626396,71.22399420818915,74.40548706054688,3.863607923367053,3.4652769555822074,0.3849899980994098,48456248.0,16856977.6,18967013.65,21058611.24,2.5547642287904404,0.6961215047009585,71.61703072698356,9.351160177797958,-5.545451516800609,3,0.046394992773288166,-0.09094419118675037,3.8172129305937648,3.9545521145538034
2026-04-20,JKCEMENT,J.K. Cement Ltd.,Construction Materials,5522.4453125,5505.508707952092,5728.678080116635,5433.775695470631,5709.74853515625,3.391671842042347,3.709735794426347,-0.3066866865946578,79995.0,85920.8,79890.25,71720.28,1.001311173766511,0.935810810810812,63.22742431549198,5.234675548969842,-26.733199173271,4,0.046394992773288166,-0.09094419118675037,3.3452768492690588,3.4826160332290974
2026-04-20,BERGEPAINT,Berger Paints India Ltd.,Consumer Durables,465.0885925292969,466.4284855764597,486.32823065398736,459.8282925007519,480.3235778808594,3.275716841109754,2.9790402460575924,0.2880941542505,402025.0,347696.6,367168.9,463651.9,1.0949320598776202,0.7734088004882812,77.02171917873903,8.620572484433481,-22.025623123995484,5,0.046394992773288166,-0.09094419118675037,3.2293218483364656,3.3666610322965043
2026-04-21,GROWW,Billionbrains Garage Ventures Ltd.,Financial Services,196.1100006103516,201.0,216.75,194.0,214.00999450683597,9.1275273268953,6.472634083002954,2.4934982277442925,288824841.0,76347287.6,40578266.9,32506775.54,7.1177224426999866,0.8795601981026786,69.72184541866343,11.928223613662398,-8.513715221140327,1,0.8690798564113598,0.5287102093957395,8.25844747048394,8.59881711749956
2026-04-21,ICICIAMC,ICICI Prudential Asset Management Company Ltd.,Financial Services,3282.953857421875,3307.1598365653203,3527.205404316059,3295.903490891946,3496.225830078125,6.496343899994192,5.716868940606172,0.73732316062628,794016.0,958121.6,663826.65,515088.48,1.1961194989685937,0.8660643408464591,69.0568346309458,8.794828882364234,-3.915450152532048,2,0.8690798564113598,0.5287102093957395,5.627264043582832,5.967633690598452
2026-04-21,MAHABANK,Bank of Maharashtra,Financial Services,74.40548706054688,76.2375527965575,80.27597455333358,75.82386246130963,78.97579956054688,6.142440135202588,3.591729618205985,2.462272351661096,152939074.0,23089384.4,20413312.55,21587410.28,7.492124251044204,0.707964452396426,73.16400164493751,12.471811628782447,-1.8960980976231427,3,0.8690798564113598,0.5287102093957395,5.273360278791229,5.613729925806849
2026-04-21,LICHSGFIN,LIC Housing Finance Ltd.,Financial Services,526.1361083984375,531.3807666307727,555.3495269357102,527.8026458261685,554.026123046875,5.300912483147171,4.261606335450482,0.9968253743883756,5519886.0,1248770.0,1951767.45,1741554.94,2.828147379955537,0.9519581224613928,69.82339717485853,4.943109859383797,-15.521814388284158,4,0.8690798564113598,0.5287102093957395,4.431832626735811,4.772202273751431
2026-04-21,NAM-INDIA,Nippon Life India Asset Management Ltd.,Financial Services,992.1675415039062,994.0470590047696,1049.5411523340606,988.8042509420958,1043.9521484375,5.219340964843473,5.020395058830995,0.1894354957444525,2251900.0,1492899.4,1177995.75,939572.42,1.911636777976491,0.907980094992136,64.47483311392025,13.136463435986354,-2.141563219431207,5,0.8690798564113598,0.5287102093957395,4.350261108432114,4.690630755447734
2026-04-22,IREDA,Indian Renewable Energy Development Agency Ltd.,Financial Services,128.00714111328125,128.00714333417068,141.90455626236388,127.8283267784304,139.5204315185547,8.994256340030773,8.994254449009809,1.7349730715039005e-06,73264311.0,12342134.2,10846981.25,9083463.66,6.754350294465569,0.8306276019064323,71.77349274166401,7.562198673870365,-25.80570932847869,1,-0.8076788618238305,0.2233405569038554,9.801935201854604,8.770915783126918
2026-04-22,EXIDEIND,Exide Industries Ltd.,Automobile and Auto Components,331.5113525390625,331.4118294589364,358.73092484693143,330.4165987398405,352.8590393066406,6.439503988045988,6.471467805696316,-0.0300210171880589,15696406.0,1716746.6,2011225.7,1763331.32,7.804398084213025,0.7926178600160902,72.22605430598152,7.214701848181107,-22.714617976450366,2,-0.8076788618238305,0.2233405569038554,7.2471828498698185,6.2161634311421325
2026-04-22,AWL,AWL Agri Business Ltd.,Fast Moving Consumer Goods,187.51048278808597,187.47067827207,199.9654052528924,186.3366031207404,198.562744140625,5.894209853339091,5.916693730876406,-0.0212278883954246,12333012.0,3629233.2,4880153.85,4014719.16,2.527176883982869,0.8970811155179684,54.007805706897166,3.6764496607791712,-34.094401572675146,3,-0.8076788618238305,0.2233405569038554,6.701888715162921,5.670869296435235
2026-04-22,SJVN,SJVN Ltd.,Power,76.40304565429688,76.29362452784282,81.01845804709055,76.25384313439751,80.42163848876953,5.25972858811899,5.410693208605155,-0.1432156604713808,16968781.0,7001995.2,6265236.8,6733424.8,2.708402178829058,0.8747391826501915,76.31055169166108,9.0006008295803,-22.857698572838142,4,-0.8076788618238305,0.2233405569038554,6.06740744994282,5.036388031215134
2026-04-22,TIINDIA,Tube Investments of India Ltd.,Automobile and Auto Components,2883.62841796875,2898.4203025813326,3052.336415201169,2883.728358814603,3022.75244140625,4.82461688096069,4.2896518049569,0.5129608419867825,488674.0,450008.0,340534.25,572960.62,1.4350215874027357,0.824539974963639,82.50762576364417,8.525121345048479,-15.56350105889424,5,-0.8076788618238305,0.2233405569038554,5.63229574278452,4.601276324056834
2026-04-23,OFSS,Oracle Financial Services Software Ltd.,Information Technology,7900.169921875,8195.217489682862,8652.127598834812,8030.92428022184,8546.6494140625,8.183108699946377,4.288256227758,3.7346990093326538,2646355.0,262565.2,225318.95,188172.92,11.744928688865272,0.8302034428794999,86.71399972184595,12.66580493255203,-17.060382746956098,1,-0.8411190019346099,-0.4134549594087848,9.024227701880987,8.596563659355162
2026-04-23,GVT&D,GE Vernova T&D India Ltd.,Capital Goods,4228.9326171875,4289.382879771328,4638.518695566668,4284.295374754611,4485.2978515625,6.062173545472536,4.567439589389529,1.4294449227718085,2275465.0,532802.6,788300.3,637217.82,2.886545901352568,0.5674456338647921,78.7152282874027,9.128303326885838,-2.407921862916602,2,-0.8411190019346099,-0.4134549594087848,6.903292547407146,6.475628504881321
2026-04-23,GODREJIND,Godrej Industries Ltd.,Diversified,943.1500244140624,950.0999755859376,1043.4000244140625,949.6500244140624,996.0,5.603559796202185,4.831073107412242,0.7368871326905492,3038919.0,54479.0,419642.2,232674.42,7.241690659328351,0.4943997395833333,91.37012661159636,9.744854719865474,-28.818866081957545,3,-0.8411190019346099,-0.4134549594087848,6.444678798136795,6.01701475561097
2026-04-23,TORNTPOWER,Torrent Power Ltd.,Power,1651.6793212890625,1642.4114581083832,1734.9908324281716,1639.4218127911606,1731.004638671875,4.802706939559103,5.39409172568288,-0.5611175887003408,1220697.0,850704.2,656812.35,724517.16,1.8585171244115612,0.9582898959156748,98.00655950091564,14.319215884248695,-0.3786696485369832,4,-0.8411190019346099,-0.4134549594087848,5.643825941493713,5.216161898967888
2026-04-23,POWERINDIA,Hitachi Energy India Ltd.,Capital Goods,30327.7578125,30357.751202846688,31867.390732446507,30357.751202846688,31712.427734375,4.565685107470389,4.462374444261478,0.0988974870220241,193846.0,147955.6,158297.0,156515.16,1.2245715332571052,0.8973509933774817,91.89560093046268,13.445335681619822,-0.4430587463078509,5,-0.8411190019346099,-0.4134549594087848,5.406804109404999,4.979140066879174
2026-04-24,COCHINSHIP,Cochin Shipyard Ltd.,Capital Goods,1591.0093994140625,1593.2068969031964,1708.0776136078157,1591.0094189220792,1662.8284912109375,4.514058296784705,4.369902894788394,0.1381197050088554,11757918.0,2055155.0,2172931.8,1462729.66,5.411084692119652,0.6134806510141632,82.25888796923279,12.980567606135107,-23.40725916245291,1,-1.138050653967866,-1.01067253082279,5.652108950752571,5.5247308276074945
2026-04-24,HUDCO,Housing & Urban Development Corporation Ltd.,Financial Services,201.55938720703125,202.56489855984125,211.41751220756493,202.091712420656,208.371337890625,3.379624624774668,2.8664587853400723,0.4988660497251694,28775240.0,5472069.6,4979888.75,4538169.66,5.778289725849799,0.6733605281537359,96.64533514792748,12.616931036627811,-15.74262504060151,2,-1.138050653967866,-1.01067253082279,4.5176752787425345,4.390297155597458
2026-04-24,HDBFS,HDB Financial Services Ltd.,Financial Services,657.2730102539062,657.1234026382746,675.5208757797042,649.2458746809237,672.8285522460938,2.3666789522025797,2.3899848254931757,-0.0227618680970768,428578.0,984683.2,1706758.0,1160739.24,0.2511064837545803,0.897532885974441,69.47591373691212,5.612704781293,-25.896746605044296,3,-1.138050653967866,-1.01067253082279,3.5047296061704456,3.37735148302537
2026-04-24,NMDC,NMDC Ltd.,Metals & Mining,87.30999755859375,87.5,89.98999786376953,86.69999694824219,89.29000091552734,2.2677853765885327,2.04571533203125,0.2176181957613036,34794839.0,27921704.0,27467362.6,25715269.76,1.2667702941381056,0.7872350293464927,81.47388391030022,5.308227509634669,-3.171787366561743,4,-1.138050653967866,-1.01067253082279,3.405836030556399,3.2784579074113225
2026-04-24,GVT&D,GE Vernova T&D India Ltd.,Capital Goods,4485.2978515625,4518.815121247897,4682.410194070117,4513.827466588683,4586.9462890625,2.266258359287995,1.507721957781451,0.7472696528664396,1008621.0,889269.0,873881.0,668252.7,1.1541857529800967,0.4337266549556198,80.55529235731947,14.538695320120857,-3.303227906586013,5,-1.138050653967866,-1.01067253082279,3.404309013255861,3.276930890110785
2026-04-27,M&MFIN,Mahindra & Mahindra Financial Services Ltd.,Financial Services,287.92205810546875,304.7435987669512,323.7167176381605,304.7435987669512,310.7093811035156,7.914406818285402,1.9576399178532613,5.842393865954014,30867272.0,2247469.8,2736030.25,2089298.44,11.281772926304452,0.3144334032301445,57.066445563058,-0.7693474874362954,-28.578362879986614,1,0.8149234824183234,1.4742217435921978,7.099483335867078,6.440185074693204
2026-04-27,NTPCGREEN,NTPC Green Energy Ltd.,Power,110.30999755859376,111.16000366210938,119.9499969482422,110.68000030517578,118.86000061035156,7.750886810795437,6.926949167479068,0.7705612567565548,30036760.0,9173279.4,14830955.65,17261342.78,2.0252747502484776,0.8824167494487822,73.8955761389082,7.355050051638604,-4.244791249296168,2,0.8149234824183234,1.4742217435921978,6.935963328377114,6.27666506720324
2026-04-27,LTTS,L&T Technology Services Ltd.,Information Technology,3342.11376953125,3360.011840418291,3567.769230596591,3350.222326291921,3549.772216796875,6.213386544730051,5.647610347556417,0.5355314666487591,200428.0,145328.2,142124.8,222898.38,1.410225379384879,0.9172729492187502,51.93111773434671,0.1270911269521468,-28.484979316960413,3,0.8149234824183234,1.4742217435921978,5.398463062311728,4.7391648011378535
2026-04-27,INDUSINDBK,IndusInd Bank Ltd.,Financial Services,846.5787963867188,863.800902229899,902.0389553322884,863.800902229899,898.6943969726562,6.156024791593174,4.039529786630213,2.034318118607014,11254307.0,1739236.4,3000927.45,3662418.22,3.75027626875818,0.9125332466410724,68.5110794468184,3.251455116799704,-12.478711631463298,4,0.8149234824183234,1.4742217435921978,5.34110130917485,4.681803048000976
2026-04-27,MEDANTA,Global Health Ltd.,Healthcare,1105.1580810546875,1105.1580580780371,1174.5833846402145,1101.7092081154285,1167.385986328125,5.630679116425718,5.630681312527139,-2.0790374485465262e-06,219743.0,112043.0,228628.9,171997.02,0.9611339598799628,0.9012352707732968,80.99020105738778,5.37126418581953,-24.06811036890852,5,0.8149234824183234,1.4742217435921978,4.815755634007394,4.15645737283352
2026-04-28,OIL,Oil India Ltd.,Oil Gas & Consumable Fuels,475.2281799316406,478.8208185686978,499.97756608203287,477.3238797480929,496.1853332519531,4.409913848822495,3.626516226917979,0.7559818185811208,10897762.0,4375311.2,5827528.2,6300234.4,1.8700487798583283,0.8325997467176818,52.15284465563596,0.9240435743148976,-7.732262846554562,1,-0.40261159249649503,0.10046098729799362,4.81252544131899,4.309452861524502
2026-04-28,NAM-INDIA,Nippon Life India Asset Management Ltd.,Financial Services,979.0111694335938,1005.9669049064672,1053.4979506025911,1005.9669049064672,1012.1988525390624,3.389918740627797,0.6194982759571711,2.753363425717471,4148259.0,1439660.6,1379620.4,957873.1,3.006811873758898,0.131113202777768,67.3448153853087,6.405910348066844,-7.022406871788914,2,-0.40261159249649503,0.10046098729799362,3.792530333124292,3.2894577533298035
2026-04-28,GLENMARK,Glenmark Pharmaceuticals Ltd.,Healthcare,2322.788818359375,2325.7858435938065,2424.9869390477006,2324.986590056336,2401.310546875,3.3804936503476983,3.2472767640761235,0.1290270217741243,1537658.0,716650.0,664964.0,592540.7,2.312392851342328,0.7632369045557518,79.98910154681683,5.681079633856446,-2.010289080315998,3,-0.40261159249649503,0.10046098729799362,3.7831052428441936,3.2800326630497048
2026-04-28,INDUSTOWER,Indus Towers Ltd.,Telecommunication,387.7088012695313,396.09326236476096,403.8512816516551,394.7440454553954,398.936279296875,2.895853277145112,0.7177645272582079,2.1625666138543287,9680019.0,6039713.6,6070282.0,5293523.42,1.5946572169134812,0.4603189981172708,35.14723524996813,-4.308839825835642,-16.4485974986601,4,-0.40261159249649503,0.10046098729799362,3.298464869641607,2.7953922898471184
2026-04-28,ATGL,Adani Total Gas Ltd.,Oil Gas & Consumable Fuels,635.3781127929688,638.7769129250408,684.6609127660406,636.627639125466,653.6217041015625,2.8712967823835367,2.323939841304762,0.5349255921221133,15861517.0,2593380.6,4213163.2,5840827.78,3.7647525735532863,0.353797767423899,77.12212177694533,10.818586039010766,-20.35087726150264,5,-0.40261159249649503,0.10046098729799362,3.2739083748800315,2.770835795085543
2026-04-29,GODFRYPHLP,Godfrey Phillips India Ltd.,Fast Moving Consumer Goods,2085.5927734375,2099.292267964744,2264.673181142673,2094.955798025761,2242.49755859375,7.523270465577879,6.821598536531692,0.6568633484793086,3926006.0,663193.4,1054408.75,1461303.08,3.72341940447668,0.8693379420442311,65.39163509954318,3.257889440212109,-46.08473139479798,1,0.7582657634449143,-0.037804262344880345,6.7650047021329645,7.561074727922759
2026-04-29,COCHINSHIP,Cochin Shipyard Ltd.,Capital Goods,1693.6937255859375,1712.073087756702,1777.9988892689205,1712.073087756702,1771.805908203125,4.611942610235768,3.488917667918604,1.0851644481593603,6725966.0,4182258.4,2887265.4,1772307.78,2.329528141056932,0.9060613458806794,89.57194186166075,15.56745566892688,-18.46393576948172,2,0.7582657634449143,-0.037804262344880345,3.8536768467908535,4.649746872580648
2026-04-29,APARINDS,Apar Industries Ltd.,Capital Goods,11820.9599609375,11954.496117242685,12442.302540166183,11813.98395047616,12344.6416015625,4.430110941543767,3.2635878626208688,1.129655770313549,181004.0,123481.0,144345.1,134501.74,1.2539670553416775,0.8445678033306896,72.21933318366592,7.4953129229054865,-3.776107599836747,3,0.7582657634449143,-0.037804262344880345,3.6718451780988532,4.467915203888648
2026-04-29,IDEA,Vodafone Idea Ltd.,Telecommunication,9.949999809265137,10.050000190734863,10.550000190734863,10.010000228881836,10.289999961853027,3.417087026185597,2.388057378739364,1.0050289787604745,605375435.0,437141400.6,483172372.95,469347344.74,1.252918148659642,0.5185180606501587,84.73687529541716,7.7247857296744895,-22.26562764844853,4,0.7582657634449143,-0.037804262344880345,2.6588212627406826,3.4548912885304772
2026-04-29,INDUSINDBK,IndusInd Bank Ltd.,Financial Services,884.1179809570312,889.559188304228,923.504207835478,889.559188304228,912.2723999023438,3.1844640140489147,2.5533108866442165,0.6154390550124067,3485256.0,4454135.2,3378879.65,3809822.9,1.031482728306112,0.6691176470588235,70.56541510682386,6.724915121434612,-8.597823270071794,5,0.7582657634449143,-0.037804262344880345,2.4261982506040005,3.222268276393795
2026-04-30,FLUOROCHEM,Gujarat Fluorochemicals Ltd.,Chemicals,3359.175537109375,3344.985014623814,3621.601897058058,3342.8865506404445,3599.616455078125,7.15773603708883,7.612334265806791,-0.4224406354712883,507417.0,150404.0,76918.85,78903.8,6.596783493252953,0.9211186529105178,55.564283925652425,1.8729502612620672,-14.43335551246274,1,-0.7449012061355411,-0.955769343894158,7.902637243224371,8.113505380982987
2026-04-30,KPITTECH,KPIT Technologies Ltd.,Information Technology,733.8533935546875,731.8701724319487,760.7761188409606,721.5572896769921,752.6943359375,2.5673986859350064,2.8453357289250034,-0.2702475917066093,2877480.0,1540514.0,1665865.1,2043346.14,1.7273187366732154,0.7939310510859001,56.7021010907061,3.0505756907488686,-44.14637886107081,2,-0.7449012061355411,-0.955769343894158,3.3122998920705475,3.5231680298291645
2026-04-30,BHEL,Bharat Heavy Electricals Ltd.,Capital Goods,343.39227294921875,343.2926012946246,353.7588393244574,340.94020430068446,351.27685546875,2.2960861791718976,2.325786848890768,-0.0290255962191922,17432476.0,16514459.6,20218595.25,15862763.44,0.8622001570559161,0.8063768996383445,89.54234206397663,14.962278985255722,-3.79782347716138,3,-0.7449012061355411,-0.955769343894158,3.0409873853074387,3.2518555230660557
2026-04-30,THERMAX,Thermax Ltd.,Capital Goods,3973.7705078125,3983.729946083817,4091.091273612712,3906.545178378443,4061.014404296875,2.1954940858525176,1.940002441406248,0.2506294274351454,273294.0,122330.0,259125.2,205471.58,1.0546793596300166,0.8370224562180174,74.91437843972074,5.448570992518584,-7.317074052630609,4,-0.7449012061355411,-0.955769343894158,2.9403952919880587,3.1512634297466757
2026-04-30,POWERINDIA,Hitachi Energy India Ltd.,Capital Goods,32877.1484375,32967.12943018815,33786.9337101807,32522.235644094635,33541.9921875,2.0222062484034438,1.743745261561796,0.2736885556215594,128619.0,141260.0,155766.2,137703.9,0.8257182880496539,0.806324110671935,94.67949191559012,15.020718775664784,-1.2017425266636637,5,-0.7449012061355411,-0.955769343894158,2.767107454538985,2.977975592297602
2026-05-01,360ONE,360 ONE WAM Ltd.,Financial Services,1034.6500244140625,1034.6500244140625,1034.6500244140625,1034.6500244140625,1034.6500244140625,0.0,0.0,0.0,0.0,769669.6,1534407.3,1066374.34,0.0,0.5,59.37634920180611,1.358020729569538,-17.88750653832677,1,0.0,0.0,0.0,0.0
2026-05-01,NATIONALUM,National Aluminium Co. Ltd.,Metals & Mining,396.3135681152344,396.3135681152344,396.3135681152344,396.3135681152344,396.3135681152344,0.0,0.0,0.0,0.0,10234230.8,11674938.4,13747245.08,0.0,0.5,43.92175024785678,-5.386990208542209,-10.299898474685392,2,0.0,0.0,0.0,0.0
2026-05-01,MCX,Multi Commodity Exchange of India Ltd.,Financial Services,2964.23681640625,2964.23681640625,2964.23681640625,2964.23681640625,2964.23681640625,0.0,0.0,0.0,0.0,2184237.4,3088738.05,3431956.24,0.0,0.5,79.1280562870571,8.153258232399583,-0.4555993839847415,3,0.0,0.0,0.0,0.0
2026-05-01,MFSL,Max Financial Services Ltd.,Financial Services,1585.699951171875,1585.699951171875,1585.699951171875,1585.699951171875,1585.699951171875,0.0,0.0,0.0,0.0,498816.0,814974.9,857456.5,0.0,0.5,46.13740610381772,-1.0866345671413375,-16.21136321416777,4,0.0,0.0,0.0,0.0
2026-05-01,MOTILALOFS,Motilal Oswal Financial Services Ltd.,Financial Services,800.25,800.25,800.25,800.25,800.25,0.0,0.0,0.0,0.0,1827813.8,1464739.55,1076637.62,0.0,0.5,59.0509253857382,4.021109771016361,-26.4689411403019,5,0.0,0.0,0.0,0.0
2026-05-04,BHEL,Bharat Heavy Electricals Ltd.,Capital Goods,351.27685546875,353.8585280142554,397.717049796304,352.56272022029367,375.8376159667969,6.991852755363732,6.211264167033453,0.7349395513292127,104983361.0,13505303.0,19762687.75,14264905.22,5.312200563407677,0.515452138588915,88.23130127706995,13.66689684332435,-1.5889385979579305,1,0.5073434414612299,0.7065857269860705,6.484509313902502,6.285267028377662
2026-05-04,LAURUSLABS,Laurus Labs Ltd.,Healthcare,1099.85498046875,1101.103651330194,1169.8352683982216,1100.9038990391464,1165.2398681640625,5.944864446351459,5.824721111076911,0.1135305002584816,4720716.0,1503850.4,1602035.9,1667996.44,2.9466980109496923,0.9333336871603276,50.61728323094295,0.1002428716403866,-3.83456165550723,2,0.5073434414612299,0.7065857269860705,5.437521004890229,5.238278719365388
2026-05-04,AWL,AWL Agri Business Ltd.,Fast Moving Consumer Goods,195.3495178222656,196.961113969174,204.92948306449105,196.41396910955936,204.23312377929688,4.547544348235249,3.6921043263702193,0.8249808675620443,4062588.0,4160627.6,4036943.25,4586717.3,1.006352516845512,0.9182246322559474,65.71617475409565,3.84479705338472,-31.339162039724595,3,0.5073434414612299,0.7065857269860705,4.040200906774019,3.8409586212491784
2026-05-04,MOTILALOFS,Motilal Oswal Financial Services Ltd.,Financial Services,800.25,821.3499755859375,840.4500122070312,808.9500122070312,836.5999755859375,4.542327470907529,1.8566993916473795,2.6366729879334585,2901974.0,1690229.6,1350761.25,1067445.94,2.148398912094939,0.877776615203373,55.463248118858814,3.2144481693182554,-26.4689411403019,4,0.5073434414612299,0.7065857269860705,4.034984029446299,3.8357417439214587
2026-05-04,ICICIPRULI,ICICI Prudential Life Insurance Company Ltd.,Financial Services,512.0728759765625,517.5538888553654,536.488180470875,514.4646340266759,533.6978759765625,4.223031723513857,3.119286217112883,1.070357977533987,1731763.0,812938.6,1700887.4,1432723.6,1.0181526419679516,0.8733035798125297,31.79569003763399,-3.783773756826413,-27.2991008201245,5,0.5073434414612299,0.7065857269860705,3.7156882820526267,3.516445996527786
2026-05-05,ABCAPITAL,Aditya Birla Capital Ltd.,Financial Services,345.8500061035156,347.20001220703125,363.75,346.5,360.8500061035156,4.337140302235641,3.931449716754344,0.3903443919881145,15428401.0,5481464.6,4572887.75,7012258.74,3.373885790220851,0.8318844117980072,57.70641208872103,1.9064192918032663,-6.349846321305402,1,-0.358633945422016,0.11171041050754892,4.695774247657656,4.2254298917280915
2026-05-05,AUROPHARMA,Aurobindo Pharma Ltd.,Healthcare,1376.0,1373.9000244140625,1431.0,1367.0,1428.0999755859375,3.786335435024528,3.944970537065829,-0.1526145047919694,1811658.0,794128.8,1360100.7,1634337.94,1.3320028436129767,0.9546871185302734,58.61904600967792,-0.3010534953039849,-5.721137375813635,2,-0.358633945422016,0.11171041050754892,4.144969380446544,3.6746250245169794
2026-05-05,DABUR,Dabur India Ltd.,Fast Moving Consumer Goods,439.9425354003906,441.0777997643489,456.2805953562311,440.1399845341602,454.6517028808594,3.3434292656157862,3.077439654356322,0.2580483296358462,2742900.0,821611.6,1959544.4,1875758.5,1.3997641492583686,0.8990811132659013,62.27965529907197,1.2806400329875058,-22.35658045554989,3,-0.358633945422016,0.11171041050754892,3.7020632110378022,3.2317188551082374
2026-05-05,NAM-INDIA,Nippon Life India Asset Management Ltd.,Financial Services,1008.29150390625,1007.9946830775168,1047.0680785451927,994.3437367361556,1041.4296875,3.286567769872943,3.31698222062071,-0.0294379976012275,1093839.0,1574676.2,1521421.7,1008773.82,0.7189584583945399,0.8930590529586033,65.86221910304121,4.567989911324234,-4.291080649040055,4,-0.358633945422016,0.11171041050754892,3.645201715294959,3.174857359365394
2026-05-05,MARICO,Marico Ltd.,Fast Moving Consumer Goods,780.9785766601562,785.4581100042909,806.8104784325942,757.1376066604685,803.5255126953125,2.887010823213346,2.300237588854088,0.5735795421292254,5184757.0,823298.6,1657237.3,1743135.06,3.1285543717848974,0.933868012456548,70.22507662028761,2.476521427164839,-3.558700221747866,5,-0.358633945422016,0.11171041050754892,3.245644768635362,2.775300412705797
2026-05-06,COFORGE,Coforge Ltd.,Information Technology,1166.08349609375,1258.2686245296277,1292.7883033847272,1244.0019341799266,1277.424072265625,9.548250750898504,1.522365523749615,7.905534101519092,26656460.0,1268067.4,2679511.5,3302518.3,9.948253627573534,0.6850712326099816,33.005107052501,-5.137182002631369,-41.11711605460853,1,1.2405896433536392,1.6963289412878575,8.307661107544865,7.851921809610646
2026-05-06,YESBANK,Yes Bank Ltd.,Financial Services,20.479999542236328,20.88999938964844,22.200000762939453,20.809999465942383,22.1299991607666,8.056638942434764,5.935853553603346,2.001952424689064,388730945.0,84758550.0,102532133.85,100012915.48,3.791308445493745,0.949639182118692,68.54302554513659,4.088838560938501,-15.720163846747123,2,1.2405896433536392,1.6963289412878575,6.816049299081126,6.360310001146907
2026-05-06,SRF,SRF Ltd.,Chemicals,2518.015625,2600.0598578102645,2756.7621217934548,2577.303047171446,2714.442626953125,7.800865094041066,4.3992359944817645,3.258289265391849,4206668.0,319827.8,496677.2,576432.42,8.469621718089737,0.7641830320953872,53.65692817305063,1.302213472466223,-23.88665630172592,3,1.2405896433536392,1.6963289412878575,6.560275450687428,6.104536152753209
2026-05-06,M&MFIN,Mahindra & Mahindra Financial Services Ltd.,Financial Services,298.82672119140625,304.1568202613968,321.51625292904885,302.4942147716984,320.1470642089844,7.134684251988929,5.257236689233322,1.7836755189561706,6090899.0,3986444.2,4578908.65,2910872.82,1.3302075812322658,0.9280209245329796,53.60357645874718,1.0282984409971705,-25.87336384321764,4,1.2405896433536392,1.6963289412878575,5.8940946086352906,5.438355310701072
2026-05-06,AJANTPHARM,Ajanta Pharmaceuticals Ltd.,Healthcare,2871.29638671875,2931.2472196786225,3086.722824739236,2898.3484072687047,3068.192626953125,6.857398669991829,4.67191598017164,2.0879360708694694,758180.0,68342.8,77572.25,102784.58,9.773855985871236,0.901631028061389,51.885806838957485,3.329244604288893,-10.235438858925976,5,1.2405896433536392,1.6963289412878575,5.61680902663819,5.161069728703971
2026-05-07,GODREJIND,Godrej Industries Ltd.,Diversified,1022.4000244140624,1029.5,1226.8499755859375,1027.5,1226.8499755859375,19.99706047435252,19.169497385715157,0.6944420399448343,2495313.0,99703.2,258810.5,305959.36,9.64146740568872,1.0,74.9999926020917,8.17187778969886,-22.83773400648585,1,-0.01766814802970047,1.1014528794360827,20.01472862238222,18.895607594916438
2026-05-07,PAYTM,One 97 Communications Ltd.,Financial Services,1110.5999755859375,1150.0,1203.5999755859375,1135.300048828125,1197.4000244140625,7.815599742142123,4.121741253396739,3.547634186942565,14256021.0,1529863.6,2964378.8,2733758.96,4.809109078772255,0.9092246292758166,38.04315307776843,-1.545392142150246,-19.62657864082336,2,-0.01766814802970047,1.1014528794360827,7.833267890171823,6.714146862706039
2026-05-07,ENDURANCE,Endurance Technologies Ltd.,Automobile and Auto Components,2344.545654296875,2365.2604258166057,2590.134497244236,2355.3014345500096,2525.79931640625,7.730865115686248,6.787366365131582,0.8835303113746785,568302.0,110582.2,89818.1,89463.36,6.3272547515478506,0.726038658697068,45.0298107362666,-0.6253716876146624,-23.5624515646508,3,-0.01766814802970047,1.1014528794360827,7.748533263715948,6.629412236250165
2026-05-07,POLYCAB,Polycab India Ltd.,Capital Goods,8375.7587890625,8458.864456639454,9007.262422942353,8410.095853465511,8960.484375,6.9811655357251325,5.930109424638185,0.9922165820424274,1837111.0,479469.6,464882.95,531289.8,3.951771085603376,0.9216666666666664,67.66735250943185,4.973964537619489,-3.5141018892750737,4,-0.01766814802970047,1.1014528794360827,6.998833683754833,5.879712656289049
2026-05-07,BHARATFORG,Bharat Forge Ltd.,Automobile and Auto Components,1868.1322021484373,1881.6909465024285,2020.4698404759056,1850.485575228127,1986.871826171875,6.356061090691628,5.58970004425808,0.7257914797677478,7055670.0,1103057.6,1200017.45,1382282.76,5.879639500242267,0.8023463274376827,53.61446197542288,0.9666730898989332,-3.902759785484072,5,-0.01766814802970047,1.1014528794360827,6.373729238721328,5.254608211255546
2026-05-08,THERMAX,Thermax Ltd.,Capital Goods,4165.2880859375,4352.224887050708,4739.642617271012,4288.485209071018,4658.47412109375,11.840382345252513,7.036613272311211,4.487968113041899,3661500.0,151721.4,244138.05,208147.5,14.99766218334258,0.8200883002207502,52.15284580631185,3.649651781076936,-2.8501805880781648,1,-0.6186630612244078,-0.14272703619194504,12.459045406476921,11.983109381444457
2026-05-08,COFORGE,Coforge Ltd.,Information Technology,1282.312744140625,1276.1270244739308,1370.806477284134,1272.0365782658448,1364.920166015625,6.442065108723652,6.958017488760433,-0.4823877556359903,9375709.0,7248721.6,3940275.85,3845214.52,2.3794549815592223,0.9404037937973492,46.22754975209578,4.045077293269558,-35.24797088041593,2,-0.6186630612244078,-0.14272703619194504,7.060728169948059,6.584792144915597
2026-05-08,BERGEPAINT,Berger Paints India Ltd.,Consumer Durables,484.5913391113281,486.3282102066166,518.0388066407494,484.392810315746,511.88525390625,5.632357120739105,5.255102040816327,0.3584197560100073,2002819.0,160103.2,213704.5,335921.12,9.371908406233842,0.8171089161676424,62.30429715309808,4.127791304183372,-18.75589228877032,3,-0.6186630612244078,-0.14272703619194504,6.251020181963512,5.77508415693105
2026-05-08,HEXT,Hexaware Technologies Ltd.,Information Technology,460.5499877929688,467.6000061035156,487.5,461.1000061035156,485.7000122070313,5.460867458619542,3.8708310237935946,1.5307824334838702,1694671.0,555707.8,453561.6,900408.78,3.736363484033922,0.9318186284426204,37.79117859776704,0.2792396335785836,-47.44019443412842,4,-0.6186630612244078,-0.14272703619194504,6.079530519843949,5.603594494811487
2026-05-08,DABUR,Dabur India Ltd.,Fast Moving Consumer Goods,463.9806823730469,478.7885770148641,484.2181381975069,463.0922152576625,481.4540100097656,3.765960157511462,0.5567035478414937,3.1914894745362368,11860370.0,1905597.0,2054896.4,1920478.2,5.7717605617490015,0.8691594116095179,66.97934576700911,5.1230738134502944,-18.114199280084566,5,-0.6186630612244078,-0.14272703619194504,4.38462321873587,3.9086871937034067
2026-05-11,IDEA,Vodafone Idea Ltd.,Telecommunication,11.239999771118164,11.239999771118164,12.43000030517578,11.199999809265137,12.18000030517578,8.362994245542634,8.362994245542634,0.0,787093627.0,553341966.6,445699820.4,479579675.62,1.7659725020611654,0.7967480494266714,90.41095474695244,12.287710108159386,-12.187503096647514,1,-1.4903149402549922,-1.0793802016198164,9.853309185797626,9.44237444716245
2026-05-11,ABBOTINDIA,Abbott India Ltd.,Healthcare,26089.501953125,26089.50211650027,27271.83535848399,25732.84787408369,27159.46484375,4.101124247398061,4.101123595505621,6.262107622179615e-07,39207.0,15962.2,14619.75,11374.88,2.6817832042271585,0.926984126984127,73.37394360832945,3.970951981692815,-24.706250948351464,2,-1.4903149402549922,-1.0793802016198164,5.591439187653053,5.180504449017877
2026-05-11,ENDURANCE,Endurance Technologies Ltd.,Automobile and Auto Components,2518.529296875,2524.504621867804,2681.956372480097,2495.72323410142,2618.119140625,3.9542856965599498,3.708233209251703,0.2372545358204951,432776.0,237221.2,110509.45,101394.48,3.916189972893721,0.657218729110963,68.38140666056988,6.018648720325257,-17.8901870548295,3,-1.4903149402549922,-1.0793802016198164,5.4446006368149416,5.033665898179766
2026-05-11,UPL,UPL Ltd.,Chemicals,639.8068237304688,637.825978460155,676.055896467358,627.9713569203411,662.5863037109375,3.5603684011449457,3.881987577639756,-0.3096005226646604,7880947.0,1855003.4,1693854.5,2829862.16,4.652670580619528,0.719876848498258,43.15111326270757,-0.3543867800609755,-20.462938899888737,4,-1.4903149402549922,-1.0793802016198164,5.050683341399938,4.639748602764762
2026-05-11,HEXT,Hexaware Technologies Ltd.,Information Technology,485.7000122070313,488.0,507.0,477.0499877929688,502.25,3.407450561461848,2.920081967213115,0.4735408143223131,1066200.0,894642.0,522269.05,899856.92,2.041476514834643,0.8414024018699778,52.74392856547123,5.535707778418268,-44.569973115668034,5,-1.4903149402549922,-1.0793802016198164,4.89776550171684,4.486830763081665
2026-05-12,OIL,Oil India Ltd.,Oil Gas & Consumable Fuels,455.06939697265625,471.0367502618501,498.3808267071775,470.6874584449607,489.9480895996094,7.664477738776373,4.014833094710005,3.508773254236932,31731906.0,5125846.0,4979646.3,6074037.28,6.372321263058383,0.6954961553350226,44.79818779459044,-3.3882955111210986,-11.64618328717422,1,-1.8319683541890226,-2.525677326431539,9.496446092965396,10.190155065207913
2026-05-12,BIOCON,Biocon Ltd.,Healthcare,389.983642578125,392.4306881788457,406.1143361859269,391.7814706780263,401.9692993164063,3.0733742212995963,2.4306486278701667,0.6274739075063823,11231905.0,6545801.0,3498645.2,3803841.48,3.210358398159378,0.7108019420655401,73.10453968561431,7.57236306548839,-8.11859658648618,2,-1.8319683541890226,-2.525677326431539,4.905342575488619,5.599051547731135
2026-05-12,ANTHEM,Anthem Biosciences Ltd.,Healthcare,782.1607666015625,781.9612557178687,807.893644300349,773.8324249462468,796.9721069335938,1.8936439878447957,1.9196413001235717,-0.0255076567648245,696432.0,282829.8,290351.0,332466.56,2.3985865383621894,0.6793556550863789,69.06324622044617,3.949128909109268,-10.223237082852236,3,-1.8319683541890226,-2.525677326431539,3.725612342033818,4.419321314276335
2026-05-12,AJANTPHARM,Ajanta Pharmaceuticals Ltd.,Healthcare,3036.384033203125,3023.3037900824907,3111.2977344225696,3014.8809509426346,3063.63427734375,0.897457101692052,1.3339872557153425,-0.4307835562827609,237935.0,222451.4,114129.05,115061.88,2.08478910496495,0.505651865178237,74.40986460083467,6.801717239141257,-5.074348486985125,4,-1.8319683541890226,-2.525677326431539,2.7294254558810747,3.423134428123591
2026-05-12,GLAXO,Glaxosmithkline Pharmaceuticals Ltd.,Healthcare,2375.724609375,2375.724645291495,2431.797287045942,2347.6395179793208,2388.011962890625,0.5172044548908187,0.5172029352594552,1.5118122263026787e-06,84111.0,80675.6,70482.15,60883.66,1.193365979897038,0.4797233263080492,51.059217328537606,0.6638019060620681,-29.385511563323725,5,-1.8319683541890226,-2.525677326431539,2.349172809079841,3.042881781322358
2026-05-13,SAIL,Steel Authority of India Ltd.,Metals & Mining,176.08999633789062,176.30999755859375,202.3500061035156,176.30999755859375,201.30999755859372,14.322222582315057,14.179570271783174,0.1249368080404608,173466903.0,17757319.4,21813565.0,23939634.24,7.952249116547433,0.9600611288921912,49.74874506971074,-2.286494540902029,-7.564306384309383,1,0.1413578405942025,0.6323518541596007,14.180864741720853,13.689870728155455
2026-05-13,DIXON,Dixon Technologies (India) Ltd.,Consumer Durables,10138.0,10255.0,11232.0,10158.0,11124.0,9.725784178338923,8.473915163334958,1.154073781811008,2690187.0,648010.8,631211.1,709326.46,4.261945013324386,0.8994413407821229,29.932456452037314,-8.729569260824743,-45.11396242758919,2,0.1413578405942025,0.6323518541596007,9.58442633774472,9.093432324179322
2026-05-13,IDEA,Vodafone Idea Ltd.,Telecommunication,11.890000343322754,12.18000030517578,12.960000038146973,12.039999961853027,12.829999923706056,7.9057994385272705,5.336614139936121,2.4390239989848865,400183623.0,712291904.8,484848648.75,498280862.12,0.8253784434208965,0.8586955394997356,85.28529146292684,15.565926197908476,-7.109373701969181,3,0.1413578405942025,0.6323518541596007,7.764441597933068,7.27344758436767
2026-05-13,NLCINDIA,NLC India Ltd.,Power,308.1000061035156,308.0,327.0,306.29998779296875,325.70001220703125,5.712432896740146,5.7467572100750814,-0.0324589748570225,5353741.0,5302953.0,7356988.5,4430062.42,0.7277082191986571,0.9371986943791668,54.91166939339646,-0.8104814526582158,-8.43981988008451,4,0.1413578405942025,0.6323518541596007,5.5710750561459434,5.080081042580545
2026-05-13,HINDPETRO,Hindustan Petroleum Corporation Ltd.,Oil Gas & Consumable Fuels,351.77685546875,354.1543767770515,372.7940869279235,352.3950111235536,370.9871826171875,5.46094117614399,4.752957168938975,0.6758606404430403,16477697.0,9193607.0,6852812.85,9757000.44,2.404515833231897,0.9114222463770186,42.01893236754453,-2.3160045757911782,-27.249489690588984,5,0.1413578405942025,0.6323518541596007,5.319583335549788,4.828589321984389
2026-05-14,NLCINDIA,NLC India Ltd.,Power,325.70001220703125,348.0,387.7999877929688,348.0,370.8999938964844,13.8777955159307,6.580458016231142,6.8467875213936935,81913146.0,5535604.6,7547586.4,4514271.2,10.852892787023942,0.5753769075409112,67.1224828784814,4.01015790430213,-3.209506030599925,1,1.1831236369372762,1.179600346774376,12.694671878993423,12.698195169156325
2026-05-14,GODREJIND,Godrej Industries Ltd.,Diversified,1073.1500244140625,1085.5,1220.0,1078.0,1153.1500244140625,7.454689295998462,6.232153331558038,1.1508153850791327,6636358.0,914819.8,454216.0,368180.84,14.610577346460715,0.5292255240426936,58.175270572173865,6.1618193546858135,-19.007545327240567,2,1.1831236369372762,1.179600346774376,6.271565659061186,6.275088949224086
2026-05-14,TATACOMM,Tata Communications Ltd.,Telecommunication,1544.753173828125,1559.8161260332322,1654.9510358802402,1559.6179766925018,1641.17626953125,6.241974273739437,5.216008614100224,0.9751041435169212,1323852.0,257441.4,527939.4,402982.02,2.507583256714691,0.855509028385802,46.24873981555271,-0.2367967465823449,-22.21556698610693,3,1.1831236369372762,1.179600346774376,5.058850636802161,5.062373926965061
2026-05-14,AIIL,Authum Investment & Infrastructure Ltd.,Financial Services,478.5,485.5,508.6000061035156,482.0,505.6000061035156,5.663533145980277,4.140063049127832,1.4629049111807733,633860.0,386163.2,315975.7,759515.42,2.006040337912061,0.887218070991213,40.80663938737957,0.0873280878179596,-29.941434846266475,4,1.1831236369372762,1.179600346774376,4.4804095090430005,4.483932799205901
2026-05-14,BERGEPAINT,Berger Paints India Ltd.,Consumer Durables,503.8955993652344,511.091280018842,536.3009110277208,508.1633734663189,529.8992919921875,5.160531796608346,3.679971212314977,1.4280102193137088,4289866.0,2456556.2,722109.95,552524.34,5.940737972105218,0.7724882988938313,65.75233077381367,6.22450305936026,-15.519438657077036,5,1.1831236369372762,1.179600346774376,3.9774081596710698,3.98093144983397
2026-05-15,KPRMILL,K.P.R. Mill Ltd.,Textiles,890.2439575195312,890.7428911863104,926.7138443786948,881.2138404176518,921.4254760742188,3.502581319570866,3.4446062035976057,0.0560446001980568,202497.0,258254.8,248794.45,437604.52,0.8139128505479121,0.8837721352946702,37.07070265680634,-4.504513534885699,-28.823279076287665,1,-0.19459851637490905,-0.44371116238766245,3.697179835945775,3.9462924819585283
2026-05-15,BHARTIHEXA,Bharti Hexacom Ltd.,Telecommunication,1493.270263671875,1498.5126780286414,1553.0130159656685,1488.6215052363732,1545.2979736328125,3.484145584805528,3.1221154341996757,0.3510693599345891,242264.0,146202.8,184763.85,180992.94,1.3112088755457303,0.8801854119358936,45.006369978605,-0.2794081172299496,-26.054976157545862,2,-0.19459851637490905,-0.44371116238766245,3.678744101180437,3.9278567471931902
2026-05-15,BIOCON,Biocon Ltd.,Healthcare,418.49951171875,417.5007199409487,434.0808981688002,416.8015438634296,429.5862731933594,2.6491695125465675,2.8947383022764672,-0.2386602014657796,8177038.0,9875021.6,4542461.75,4191277.9,1.8001335949609265,0.7398846683730621,93.6828890761211,12.449259316721232,-1.4001658880194934,3,-0.19459851637490905,-0.44371116238766245,2.8437680289214766,3.09288067493423
2026-05-15,MEDANTA,Global Health Ltd.,Healthcare,1211.4703369140625,1233.5624620771505,1277.5468610491073,1220.4671313340875,1242.0594482421875,2.5249575161735787,0.6888168557536399,1.823579537189702,780605.0,482793.8,249012.7,217875.88,3.134799951970321,0.3782834469592494,65.1681957384343,5.347797968336714,-16.76373408398592,4,-0.19459851637490905,-0.44371116238766245,2.7195560325484878,2.968668678561241
2026-05-15,TATAELXSI,Tata Elxsi Ltd.,Information Technology,3954.68017578125,3959.00256816332,4067.5558643871527,3941.418012493648,4052.91845703125,2.4841017954275646,2.372210859956572,0.1092981528200628,279144.0,231830.2,366904.8,328612.28,0.7608077081575384,0.883957058597599,35.57891167036182,-5.236294699733363,-37.48583022756816,5,-0.19459851637490905,-0.44371116238766245,2.6787003118024737,2.927812957815227
2026-05-18,COFORGE,Coforge Ltd.,Information Technology,1279.1201171875,1279.120074296793,1348.6581482081465,1271.6375060572598,1344.9666748046875,5.147800955704566,5.147804481459191,-3.353141457161351e-06,4392898.0,3746841.2,4368579.8,3764013.52,1.0055666145780375,0.9520716355983242,60.252125623724105,2.6053477199250934,-35.40918667927728,1,0.027276920718167785,-0.24462819199952265,5.120524034986398,5.392429147704089
2026-05-18,PERSISTENT,Persistent Systems Ltd.,Information Technology,4685.8251953125,4662.406730046235,4960.670611239154,4648.853704457758,4926.98779296875,5.146640935250824,5.6747743867444935,-0.499772490226312,572955.0,574481.6,733815.65,732398.2,0.7807887444210272,0.8919788583047623,44.0977890353142,-4.462648403497523,-28.48966167804776,2,0.027276920718167785,-0.24462819199952265,5.119364014532656,5.391269127250347
2026-05-18,OFSS,Oracle Financial Services Software Ltd.,Information Technology,9015.0,9015.0,9464.5,8949.5,9408.5,4.364947310038824,4.364947310038824,0.0,332444.0,177258.8,433535.65,279145.88,0.7668204448699893,0.8912621359223301,46.40509105570528,0.3291809430038956,-6.3116903902980885,3,0.027276920718167785,-0.24462819199952265,4.337670389320656,4.609575502038346
2026-05-18,TORNTPOWER,Torrent Power Ltd.,Power,1460.93994140625,1448.981342752605,1524.719019540224,1429.1500056849998,1518.241455078125,3.922236092519899,4.779917469050889,-0.818555117476902,761491.0,689442.0,811242.5,679501.72,0.9386724684665806,0.9322210808629688,15.019418262471577,-11.982878580436816,-19.63160065293285,4,0.027276920718167785,-0.24462819199952265,3.894959171801731,4.166864284519422
2026-05-18,POLICYBZR,PB Fintech Ltd.,Financial Services,1688.300048828125,1694.5999755859375,1752.699951171875,1674.0,1748.300048828125,3.5538706547836045,3.168893781178048,0.3731520805312643,2212164.0,1588826.6,1581332.05,1593773.32,1.398924406799951,0.9440926928386406,54.89362184102841,1.660421588065783,-14.473148488950102,5,0.027276920718167785,-0.24462819199952265,3.526593734065437,3.798498846783127
2026-05-19,IDEA,Vodafone Idea Ltd.,Telecommunication,12.859999656677246,12.979999542236328,13.68000030517578,12.859999656677246,13.520000457763672,5.132199212336185,4.160253733216287,0.93312510701954,469688355.0,535640099.0,490758052.75,501136790.42,0.9570670361251652,0.8048783891755724,86.46614785785991,17.266216251618182,-3.5258834937647725,1,-0.13509212410769247,0.7712747990181729,5.267291336443877,4.3609244133180125
2026-05-19,KPITTECH,KPIT Technologies Ltd.,Information Technology,701.8238525390625,706.038258709779,744.6125641888136,704.0550051740775,737.4728393554688,5.079477804499681,4.452248905481917,0.6004934365609869,3215754.0,1721349.0,2625070.8,2266190.68,1.2250161024228376,0.8239606868167109,39.92452275830201,-3.5095808934053285,-46.58414894546737,2,-0.13509212410769247,0.7712747990181729,5.214569928607373,4.308203005481508
2026-05-19,KPRMILL,K.P.R. Mill Ltd.,Textiles,909.9008178710938,921.3256312450056,958.8931120776808,915.2889073919029,954.5526733398438,4.90733216101756,3.606438480381564,1.255610847855105,310934.0,281476.2,219135.95,439348.8,1.4189091292414593,0.9004582523837924,44.679701495874745,-2.333484000500664,-27.251675189890207,3,-0.13509212410769247,0.7712747990181729,5.042424285125253,4.136057361999388
2026-05-19,HEXT,Hexaware Technologies Ltd.,Information Technology,486.9500122070313,493.0499877929688,516.4000244140625,491.8999938964844,510.5499877929688,4.846488344660674,3.549335855038746,1.2526903035262764,2248604.0,531724.0,609639.45,782283.66,3.688416161388506,0.76122329248135,72.54239814640178,4.952967470579942,-44.42731811903633,4,-0.13509212410769247,0.7712747990181729,4.9815804687683665,4.075213545642502
2026-05-19,COFORGE,Coforge Ltd.,Information Technology,1344.9666748046875,1361.827380042576,1443.63679041876,1357.1383527966254,1408.7181396484375,4.740003305509991,3.4432234432234443,1.2536150934993882,8133656.0,3497174.2,4487318.3,3802915.16,1.8125872639790228,0.5963088845273317,66.24006306515903,7.628863775933118,-32.08418017385576,5,-0.13509212410769247,0.7712747990181729,4.875095429617684,3.9687285064918183
2026-05-20,TATACOMM,Tata Communications Ltd.,Telecommunication,1631.761962890625,1615.5097081140532,1788.734578877697,1615.5097081140532,1759.5994873046875,7.834324326790995,8.919152789174186,-0.995994216446948,3191014.0,524003.0,573097.25,419500.04,5.568014852627543,0.8318076876341689,57.28347872490233,3.5939564569623488,-17.8343302687354,1,0.17359640951816413,0.36939134794802175,7.660727917272831,7.464932978842973
2026-05-20,GVT&D,GE Vernova T&D India Ltd.,Capital Goods,4374.47216796875,4439.012690784106,4788.048669887033,4403.400641333396,4667.84619140625,6.706501085677859,5.155053985252811,1.4753899519110376,2742590.0,467667.4,667384.85,677805.16,4.109457983650663,0.6875000791430773,45.5006232712318,-1.9003451356420975,-9.562806341295518,2,0.17359640951816413,0.36939134794802175,6.532904676159695,6.337109737729837
2026-05-20,POWERINDIA,Hitachi Energy India Ltd.,Capital Goods,33352.03515625,32992.1222950387,35781.45627089198,32702.19152335503,35516.51953125,6.489811985564506,7.651515151515162,-1.0791331309323482,252759.0,109357.4,123644.45,137541.86,2.044240562354396,0.9139610389610392,52.79905582999175,1.4953489654679255,-4.943728798452457,3,0.17359640951816413,0.36939134794802175,6.316215576046342,6.120420637616484
2026-05-20,HONAUT,Honeywell Automation India Ltd.,Capital Goods,28993.025390625,28993.025606128853,30294.346273918985,28459.533991364315,30094.91015625,3.8005166786812743,3.800515907136712,7.43295499213821e-07,15569.0,2993.0,3822.45,6218.1,4.073042158824838,0.8913043478260873,32.670901373440614,-4.5696600808970524,-29.855247131051925,4,0.17359640951816413,0.36939134794802175,3.62692026916311,3.4311253307332525
2026-05-20,MANKIND,Mankind Pharma Ltd.,Healthcare,2492.60009765625,2501.0,2625.0,2500.0,2583.89990234375,3.662834033158696,3.314670225659736,0.3369935815876878,4089986.0,620537.6,544992.05,563883.02,7.504670939695358,0.67119921875,74.57993314048403,6.101952138263218,-8.206046674735994,5,0.17359640951816413,0.36939134794802175,3.489237623640532,3.293442685210674
2026-05-21,HONAUT,Honeywell Automation India Ltd.,Capital Goods,30094.91015625,31411.187359234234,35634.24699308683,31296.51159585925,34866.41796875,15.854866446607652,10.999999999999998,4.373753555502391,190673.0,5136.6,4408.4,6453.66,43.2522003447963,0.8229885057471275,40.14134377346911,-0.5445646446768766,-27.189384099047796,1,-0.018178203854769856,0.09685003438367555,15.873044650462422,15.758016412223975
2026-05-21,TATACOMM,Tata Communications Ltd.,Telecommunication,1759.5994873046875,1768.9148237244997,1912.6081847553407,1755.140056645414,1879.2119140625,6.797707524968194,6.235296853116249,0.5294009510130606,1722042.0,1106491.4,705615.7,477417.6,2.4404814121908003,0.7879172687597611,73.67143296286112,10.836110040292224,-11.39720521670819,2,-0.018178203854769856,0.09685003438367555,6.815885728822964,6.700857490584519
2026-05-21,ATGL,Adani Total Gas Ltd.,Oil Gas & Consumable Fuels,610.3868408203125,615.7849373913758,654.471438355584,614.0855187055458,637.877197265625,4.50375968269034,3.587658374340513,0.8843730254421438,11446003.0,3125764.8,3146333.2,6821434.56,3.637886476867739,0.5891082527337385,40.93983824651732,-2.8801136291380107,-23.48370926918916,3,-0.018178203854769856,0.09685003438367555,4.5219378865451105,4.406909648306665
2026-05-21,AIIL,Authum Investment & Infrastructure Ltd.,Financial Services,507.8500061035156,511.7000122070313,534.2000122070312,509.3999938964844,527.2000122070312,3.810181327352685,3.0291185519317083,0.7580990562656159,721963.0,447574.0,334083.25,764440.2,2.161027228991576,0.7177421438828914,62.84290431157355,4.233158091855685,-25.64421579743549,4,-0.018178203854769856,0.09685003438367555,3.8283595312074548,3.7133312929690097
2026-05-21,JKCEMENT,J.K. Cement Ltd.,Construction Materials,5324.681640625,5350.585255675736,5559.806539297727,5350.585255675736,5525.9326171875,3.779587027833604,3.277162275393343,0.4864819495141839,113357.0,45577.4,71770.85,76000.22,1.5794295316273943,0.8380952380952389,52.655881930137625,-2.201360565375503,-29.35694838908149,5,-0.018178203854769856,0.09685003438367555,3.797765231688374,3.6827369934499288
2026-05-22,ASTRAL,Astral Ltd.,Capital Goods,1477.6759033203125,1479.4730925977876,1546.4676972152406,1478.6743001325617,1539.2789306640625,4.16891330536886,4.042374164525194,0.1216226963867295,1094826.0,950695.8,672642.35,794480.3,1.6276495228110452,0.8939606678448214,42.78665002258671,-3.707270035999005,-16.322719036649993,1,0.27310244743587053,0.11143138281350122,3.8958108579329895,4.0574819225553584
2026-05-22,DIXON,Dixon Technologies (India) Ltd.,Consumer Durables,11258.0,11285.0,11860.0,11261.0,11722.0,4.121513590335761,3.8723969871510855,0.239829454610055,1362732.0,578160.2,708189.25,741787.94,1.9242483559302828,0.7696160267111853,51.30212039256632,1.8337400019447765,-39.0504033349575,2,0.27310244743587053,0.11143138281350122,3.8484111428998906,4.0100822075222595
2026-05-22,ENDURANCE,Endurance Technologies Ltd.,Automobile and Auto Components,2612.243408203125,2629.074139280047,2745.29576771097,2609.255842919756,2710.638427734375,3.766686489561578,3.1023959056804653,0.6443017914819503,377211.0,160879.6,165075.0,115408.08,2.285088596092685,0.745241405934435,70.093456053276,6.379309196329211,-14.834892776131603,3,0.27310244743587053,0.11143138281350122,3.4935840421257076,3.6552551067480765
2026-05-22,NAUKRI,Info Edge (India) Ltd.,Consumer Services,923.39990234375,929.1322311923656,981.9691499189702,917.2688232148104,957.9931640625,3.746292546809488,3.106224485732969,0.62078508282988,9364081.0,2082629.8,1611107.8,1868122.58,5.812200151969967,0.6294302196324354,33.63764524672109,-3.635578864728205,-37.685613936943554,4,0.27310244743587053,0.11143138281350122,3.4731900993736176,3.6348611639959865
2026-05-22,TATACOMM,Tata Communications Ltd.,Telecommunication,1879.2119140625,1882.680333261941,1961.1665879383595,1867.5181581454465,1946.3017578125,3.570105279130785,3.3793004275095204,0.1845677527630972,2440357.0,1186129.4,645276.2,504660.14,3.781879759396054,0.8412698412698406,79.63588300252528,17.215829608209862,-5.374246368392237,5,0.27310244743587053,0.11143138281350122,3.2970028316949147,3.4586738963172836
2026-05-25,APOLLOTYRE,Apollo Tyres Ltd.,Automobile and Auto Components,369.685791015625,373.8619436180386,390.66583873844456,372.8676299382034,386.1417236328125,4.451329484960373,3.284576091360537,1.1296492058676626,3668821.0,1963404.8,1800273.5,1289297.32,2.0379242376227835,0.7458106511498642,25.37604345646388,-7.061623296836116,-30.73268075446406,1,1.317064277657584,0.8449551515993109,3.1342652073027883,3.6063743333610616
2026-05-25,BANKINDIA,Bank of India,Financial Services,135.49395751953125,137.1208228560726,141.8658169670509,136.6850457270922,141.3913116455078,4.352484962384,3.1143984556726867,1.2006921683624503,12177599.0,10111887.0,11066079.1,10960666.42,1.1004438780850574,0.9084102926832044,52.47446559418335,-0.7803819374463177,-21.551920873152955,2,1.317064277657584,0.8449551515993109,3.0354206847264154,3.5075298107846886
2026-05-25,LTTS,L&T Technology Services Ltd.,Information Technology,3419.300048828125,3436.39990234375,3582.39990234375,3435.0,3546.199951171875,3.711283026689676,3.19520579526374,0.5000980689450031,113653.0,107054.0,95985.8,200650.26,1.1840605589576791,0.7544099378881988,33.31799579599975,-4.448423338261818,-26.83333645229004,3,1.317064277657584,0.8449551515993109,2.394218749032092,2.866327875090365
2026-05-25,ASHOKLEY,Ashok Leyland Ltd.,Capital Goods,155.55636596679688,157.4146715497486,163.01906326265066,157.4146715497486,161.32791137695312,3.710259862581369,2.485943520180591,1.1946187939028905,30680951.0,21425316.8,20024388.0,25421487.54,1.5321792106705083,0.6982452383183219,46.80159982327126,-1.1764988940310133,-26.55742380140763,4,1.317064277657584,0.8449551515993109,2.3931955849237854,2.865304710982058
2026-05-25,LLOYDSME,Lloyds Metals And Energy Ltd.,Metals & Mining,1736.2623291015625,1749.4544734797946,1807.319915768153,1746.5561811722357,1800.3240966796875,3.689636439401071,2.907742040220654,0.7598013363025883,943695.0,417916.2,666884.15,711261.68,1.4150808652447355,0.8848685135140553,41.85165051929067,-0.0120859628474655,-5.88840867211242,5,1.317064277657584,0.8449551515993109,2.372572161743487,2.84468128780176
2026-05-26,ATGL,Adani Total Gas Ltd.,Oil Gas & Consumable Fuels,658.919921875,658.7699253558245,731.1446729719274,656.2707981731393,712.8510131835938,8.184771702626517,8.209404489520097,-0.0227639982030992,29037457.0,5416970.8,3771014.25,7201254.4,7.7001716448035165,0.755673660038364,53.53446628340832,4.295480198051542,-17.399745638761402,1,-0.4910181295375655,0.4457073781185381,8.675789832164082,7.739064324507979
2026-05-26,EXIDEIND,Exide Industries Ltd.,Automobile and Auto Components,344.5986328125,345.59388096519706,366.2449192086178,345.59388096519706,364.5032653808594,5.776178624362015,5.471562275017995,0.2888137264428975,7351528.0,1484955.0,3500991.85,2954022.6,2.099841506343409,0.9156626506024084,38.76318878888875,-1.6377167441859888,-19.66357478340405,2,-0.4910181295375655,0.4457073781185381,6.267196753899581,5.330471246243477
2026-05-26,NAUKRI,Info Edge (India) Ltd.,Consumer Services,935.6121826171876,935.6122113627456,983.9629756153756,934.2164948598124,977.682373046875,4.496541538397306,4.496538327866938,3.072379640320118e-06,4782697.0,4767002.4,2370881.85,2198136.78,2.0172650104854446,0.8737478013899875,43.04834600842237,-1.9203161328784752,-36.86148481830527,3,-0.4910181295375655,0.4457073781185381,4.987559667934871,4.050834160278768
2026-05-26,AIAENG,AIA Engineering Ltd.,Capital Goods,3957.922119140625,3972.965162147047,4178.293412091873,3955.1322951847246,4127.8828125,4.294189937124841,3.899295463976173,0.3800742549650743,241336.0,31213.8,23351.5,60640.3,10.334924951287926,0.774106706891742,56.568549853812,1.0849445305868803,-5.546705631513346,4,-0.4910181295375655,0.4457073781185381,4.785208066662406,3.848482559006303
2026-05-26,TATACOMM,Tata Communications Ltd.,Telecommunication,1918.5540771484373,1918.355962625264,2031.4276274694064,1870.9866546542655,1990.995361328125,3.775827069068471,3.7865443180552703,-0.0103262412841841,2522180.0,1711155.0,723155.35,553526.84,3.487742986344497,0.7479928884009754,81.05436248831188,16.76578161811974,-3.393212827871249,5,-0.4910181295375655,0.4457073781185381,4.2668451986060365,3.3301196909499327
2026-05-27,ATGL,Adani Total Gas Ltd.,Oil Gas & Consumable Fuels,712.8510131835938,719.5486853226024,829.7102235983032,713.8006928097226,808.2677001953125,13.38522149047494,12.32981404627733,0.9395612849165836,57324845.0,10457627.2,4429811.25,7402787.32,12.940696965361672,0.8150063825027304,64.16514326831006,12.305397730031787,-10.639103393505218,1,-0.02738525756761741,0.39218438123752497,13.412606748042558,12.993037109237415
2026-05-27,EXIDEIND,Exide Industries Ltd.,Automobile and Auto Components,364.5032653808594,363.2592317127001,395.5047026451195,362.41327948225023,392.2702026367188,7.617747189959045,7.986299697666944,-0.3412956168882067,24044078.0,2707484.4,3690917.55,3074994.06,6.514390439309597,0.9022556390977446,59.466477685335335,3.89629085922872,-15.023199362466464,2,-0.02738525756761741,0.39218438123752497,7.645132447526663,7.22556280872152
2026-05-27,APARINDS,Apar Industries Ltd.,Capital Goods,12492.6279296875,12504.586525794168,13533.01602010558,12501.596905171167,13379.548828125,7.099554260555697,6.997131016895125,0.0957252243000796,241856.0,75787.0,92306.5,115919.36,2.620140510148256,0.8512077294685991,52.61889099877005,-0.1916775753075178,-4.661948100946798,3,-0.02738525756761741,0.39218438123752497,7.126939518123315,6.707369879318172
2026-05-27,AIAENG,AIA Engineering Ltd.,Capital Goods,4127.8828125,4127.88308216454,4478.166455483552,4106.762766949095,4411.51708984375,6.871180462896195,6.871173481262484,6.532756668486405e-06,1149941.0,72312.6,33862.75,63959.76,33.958878118286314,0.8205473782374183,63.31720671732065,5.269968937628572,-1.490701769458887,4,-0.02738525756761741,0.39218438123752497,6.898565720463813,6.47899608165867
2026-05-27,SWIGGY,Swiggy Ltd.,Consumer Services,253.8999938964844,254.8999938964844,272.29998779296875,254.6000061035156,270.6499938964844,6.597085625306874,6.178893831749608,0.393855858227276,27066874.0,8893422.2,9342319.95,11032378.34,2.8972326086948037,0.9067799094126998,27.01506415044521,-3.61400321923259,-46.43460044377967,5,-0.02738525756761741,0.39218438123752497,6.624470882874491,6.204901244069349
2026-05-28,360ONE,360 ONE WAM Ltd.,Financial Services,1112.0999755859375,1112.0999755859375,1112.0999755859375,1112.0999755859375,1112.0999755859375,0.0,0.0,0.0,0.0,615760.8,847942.0,1098111.46,0.0,0.5,50.11588193992265,1.5509756426024592,-11.740878732650128,1,0.0,0.0,0.0,0.0
2026-05-28,MANKIND,Mankind Pharma Ltd.,Healthcare,2420.39990234375,2420.39990234375,2420.39990234375,2420.39990234375,2420.39990234375,0.0,0.0,0.0,0.0,801251.8,802850.5,653072.6,0.0,0.5,53.94552612637197,0.1499892353963405,-10.864933419072695,2,0.0,0.0,0.0,0.0
2026-05-28,MCX,Multi Commodity Exchange of India Ltd.,Financial Services,3150.77978515625,3150.77978515625,3150.77978515625,3150.77978515625,3150.77978515625,0.0,0.0,0.0,0.0,2703965.0,2907098.8,3364737.22,0.0,0.5,56.316076153865815,-0.8760620505725027,-9.23850524687772,3,0.0,0.0,0.0,0.0
2026-05-28,MEDANTA,Global Health Ltd.,Healthcare,1207.371826171875,1207.371826171875,1207.371826171875,1207.371826171875,1207.371826171875,0.0,0.0,0.0,0.0,130505.6,294010.8,242296.44,0.0,0.5,50.224881331150925,-0.0066198620448323,-17.04532969520439,4,0.0,0.0,0.0,0.0
2026-05-28,MFSL,Max Financial Services Ltd.,Financial Services,1682.300048828125,1682.300048828125,1682.300048828125,1682.300048828125,1682.300048828125,0.0,0.0,0.0,0.0,729799.6,633282.8,795833.16,0.0,0.5,46.33363086950398,2.2600207778940185,-11.106998740918096,5,0.0,0.0,0.0,0.0
2026-05-29,THERMAX,Thermax Ltd.,Capital Goods,4571.927734375,4640.049557894159,5054.357481500935,4631.086165316128,4962.43310546875,8.541372344047637,6.947847076894186,1.4900021933192606,1786425.0,219160.0,414088.1,320161.34,4.314118179199064,0.7828239889705885,45.62217968444183,3.9918400355131114,-5.930325584625463,1,-1.5033175629578004,-1.3698989056051474,10.044689907005438,9.911271249652785
2026-05-29,KPRMILL,K.P.R. Mill Ltd.,Textiles,935.4945068359376,935.4945003676504,986.0334795151877,928.5098471887952,964.3810424804688,3.0878359448878334,3.087836657667792,-6.914297372642153e-07,317957.0,92573.6,192236.3,268498.14,1.6539904274062704,0.6235905807918789,45.2480277275963,-0.3618695694934759,-25.20541040879057,2,-1.5033175629578004,-1.3698989056051474,4.591153507845634,4.457734850492981
2026-05-29,ICICIAMC,ICICI Prudential Asset Management Company Ltd.,Financial Services,3423.906494140625,3436.6572129013884,3597.034549503453,3372.7055534049414,3524.81494140625,2.9471729861288827,2.5652173913043432,0.3724026570989575,680397.0,313714.8,267152.3,447960.16,2.5468506166707154,0.6780638733590705,65.68309880232978,5.488970844227402,-4.455873221834912,3,-1.5033175629578004,-1.3698989056051474,4.450490549086683,4.31707189173403
2026-05-29,GMRAIRPORT,GMR Airports Ltd.,Services,97.83999633789062,102.0,104.13999938964844,99.55999755859376,100.37000274658205,2.585861103217977,-1.5980365229587927,4.251843640450265,131030009.0,7342158.6,13833990.35,14649220.72,9.471598988067822,0.1768569572387599,40.58440818142073,0.7709180115886003,-11.344693913753554,4,-1.5033175629578004,-1.3698989056051474,4.089178666175777,3.955760008823124
2026-05-29,COFORGE,Coforge Ltd.,Information Technology,1385.173095703125,1406.7228603911642,1446.4304054487584,1402.2333193473626,1418.4954833984375,2.405647914955913,0.8368828956116993,1.5557452534190588,3533060.0,1470718.2,4568795.25,3806589.72,0.7733023273476745,0.3679465205865991,52.81711377054443,4.6916738443417305,-30.053905306272934,5,-1.5033175629578004,-1.3698989056051474,3.9089654779137133,3.7755468205610603
2026-06-01,NMDC,NMDC Ltd.,Metals & Mining,87.98999786376953,89.0999984741211,93.6999969482422,87.5,92.37000274658205,4.977844060860009,3.670038528014906,1.26150771371778,73822842.0,21423525.8,19674469.3,23907618.44,3.752215161402092,0.7854847005953391,52.87907184334349,-1.8100281278369843,-6.641912080881133,1,-0.7013425513053264,-1.356589164056388,5.679186612165335,6.334433224916397
2026-06-01,PERSISTENT,Persistent Systems Ltd.,Information Technology,5176.3212890625,5219.870367022631,5478.970461605655,5208.410170531458,5383.302734375,3.9986205212927786,3.130966017563956,0.8413132711091394,1017776.0,476913.4,548361.55,702899.76,1.8560309343352024,0.6464088397790064,53.766036368653,4.422936975516943,-21.004204976686683,2,-0.7013425513053264,-1.356589164056388,4.699963072598105,5.355209685349166
2026-06-01,COFORGE,Coforge Ltd.,Information Technology,1418.4954833984375,1434.85728956433,1494.7178376777624,1434.7575463414605,1457.8038330078125,2.771129698291312,1.5992213030781406,1.1534619854194352,5877548.0,1678410.2,4745448.25,3807157.0,1.2385653979052451,0.3843591509102461,56.02692057340711,6.304794828296665,-28.37124853768021,3,-0.7013425513053264,-1.356589164056388,3.4724722495966382,4.127718862347701
2026-06-01,KPRMILL,K.P.R. Mill Ltd.,Textiles,964.3810424804688,989.67548732609,1009.7813357129282,978.1508212183312,989.8750610351562,2.643562806783794,0.0201655705958088,2.6228683198253164,1007302.0,138412.0,208134.15,263861.98,4.839676718116657,0.3706623178332341,57.14286577801172,2.55185674591688,-22.895876186561868,4,-0.7013425513053264,-1.356589164056388,3.344905358089121,4.000151970840182
2026-06-01,BERGEPAINT,Berger Paints India Ltd.,Consumer Durables,496.8487854003906,498.2382948522697,514.9620062152973,498.1886816396558,509.056640625,2.457056469358489,2.1713196043949226,0.2796644558080813,594208.0,301985.4,1036096.7,590299.64,0.5735063146132982,0.6479311204128763,52.38430899417072,-0.836925361861676,-16.70087147804051,5,-0.7013425513053264,-1.356589164056388,3.1583990206638157,3.813645633414877
2026-06-02,HEXT,Hexaware Technologies Ltd.,Information Technology,514.2000122070312,509.7999877929688,552.5,509.7999877929688,549.6500244140625,6.894206799971464,7.8167982689864175,-0.8557028995734305,1708944.0,340092.4,686454.2,743739.92,2.489523700197333,0.9332558601594918,62.524140879564335,3.990659019991591,-41.31743919246508,1,0.431736306319528,0.1825736667595924,6.462470493651936,6.711633133211872
2026-06-02,TATAELXSI,Tata Elxsi Ltd.,Information Technology,4227.0947265625,4225.22811356778,4462.768065351278,4225.22811356778,4450.48828125,5.284801243835977,5.331313756975124,-0.0441582958382756,940780.0,172017.2,218505.9,312834.3,4.305513031913555,0.9483043420313976,74.18362717276653,1.7372315453531788,-33.17959844166765,2,0.431736306319528,0.1825736667595924,4.853064937516449,5.102227577076385
2026-06-02,COFORGE,Coforge Ltd.,Information Technology,1457.8038330078125,1468.7782695573308,1550.3881990182315,1458.6020250737804,1515.9683837890625,3.989875006793064,3.212882108199638,0.7528061252847211,10654328.0,2580007.4,4932667.7,3798339.98,2.1599525141334777,0.6250000000000003,68.9655092824418,8.000633751457691,-26.386322933392588,3,0.431736306319528,0.1825736667595924,3.558138700473536,3.8073013400334714
2026-06-02,NLCINDIA,NLC India Ltd.,Power,336.3500061035156,334.75,351.0,332.6499938964844,349.1000061035156,3.790694148545976,4.286783003290702,-0.4756967666066296,6987173.0,5751215.6,9256648.6,6836123.78,0.7548275085218208,0.8964581327239798,60.55285959499764,-1.1912263915115362,-13.267143710411942,4,0.431736306319528,0.1825736667595924,3.3589578422264483,3.6081204817863837
2026-06-02,APARINDS,Apar Industries Ltd.,Capital Goods,12756.7109375,12756.710556736294,13278.897599289989,12467.713911048182,13224.087890625,3.663773173311352,3.663776267479104,-2.984810957149566e-06,128084.0,156508.0,103754.55,119688.32,1.2344904392144729,0.9324324324324323,54.78454757107112,0.6047600611685736,-5.736378952424548,5,0.431736306319528,0.1825736667595924,3.232036866991824,3.4811995065517594
2026-06-03,KPRMILL,K.P.R. Mill Ltd.,Textiles,996.9095458984376,997.8076136885132,1107.5664511942498,993.4172358277464,1083.4195556640625,8.67781937905512,8.580004882812494,0.0900851831312723,1459589.0,337489.6,241869.05,277088.58,6.034624934442832,0.7884620104250573,69.79044301246998,5.564282185429625,-20.295159618602472,1,-0.3319394609491451,-0.38263330413170243,9.009758840004265,9.060452683186822
2026-06-03,IDEA,Vodafone Idea Ltd.,Telecommunication,14.15999984741211,14.18000030517578,15.09000015258789,14.0600004196167,14.850000381469728,4.872885180035663,4.724965175419577,0.1412461721694663,58420870.0,508127173.8,614255119.5,535310670.88,0.0951084787824873,0.7669904530694895,83.08453947558105,7.869275915818939,-1.939056378862852,2,-0.3319394609491451,-0.38263330413170243,5.204824640984808,5.255518484167365
2026-06-03,NHPC,NHPC Ltd.,Power,72.09272003173828,75.3537861164305,75.96212196884605,74.29668140633211,74.8950424194336,3.8871086934459,-0.6087865263838125,4.523433272120343,170970500.0,61219043.8,25074265.2,19866705.06,6.8185647171028565,0.3592809173557488,33.465234667046815,-8.270729214317265,-17.51189926978377,3,-0.3319394609491451,-0.38263330413170243,4.219048154395045,4.2697419975776025
2026-06-03,GVT&D,GE Vernova T&D India Ltd.,Capital Goods,4769.1953125,4787.64958785502,5057.481698182093,4771.689093343993,4952.2421875,3.8381081714191168,3.43785811021982,0.386947360001214,1305674.0,1276010.6,885139.75,820552.64,1.4751049198728223,0.6317626527050599,64.54692519024644,2.439937105335139,-8.44679372938668,4,-0.3319394609491451,-0.38263330413170243,4.170047632368262,4.2207414755508195
2026-06-03,IPCALAB,Ipca Laboratories Ltd.,Healthcare,1502.483642578125,1502.4835357923191,1556.6953442926113,1493.9133148302217,1549.3209228515625,3.1173238061393467,3.117331134982716,-7.107285738737445e-06,274172.0,341381.8,348694.15,272521.46,0.7862821902805079,0.8825392950148816,50.20172713099943,-4.032030257410502,-10.16505198617565,5,-0.3319394609491451,-0.38263330413170243,3.449263267088492,3.499957110271049
2026-06-04,NAM-INDIA,Nippon Life India Asset Management Ltd.,Financial Services,1066.1597900390625,1043.605947487169,1130.6555431069517,1043.605947487169,1116.9056396484375,4.759685188232033,7.023694368335293,-2.115427983929794,2576570.0,1102068.8,1001503.25,1204674.58,2.57270258483934,0.8420451771129263,44.742557533710944,-0.7952509195300088,-4.195545447984298,1,0.046788683297024194,0.42955477487005245,4.712896504935008,4.330130413361981
2026-06-04,VOLTAS,Voltas Ltd.,Consumer Durables,1231.1324462890625,1220.1669166585698,1303.804199417463,1214.1857062827924,1282.47119140625,4.17004240867302,5.106209150326795,-0.8906864296806998,3317048.0,1059962.0,1071784.45,1257532.84,3.09488349079892,0.7619575238878915,38.66719487770774,-3.020117414999921,-21.95892564853184,2,0.046788683297024194,0.42955477487005245,4.123253725375996,3.740487633802968
2026-06-04,IPCALAB,Ipca Laboratories Ltd.,Healthcare,1549.3209228515625,1549.3210106403596,1621.27128655024,1532.7784675393425,1608.4158935546875,3.81424983239491,3.8142439499934864,5.666275840641971e-06,396358.0,381396.2,350331.85,272730.14,1.1313787199194136,0.8547295346759229,45.38555883743293,-1.0098378791240208,-7.364605765507797,3,0.046788683297024194,0.42955477487005245,3.767461149097886,3.3846950575248576
2026-06-04,POWERINDIA,Hitachi Energy India Ltd.,Capital Goods,35181.59765625,35696.476989219715,37351.08193018481,35501.52353696099,36516.28125,3.7936980770198017,2.296597115249959,1.4634904815877412,254549.0,227138.2,185497.85,162691.36,1.3722477106877518,0.5486486486486468,62.75285654803769,1.0807465841029384,-9.269054514510737,4,0.046788683297024194,0.42955477487005245,3.7469093937227775,3.364143302149749
2026-06-04,ATGL,Adani Total Gas Ltd.,Oil Gas & Consumable Fuels,717.3494873046875,718.3490951681624,753.2369351499916,718.3490951681624,743.7902221679688,3.685893045331026,3.5416105025998075,0.139347400557958,9657791.0,17544219.2,10870019.45,7093588.54,0.8884796429688082,0.7292262006778568,65.75157696849249,7.012241992182017,-16.543580700280895,5,0.046788683297024194,0.42955477487005245,3.639104362034002,3.2563382704609736
2026-06-05,GROWW,Billionbrains Garage Ventures Ltd.,Financial Services,190.16000366210935,191.8000030517578,198.0399932861328,189.27999877929688,196.08999633789065,3.118422676473076,2.2367013648978644,0.8624312989405027,75384049.0,29367068.6,57970740.45,54309513.72,1.3003809924597918,0.7773974690599987,55.06304250397879,0.7326117393561598,-16.302814165341207,1,-0.21289028843614718,-0.2874555631543653,3.3313129649092232,3.4058782396274414
2026-06-05,FORTIS,Fortis Healthcare Ltd.,Healthcare,939.6531982421876,945.4969833706376,970.9699607356152,940.5522167468704,967.62353515625,2.9766659621216323,2.3402033189712146,0.621908714766481,1545060.0,1557990.6,1339752.55,1406229.28,1.1532428133837105,0.8899844255180965,37.94546472903449,-1.5600836857817246,-14.819346692504334,2,-0.21289028843614718,-0.2874555631543653,3.1895562505577795,3.2641215252759976
2026-06-05,KALYANKJIL,Kalyan Jewellers India Ltd.,Consumer Durables,360.6285400390625,365.5086008521614,372.7291386074153,360.3795352840383,370.3388977050781,2.692620407958788,1.3215275486418567,1.3532098187709465,8220311.0,17981078.2,12766439.95,7981909.04,0.6439000247676723,0.8064520098542285,57.82196970298308,1.0013716892941749,-41.207765732118496,3,-0.21289028843614718,-0.2874555631543653,2.905510696394935,2.9800759711131533
2026-06-05,AIIL,Authum Investment & Infrastructure Ltd.,Financial Services,451.2999877929688,455.3500061035156,465.9500122070313,445.0,462.7000122070313,2.5260413743445955,1.614144285713424,0.8974115710379318,300128.0,480762.8,442689.35,497543.44,0.6779652593856166,0.8448688254745153,27.64026123933583,-7.836362911100577,-33.923867087413065,4,-0.21289028843614718,-0.2874555631543653,2.7389316627807427,2.813496937498961
2026-06-05,ATGL,Adani Total Gas Ltd.,Oil Gas & Consumable Fuels,743.7902221679688,746.7392107299524,769.7311810737127,740.7413054228846,761.98388671875,2.4460747141514063,2.0414993306559563,0.3964812220020999,10074052.0,19475777.4,11276781.0,7019770.46,0.893344652166252,0.7327586206896542,67.94439454727087,10.13703106202707,-13.467466345430248,5,-0.21289028843614718,-0.2874555631543653,2.6589650025875535,2.7335302773057717
2026-06-08,FORTIS,Fortis Healthcare Ltd.,Healthcare,967.62353515625,954.587319051477,1003.4355237391652,953.1389044038448,988.0518188476562,2.1111809447780256,3.505650989521956,-1.3472404949997314,4402527.0,1265993.4,1306406.05,1395521.82,3.3699530096328014,0.6941403797152255,52.666118983003614,1.283758088419353,-12.283803179187275,1,-1.0429338627102707,-1.4621358769945059,3.1541148074882965,3.5733168217725315
2026-06-08,ALKEM,Alkem Laboratories Ltd.,Healthcare,5242.1181640625,5240.620925292285,5389.354738219628,5166.254018828614,5346.9306640625,1.9994303203339687,2.0285714285714223,-0.028561713478322,225217.0,178828.8,165281.75,137045.3,1.36262473019556,0.809843400447429,33.63565106078812,-3.143254086518285,-10.780572595797576,2,-1.0429338627102707,-1.4621358769945059,3.0423641830442394,3.461566197328475
2026-06-08,ANTHEM,Anthem Biosciences Ltd.,Healthcare,759.519775390625,748.0496934031344,786.7986431708408,748.0496934031344,771.089599609375,1.523307831293738,3.079996744791673,-1.5101755555464644,709109.0,227384.8,529580.05,427941.68,1.3390024794174176,0.5945943398301389,36.01023180697541,-1.6041792825385883,-12.821980189062009,3,-1.0429338627102707,-1.4621358769945059,2.5662416940040087,2.985443708288244
2026-06-08,LGEINDIA,LG Electronics India Ltd.,Consumer Durables,1499.5,1490.0,1534.5999755859375,1465.4000244140625,1519.9000244140625,1.360455112641714,2.006713047923657,-0.6335445148382794,508329.0,450265.4,550958.85,798677.18,0.9226260727094228,0.7875728100535204,44.03130589237039,-1.5946982551756037,-14.2652944539737,4,-1.0429338627102707,-1.4621358769945059,2.4033889753519846,2.82259098963622
2026-06-08,NAUKRI,Info Edge (India) Ltd.,Consumer Services,985.4085083007812,974.24295624863,1005.047899848846,969.2583414814328,996.1254272460938,1.0875610323065448,2.2460999956030894,-1.1330886589770814,1328261.0,1776790.8,3056102.75,2385379.12,0.4346257664275195,0.7506962083422578,64.15307321986228,2.305747288889617,-33.50104753074099,5,-1.0429338627102707,-1.4621358769945059,2.1304948950168154,2.5496969093010504
2026-06-09,LTTS,L&T Technology Services Ltd.,Information Technology,3165.199951171875,3209.199951171875,3448.0,3168.10009765625,3417.699951171875,7.977379119651354,6.496946378297928,1.3901175495630085,331860.0,151439.6,115298.05,120788.18,2.878279381134373,0.8917468403010982,30.862802688977997,-7.96717039798797,-32.270606094369825,1,0.5150698844224365,1.3216949920107548,7.4623092352289175,6.655684127640599
2026-06-09,PIIND,PI Industries Ltd.,Chemicals,2671.212158203125,2685.361304544317,2863.72110918752,2682.87024582025,2856.148193359375,6.923300142533533,6.3599221648886815,0.5296900995954588,1648437.0,322369.2,493557.6,359999.82,3.339908047206648,0.9581261837121222,21.36038046493573,-6.517579090339343,-37.83384232354816,2,0.5150698844224365,1.3216949920107548,6.408230258111097,5.6016051505227775
2026-06-09,MAHABANK,Bank of Maharashtra,Financial Services,79.61000061035156,80.01000213623047,84.25,79.5999984741211,83.97000122070312,5.476699631860873,4.949380050921749,0.5024513538653267,37941831.0,11532468.4,11242622.9,20310104.96,3.374820212105486,0.9397852285125968,63.012935862661486,1.81243971357632,-5.909344364466693,3,0.5150698844224365,1.3216949920107548,4.961629747438437,4.155004639850118
2026-06-09,BANKINDIA,Bank of India,Financial Services,140.0800018310547,140.1999969482422,148.0,140.1999969482422,147.72000122070312,5.454025763693777,5.363769212660616,0.0856618472437069,22007536.0,8346511.2,9252340.65,11153743.82,2.378591194650837,0.9641027346478056,63.09643050169786,1.3683924655572028,-18.896700126665,4,0.5150698844224365,1.3216949920107548,4.938955879271341,4.132330771683023
2026-06-09,JSWINFRA,JSW Infrastructure Ltd.,Services,267.6427917480469,270.1851099463784,284.6913462990047,269.53707056487985,281.9496154785156,5.345491891273083,4.354239037995846,0.949892273102885,3072705.0,1728320.8,1618160.7,1952815.12,1.898887421997086,0.8190787294231978,52.29087435359207,-1.385806901400977,-23.08022538159839,5,0.5150698844224365,1.3216949920107548,4.830422006850647,4.023796899262328
2026-06-10,COROMANDEL,Coromandel International Ltd.,Chemicals,1805.34228515625,1813.7340739032009,1888.0617298541868,1808.0396670400696,1878.87060546875,4.072818817631373,3.591294473801992,0.4648308974951154,623772.0,280693.2,394242.35,416040.86,1.5822044486088316,0.8851426211445361,42.39565800244025,-0.6801402861008421,-33.27362502294417,1,-0.11681556778996222,-1.332586648286727,4.189634385421336,5.405405465918101
2026-06-10,CRISIL,CRISIL Ltd.,Financial Services,3850.322509765625,3816.7000176612105,4067.621480069208,3816.7000176612105,3994.091064453125,3.7339353865256193,4.647759739331462,-0.8732383331302073,158230.0,29340.2,35594.0,69767.28,4.445412148114851,0.7069584446446316,18.854327327581657,-3.591706490482613,-36.210579877391616,2,-0.11681556778996222,-1.332586648286727,3.8507509543155813,5.066522034812346
2026-06-10,APARINDS,Apar Industries Ltd.,Capital Goods,13561.9150390625,13695.451810228637,14196.711525032171,13505.112634229676,14036.2685546875,3.49768830035224,2.4885396201702643,0.9846453895449692,192063.0,134490.0,114101.55,124861.36,1.6832637242877069,0.7680115273775209,61.276278936468536,4.817650556240571,-3.9861720921425423,3,-0.11681556778996222,-1.332586648286727,3.614503868142202,4.830274948638968
2026-06-10,BERGEPAINT,Berger Paints India Ltd.,Consumer Durables,498.1390380859375,500.37215014638485,518.9816774675679,498.2382672111281,512.828125,2.9487925641211,2.489342152630023,0.4482909167343965,660384.0,311829.2,988007.9,581443.16,0.6683995138095555,0.7033490447571152,47.01321250771717,-1.4597486114069902,-16.484554305819668,4,-0.11681556778996222,-1.332586648286727,3.065608131911062,4.281379212407828
2026-06-10,HONAUT,Honeywell Automation India Ltd.,Capital Goods,35025.96875,35150.61393967963,36596.52571875865,34851.45977849086,36028.1328125,2.861202982430001,2.4964539007092235,0.35586507419478,13857.0,5062.0,20432.45,12178.4,0.678185924840144,0.6742857142857162,73.20505839899383,5.537530750731013,-15.259346382020148,5,-0.11681556778996222,-1.332586648286727,2.978018550219963,4.1937896307167275
2026-06-11,APARINDS,Apar Industries Ltd.,Capital Goods,14036.2685546875,14016.337719486632,14918.206588035187,13976.476112036971,14500.65625,3.308483971385792,3.4553857092072504,-0.1419952541034172,424301.0,126587.4,120714.05,122447.0,3.514926390092951,0.5566137566137562,63.87008841213276,7.794330301800548,-1.1301417941878458,1,-0.22980713363745445,-0.8537716086992395,3.5382911050232466,4.162255580085032
2026-06-11,JSL,Jindal Stainless Ltd.,Metals & Mining,659.1359252929688,658.7376260840737,680.9942698641455,649.5262533837296,676.5130615234375,2.63635095033624,2.6984090077003104,-0.0604274768846878,658450.0,579392.4,662197.6,664620.16,0.9943406620622002,0.8575948266870624,20.450074500396227,-6.970862567222053,-25.0317699331956,2,-0.22980713363745445,-0.8537716086992395,2.8661580839736946,3.4901225590354796
2026-06-11,AJANTPHARM,Ajanta Pharmaceuticals Ltd.,Healthcare,3046.98681640625,3047.4822753663084,3129.7288243964485,3034.0058775473253,3114.864990234375,2.227714720084792,2.2110945619845217,0.0162606204067122,192433.0,133315.2,129167.3,119397.58,1.4897965661587724,0.8447202614279975,41.75360514740294,0.4035850744993066,-7.240035529252201,3,-0.22980713363745445,-0.8537716086992395,2.4575218537222465,3.0814863287840315
2026-06-11,IDEA,Vodafone Idea Ltd.,Telecommunication,13.880000114440918,13.779999732971191,14.489999771118164,13.729999542236328,14.170000076293944,2.08933688373178,2.830191225545572,-0.7204638375015932,802424304.0,759106512.2,608870633.7,545116378.66,1.317889646153253,0.5789478967723154,54.54545730983512,-0.5089234343830765,-8.9836058069448,4,-0.22980713363745445,-0.8537716086992395,2.3191440173692346,2.9431084924310196
2026-06-11,ANTHEM,Anthem Biosciences Ltd.,Healthcare,764.0579223632812,758.0236956155858,784.9534848019289,754.8320047219163,778.0215454101562,1.8275607958732496,2.63815628854852,-0.7897603795575093,343422.0,319740.2,518552.5,414596.64,0.6622704547755531,0.7698672384836631,48.57410635331485,-0.529781174894822,-12.301089648083398,5,-0.22980713363745445,-0.8537716086992395,2.057367929510704,2.681332404572489
2026-06-12,AIIL,Authum Investment & Infrastructure Ltd.,Financial Services,459.9500122070313,468.8999938964844,547.0,467.7000122070313,530.1500244140625,15.262530784635144,13.062493349296108,1.9458596482055504,19070826.0,187390.0,374801.65,371802.26,50.882449423581775,0.7875160380865591,26.437864197368683,-4.658259364869499,-32.6573920633922,1,1.9916620139797325,2.4149835872458802,13.270868770655412,12.847547197389265
2026-06-12,ASHOKLEY,Ashok Leyland Ltd.,Capital Goods,138.5800018310547,143.22000122070312,153.4499969482422,142.6999969482422,152.4499969482422,10.008655602484875,6.44462760010424,3.3482460155435287,69272916.0,22373170.0,27871486.95,26812648.72,2.485440268194948,0.9069767441860463,29.71088415151077,-7.445910177464666,-34.57244722308116,2,1.9916620139797325,2.4149835872458802,8.016993588505143,7.593672015238996
2026-06-12,LTF,L&T Finance Ltd.,Financial Services,256.8999938964844,263.0,277.0,262.95001220703125,275.95001220703125,7.415344010565805,4.923959014080323,2.3744672045315696,7369154.0,4646218.8,4513011.2,5094248.6,1.63286853797305,0.9252677078129412,38.893538855402106,-5.562872065834487,-21.21870559363458,3,1.9916620139797325,2.4149835872458802,5.4236819965860725,5.0003604233199255
2026-06-12,MOTILALOFS,Motilal Oswal Financial Services Ltd.,Financial Services,831.5999755859375,854.7000122070312,890.5999755859375,854.4500122070312,888.4500122070312,6.836223940607712,3.948753892356895,2.7777822630186684,3169428.0,808913.2,757725.05,1148991.62,4.182820668262188,0.9405265406116352,46.17362458630423,-2.8731629817784,-23.588345201458203,4,1.9916620139797325,2.4149835872458802,4.844561926627979,4.421240353361831
2026-06-12,ABCAPITAL,Aditya Birla Capital Ltd.,Financial Services,336.6000061035156,344.70001220703125,359.29998779296875,341.8999938964844,358.1000061035156,6.3874033304051805,3.887436443847924,2.406418881948744,3057116.0,2340494.4,3450300.35,4286659.46,0.8860434425658045,0.9310355108977608,35.38137263710544,-4.840656608855314,-10.466818679565849,5,1.9916620139797325,2.4149835872458802,4.395741316425448,3.9724197431593002
2026-06-15,KALYANKJIL,Kalyan Jewellers India Ltd.,Consumer Durables,343.3490295410156,350.5695781657964,385.1285799889978,349.52385720653416,381.443603515625,11.094999751574568,8.806818181818173,2.102976272987601,39244670.0,6131901.4,8236225.25,8236906.16,4.764885467405108,0.8965031550480771,43.40380819811192,-1.844246041625772,-44.0247946592396,1,0.9778646829145282,1.4700363152304154,10.117135068660039,9.624963436344153
2026-06-15,BALKRISIND,Balkrishna Industries Ltd.,Automobile and Auto Components,2006.1209716796875,2053.555808288668,2201.839989287878,2043.1919608728915,2184.89892578125,8.911623806607986,6.395887414525009,2.3645052954739803,1031761.0,138128.0,203740.5,183046.34,5.064093785967935,0.8932160476503749,28.196442197921314,-6.314060691719164,-27.78414106163532,2,0.9778646829145282,1.4700363152304154,7.933759123693458,7.441587491377571
2026-06-15,HDBFS,HDB Financial Services Ltd.,Financial Services,639.1746826171875,652.137666375906,712.9639624751877,652.137666375906,693.12060546875,8.439934233733037,6.284399936687696,2.0280815419096005,5581841.0,370449.2,310329.5,691578.5,17.986820460188284,0.6737700915727463,34.32017911289772,-2.049547463901135,-27.93721523522677,3,0.9778646829145282,1.4700363152304154,7.4620695508185095,6.969897918502622
2026-06-15,SUNDARMFIN,Sundaram Finance Ltd.,Financial Services,4137.18408203125,4252.57592714029,4504.547073751612,4229.000048764978,4443.46923828125,7.403227658645103,4.488886604532157,2.78913973420264,255346.0,98544.2,100086.4,74712.16,2.551255715062186,0.7783397027301444,35.837715240416884,-3.0917902058522038,-26.285008195951605,4,0.9778646829145282,1.4700363152304154,6.425362975730575,5.933191343414688
2026-06-15,JKCEMENT,J.K. Cement Ltd.,Construction Materials,4840.48388671875,4901.755831643002,5198.650798681541,4901.755831643002,5157.3046875,6.545229943860331,5.213414634146337,1.2658227226490582,162735.0,71299.2,66463.75,71071.8,2.4484775535536287,0.8607382550335576,25.462953795078363,-5.4702145256283226,-35.78084548334516,5,0.9778646829145282,1.4700363152304154,5.567365260945803,5.075193628629916
2026-06-16,COFORGE,Coforge Ltd.,Information Technology,1399.240234375,1416.5998416518678,1464.9871162055586,1401.8341916301251,1461.3955078125,4.442073055829685,3.162196185790682,1.2406452337773024,4085487.0,1880286.8,3186055.95,3706230.94,1.2823023399824476,0.9431283916429154,47.358820961889066,-0.7806702551293998,-29.34356707008788,1,0.5669932287180826,0.38211379512436083,3.875079827111602,4.059959260705324
2026-06-16,SUZLON,Suzlon Energy Ltd.,Capital Goods,55.56999969482422,56.119998931884766,59.2400016784668,53.900001525878906,57.91999816894531,4.228897763229559,3.2074113886660665,0.9897412994079496,292441954.0,58398573.6,94037099.2,104221513.12,3.109857242385035,0.7528083386136648,53.369634828536505,1.5737799847412166,-18.638364257885588,2,0.5669932287180826,0.38211379512436083,3.661904534511476,3.8467839681051976
2026-06-16,GLAXO,Glaxosmithkline Pharmaceuticals Ltd.,Healthcare,2122.5,2127.0,2208.699951171875,2126.0,2202.800048828125,3.7832767410188457,3.563707044105548,0.2120141342756183,199157.0,182302.2,124534.35,90472.0,1.5992133897193823,0.9286589380024148,27.551823165202507,-3.728839775584331,-36.912194656149445,3,0.5669932287180826,0.38211379512436083,3.2162835123007634,3.4011629458944848
2026-06-16,COROMANDEL,Coromandel International Ltd.,Chemicals,1984.3680419921875,1993.059514034856,2078.9758640133014,1978.8733747957904,2057.696533203125,3.695307002491335,3.2431053218985006,0.4379969773118787,568500.0,404888.2,401012.35,409196.48,1.417662074497207,0.7874245588045377,63.11830237609503,8.496522916523576,-26.656741410675544,4,0.5669932287180826,0.38211379512436083,3.128313773773252,3.313193207366974
2026-06-16,SBICARD,SBI Cards and Payment Services Ltd.,Financial Services,600.9000244140625,601.7999877929688,626.0,601.1500244140625,621.6500244140625,3.4531534626302136,3.2984441714416515,0.149769236535446,1960494.0,686523.8,1079707.9,1319050.92,1.8157633189495048,0.8249505086677376,37.81771302323215,-0.8280793015269537,-39.984553982618046,5,0.5669932287180826,0.38211379512436083,2.886160233912131,3.0710396675058527
2026-06-17,BDL,Bharat Dynamics Ltd.,Capital Goods,1236.699951171875,1236.5,1313.4000244140625,1232.0999755859375,1309.800048828125,5.910900019603109,5.928026593459361,-0.0161681232125488,2460322.0,770086.8,1327685.55,1288883.9,1.8530908918907796,0.9557198840858244,41.75425586867339,-0.197317508961374,-38.33601354451231,1,0.4024687267071011,0.5065836578074472,5.508431292896008,5.4043163617956615
2026-06-17,GVT&D,GE Vernova T&D India Ltd.,Capital Goods,4860.4697265625,4887.901750515526,5163.220298095584,4886.405454061287,5139.7783203125,5.74653499482934,5.153061224489802,0.5643903880958243,887332.0,613038.4,1004152.85,814922.14,0.8836622830876794,0.915315315315316,44.11395567846154,-0.3996235369399062,-6.694618632679853,2,0.4024687267071011,0.5065836578074472,5.344066268122239,5.239951337021893
2026-06-17,YESBANK,Yes Bank Ltd.,Financial Services,23.88999938964844,23.899999618530277,25.459999084472656,23.899999618530277,25.11000061035156,5.106744461583172,5.062765736963212,0.0418594773433483,394351584.0,131777606.4,119506060.35,122035173.76,3.299845906099272,0.775641926960749,61.32263722872929,4.792188835336203,-2.449981164055894,3,0.4024687267071011,0.5065836578074472,4.70427573487607,4.600160803775724
2026-06-17,DIXON,Dixon Technologies (India) Ltd.,Consumer Durables,12235.0,12325.0,12888.0,12325.0,12833.0,4.887617490805067,4.121703853955375,0.7355946056395587,1686325.0,632526.6,500195.0,632134.92,3.3713351792800808,0.9023090586145648,59.61461260504432,5.782823152042818,-33.76103080504575,4,0.4024687267071011,0.5065836578074472,4.485148764097966,4.38103383299762
2026-06-17,COCHINSHIP,Cochin Shipyard Ltd.,Capital Goods,1429.9906005859375,1431.1892963002956,1513.296838360902,1430.490010079818,1498.513427734375,4.791837591125447,4.704068959159772,0.0838254261158741,2340067.0,834010.4,911388.35,1861191.74,2.5675849378588174,0.8214711161699685,37.95352596783592,-2.3252001570253134,-31.158860839449705,5,0.4024687267071011,0.5065836578074472,4.389368864418346,4.285253933318
2026-06-18,KPRMILL,K.P.R. Mill Ltd.,Textiles,1040.9627685546875,1059.0230622331408,1206.049986390603,1045.0039386627127,1183.7989501953125,13.721545664783402,11.782169096399024,1.7349605791885203,5589467.0,233556.0,354773.6,309156.32,15.755025176619682,0.8618343231068503,67.75276853744026,2.8574780017973533,-16.773019526205076,1,0.34169978003350343,0.4693585769927039,13.3798458847499,13.252187087790698
2026-06-18,NIACL,The New India Assurance Company Ltd.,Financial Services,164.1083526611328,166.6275995431672,186.96013401123227,166.3697289445453,177.21043395996094,7.983799170711682,6.351189386276972,1.5351119191576954,86100480.0,1252122.2,817104.3,3713208.02,105.3726923233668,0.5264930427694555,55.58088091268224,5.628053037868521,-22.24895909985933,2,0.34169978003350343,0.4693585769927039,7.642099390678179,7.514440593718978
2026-06-18,NYKAA,FSN E-Commerce Ventures Ltd.,Consumer Services,280.95001220703125,282.45001220703125,303.75,281.79998779296875,298.1000061035156,6.1042865817163925,5.540801281684203,0.5339028064873883,36124206.0,7399348.0,7833719.95,5202392.24,4.611373170162919,0.7425972321475743,66.39043488913538,4.799834873298597,-1.628149088623964,3,0.34169978003350343,0.4693585769927039,5.762586801682889,5.6349280047236885
2026-06-18,GODREJIND,Godrej Industries Ltd.,Diversified,1052.199951171875,1054.0999755859375,1126.0,1044.0999755859375,1111.199951171875,5.607299252797861,5.4169411733642825,0.1805763640215313,510545.0,99375.6,116157.9,406740.74,4.395267132067643,0.8192912769683646,32.5223873890113,-2.374306894076362,-20.58868293042453,4,0.34169978003350343,0.4693585769927039,5.265599472764357,5.137940675805157
2026-06-18,ICICIAMC,ICICI Prudential Asset Management Company Ltd.,Financial Services,3250.5,3277.89990234375,3455.0,3271.699951171875,3431.699951171875,5.57452549367405,4.6920300622406295,0.8429442345408399,723666.0,1044486.4,514770.4,486156.28,1.4058034416897318,0.8728857467464575,35.8172947315112,-1.1964466811207166,-9.633895497369906,5,0.34169978003350343,0.4693585769927039,5.232825713640546,5.105166916681346
2026-06-19,NIACL,The New India Assurance Company Ltd.,Financial Services,177.21043395996094,178.52957192726706,204.91228138795225,177.9443952959211,200.6573181152344,13.23109685548823,12.394443088107646,0.7443906872911142,119622490.0,18412933.6,5068806.55,5419538.04,23.599734734402126,0.842221104828265,69.68687178986079,13.604645447724437,-16.0414721412542,1,-0.640931771867759,0.34835672916646404,13.87202862735599,12.882740126321766
2026-06-19,BERGEPAINT,Berger Paints India Ltd.,Consumer Durables,501.2654418945313,502.20830975845394,555.505923127034,501.01728979366607,546.5733642578125,9.03870855170867,8.833994507318433,0.1880975198208597,7790257.0,358454.8,349851.35,587341.88,22.267334397880703,0.8360656466721967,52.57672120913711,-0.6198348076247443,-15.9603974188229,2,-0.640931771867759,0.34835672916646404,9.679640323576429,8.690351822542205
2026-06-19,ITCHOTELS,ITC Hotels Ltd.,Consumer Services,161.1300048828125,160.5,174.8000030517578,159.99000549316406,170.9199981689453,6.07583503348922,6.4922106971621885,-0.3909916612183394,21936839.0,3135826.2,2660856.15,3183713.24,8.24427844398879,0.7380144819429048,61.67284955835484,4.275405109725082,-38.00685777373499,3,-0.640931771867759,0.34835672916646404,6.716766805356979,5.727478304322756
2026-06-19,GVT&D,GE Vernova T&D India Ltd.,Capital Goods,5237.03759765625,5216.587999558442,5618.09419896991,5216.587999558442,5519.83740234375,5.399995692489632,5.813175255760599,-0.3904802613401134,1247092.0,697094.8,890062.3,825351.84,1.4011288872700258,0.7552795031055907,52.26380252348636,6.3081240517914,-0.2659574468085158,4,-0.640931771867759,0.34835672916646404,6.040927464357392,5.051638963323168
2026-06-19,BDL,Bharat Dynamics Ltd.,Capital Goods,1311.800048828125,1309.300048828125,1378.800048828125,1304.9000244140625,1373.4000244140625,4.695835744248281,4.895743771132484,-0.1905778248928511,3488237.0,1220838.2,1428438.75,1310900.94,2.4419927000720194,0.9269279752357577,69.60498603693324,5.803551858222418,-34.591393517405024,5,-0.640931771867759,0.34835672916646404,5.336767516116041,4.347479015081817
2026-06-22,MANKIND,Mankind Pharma Ltd.,Healthcare,2414.199951171875,2426.10009765625,2543.5,2404.10009765625,2538.300048828125,5.14042333552408,4.624704120009991,0.4929229858777256,983998.0,362948.4,491497.85,608907.42,2.00203927646886,0.9626975981729722,66.22927629206674,1.4913431006894489,-11.093256457744298,1,0.37396580495980913,0.4357366637902084,4.766457530564271,4.704686671733872
2026-06-22,NIACL,The New India Assurance Company Ltd.,Financial Services,200.6573181152344,203.82125527513048,216.21914184904352,203.82125527513048,210.37725830078125,4.844049684729098,3.216545309173506,1.5767863288589892,80921087.0,42210007.8,11030636.15,7802092.94,7.336030841702634,0.5288000488281247,79.33938068902991,27.113480954653863,-4.932838001821476,2,0.37396580495980913,0.4357366637902084,4.470083879769289,4.40831302093889
2026-06-22,ESCORTS,Escorts Kubota Ltd.,Capital Goods,2789.63427734375,2793.688526952346,2931.0343156707822,2793.688526952346,2917.388671875,4.579610867589995,4.427843108823567,0.145332656740091,303035.0,141837.8,157863.95,143284.52,1.919595955884798,0.9006475267781505,59.67527909257637,0.2991680316284916,-32.166745343043445,3,0.37396580495980913,0.4357366637902084,4.205645062630186,4.143874203799787
2026-06-22,ABCAPITAL,Aditya Birla Capital Ltd.,Financial Services,375.8999938964844,378.0,392.8999938964844,375.0499877929688,391.9500122070313,4.269757534225112,3.690479419849537,0.558660850655381,11010826.0,4474415.2,3155842.35,4193620.64,3.489029165224302,0.9467797554833316,63.57794376158989,4.776835788370297,-0.3578545006005633,4,0.37396580495980913,0.4357366637902084,3.8957917292653033,3.834020870434904
2026-06-22,AJANTPHARM,Ajanta Pharmaceuticals Ltd.,Healthcare,3037.375,3067.3998020361405,3172.833831881362,3043.320343155553,3160.74462890625,4.061718717848471,3.04312554262236,0.988511528413202,140206.0,103307.6,123020.6,123179.02,1.139695303063064,0.906656803904758,67.02183643866678,1.2731864891470432,-7.53264977475612,5,0.37396580495980913,0.4357366637902084,3.687752912888662,3.625982054058263
2026-06-23,LAURUSLABS,Laurus Labs Ltd.,Healthcare,1435.9000244140625,1443.4000244140625,1486.0,1435.0,1481.0,3.140885494750314,2.604958774418819,0.5223204869754405,4012866.0,2047879.2,1720981.5,1961958.84,2.331731049985139,0.9019607843137256,60.0225593287089,2.9636387469098264,-1.448179518595573,1,-1.1567105067506382,-0.9513262987241101,4.297596001500953,4.092211793474424
2026-06-23,APARINDS,Apar Industries Ltd.,Capital Goods,16116.0478515625,16323.328838511015,16692.048720699608,16277.487988292976,16596.380859375,2.980464020935072,1.67277167277168,1.2861775347013549,189822.0,160949.6,175560.2,136710.06,1.0812359521121528,0.7692307692307682,78.82401310164397,12.710609123376525,-3.080430148835416,2,-1.1567105067506382,-0.9513262987241101,4.13717452768571,3.931790319659182
2026-06-23,AUROPHARMA,Aurobindo Pharma Ltd.,Healthcare,1491.9000244140625,1492.199951171875,1542.699951171875,1492.199951171875,1534.199951171875,2.835305721938413,2.8146361998615523,0.0201036767145502,2092258.0,1475288.8,1227443.6,1326781.88,1.7045654887931303,0.8316831683168316,62.25088070029864,3.1004792999761706,-3.748385521673387,3,-1.1567105067506382,-0.9513262987241101,3.9920162286890513,3.7866320206625232
2026-06-23,NAUKRI,Info Edge (India) Ltd.,Consumer Services,981.5205078125,1006.8921912526652,1021.6466997627614,989.944500904848,1008.4872436523438,2.7474449718777763,0.1584134243502478,2.584936660845798,4328910.0,1559747.6,1956378.55,2018093.6,2.212715938845271,0.5849039945337154,40.58058536576663,-0.9103304573702364,-33.76342395381096,4,-1.1567105067506382,-0.9513262987241101,3.9041554786284145,3.6987712706018865
2026-06-23,JSWINFRA,JSW Infrastructure Ltd.,Services,307.04998779296875,309.0,318.3999938964844,309.0,314.95001220703125,2.5728789213921623,1.925570293537621,0.6350797213990002,14532169.0,4429441.6,2882048.7,2241568.62,5.042305149111463,0.6329804330252354,70.02665808497586,8.176897225467602,-11.754709688382718,5,-1.1567105067506382,-0.9513262987241101,3.7295894281428006,3.5242052201162726
2026-06-24,KPRMILL,K.P.R. Mill Ltd.,Textiles,1128.670166015625,1136.5029171845392,1331.0754095910231,1132.511686571073,1215.7786865234375,7.717801278943931,6.975412745555311,0.6939805272398591,14993505.0,1509745.0,697721.2,418914.24,21.48924957418522,0.4193464883008793,56.51862123845169,7.094426349979685,-9.760643986565084,1,0.8292056551520712,0.08291586253435385,6.8885956237918595,7.634885416409577
2026-06-24,JSWINFRA,JSW Infrastructure Ltd.,Services,314.95001220703125,317.5,343.45001220703125,316.5,338.3999938964844,7.44562018751038,6.582675242987205,0.809648418521897,35635252.0,6973756.8,3549489.25,2496620.72,10.039543576586404,0.8126153609225704,77.43461624416096,10.244741445490192,-9.484265214833796,2,0.8292056551520712,0.08291586253435385,6.616414532358308,7.362704324976026
2026-06-24,M&MFIN,Mahindra & Mahindra Financial Services Ltd.,Financial Services,284.84136962890625,286.2594776250777,305.9171758537936,283.7166817317589,304.0101013183594,6.729616457899465,6.200885937663236,0.4978588601855714,13759491.0,2270655.4,2032828.85,3027281.14,6.76864213138258,0.9140976536399976,50.65177156283011,-0.4477773473134519,-29.342555161399996,3,0.8292056551520712,0.08291586253435385,5.900410802747394,6.646700595365111
2026-06-24,OFSS,Oracle Financial Services Software Ltd.,Information Technology,9862.5,9903.0,10510.0,9874.5,10468.5,6.144486692015209,5.710390790669495,0.4106463878326996,743926.0,207462.0,261756.15,327024.28,2.842057388145417,0.9346970889063728,46.10277136221394,0.8750172599839343,-6.821295290282961,4,0.8292056551520712,0.08291586253435385,5.315281036863138,6.061570829480855
2026-06-24,EXIDEIND,Exide Industries Ltd.,Automobile and Auto Components,377.2421875,377.2919652769494,399.78418522098747,375.898648368281,397.59466552734375,5.395069454511567,5.3811642226441965,0.0131951776865846,8753108.0,1415459.6,3524055.7,3669158.36,2.483816586667458,0.9083328247070308,34.0799927703913,-3.0041769109737744,-12.053369053472684,5,0.8292056551520712,0.08291586253435385,4.565863799359496,5.312153591977213
2026-06-25,M&MFIN,Mahindra & Mahindra Financial Services Ltd.,Financial Services,304.0101013183594,305.379292640503,323.6678322726951,303.8634105722301,321.32061767578125,5.694059599452027,5.220172231535223,0.4503769171504707,9972211.0,4591625.8,2660582.5,3247858.78,3.748130719494697,0.8814802758487654,65.18103620815604,6.149206507535364,-24.58758012481033,1,0.14299437722399674,-0.5309835774401573,5.55106522222803,6.225043176892184
2026-06-25,OFSS,Oracle Financial Services Software Ltd.,Information Technology,10468.5,10504.0,11035.0,10411.0,10974.5,4.833548263839137,4.479246001523229,0.3391125758227062,1072182.0,326030.8,276438.4,338071.78,3.878556669406276,0.9030448717948718,58.27932960857389,6.980808142743275,-1.0959421796022486,2,0.14299437722399674,-0.5309835774401573,4.69055388661514,5.364531841279294
2026-06-25,ASHOKLEY,Ashok Leyland Ltd.,Capital Goods,154.91000366210938,156.60000610351562,162.1999969482422,156.50999450683594,160.67999267578125,3.724736219267936,2.605355308587073,1.090957589215796,60935591.0,17224740.0,30760769.45,24395291.36,1.980951455035856,0.732864038616251,61.202659511668365,2.7620526443128965,-26.862589793933083,3,0.14299437722399674,-0.5309835774401573,3.581741842043939,4.255719796708093
2026-06-25,PAYTM,One 97 Communications Ltd.,Financial Services,1087.300048828125,1090.0,1128.800048828125,1090.0,1124.800048828125,3.4489099895118107,3.192665030103211,0.2483170284766348,2584075.0,2010496.6,1898489.35,2511083.52,1.361121672871117,0.8969073462324996,55.05264014258074,0.3743426097376098,-21.312779678200123,4,0.14299437722399674,-0.5309835774401573,3.305915612287814,3.979893566951968
2026-06-25,UNOMINDA,UNO Minda Ltd.,Automobile and Auto Components,1103.5,1108.0,1153.9000244140625,1104.4000244140625,1136.5,2.9904848210240145,2.572202166064982,0.4077933846850928,1533156.0,656832.8,761239.05,917084.86,2.014026999797238,0.6484843552714646,53.803738281446826,0.945650806719046,-19.969687818813163,5,0.14299437722399674,-0.5309835774401573,2.8474904438000177,3.521468398464172
2026-06-26,360ONE,360 ONE WAM Ltd.,Financial Services,1085.4000244140625,1085.4000244140625,1085.4000244140625,1085.4000244140625,1085.4000244140625,0.0,0.0,0.0,0.0,747906.6,1031302.7,1043186.06,0.0,0.5,52.67566431157694,-1.1592422067430597,-13.859855695192769,1,0.0,0.0,0.0,0.0
2026-06-26,MANKIND,Mankind Pharma Ltd.,Healthcare,2462.300048828125,2462.300048828125,2462.300048828125,2462.300048828125,2462.300048828125,0.0,0.0,0.0,0.0,755924.0,580604.0,640438.96,0.0,0.5,67.3066144879449,2.8856292622966357,-9.321894046521544,2,0.0,0.0,0.0,0.0
2026-06-26,MCX,Multi Commodity Exchange of India Ltd.,Financial Services,2824.778564453125,2824.778564453125,2824.778564453125,2824.778564453125,2824.778564453125,0.0,0.0,0.0,0.0,2256048.8,3732162.9,3084317.42,0.0,0.5,53.8317031025016,-0.4727347961629971,-18.629310095173658,3,0.0,0.0,0.0,0.0
2026-06-26,MEDANTA,Global Health Ltd.,Healthcare,1311.9346923828125,1311.9346923828125,1311.9346923828125,1311.9346923828125,1311.9346923828125,0.0,0.0,0.0,0.0,389903.6,293849.7,261917.52,0.0,0.5,67.47103336452686,5.719346167918403,-9.86114839775378,4,0.0,0.0,0.0,0.0
2026-06-26,MFSL,Max Financial Services Ltd.,Financial Services,1611.4000244140625,1611.4000244140625,1611.4000244140625,1611.4000244140625,1611.4000244140625,0.0,0.0,0.0,0.0,569019.8,594938.7,612329.16,0.0,0.5,50.98415520434539,-0.6326837453521271,-14.853367270062748,5,0.0,0.0,0.0,0.0
2026-06-29,AJANTPHARM,Ajanta Pharmaceuticals Ltd.,Healthcare,3151.529052734375,3151.5290025466893,3447.418480858349,3139.340852506265,3353.47900390625,6.407999031348173,6.408000725881591,-1.592486848819809e-06,922011.0,86136.8,118833.55,121823.28,7.758844198460788,0.6950785506413302,68.43848314112579,3.633558963854272,-4.057437535957679,1,-0.4562271366810775,-0.3138333754845458,6.8642261680292505,6.721832406832719
2026-06-29,THERMAX,Thermax Ltd.,Capital Goods,4809.15869140625,4812.445214622874,5256.332008959298,4736.156692871376,5104.25341796875,6.136098754441624,6.063616110562691,0.0683388390259815,927416.0,158127.2,210965.6,319245.12,4.396053195402473,0.7076397393588684,57.42486820605493,1.0259960290000325,-4.85123561188773,2,-0.4562271366810775,-0.3138333754845458,6.592325891122702,6.44993212992617
2026-06-29,MAHABANK,Bank of Maharashtra,Financial Services,88.70999908447266,88.25,94.5,88.0,93.8499984741211,5.794160120274555,6.345607336114553,-0.5185425422388176,49937301.0,7649971.0,15833144.45,20265935.06,3.153972425231048,0.8999997652493991,73.89705361308245,4.414956714981088,-2.730260906897458,3,-0.4562271366810775,-0.3138333754845458,6.250387256955633,6.107993495759101
2026-06-29,HEXT,Hexaware Technologies Ltd.,Information Technology,494.8500061035156,518.0,539.0,504.0,519.4000244140625,4.961102962058236,0.270274983409749,4.67818401757112,7897521.0,245936.6,632394.75,608636.94,12.48827729831723,0.4400006975446429,31.59419917439128,-2.7470009523512706,-43.525739236881535,4,-0.4562271366810775,-0.3138333754845458,5.417330098739313,5.274936337542782
2026-06-29,LLOYDSME,Lloyds Metals And Energy Ltd.,Metals & Mining,1721.4000244140625,1725.0,1824.800048828125,1720.5999755859375,1805.699951171875,4.897172392367478,4.678258038949275,0.2091306805437553,1093427.0,484612.2,424489.0,563870.98,2.5758665124420186,0.8166978480729422,51.95528111963999,-1.787963617240384,-8.798643230031976,5,-0.4562271366810775,-0.3138333754845458,5.353399529048556,5.211005767852024
2026-06-30,COCHINSHIP,Cochin Shipyard Ltd.,Capital Goods,1425.9951171875,1432.3878884297278,1517.292330909872,1429.291397855303,1506.204833984375,5.624824084606487,5.153418717856508,0.4483024636743719,2885327.0,1004551.8,1173747.4,1751233.8,2.4582180118141266,0.8740070526454344,47.88558825410716,-1.416326896559925,-31.351207298603214,1,-0.3361695463799133,0.41711229117581233,5.960993630986401,5.207711793430675
2026-06-30,COROMANDEL,Coromandel International Ltd.,Chemicals,1912.0384521484373,1918.0326029536727,2021.9314456905809,1916.1344266287408,2003.0498046875,4.759912251597177,4.432521199217606,0.3134953064620863,627136.0,287710.8,378499.05,398185.2,1.6569024413667617,0.821529555648026,59.93673630200821,-0.132533010158962,-29.330080075333807,2,-0.3361695463799133,0.41711229117581233,5.0960817979770905,4.342799960421364
2026-06-30,GLAXO,Glaxosmithkline Pharmaceuticals Ltd.,Healthcare,2354.39990234375,2365.60009765625,2460.89990234375,2335.39990234375,2450.300048828125,4.073230991426251,3.5804847681479472,0.4757133782307103,218133.0,99342.6,137414.15,111906.66,1.587412941098133,0.915539015811753,68.42833292825942,5.1252062048410085,-30.01935324351319,3,-0.3361695463799133,0.41711229117581233,4.409400537806165,3.6561187002504387
2026-06-30,KPRMILL,K.P.R. Mill Ltd.,Textiles,1129.019287109375,1129.5182589101578,1197.3691790567043,1111.3082693120036,1174.718994140625,4.047734839699226,4.001771097890901,0.0441951529508675,993802.0,3405100.4,1461435.15,720217.84,0.6800178577886266,0.7368121603260879,61.7970958722654,2.7550391812132067,-15.179915504842093,4,-0.3361695463799133,0.41711229117581233,4.38390438607914,3.6306225485234136
2026-06-30,LTF,L&T Finance Ltd.,Financial Services,299.04998779296875,300.79998779296875,312.0,297.6499938964844,310.75,3.912393474207773,3.3078499371082195,0.5851864475619102,10810310.0,8643376.8,5838236.9,5302617.8,1.851639490682538,0.9128920231125364,73.59154928126364,6.461369230508071,-8.292932307227032,5,-0.3361695463799133,0.41711229117581233,4.248563020587686,3.4952811830319606
2026-07-01,HEXT,Hexaware Technologies Ltd.,Information Technology,514.8499755859375,519.9000244140625,556.7000122070312,516.2000122070312,551.6500244140625,7.1477227489899,6.106943356231397,0.980877744507547,4912061.0,1984127.0,958782.1,760311.08,5.1232297724373455,0.8753089433834876,49.66885431113018,1.4787645482751492,-41.24326277356219,1,0.587032083110734,0.21625300503858524,6.560690665879166,6.931469743951315
2026-07-01,PAYTM,One 97 Communications Ltd.,Financial Services,1141.5,1152.0999755859375,1209.0,1150.5,1203.699951171875,5.448966375109505,4.478775859681333,0.9286005769546648,4234770.0,2865982.0,2178192.15,2642060.74,1.9441673224283729,0.909400874732906,64.86165042563513,4.839227795544927,-17.390363318623294,2,0.587032083110734,0.21625300503858524,4.861934291998771,5.232713370070919
2026-07-01,PAGEIND,Page Industries Ltd.,Textiles,41142.84765625,41993.15539413624,43614.205560919945,41993.15539413624,43370.55078125,5.414557455071027,3.280047365304913,2.0667206727900527,86856.0,38973.2,28942.2,28214.2,3.001015817733275,0.8496932515337416,74.69266200160764,4.988005005879012,-15.57511904638762,3,0.587032083110734,0.21625300503858524,4.827525371960293,5.198304450032442
2026-07-01,DABUR,Dabur India Ltd.,Fast Moving Consumer Goods,416.7928771972656,417.4838755265142,441.27523067789576,417.2370772990657,439.0540466308594,5.341062827966148,5.1667075949081145,0.1657893805420179,8597999.0,1578737.4,1697345.85,2061932.1,5.065555143048778,0.9075975590956772,43.88413944756952,-0.6214045077258238,-26.44215636500368,4,0.587032083110734,0.21625300503858524,4.754030744855414,5.1248098229275625
2026-07-01,GODREJPROP,Godrej Properties Ltd.,Realty,1857.6207275390625,1875.8328494438529,1961.518647336832,1864.7862694860648,1950.1734619140625,4.982326747484776,3.9630723223687214,0.9804004463772956,1013165.0,647000.2,566146.6,742401.76,1.7895806492523316,0.8827157392918422,80.21478260967504,6.179281417159972,-22.480173658487,5,0.587032083110734,0.21625300503858524,4.395294664374042,4.76607374244619
2026-07-02,EXIDEIND,Exide Industries Ltd.,Automobile and Auto Components,388.4883117675781,390.1304399938259,420.6840350707262,389.4337663450245,417.3500061035156,7.429231063508716,6.9770423733458165,0.4226969451864054,21062813.0,2545891.2,2387130.6,3613206.86,8.823485820172554,0.893311990483188,53.70661906299473,0.2549068672164062,-9.431555339863364,1,0.7075342557701797,0.48809512399500515,6.721696807738536,6.941135939513711
2026-07-02,PERSISTENT,Persistent Systems Ltd.,Information Technology,4315.21240234375,4368.825985183565,4577.00283775238,4366.334638248583,4564.74560546875,5.782640108038931,4.484491278655344,1.2424320714942123,1859078.0,1806595.6,853429.55,716966.02,2.178361412491517,0.9418173587067248,29.435788999032795,-10.571120890294242,-34.14558034913926,2,0.7075342557701797,0.48809512399500515,5.075105852268751,5.2945449840439265
2026-07-02,APOLLOTYRE,Apollo Tyres Ltd.,Automobile and Auto Components,429.1954956054688,431.532136392853,455.8928215118044,429.8417910020832,454.0036315917969,5.780148263515938,5.207374678229413,0.5444234180715176,4299995.0,742070.2,1078121.1,1432148.14,3.988415587080152,0.9274811827769128,77.8319644046,4.486012582664857,-19.582461281035556,3,0.7075342557701797,0.48809512399500515,5.0726140077457575,5.292053139520933
2026-07-02,MPHASIS,MphasiS Ltd.,Information Technology,2071.27001953125,2102.337186274859,2191.448159034053,2100.1946749202307,2186.7734375,5.576453908935042,4.01630393908191,1.4999090630703895,889024.0,343908.8,476834.9,525199.4,1.8644272891938067,0.9487721309553286,28.636111492209096,-6.6302302574277885,-29.97497830094803,4,0.7075342557701797,0.48809512399500515,4.868919653164862,5.088358784940037
2026-07-02,COFORGE,Coforge Ltd.,Information Technology,1367.51416015625,1391.7576884442956,1454.511518251898,1386.8690528515815,1438.5487060546875,5.194428545465387,3.362008918570792,1.7728173494946151,5761491.0,3714910.2,3285256.05,3901277.68,1.7537418430444716,0.764011969363615,46.49255134198715,-5.22287325605106,-30.945615939249937,5,0.7075342557701797,0.48809512399500515,4.486894289695207,4.706333421470382
2026-07-03,M&MFIN,Mahindra & Mahindra Financial Services Ltd.,Financial Services,311.0027770996094,317.9954553528023,328.313333069604,314.2790817675551,326.6996154785156,5.047169843720976,2.73719639045043,2.248429521564461,10224451.0,3979738.0,3612839.15,3556522.66,2.8300321645927693,0.8850157691808747,69.88930452073485,5.992049529442034,-22.852984465719157,1,0.39357865004873993,-0.2204098574182752,4.653591193672236,5.267579701139251
2026-07-03,NATIONALUM,National Aluminium Co. Ltd.,Metals & Mining,331.4076843261719,339.1380417319972,348.31473033141793,338.0408243324691,346.7187805175781,4.620018459299528,2.235295912798715,2.3325824268507573,12212575.0,12763525.8,12574824.05,11948183.26,0.9711925154133668,0.8446598777521322,30.30035129980688,-8.272079980745495,-25.253092863921072,2,0.39357865004873993,-0.2204098574182752,4.226439809250788,4.840428316717803
2026-07-03,HUDCO,Housing & Urban Development Corporation Ltd.,Financial Services,203.895751953125,205.7490806601311,213.72430587943165,205.05899938269144,212.50189208984372,4.220853085108549,3.282061532448518,0.9089589602789704,7505306.0,1941293.8,2337764.25,3832691.22,3.210463159405402,0.8589301151612165,52.02680802815741,-0.6372623918402743,-14.765960231379102,3,0.39357865004873993,-0.2204098574182752,3.8272744350598087,4.441262942526824
2026-07-03,AWL,AWL Agri Business Ltd.,Fast Moving Consumer Goods,183.9600067138672,188.8000030517578,194.6999969482422,187.0,191.1100006103516,3.886711043452793,1.2235156362579536,2.631004653864137,15405298.0,4263160.0,4118076.95,3219310.84,3.740896099573856,0.5337665245815226,39.74827918293676,-1.310610483603589,-35.34231180624718,4,0.39357865004873993,-0.2204098574182752,3.493132393404053,4.1071209008710685
2026-07-03,AUROPHARMA,Aurobindo Pharma Ltd.,Healthcare,1561.0,1568.0,1636.800048828125,1567.699951171875,1620.5,3.811659192825112,3.3482142857142856,0.4484304932735426,2190579.0,1820869.2,1520035.9,1352686.32,1.4411363573715594,0.7641096122727304,63.48623106331787,4.661844027063347,-1.755933286258912,5,0.39357865004873993,-0.2204098574182752,3.418080542776372,4.032069050243387
2026-07-06,DIXON,Dixon Technologies (India) Ltd.,Consumer Durables,12456.0,12480.0,13350.0,12355.0,13304.0,6.80796403339756,6.602564102564103,0.1926782273603083,1287795.0,420757.6,530297.85,584506.56,2.428437150933197,0.9537688442211056,58.714634997966456,3.582046111307457,-32.564560662660384,1,0.6571669412775341,0.3889120797365353,6.150797092120026,6.419051953661025
2026-07-06,RADICO,Radico Khaitan Ltd,Fast Moving Consumer Goods,3883.68310546875,3931.277259604101,4127.841122584306,3894.5586821649313,4097.6083984375,5.508309693638863,4.230969424175121,1.2254901556806193,975908.0,438043.2,335366.9,359104.0,2.909971139071864,0.8704029154853837,74.23727889569665,4.898338056514038,-2.3580784139590487,2,0.6571669412775341,0.3889120797365353,4.851142752361329,5.119397613902328
2026-07-06,POWERINDIA,Hitachi Energy India Ltd.,Capital Goods,31032.58984375,31067.58213113943,32442.253906853563,31067.58213113943,32352.275390625,4.252579476993882,4.135156878519707,0.1127598036954555,292814.0,297273.2,176056.55,169910.94,1.663181517529453,0.9345454545454538,31.861040066503847,-10.381614909752695,-19.96906323307249,3,0.6571669412775341,0.3889120797365353,3.5954125357163473,3.8636673972573465
2026-07-06,ABBOTINDIA,Abbott India Ltd.,Healthcare,25302.908203125,25473.907169117647,26382.6426377513,25429.936098054728,26245.84375,3.726589605057904,3.030303030303031,0.675807557850318,28228.0,15525.6,10526.4,11339.88,2.681638546891625,0.8564102564102577,41.549325512916994,0.0463635062842517,-26.976343820362043,4,0.6571669412775341,0.3889120797365353,3.0694226637803697,3.337677525321369
2026-07-06,INDUSINDBK,IndusInd Bank Ltd.,Financial Services,974.3499755859376,968.0,1012.2999877929688,960.0,1009.7999877929688,3.638324328556887,4.318180557124872,-0.6517140396210164,4977371.0,2630087.6,2197681.5,2243143.94,2.2648281837017783,0.9521988416154832,63.14203076336757,5.555166318641255,-0.4139461086533052,5,0.6571669412775341,0.3889120797365353,2.981157387279353,3.2494122488203514
2026-07-07,NAUKRI,Info Edge (India) Ltd.,Consumer Services,1021.99560546875,1028.8245364865438,1163.5587043392015,1025.833767485129,1155.88232421875,13.100518048567473,12.34980147014291,0.6681957320806339,16707549.0,1578008.2,1647005.95,2131890.5,10.144194682478227,0.9442629614084694,57.04406338233584,3.102688242476312,-30.70777889846369,1,-0.1295535722209,-0.26573760101612304,13.230071620788372,13.366255649583596
2026-07-07,SWIGGY,Swiggy Ltd.,Consumer Services,248.3699951171875,250.0500030517578,267.3999938964844,249.9900054931641,266.2699890136719,7.206987256266075,6.486696966189075,0.6764134024231231,32937738.0,10355138.0,11326080.75,10442879.38,2.908132012037792,0.9350944494255382,33.0017907573945,-0.0436678621544805,-47.60126685291403,2,-0.1295535722209,-0.26573760101612304,7.336540828486974,7.472724857282198
2026-07-07,SUNDARMFIN,Sundaram Finance Ltd.,Financial Services,4601.2001953125,4624.0,4810.2001953125,4602.2998046875,4784.0,3.972872227418585,3.460207612456748,0.4955186412172944,109052.0,58570.2,87096.8,80626.66,1.2520781475324008,0.8739771713091268,62.15497256134565,3.653146490571648,-18.01732096974532,3,-0.1295535722209,-0.26573760101612304,4.102425799639485,4.238609828434708
2026-07-07,JUBLFOOD,Jubilant Foodworks Ltd.,Consumer Services,437.0071716308594,437.95448594393247,456.1028543488863,428.9301325586452,453.6598205566406,3.81061227522549,3.5860654741001503,0.2167731732039608,10879295.0,2678326.0,2238249.95,3415146.5,4.860625597243954,0.9100924150659404,62.15334150689824,3.411454447051142,-38.57366032172284,4,-0.1295535722209,-0.26573760101612304,3.94016584744639,4.076349876241613
2026-07-07,HAVELLS,Havells India Ltd.,Consumer Durables,1181.5,1182.0,1228.9000244140625,1177.0999755859375,1225.0,3.681760473973762,3.6379018612521152,0.0423190859077443,1375962.0,757794.0,673232.6,817478.84,2.043813683413429,0.9247100243669082,50.49658035109271,0.7233489250579589,-26.530071364845508,5,-0.1295535722209,-0.26573760101612304,3.811314046194662,3.9474980749898854
2026-07-08,KALYANKJIL,Kalyan Jewellers India Ltd.,Consumer Durables,353.3083801269531,358.5370550614116,384.8297663538692,356.9435509602039,372.6295471191406,5.468641017018869,3.9305538601345447,1.479918175894856,53326753.0,7842009.2,7451453.55,8808135.96,7.156557125689927,0.5624999999999998,29.985879507891056,-4.9316332046139815,-42.401150361034645,1,-2.11752451582732,-1.634280098930211,7.586165532846189,7.10292111594908
2026-07-08,MCX,Multi Commodity Exchange of India Ltd.,Financial Services,2636.7392578125,2593.6449358360687,2759.239189431756,2588.6571571133068,2735.2978515625,3.737896853394844,5.461538461538456,-1.6343793512667355,4929261.0,4428768.0,3200121.2,3398114.26,1.5403357222845184,0.8596491228070171,36.305473639594936,-6.69549718822588,-24.04597825568665,2,-2.11752451582732,-1.634280098930211,5.855421369222164,5.372176952325055
2026-07-08,NATIONALUM,National Aluminium Co. Ltd.,Metals & Mining,341.6815795898437,339.33753515915777,353.7010221074364,338.88866382568887,348.8633117675781,2.101878651566573,2.807168562697472,-0.6860318409613376,10719028.0,7757814.8,12066578.5,11932595.26,0.8883237282217159,0.6734003966255979,38.16300364436928,-3.8813629022829823,-22.93588076680001,3,-2.11752451582732,-1.634280098930211,4.219403167393892,3.736158750496784
2026-07-08,PREMIERENE,Premier Energies Ltd.,Capital Goods,1024.5,1025.5,1064.9000244140625,1021.5999755859376,1043.9000244140625,1.893609020406296,1.794249089620917,0.0976085895558809,2197053.0,985848.8,958913.25,1560411.86,2.291190574329846,0.5150120942505794,38.93989298817775,-2.3909228939831477,-9.713562082225945,4,-2.11752451582732,-1.634280098930211,4.011133536233616,3.527889119336507
2026-07-08,OIL,Oil India Ltd.,Oil Gas & Consumable Fuels,422.2864379882813,426.2283733761878,433.0643998744192,422.9350897973645,429.47174072265625,1.7015234419094458,0.7609459034314158,0.9334743040021406,6238573.0,3058144.6,4555910.3,4890032.32,1.3693362224449417,0.6453204488328217,56.01578335996426,1.0121518378974097,-20.31073439667513,5,-2.11752451582732,-1.634280098930211,3.8190479577367658,3.335803540839657
2026-07-09,KALYANKJIL,Kalyan Jewellers India Ltd.,Consumer Durables,372.6295471191406,378.4557829914997,446.1794494215576,376.31452608749726,441.1997680664063,18.401713304109432,16.578947368421062,1.563546400816209,117145048.0,17792087.2,9789191.8,9805797.66,11.966774213168446,0.9287241563074384,45.11110981785512,-0.2067100456252013,-39.25127604434716,1,0.3381200414471839,1.410517845024416,18.06359326266225,16.991195459085016
2026-07-09,SWIGGY,Swiggy Ltd.,Consumer Services,261.4100036621094,262.0,282.4100036621094,262.0,280.95001220703125,7.474851104083491,7.232829086653149,0.2256976893100221,55995424.0,19620759.2,13662979.6,11326795.08,4.098331816289911,0.9284668695190604,55.22589251869599,4.459541922920829,-44.85021019786722,2,0.3381200414471839,1.410517845024416,7.136731062636308,6.064333259059075
2026-07-09,CRISIL,CRISIL Ltd.,Financial Services,3862.8935546875,3905.994207568365,4056.746725118385,3879.156183880283,4045.372802734375,4.723900502654083,3.568325700431041,1.1157608220543371,92290.0,69004.8,49196.9,50105.34,1.8759312070475984,0.93595423323385,23.548062180453183,-4.32428720812052,-36.00231169625412,3,0.3381200414471839,1.410517845024416,4.385780461206899,3.313382657629667
2026-07-09,APARINDS,Apar Industries Ltd.,Capital Goods,13396.490234375,13423.396205357143,14101.043526785716,13423.396205357143,14021.3203125,4.664132673509547,4.454342984409798,0.200843433701039,119371.0,190916.2,195261.3,145449.02,0.6113397790550407,0.8823529411764689,28.82929415472668,-13.026879405861372,-21.6471362019899,4,0.3381200414471839,1.410517845024416,4.326012632062364,3.253614828485131
2026-07-09,PREMIERENE,Premier Energies Ltd.,Capital Goods,1043.9000244140625,1055.0,1095.5,1048.0,1089.199951171875,4.3394890026216055,3.2417015328791465,1.0633178777984873,1970046.0,1319593.2,1028627.95,1576143.56,1.9152172561517504,0.8673673930921053,45.66039705492731,-0.4382455689400656,-8.003889949611445,5,0.3381200414471839,1.410517845024416,4.001368961174421,2.9289711575971893
2026-07-10,GODREJIND,Godrej Industries Ltd.,Diversified,1219.199951171875,1219.5,1443.0,1210.4000244140625,1417.699951171875,16.281168631052278,16.252558521678967,0.0246103051297367,2661745.0,250936.6,195501.85,380810.64,13.614935101637146,0.891229357335949,92.18007398410003,6.143375418800886,-7.984909345518868,1,1.0186605964942081,1.3596141014843093,15.26250803455807,14.921554529567969
2026-07-10,INDIANB,Indian Bank,Financial Services,793.1500244140625,800.0,874.9000244140625,794.75,870.7000122070312,9.777467743288366,8.837501525878906,0.8636418552716937,17690322.0,3570174.6,2746327.8,3128977.24,6.441445919165222,0.9475981169346426,20.6185643869964,-4.391664090434815,-19.068215705906617,2,1.0186605964942081,1.3596141014843093,8.758807146794158,8.417853641804056
2026-07-10,KALYANKJIL,Kalyan Jewellers India Ltd.,Consumer Durables,441.1997680664063,449.2668655202516,481.43559545983726,444.18758437358974,474.2150573730469,7.483070413054116,5.553089659506769,1.828445533686488,115487371.0,40434060.4,15320544.2,12102054.44,7.538072374739796,0.8061497009848049,68.79341645764839,16.415047576603182,-28.07247002612308,3,1.0186605964942081,1.3596141014843093,6.4644098165599075,6.123456311569806
2026-07-10,PAYTM,One 97 Communications Ltd.,Financial Services,1262.9000244140625,1268.9000244140625,1359.0,1268.9000244140625,1341.800048828125,6.247527348862718,5.7451353937616485,0.4750969897861686,6813451.0,2897917.6,2501553.0,2424970.42,2.7236884447381287,0.8091014890956362,87.56522800078407,9.885712741664232,-8.604719945906721,4,1.0186605964942081,1.3596141014843093,5.22886675236851,4.887913247378409
2026-07-10,GODREJPROP,Godrej Properties Ltd.,Realty,2020.13525390625,2038.546126771856,2127.715205439815,2012.273220486111,2122.7392578125,5.0790660530204095,4.130057688415819,0.9113683269476996,1296667.0,1004100.6,726701.15,747455.14,1.7843194551157653,0.9568965517241382,77.38762738103054,8.327196474836438,-15.698327571612577,5,1.0186605964942081,1.3596141014843093,4.060405456526201,3.7194519515361
2026-07-13,KALYANKJIL,Kalyan Jewellers India Ltd.,Consumer Durables,474.2150573730469,468.5880237165181,529.7385361423025,467.0941192838406,508.5748596191406,7.245616036832041,8.533473729327179,-1.186599533068425,154485625.0,62539526.0,20696805.25,14411801.86,7.464225668355264,0.6621618081148586,75.13882942980288,23.002803680259376,-22.690082311807267,1,0.016935705558518026,0.003886606198605745,7.228680331273522,7.241729430633435
2026-07-13,JSWINFRA,JSW Infrastructure Ltd.,Services,330.04998779296875,331.95001220703125,355.79998779296875,331.70001220703125,351.20001220703125,6.408127615908087,5.799065911163191,0.5756777713484822,14799789.0,2856891.2,6085998.85,3708988.44,2.431776502882514,0.8091294503791274,62.77777776801234,3.7390477319052455,-5.144575319852139,2,0.016935705558518026,0.003886606198605745,6.391191910349568,6.404241009709481
2026-07-13,VOLTAS,Voltas Ltd.,Consumer Durables,1286.699951171875,1285.0,1354.800048828125,1273.4000244140625,1349.5,4.880706552520596,5.019455252918288,-0.1321171396895408,2093557.0,1087899.8,1099615.8,1114513.76,1.9038986162257765,0.9348888545639136,30.78240682399131,-1.4464815712522223,-18.43652008351195,3,0.016935705558518026,0.003886606198605745,4.863770846962078,4.876819946321991
2026-07-13,TATAELXSI,Tata Elxsi Ltd.,Information Technology,3690.300048828125,3690.300048828125,3840.0,3672.800048828125,3823.60009765625,3.6121737274576136,3.6121737274576136,0.0,687570.0,260151.6,349929.5,288238.84,1.964881497558794,0.9019144310222224,24.935127614821496,-5.11635680261359,-41.66505671521699,4,0.016935705558518026,0.003886606198605745,3.5952380218990956,3.608287121259008
2026-07-13,BHEL,Bharat Heavy Electricals Ltd.,Capital Goods,393.9790954589844,391.4871425029143,410.67524560458486,388.3472771701676,407.7845764160156,3.504115095484421,4.162955086827658,-0.6325089287204307,14286194.0,13141636.0,13907706.65,16121670.32,1.027214217234011,0.870535951487936,41.027048952251405,-0.5053417109312548,-6.9781133436559575,5,0.016935705558518026,0.003886606198605745,3.487179389925903,3.5002284892858153
2026-07-14,BIOCON,Biocon Ltd.,Healthcare,410.9500122070313,427.3500061035156,444.5,422.2000122070313,437.2999877929688,6.411966128051294,2.328298010376762,3.990751529220608,43015136.0,4732980.2,3993270.15,4378475.44,10.77190733013643,0.6771293207029722,42.56076164624789,-1.0571967487166212,-6.575506351022882,1,-0.6565165369047128,-0.4912108364823315,7.068482664956006,6.903176964533625
2026-07-14,CONCOR,Container Corporation of India Ltd.,Services,462.53607177734375,466.6733900842967,494.4883539066306,466.6733900842967,491.6470336914063,6.293771165176492,5.351417959056644,0.8944855459715595,14171169.0,1804004.2,1733022.2,1700052.14,8.177142220105432,0.8978492212546783,40.76089326706197,-1.4769379501162652,-25.17227078520406,2,-0.6565165369047128,-0.4912108364823315,6.950287702081204,6.784982001658823
2026-07-14,MCX,Multi Commodity Exchange of India Ltd.,Financial Services,2775.2998046875,2773.2049094953754,2891.914040513343,2772.2073537725355,2884.23291015625,3.92509325604251,4.003598878709533,-0.0754835635626203,3673525.0,3417954.4,3260071.4,3471896.1,1.126823480001082,0.9358337402343744,46.90701748816791,-1.4601576480162366,-20.05459732597772,3,-0.6565165369047128,-0.4912108364823315,4.581609792947223,4.416304092524841
2026-07-14,KALYANKJIL,Kalyan Jewellers India Ltd.,Consumer Durables,508.5748596191406,513.4549220812987,532.8258943220195,505.2384480099778,527.5972290039062,3.740328296803938,2.7543424582008944,0.9595563700912494,95814205.0,92910060.6,26458853.0,17468353.56,3.621253158630875,0.8104693976031049,81.90672922585284,29.775407029269385,-17.08850251772992,4,-0.6565165369047128,-0.4912108364823315,4.396844833708651,4.23153913328627
2026-07-14,SBICARD,SBI Cards and Payment Services Ltd.,Financial Services,618.7000122070312,616.0,641.7999877929688,612.6500244140625,638.8499755859375,3.256822851356856,3.70941162109375,-0.4364008653240116,7092271.0,1012577.8,1181422.4,1231995.42,6.003162797658145,0.898798767988643,54.931390391305605,1.482795080966489,-38.20676372950456,5,-0.6565165369047128,-0.4912108364823315,3.9133393882615684,3.7480336878391873
2026-07-15,LTTS,L&T Technology Services Ltd.,Information Technology,3293.10009765625,3350.199951171875,3600.0,3262.0,3508.300048828125,6.534874276218816,4.719124230210432,1.7339240175621704,2194120.0,133654.0,116160.0,112882.98,18.8887741046832,0.7286983693139792,48.16578092848606,1.1336921111901157,-29.53378076407093,1,0.10996658451519126,0.4329075846767761,6.424907691703625,6.10196669154204
2026-07-15,GROWW,Billionbrains Garage Ventures Ltd.,Financial Services,203.7899932861328,205.0,219.6199951171875,201.6699981689453,216.3300018310547,6.153397594608577,5.526830161490091,0.5937517806226476,153577738.0,28168723.8,29103011.75,43477188.76,5.277039342843959,0.8167134347922551,54.66969569991833,1.5492224393808471,-10.303698933342128,2,0.10996658451519126,0.4329075846767761,6.043431010093386,5.7204900099318
2026-07-15,FLUOROCHEM,Gujarat Fluorochemicals Ltd.,Chemicals,3921.30322265625,3921.303451192825,4146.154568315204,3921.303451192825,4128.8662109375,5.293214436517077,5.293208299947723,5.828077094437158e-06,541467.0,127118.2,136228.05,107581.5,3.974710054206898,0.9231119791666677,51.42159920350563,0.7389982535159926,-2.825658526768981,3,0.10996658451519126,0.4329075846767761,5.183247852001886,4.8603068518403
2026-07-15,POWERINDIA,Hitachi Energy India Ltd.,Capital Goods,32482.244140625,32687.193533535352,34071.862842113005,32642.204278022,33971.88671875,4.586021124882591,3.930264566447468,0.6309582306661661,161755.0,103818.0,168319.45,174446.24,0.9610000507962686,0.9300699300699315,41.897901158667686,-4.225683739268597,-16.23050348181557,4,0.10996658451519126,0.4329075846767761,4.4760545403674,4.153113540205815
2026-07-15,GVT&D,GE Vernova T&D India Ltd.,Capital Goods,4487.49267578125,4548.840927216715,4707.248645320927,4548.840927216715,4684.80419921875,4.396921347691092,2.988965193056923,1.3670941852798495,518679.0,688233.2,1138137.8,970858.22,0.4557260113845617,0.858312168303497,29.215796190015936,-8.00427847269676,-20.37876165127261,5,0.10996658451519126,0.4329075846767761,4.286954763175901,3.9640137630143157
2026-07-16,DIXON,Dixon Technologies (India) Ltd.,Consumer Durables,13651.0,14101.0,14685.0,14101.0,14507.0,6.270602886235441,2.879228423516063,3.2964617976705,2267533.0,793746.8,587994.05,633517.04,3.856387662426176,0.6952054794520548,75.9505703418684,7.93138754808129,-26.09495966650425,1,-0.023880225097078305,-0.4031788324828435,6.294483111332519,6.673781718718284
2026-07-16,UPL,UPL Ltd.,Chemicals,591.5736694335938,591.425169758392,622.9698008353093,591.2765836227022,619.8499755859375,4.779845286119156,4.80615423235327,-0.0251024822223581,5435872.0,1979657.0,2605078.25,2307319.82,2.086644422293265,0.9015617370605462,52.75973822361034,0.7863076310290484,-26.45900395901628,2,-0.023880225097078305,-0.4031788324828435,4.803725511216234,5.183024118601999
2026-07-16,BHEL,Bharat Heavy Electricals Ltd.,Capital Goods,416.6061096191406,422.8360309569084,439.5819997312715,405.7411510762423,434.0,4.1751404934413445,2.640259633935825,1.4953984576613866,55731908.0,13515842.6,15144714.85,13868410.26,3.679957566186861,0.8350514259209653,57.01149275697851,4.2685351697080325,-1.635678755532818,3,-0.023880225097078305,-0.4031788324828435,4.1990207185384225,4.578319325924188
2026-07-16,SRF,SRF Ltd.,Chemicals,2770.33642578125,2771.8333901382184,2910.4698719590474,2771.8333901382184,2883.820556640625,4.096402509214088,4.0401839050226,0.0540354717584983,1533270.0,233217.4,412052.5,455158.98,3.7210549626564577,0.8077755943571661,54.293221553776185,0.9608368544728584,-14.739028717507482,4,-0.023880225097078305,-0.4031788324828435,4.120282734311166,4.499581341696931
2026-07-16,AIIL,Authum Investment & Infrastructure Ltd.,Financial Services,501.9500122070313,503.7999877929688,528.0,498.5499877929688,519.6500244140625,3.526249980392631,3.146097063346328,0.3685577330306888,361111.0,94115.4,240017.2,869056.32,1.504521342637111,0.7164695373557799,40.89619649161321,-3.972984481198348,-26.508050921371705,5,-0.023880225097078305,-0.4031788324828435,3.5501302054897095,3.9294288128754746
2026-07-17,AIIL,Authum Investment & Infrastructure Ltd.,Financial Services,519.6500244140625,520.0,584.8499755859375,511.1499938964844,571.0,9.881645948893732,9.807692307692308,0.0673483247368494,2640042.0,143759.6,246054.4,870879.1,10.729505345159446,0.8120762682914003,50.77941697300695,-0.2825582608690043,-23.916541081396414,1,1.0865014643113065,-0.3996105277440541,8.795144484582426,10.281256476637786
2026-07-17,FEDERALBNK,Federal Bank Ltd.,Financial Services,325.4880065917969,327.5808659528668,349.8049275308079,322.2988929584713,347.8117370605469,6.858541641058616,6.175840291780347,0.6429912373682617,44155126.0,5264039.2,6326066.85,12205241.3,6.979870280694236,0.9275362479088272,53.92913086275352,-0.1925260434762286,-2.9420509278534084,2,1.0865014643113065,-0.3996105277440541,5.772040176747309,7.25815216880267
2026-07-17,KALYANKJIL,Kalyan Jewellers India Ltd.,Consumer Durables,544.3787231445312,539.7974376711434,575.1531739023713,539.0504854972442,572.0657958984375,5.085994653497028,5.977864283037359,-0.8415621843052008,53915916.0,94488708.6,35731094.1,21302017.88,1.5089354904472403,0.9144834321120698,83.78701123374302,30.92763513084684,-11.2515015641947,3,1.0865014643113065,-0.3996105277440541,3.999493189185722,5.485605181241082
2026-07-17,BHARATFORG,Bharat Forge Ltd.,Automobile and Auto Components,2104.699951171875,2101.0,2196.699951171875,2101.0,2190.5,4.076592902487237,4.259876249405045,-0.1757947098262109,1942065.0,648855.6,1312589.95,1164435.32,1.4795671717584002,0.935214688242212,44.22072098692918,-0.7795503130307657,-5.670881484194548,4,1.0865014643113065,-0.3996105277440541,2.9900914381759303,4.4762034302312905
2026-07-17,EXIDEIND,Exide Industries Ltd.,Automobile and Auto Components,421.2999877929688,421.0,436.5499877929688,418.5499877929688,435.2000122070313,3.299317544935016,3.3729245147342635,-0.0712052697984333,12389278.0,2380798.0,4086157.1,3557717.96,3.0320121563608016,0.9250013563368056,78.99372968986009,4.196673971546067,-2.2505828786615427,5,1.0865014643113065,-0.3996105277440541,2.2128160806237096,3.6989280726790703
2026-07-20,JSWENERGY,JSW Energy Ltd.,Power,541.2000122070312,540.5499877929688,568.6500244140625,539.2999877929688,567.7000122070312,4.896526127546106,5.0226667333606505,-0.1201079821509388,5700128.0,2279520.8,2691296.75,3362244.56,2.1179856884975616,0.9676316517319614,25.68807036872612,-3.2500265333473264,-12.03681672697838,1,-0.39368618852535986,0.5141941900061779,5.290212316071465,4.382331937539928
2026-07-20,OIL,Oil India Ltd.,Oil Gas & Consumable Fuels,434.4615478515625,437.3556258455331,455.7679855390046,436.2578646182952,452.6243896484375,4.180540691504532,3.4911552294281183,0.6661298354899257,9434807.0,3520144.2,3464201.0,4675086.38,2.7235160430933423,0.8388735824168946,67.30475641342439,2.876456057697582,-18.01318118074257,2,-0.39368618852535986,0.5141941900061779,4.574226880029891,3.666346501498354
2026-07-20,FLUOROCHEM,Gujarat Fluorochemicals Ltd.,Chemicals,4142.1572265625,4157.247398009271,4326.335636400029,4117.673503071204,4313.34423828125,4.132798499800428,3.754812387319726,0.3643070656517296,308264.0,237039.6,152578.75,119557.24,2.020359978044125,0.937739550959606,68.58971646257646,5.001033840466997,-0.5995347750661452,3,-0.39368618852535986,0.5141941900061779,4.526484688325787,3.61860430979425
2026-07-20,COLPAL,Colgate Palmolive (India) Ltd.,Fast Moving Consumer Goods,2042.4000244140625,2040.0,2124.0,2024.5,2113.10009765625,3.461617332406291,3.583338120404412,-0.1175100071177797,726077.0,215016.2,324836.55,397302.36,2.2352072142128097,0.8904532427763819,56.26814359850253,0.9275426736219792,-16.58039923143205,4,-0.39368618852535986,0.5141941900061779,3.855303520931651,2.9474231424001127
2026-07-20,MANKIND,Mankind Pharma Ltd.,Healthcare,2484.199951171875,2489.5,2590.60009765625,2481.5,2565.800048828125,3.2847636768431894,3.0648744257129943,0.2133503313863604,587022.0,503407.0,463900.0,600404.36,1.265406337572753,0.7726853654497688,49.76851255717867,-1.1086591816054157,-8.515395396593597,5,-0.39368618852535986,0.5141941900061779,3.6784498653685493,2.7705694868370117
2026-07-21,M&MFIN,Mahindra & Mahindra Financial Services Ltd.,Financial Services,322.54998779296875,324.0,363.0,319.3999938964844,349.8500061035156,8.463810058510871,7.978396945529514,0.4495465081096055,20318674.0,1590851.4,4404979.45,2953829.92,4.612660338290568,0.698394677623129,64.65205516506349,1.0731819590018363,-19.98859575817752,1,-0.20958714957608765,0.36602269773888935,8.673397208086959,8.097787360771981
2026-07-21,FLUOROCHEM,Gujarat Fluorochemicals Ltd.,Chemicals,4313.34423828125,4334.029883868506,4636.829368381042,4318.240534974862,4604.05126953125,6.739713206053752,6.230261278718416,0.4795732602018895,757584.0,276270.6,161368.5,124514.14,4.6947452569739445,0.8971147277845682,71.6658270782759,8.700562272260665,-0.3002864135060367,2,-0.20958714957608765,0.36602269773888935,6.949300355629839,6.373690508314863
2026-07-21,UBL,United Breweries Ltd.,Fast Moving Consumer Goods,1341.35498046875,1348.3056026652605,1409.8675334865798,1341.35506208866,1394.47705078125,3.9603290020913,3.424405270193952,0.5181791768560422,535651.0,104557.2,92716.8,136455.66,5.777280924276938,0.7753623188405806,54.19431616723293,0.6264452675102274,-35.64652487720574,3,-0.20958714957608765,0.36602269773888935,4.169916151667388,3.5943063043524104
2026-07-21,JKCEMENT,J.K. Cement Ltd.,Construction Materials,5453.0,5480.0,5750.0,5479.5,5658.0,3.7593984962406015,3.248175182481752,0.4951402897487621,297053.0,42479.2,84656.3,76426.5,3.5089296366602367,0.6598890942698706,52.19007731414897,0.4908521061493296,-27.654536658998698,4,-0.20958714957608765,0.36602269773888935,3.968985645816689,3.393375798501712
2026-07-21,BERGEPAINT,Berger Paints India Ltd.,Consumer Durables,487.0229797363281,488.7598678169491,509.5032185840089,487.3207211887151,502.6053161621094,3.1995074306796467,2.8327711125303923,0.3566337016707772,668714.0,184369.4,370507.45,782877.48,1.8048597943172264,0.6890385109044141,34.93783540419979,-3.948166095435176,-17.466986689801846,5,-0.20958714957608765,0.36602269773888935,3.409094580255734,2.8334847329407573
2026-07-22,M&MFIN,Mahindra & Mahindra Financial Services Ltd.,Financial Services,349.8500061035156,362.25,384.5,361.1000061035156,378.1499938964844,8.089177447261552,4.389232269560904,3.5443743547671667,54586010.0,5356318.8,5329190.8,3322424.28,10.242832739259402,0.7286321470165147,78.35697174947126,8.522474501956221,-13.216582478002351,1,-0.7915147985699731,-1.0571598314667359,8.880692245831526,9.146337278728288
2026-07-22,CRISIL,CRISIL Ltd.,Financial Services,4292.5029296875,4390.078392267788,4529.556614748587,4246.209901403081,4484.85986328125,4.481230106178491,2.1589926772241594,2.273160069511984,461923.0,81664.4,63338.3,50710.2,7.2929491318838675,0.8422542088468312,64.68003501314698,5.0976891567760045,-27.20039297694546,2,-0.7915147985699731,-1.0571598314667359,5.272744904748464,5.538389937645227
2026-07-22,KALYANKJIL,Kalyan Jewellers India Ltd.,Consumer Durables,574.6552124023438,574.655253027133,599.055692713727,573.6593167133944,593.6776123046875,3.3102283755194155,3.3102210720862177,7.069419774629524e-06,32800326.0,42455359.8,40471422.35,22032599.18,0.8104564676857718,0.7882343367034302,85.69865802957088,29.17886231400566,-6.315612549250119,3,-0.7915147985699731,-1.0571598314667359,4.101743174089389,4.367388206986151
2026-07-22,POLYCAB,Polycab India Ltd.,Capital Goods,8903.5,8901.0,9199.5,8885.0,9090.5,2.1002976357612178,2.128974272553646,-0.0280788453978772,588610.0,490357.4,407966.75,330127.22,1.4427891488705882,0.6534181240063593,28.468899521319216,-5.243609118579859,-12.072881690697216,4,-0.7915147985699731,-1.0571598314667359,2.891812434331191,3.1574574672279536
2026-07-22,UBL,United Breweries Ltd.,Fast Moving Consumer Goods,1394.47705078125,1398.0515483053807,1430.8183814687882,1391.1010079373852,1420.8890380859375,1.894042450529415,1.6335227272727368,0.2563324740359207,312669.0,188004.8,115581.1,143541.5,2.7051914197044327,0.7500000000000014,61.4525143108912,4.377170197432787,-33.09791553806411,5,-0.7915147985699731,-1.0571598314667359,2.685557249099388,2.9512022819961508
2026-07-23,NTPCGREEN,NTPC Green Energy Ltd.,Power,91.3000030517578,93.8000030517578,99.5999984741211,92.83999633789062,97.22000122070312,6.484116069075349,3.6460533663929575,2.738225538265048,107607528.0,3024563.4,2726860.6,3643021.66,39.46205684294973,0.6479295116399018,24.68171020478212,-2.790123421288527,-23.88494758265538,1,-0.5277924285044538,-0.9609399719642777,7.011908497579803,7.445056041039627
2026-07-23,HEROMOTOCO,Hero MotoCorp Ltd.,Automobile and Auto Components,4914.806640625,4914.806518189695,5122.944649855584,4907.907990998814,5098.7998046875,3.74365010703864,3.743652691450732,-2.4911520126798498e-06,1603396.0,501497.6,778552.05,620668.6,2.059458966166745,0.8877175394351406,59.99996696772612,1.6237678601856962,-20.41471396293221,2,-0.5277924285044538,-0.9609399719642777,4.271442535543094,4.704590079002918
2026-07-23,LLOYDSME,Lloyds Metals And Energy Ltd.,Metals & Mining,1871.699951171875,1870.0,1948.0,1855.0999755859373,1930.5999755859373,3.146873214223524,3.2406404056651072,-0.0908239149555278,587567.0,579385.4,479878.75,474288.56,1.2244072070288587,0.8127016163471684,57.289121362233125,3.4694322998974987,-3.857617411785892,3,-0.5277924285044538,-0.9609399719642777,3.674665642727978,4.107813186187801
2026-07-23,ICICIGI,ICICI Lombard General Insurance Company Ltd.,Financial Services,1583.5,1586.0,1628.5,1570.4000244140625,1619.0,2.241869276918219,2.080706179066835,0.1578781180928323,1371420.0,3871682.0,1467555.65,954206.88,0.9344926715385546,0.8364887436837516,28.09182125500085,-9.22458194496224,-23.0223004063376,4,-0.5277924285044538,-0.9609399719642777,2.769661705422673,3.2028092488824966
2026-07-23,TATACOMM,Tata Communications Ltd.,Telecommunication,1761.4000244140625,1765.699951171875,1817.5999755859373,1742.800048828125,1800.699951171875,2.2311755542802265,1.9822167394166208,0.2441198307149387,653698.0,447617.8,395203.0,767861.24,1.6540815732674097,0.7740636235008429,15.7751823358453,-6.595182393672372,-16.521325857153435,5,-0.5277924285044538,-0.9609399719642777,2.7589679827846805,3.1921155262445042
2026-07-24,KPITTECH,KPIT Technologies Ltd.,Information Technology,546.2872314453125,542.4694387744917,582.0849422651598,541.5770109525984,578.3167724609375,5.863131915216913,6.608175709848204,-0.6988617802250474,9475364.0,1986499.0,4410301.55,2639207.44,2.148461707794108,0.9069769874164412,45.84895172257862,-5.047931308041695,-58.4220495181137,1,-0.42795183956449573,-0.08808535470871275,6.2910837547814085,5.951217269925626
2026-07-24,TATAELXSI,Tata Elxsi Ltd.,Information Technology,3387.60009765625,3359.0,3556.60009765625,3353.89990234375,3538.0,4.439718325897023,5.328966954450729,-0.8442583785505646,1304975.0,406134.8,516064.55,361087.48,2.52870498467682,0.9082383831570832,33.72081473642706,-7.128099621955029,-44.91012724197418,2,-0.42795183956449573,-0.08808535470871275,4.867670165461519,4.527803680605736
2026-07-24,GODFRYPHLP,Godfrey Phillips India Ltd.,Fast Moving Consumer Goods,2016.99609375,2008.618671070736,2109.148162949644,1998.17151264345,2098.898193359375,4.060597829770835,4.49460734328999,-0.4153415420695631,408425.0,180519.0,183803.35,389062.24,2.222075930607358,0.9076385026761185,31.748399494466295,-3.821752258958728,-47.85804421879708,3,-0.42795183956449573,-0.08808535470871275,4.48854966933533,4.148683184479547
2026-07-24,PERSISTENT,Persistent Systems Ltd.,Information Technology,4984.58740234375,4956.8837142781495,5199.739926505715,4947.914865129029,5182.5,3.970491069395064,4.551575117083539,-0.5557869855501839,732328.0,439276.2,1053785.55,771598.68,0.6949497457049016,0.931540068286028,62.76593659935082,2.642238278447691,-23.930254185854054,4,-0.42795183956449573,-0.08808535470871275,4.398442908959559,4.0585764241037765
2026-07-24,ASTRAL,Astral Ltd.,Capital Goods,1411.1805419921875,1402.8934872473972,1474.480966810679,1400.1977759238453,1465.7945556640625,3.8700940132561263,4.483666720848699,-0.5872427019927134,1157687.0,667117.4,817120.15,728235.12,1.4167891955668943,0.8830635700632483,56.67293297506975,2.8091809726598744,-20.08819360391501,5,-0.42795183956449573,-0.08808535470871275,4.298045852820622,3.958179367964839
2026-07-27,LAURUSLABS,Laurus Labs Ltd.,Healthcare,1601.199951171875,1624.800048828125,1734.5,1617.0999755859375,1713.4000244140625,7.007249354465149,5.45297716170304,1.4739007229532906,7989771.0,1607264.8,2434572.5,2040645.94,3.2817962907245524,0.8202728177336726,61.60543595269495,4.100091409782006,-0.5465868837344721,1,0.9613989195766861,1.0923431800398937,6.045850434888463,5.914906174425255
2026-07-27,CONCOR,Container Corporation of India Ltd.,Services,476.0945739746094,468.567612486418,513.7295425413441,468.5177770378971,508.9441833496094,6.899807553100133,8.617021276595754,-1.580980313502333,13227175.0,1029717.2,2320250.15,1923815.18,5.700753860526634,0.8941567722815446,48.31762367753411,-0.2584697637368024,-21.455862587686,2,0.9613989195766861,1.0923431800398937,5.938408633523447,5.807464373060239
2026-07-27,IDFCFIRSTB,IDFC First Bank Ltd.,Financial Services,80.55335998535156,86.0472246820405,88.50001826783308,84.45190510135318,84.63137817382812,5.06250538676244,-1.645429603853196,6.820155854067387,177923165.0,16662816.2,19192124.5,23173871.76,9.270634160381777,0.0443349938833384,48.70848328356531,0.9824510605431712,-7.137925971808295,3,0.9613989195766861,1.0923431800398937,4.101106467185754,3.970162206722546
2026-07-27,AUBANK,AU Small Finance Bank Ltd.,Financial Services,1003.0259399414062,1020.0093970478056,1060.969617693212,1020.0093970478056,1051.1790771484375,4.800786828089831,3.055822837597943,1.693222122190723,5047131.0,2023725.4,2030465.8,1825320.98,2.48570106425826,0.7609744188262197,36.34632951885137,-2.9252940286236573,-7.923696593454618,4,0.9613989195766861,1.0923431800398937,3.839387908513145,3.708443648049937
2026-07-27,SBICARD,SBI Cards and Payment Services Ltd.,Financial Services,618.75,630.6500244140625,647.25,627.9500122070312,645.0,4.242424242424243,2.2754261524480355,1.923236268939394,2047438.0,1209922.0,1696367.65,1341694.66,1.2069541646824025,0.8834196153833991,56.001571870684586,0.2198765329004175,-35.65619934910706,5,0.9613989195766861,1.0923431800398937,3.281025322847557,3.1500810623843494
2026-07-28,COFORGE,Coforge Ltd.,Information Technology,1524.84765625,1566.3509129063798,1688.8655425795528,1563.6572371211128,1682.081298828125,10.311432878796806,7.38853503184713,2.721796927467966,15625771.0,2152571.4,2943502.05,3257969.86,5.308564673838091,0.9458163439990038,51.719294492508325,2.8110945709243733,-23.00085896237376,1,-0.04417249460887197,-0.006983643455363703,10.355605373405679,10.31841652225217
2026-07-28,KALYANKJIL,Kalyan Jewellers India Ltd.,Consumer Durables,562.3056030273438,562.703994479496,608.5170630565879,562.703994479496,605.8778076171875,7.748847664910237,7.672562050608413,0.0708496323009089,36154077.0,21284025.0,43666552.3,22223874.74,0.8279581303239276,0.9423907736073353,86.86104937948306,15.89205050706668,-8.32893386711692,2,-0.04417249460887197,-0.006983643455363703,7.793020159519108,7.7558313083656
2026-07-28,HEXT,Hexaware Technologies Ltd.,Information Technology,562.9500122070312,563.0,619.7999877929688,563.0,593.1500244140625,5.364599263197965,5.355244123279308,0.0088796148654076,9864399.0,192393.8,1157952.45,975248.18,8.518829076271656,0.530810403057776,57.43312483411216,2.355942528158573,-33.473516391558015,3,-0.04417249460887197,-0.006983643455363703,5.408771757806837,5.3715829066533285
2026-07-28,SWIGGY,Swiggy Ltd.,Consumer Services,257.9800109863281,257.8999938964844,273.0,256.3500061035156,268.4700012207031,4.066202724105987,4.0984907229045255,-0.031016778989125,35649183.0,15606470.6,19823950.35,14523183.3,1.7982885535223303,0.7279279015079172,45.71045482608342,-1.4384182929647578,-45.57383734465652,4,-0.04417249460887197,-0.006983643455363703,4.110375218714859,4.073186367561351
2026-07-28,NAUKRI,Info Edge (India) Ltd.,Consumer Services,1194.300048828125,1200.0,1252.550048828125,1198.0,1236.1500244140625,3.5041424997848467,3.0125020345052085,0.4772629103940776,3902008.0,2059665.6,3105796.4,2744755.74,1.2563631022303974,0.6993582083540327,60.06477931226426,4.688957783072374,-18.80726725299984,5,-0.04417249460887197,-0.006983643455363703,3.548314994393719,3.5111261432402103
2026-07-29,SWIGGY,Swiggy Ltd.,Consumer Services,268.4700012207031,272.0,290.8800048828125,271.989990234375,287.3399963378906,7.028716441832509,5.639704535989201,1.3148578102753994,73291848.0,21724651.0,20963457.85,15032211.88,3.4961716966936347,0.8125989518375154,53.45198257504835,2.0018930624233824,-43.36075923613858,1,1.1042140877174453,0.8383682957237869,5.924502354115064,6.190348146108723
2026-07-29,HONAUT,Honeywell Automation India Ltd.,Capital Goods,37510.0,37530.0,41495.0,37480.0,40105.0,6.918155158624368,6.861177724487078,0.0533191149026926,55510.0,3643.8,4352.3,11401.36,12.75417595294442,0.6537982565379825,45.68665328400198,-2.2222939067574736,-8.029200899188108,2,1.1042140877174453,0.8383682957237869,5.813941070906923,6.079786862900582
2026-07-29,KPITTECH,KPIT Technologies Ltd.,Information Technology,597.4055786132812,604.8923411509296,657.1015157894146,601.5704156181818,633.401611328125,6.0253927990426535,4.71311475409835,1.2532126926278284,28550031.0,5337120.6,5216378.15,2996228.0,5.473152095002928,0.5732138497488828,68.11816586551139,7.118887982158675,-54.53142937375757,3,1.1042140877174453,0.8383682957237869,4.921178711325208,5.187024503318867
2026-07-29,M&MFIN,Mahindra & Mahindra Financial Services Ltd.,Financial Services,373.5,375.0,396.0,370.1499938964844,393.75,5.421686746987952,5.0,0.4016064257028112,8498054.0,15087630.0,7165851.75,4688181.82,1.18590982572309,0.912959401595886,70.6941339715303,11.07724075897057,-7.349990341645449,4,1.1042140877174453,0.8383682957237869,4.317472659270506,4.583318451264165
2026-07-29,HEXT,Hexaware Technologies Ltd.,Information Technology,593.1500244140625,606.0,622.7999877929688,590.4000244140625,618.2999877929688,4.2400678317008245,2.029700955935437,2.166395525083426,1588783.0,2121970.0,1589604.25,1127564.08,0.9994833619751584,0.8611109541275072,72.28159499481731,7.084669655302929,-29.90463714206801,5,1.1042140877174453,0.8383682957237869,3.135853743983379,3.4016995359770377
2026-07-30,BALKRISIND,Balkrishna Industries Ltd.,Automobile and Auto Components,2078.358642578125,2217.3352979503247,2332.250656837684,2204.456100298633,2303.197265625,10.818085889544609,3.872304191163372,6.6868466550991625,4223176.0,133668.2,168386.2,178920.96,25.08029755407509,0.7726554870605473,35.88020484073222,-1.9637938588856665,-24.843637574816665,1,0.27608503860551403,-0.39980289431821076,10.542000850939095,11.217888783862819
2026-07-30,EXIDEIND,Exide Industries Ltd.,Automobile and Auto Components,435.6499938964844,435.0,461.3999938964844,430.0,452.7000122070313,3.913696441964868,4.06896832345546,-0.1492009424058023,31728785.0,6214398.2,5797255.2,4384798.88,5.473070255730677,0.7229304655875364,56.71161262317612,1.9010675975282547,-3.7875429237700806,2,0.27608503860551403,-0.39980289431821076,3.637611403359354,4.313499336283079
2026-07-30,HEROMOTOCO,Hero MotoCorp Ltd.,Automobile and Auto Components,5149.10009765625,5168.7998046875,5353.60009765625,5161.0,5325.0,3.416129012986473,3.0219819148508056,0.3825854354670022,1368741.0,835829.4,658513.5,655618.56,2.0785314196292104,0.8515052795700288,71.45076383626073,4.689544656203584,-16.620808493626857,3,0.27608503860551403,-0.39980289431821076,3.140043974380959,3.815931907304684
2026-07-30,SWIGGY,Swiggy Ltd.,Consumer Services,287.3399963378906,285.989990234375,298.8500061035156,281.2300109863281,295.9100036621094,2.9825319946552287,3.468657563715677,-0.4698288162877672,42221706.0,34859292.6,24116772.7,16299937.08,1.7507195728556169,0.8331439695724767,53.14498593699052,8.34065346997547,-39.37974760803995,4,0.27608503860551403,-0.39980289431821076,2.7064469560497146,3.3823348889734395
2026-07-30,GODFRYPHLP,Godfrey Phillips India Ltd.,Fast Moving Consumer Goods,2046.07080078125,2045.6766760991695,2107.965488953293,2002.7051504417216,2101.06640625,2.6878642443727294,2.7076483198924186,-0.0192625143729023,570317.0,1132239.4,415820.6,357431.82,1.371545806051937,0.9344569588047156,47.81694092824493,-1.6824337610551725,-47.10642546600302,5,0.27608503860551403,-0.39980289431821076,2.4117792057672154,3.0876671386909402
2026-07-31,BALKRISIND,Balkrishna Industries Ltd.,Automobile and Auto Components,2303.197265625,2325.761149483352,2507.1694719982984,2317.274791994359,2469.530029296875,7.221820126064565,6.1815840309079135,0.9796765650565682,3395027.0,952165.6,374400.1,261803.02,9.067911573741569,0.8017877978432963,54.97491109118564,8.435386785495567,-16.713157736202902,1,0.2732607138689169,0.4654511533242876,6.948559412195648,6.756368972740278
2026-07-31,ASHOKLEY,Ashok Leyland Ltd.,Capital Goods,158.08999633789062,159.89999389648438,166.6999969482422,159.1699981689453,166.17999267578125,5.117336027132056,3.927454045659566,1.1449159342917477,47542706.0,12989803.0,14367057.95,24226512.82,3.3091469502981994,0.9309423164993536,51.42043213911324,0.8188430580825508,-25.361224980281676,2,0.2732607138689169,0.4654511533242876,4.844075313263138,4.651884873807768
2026-07-31,NIACL,The New India Assurance Company Ltd.,Financial Services,165.88999938964844,166.11000061035156,174.3300018310547,165.60000610351562,173.6199951171875,4.659711710157144,4.521097152032599,0.1326187362183166,2405005.0,947100.8,945245.25,7490517.94,2.544318524742653,0.9186704397085272,25.0622170798174,-5.835402611218075,-23.2769134263483,3,0.2732607138689169,0.4654511533242876,4.386450996288227,4.194260556832857
2026-07-31,APARINDS,Apar Industries Ltd.,Capital Goods,13697.4453125,13886.787307096916,14451.825585039072,13840.946459150991,14298.3583984375,4.387044972460079,2.9637603157517085,1.382316120102533,181364.0,235633.8,137230.9,157876.82,1.321597395338805,0.7487765089722691,45.64431249905445,-0.979040130121402,-19.886922009085836,4,0.2732607138689169,0.4654511533242876,4.113784258591162,3.9215938191357913
2026-07-31,KEI,KEI Industries Ltd.,Capital Goods,4799.5,4797.5,5085.0,4797.5,4999.0,4.15668298781123,4.20010422094841,-0.0416710073966038,481434.0,218509.6,269939.85,295958.34,1.7834862099834463,0.7008695652173913,17.22846441902398,-4.135103689684954,-15.91625788367204,5,0.2732607138689169,0.4654511533242876,3.883422273942313,3.6912318344869424
2026-08-03,JUBLFOOD,Jubilant Foodworks Ltd.,Consumer Services,438.25,439.9500122070313,470.7999877929688,439.9500122070313,470.0,7.244723331431831,6.830318663300288,0.3879092314960068,6073943.0,1936352.6,2720521.35,3391588.22,2.2326393431905984,0.9740684464809296,55.09145405192232,2.19304596529999,-34.44755545220492,1,1.6023112999476226,1.2122679326871213,5.642412031484208,6.03245539874471
2026-08-03,APLAPOLLO,APL Apollo Tubes Ltd.,Capital Goods,1812.5177001953125,1813.3147100177648,1950.4862423645536,1813.3147100177648,1934.049560546875,6.7051406084733145,6.658240285710118,0.043972526302292,4251591.0,465953.2,439085.55,624822.52,9.682830601007025,0.8801742494490434,48.29250696941602,-0.2412441198219711,-20.939426429950263,2,1.6023112999476226,1.2122679326871213,5.102829308525692,5.492872675786193
2026-08-03,NATIONALUM,National Aluminium Co. Ltd.,Metals & Mining,349.1625671386719,357.0425402075961,368.06451416015625,352.60380963581366,368.06451416015625,5.41350900710309,3.0870198117433283,2.256820693437813,12541474.0,5305053.2,6574206.2,11484119.2,1.907678831248098,1.0,46.25453363184414,0.6172716822053812,-21.248591340378407,3,1.6023112999476226,1.2122679326871213,3.8111977071554675,4.201241074415969
2026-08-03,GODFRYPHLP,Godfrey Phillips India Ltd.,Fast Moving Consumer Goods,2102.643310546875,2113.8789129995694,2237.175227968652,2103.431634744645,2214.60546875,5.324828878085121,4.765010669769199,0.5343560839033656,1547162.0,1204449.0,442651.1,347516.3,3.495217791167807,0.8312460531784156,53.2499951607015,1.2188593352909187,-45.64395297447398,4,1.6023112999476226,1.2122679326871213,3.7225175781374986,4.112560945398
2026-08-03,LGEINDIA,LG Electronics India Ltd.,Consumer Durables,1490.5,1510.9000244140625,1574.0,1499.0,1569.800048828125,5.320365570488091,3.8983402913706575,1.3686698701148945,520588.0,256773.8,311415.7,549719.04,1.6716819351111714,0.9440006510416666,35.11235954780015,-3.425307840840017,-14.779874213836475,5,1.6023112999476226,1.2122679326871213,3.7180542705404687,4.10809763780097
2026-08-04,KEI,KEI Industries Ltd.,Capital Goods,5023.2998046875,5201.0,5510.0,5201.0,5500.0,9.489781893321728,5.748894443376274,3.5375192049393265,3728753.0,317046.0,284680.55,298099.86,13.098025137298633,0.9676375404530744,43.17222379912974,0.8377852047487114,-11.995448411221094,1,-0.6434102501316179,-0.3040239683042461,10.133192143453346,9.793805861625975
2026-08-04,SAIL,Steel Authority of India Ltd.,Metals & Mining,165.0,168.25,174.14999389648438,168.02000427246094,173.5500030517578,5.181820031368371,3.1500761080284176,1.9696969696969693,25348224.0,21485833.4,13455415.0,16780408.8,1.8838678702960847,0.9021220456270924,47.02991430258753,0.0042425857346233,-21.31616480627559,2,-0.6434102501316179,-0.3040239683042461,5.825230281499989,5.485843999672618
2026-08-04,APARINDS,Apar Industries Ltd.,Capital Goods,14694.9814453125,14768.725366047998,15546.026701103156,14738.82916085357,15379.6044921875,4.658890175689099,4.136302294197028,0.5018306488506765,234863.0,192457.2,140230.5,163915.1,1.674835360353133,0.7938271604938271,63.93124438065228,6.004348206402014,-14.052572012898343,3,-0.6434102501316179,-0.3040239683042461,5.302300425820717,4.962914143993346
2026-08-04,GODFRYPHLP,Godfrey Phillips India Ltd.,Fast Moving Consumer Goods,2214.60546875,2217.6610363794293,2375.255706731194,2217.6610363794293,2303.20947265625,4.000893394174682,3.8575974810148494,0.1379734527231164,2227258.0,1221956.0,510870.7,371480.02,4.3597293796649526,0.5428383846095128,62.05105437155113,6.3462205947498855,-42.749586485473245,4,-0.6434102501316179,-0.3040239683042461,4.6443036443063,4.304917362478928
2026-08-04,NAM-INDIA,Nippon Life India Asset Management Ltd.,Financial Services,1165.0,1170.0,1202.0,1161.699951171875,1202.0,3.175965665236052,2.735042735042735,0.4291845493562232,1990516.0,775963.0,881036.7,925085.16,2.2592884042174406,1.0,44.92488803650018,-0.4090498379727491,-5.553303607620592,5,-0.6434102501316179,-0.3040239683042461,3.81937591536767,3.479989633540298
2026-08-05,NIACL,The New India Assurance Company Ltd.,Financial Services,171.77000427246094,177.0,189.3699951171875,175.61000061035156,183.75999450683597,6.980258448009654,3.819205936065501,3.044766605025673,33239653.0,1125043.6,921558.75,7535959.54,36.068946228333246,0.5922963045105486,39.6292555923333,-1.6189842118491726,-20.55744796527561,1,0.03961015419633163,0.23856353931321003,6.9406482938133225,6.741694908696444
2026-08-05,JUBLFOOD,Jubilant Foodworks Ltd.,Consumer Services,465.0,470.7999877929688,495.2999877929688,467.7000122070313,485.0,4.301075268817205,3.0161454067997155,1.2473092027889785,12392227.0,2789270.8,2253965.0,3357740.84,5.497967803404223,0.6268117063764104,68.84087206511946,7.873144050695351,-30.446350907644693,2,0.03961015419633163,0.23856353931321003,4.261465114620873,4.062511729503995
2026-08-05,IPCALAB,Ipca Laboratories Ltd.,Healthcare,1688.836669921875,1696.709300528209,1771.8484550670591,1676.6788670699252,1758.8934326171875,4.148226050690462,3.664984453708109,0.4661570148579393,290079.0,163371.8,229306.1,252494.7,1.265029582728065,0.8638743455497381,17.395980312934896,-5.538275745646235,-12.864416640110598,3,0.03961015419633163,0.23856353931321003,4.10861589649413,3.9096625113772516
2026-08-05,MPHASIS,MphasiS Ltd.,Information Technology,2380.0,2403.800048828125,2484.0,2390.699951171875,2460.0,3.361344537815126,2.337962810146085,1.0000020516018908,858129.0,616895.6,655373.65,612820.42,1.309373667983142,0.7427654079344354,53.17164582637961,1.565084330943488,-19.53750593973233,4,0.03961015419633163,0.23856353931321003,3.3217343836187943,3.122780998501916
2026-08-05,GODREJPROP,Godrej Properties Ltd.,Realty,2033.5999755859373,2055.699951171875,2143.89990234375,2055.699951171875,2099.0,3.2159729149887952,2.106340898799035,1.0867415347784843,1901625.0,689650.2,792700.5,725605.86,2.398919894714334,0.4909305306047881,43.70679367109987,-2.497332624676754,-13.119484107947113,5,0.03961015419633163,0.23856353931321003,3.1763627607924634,2.977409375675585
2026-08-06,KALYANKJIL,Kalyan Jewellers India Ltd.,Consumer Durables,567.1857299804688,572.6633512056791,597.561757779839,558.969227589891,595.5698852539062,5.004384590990137,4.000000000000002,0.965754414413591,24595955.0,25397235.8,49005982.6,25804170.94,0.5018969867568781,0.9483870967741944,55.09116602576591,0.3652508168148562,-12.24284973663681,1,0.04609043862535802,-0.39694335921037277,4.958294152364779,5.40132795020051
2026-08-06,BDL,Bharat Dynamics Ltd.,Capital Goods,1240.0,1243.0999755859375,1308.5999755859375,1235.199951171875,1299.0,4.758064516129032,4.496824512261286,0.2499980311239919,2795990.0,542209.4,740450.8,1286813.26,3.776064527177228,0.8692101853838312,42.88386687383738,-2.2139867071560597,-24.76330377554171,2,0.04609043862535802,-0.39694335921037277,4.711974077503674,5.155007875339405
2026-08-06,COCHINSHIP,Cochin Shipyard Ltd.,Capital Goods,1423.3980712890625,1423.3980237717597,1498.213846039432,1414.9075794194368,1488.324951171875,4.561400018198227,4.56140350877193,-3.3383003535484786e-06,3352181.0,826871.6,906400.5,1294784.84,3.698344164638038,0.8812947060433578,54.76065424560887,1.3268530133199594,-27.69168301381784,3,0.04609043862535802,-0.39694335921037277,4.515309579572869,4.9583433774086
2026-08-06,AIIL,Authum Investment & Infrastructure Ltd.,Financial Services,570.5,575.0,607.7000122070312,568.9500122070312,596.2000122070312,4.504822472748685,3.686958644701087,0.7887817703768624,3428888.0,182390.0,461156.2,909708.36,7.435415592374124,0.7032258064516129,64.07416792024478,5.715688368362729,-16.471449487554903,4,0.04609043862535802,-0.39694335921037277,4.458732034123328,4.901765831959058
2026-08-06,AUBANK,AU Small Finance Bank Ltd.,Financial Services,1051.300048828125,1051.300048828125,1105.9000244140625,1045.699951171875,1087.5999755859375,3.452860750674911,3.452860750674911,0.0,4756035.0,1322016.2,1544550.85,1880461.56,3.0792349763039524,0.6960128477833721,54.09172277722952,1.7802445836388254,-3.492204525768132,5,0.04609043862535802,-0.39694335921037277,3.4067703120495527,3.8498041098852838
2026-08-07,M&MFIN,Mahindra & Mahindra Financial Services Ltd.,Financial Services,388.7999877929688,388.7999877929688,409.7000122070313,386.8500061035156,408.4500122070313,5.054018783695512,5.054018783695512,0.0,4874880.0,3286867.8,7035418.7,5040506.48,0.69290545564829,0.9452954194262696,70.11206750802862,7.412212747405728,-5.112876682618975,1,-0.2652606323063809,0.22457474242568204,5.319279416001893,4.82944404126983
2026-08-07,AUROPHARMA,Aurobindo Pharma Ltd.,Healthcare,1588.9000244140625,1580.0999755859375,1662.4000244140625,1579.9000244140625,1658.0,4.348919033557158,4.930069338503431,-0.5538453453904494,2001257.0,1372843.0,960032.45,1238265.08,2.0845722454485784,0.9466663707386364,59.334012183715366,1.8010128295367658,-2.9264432420048347,2,-0.2652606323063809,0.22457474242568204,4.6141796658635394,4.124344291131476
2026-08-07,TATAINVEST,Tata Investment Corporation Ltd.,Financial Services,667.0999755859375,672.2999877929688,713.4500122070312,669.0999755859375,693.6500244140625,3.979920521628734,3.1756711302616267,0.7794951877286302,3673235.0,176861.6,225041.4,303983.6,16.322485551547405,0.5535519403934046,52.53967771346569,0.2856247122575848,-43.39997809557313,3,-0.2652606323063809,0.22457474242568204,4.245181153935115,3.755345779203052
2026-08-07,FORTIS,Fortis Healthcare Ltd.,Healthcare,920.0,920.0,967.7000122070312,903.3499755859376,955.1500244140624,3.820654827615489,3.820654827615489,0.0,3551821.0,1411989.6,996178.4,1421492.18,3.565446711151336,0.804973105658577,34.056923195887464,-3.140662078627944,-16.60093192946511,4,-0.2652606323063809,0.22457474242568204,4.085915459921869,3.596080085189807
2026-08-07,EXIDEIND,Exide Industries Ltd.,Automobile and Auto Components,474.25,474.0,493.0,470.6499938964844,490.0,3.321033210332104,3.375527426160337,-0.0527148128624143,7853639.0,5920847.8,6685740.5,4903954.56,1.174684988147536,0.8657718487366273,67.67767472076977,7.949695180747364,-1.0742582315502491,5,-0.2652606323063809,0.22457474242568204,3.586293842638485,3.096458467906422
2026-08-10,POWERINDIA,Hitachi Energy India Ltd.,Capital Goods,32592.21875,34991.64517597087,36381.31337010229,34216.8301756458,36041.39453125,10.582819806491388,3.000000000000004,7.361960977176102,675953.0,72245.2,111861.7,152936.58,6.042756367907872,0.8429561200923787,51.34229122861316,1.4778124025121746,-15.946886450392366,1,0.05352072662275789,0.4622713712520811,10.52929907986863,10.120548435239307
2026-08-10,PAYTM,One 97 Communications Ltd.,Financial Services,1441.5999755859375,1445.0,1598.5,1445.0,1584.0999755859375,9.884850333885511,9.626295888300174,0.2358507541372954,20046110.0,4763521.0,3878959.7,3065904.16,5.167908808127086,0.906188766032166,65.87917631252168,6.684820523184309,-1.2264490862667008,2,0.05352072662275789,0.4622713712520811,9.831329607262754,9.42257896263343
2026-08-10,NAUKRI,Info Edge (India) Ltd.,Consumer Services,1225.300048828125,1240.0999755859375,1298.5,1236.699951171875,1282.0,4.627434009008875,3.3787618126728107,1.207861435406546,5801604.0,1046253.0,1695066.4,2229739.34,3.422641142553472,0.7330099196864889,57.65763158090026,1.1187578075233595,-14.17776413202465,3,0.05352072662275789,0.4622713712520811,4.573913282386116,4.165162637756794
2026-08-10,MCX,Multi Commodity Exchange of India Ltd.,Financial Services,2631.552001953125,2633.547212892338,2782.1830214987613,2596.837112125061,2752.5556640625,4.598186242170653,4.518941243489575,0.0758187920182501,4554692.0,2542892.2,1746618.35,2726449.38,2.6077202269173454,0.8401510044846705,29.205152186267057,-3.70259645856498,-24.195402565719927,4,0.05352072662275789,0.4622713712520811,4.544665515547895,4.1359148709185725
2026-08-10,BSE,BSE Ltd.,Financial Services,3457.10009765625,3457.10009765625,3615.0,3427.60009765625,3596.10009765625,4.020710886972449,4.020710886972449,0.0,6338788.0,4219217.6,2737626.5,3230260.56,2.3154319992153787,0.8991466798681588,37.31721091390813,-4.000241458990729,-22.051631512523716,5,0.05352072662275789,0.4622713712520811,3.967190160349691,3.5584395157203677
2026-08-11,POLICYBZR,PB Fintech Ltd.,Financial Services,1630.0,1620.0,1747.0,1618.0,1733.0,6.319018404907975,6.9753086419753085,-0.6134969325153374,3116309.0,1486005.0,1233632.15,2073738.64,2.5261249879066465,0.8914728682170543,60.46511627644493,2.78983003627981,-17.426545086119553,1,-0.45599768521350675,-0.04729093980320212,6.775016090121482,6.366309344711177
2026-08-11,NAUKRI,Info Edge (India) Ltd.,Consumer Services,1282.0,1297.0,1391.0,1291.0999755859375,1360.0,6.084243369734789,4.857363145720894,1.1700468018720749,9948602.0,2019118.2,1902171.75,2308060.88,5.2301281416885725,0.6896897655248595,63.67824160459582,5.3865242126383945,-10.206396802178148,2,-0.45599768521350675,-0.04729093980320212,6.540241054948296,6.131534309537991
2026-08-11,MCX,Multi Commodity Exchange of India Ltd.,Financial Services,2752.5556640625,2772.70614171794,2887.923828125,2735.8964328288207,2887.923828125,4.917908321705291,4.155423637344853,0.732064310942948,4190150.0,3032035.0,1913756.3,2747699.82,2.1894898530183804,1.0,46.10089277459979,0.7672710549730505,-20.709765995564013,3,-0.45599768521350675,-0.04729093980320212,5.373906006918797,4.965199261508492
2026-08-11,ANTHEM,Anthem Biosciences Ltd.,Healthcare,853.0,857.0,899.9000244140625,852.5,891.6500244140625,4.531069685118698,4.043176711092474,0.4689331770222743,1605598.0,737380.0,947267.4,663120.4,1.6949786301101462,0.8259494567358827,70.42210266492069,7.303020387010474,-2.0922781628893024,4,-0.45599768521350675,-0.04729093980320212,4.987067370332205,4.5783606249219
2026-08-11,OIL,Oil India Ltd.,Oil Gas & Consumable Fuels,452.0755310058594,463.35243489160325,483.01224291122446,459.51031641450174,469.3901062011719,3.830018217705325,1.3030408075833413,2.4944734037369782,11117093.0,3765980.4,3503647.75,3873325.66,3.173005334226308,0.420382124335545,55.37305253122882,1.3729015283153123,-14.689263442341971,5,-0.45599768521350675,-0.04729093980320212,4.286015902918831,3.877309157508527
2026-08-12,NATIONALUM,National Aluminium Co. Ltd.,Metals & Mining,387.016357421875,397.4897471836635,421.1296765699184,397.4897471836635,418.9352416992188,8.247425119179116,5.395232120451697,2.706187880935422,34388331.0,6689798.4,6775438.1,9569883.04,5.075440213969338,0.907172528528126,83.28465655157378,8.532228786492716,-12.710908356955372,1,-0.14608711753292827,0.2629997557324206,8.393512236712045,7.984425363446696
2026-08-12,APARINDS,Apar Industries Ltd.,Capital Goods,16690.0546875,16840.53195377604,18401.11382486979,16791.70148654514,17937.72265625,7.475517558875584,6.515178412923849,0.9015984015243546,378780.0,172531.4,164613.2,167653.02,2.301030537040772,0.7120743034055736,79.86591531865575,14.673055418718503,-2.3838663088431247,2,-0.14608711753292827,0.2629997557324206,7.621604676408512,7.212517803143164
2026-08-12,IDEA,Vodafone Idea Ltd.,Telecommunication,12.890000343322754,12.93000030517578,13.6899995803833,12.829999923706056,13.5,4.732347869899294,4.408350203952062,0.3103177718202934,772547405.0,338064919.6,311408644.45,404804260.5,2.480815541792196,0.779070167170303,31.843595111933595,-1.9175138042942217,-15.971315416524403,3,-0.14608711753292827,0.2629997557324206,4.878434987432222,4.469348114166873
2026-08-12,BERGEPAINT,Berger Paints India Ltd.,Consumer Durables,534.9500122070312,539.7999877929688,564.9000244140625,535.9000244140625,559.7999877929688,4.64528928290225,3.705076037843607,0.9066222030593224,1847256.0,667712.6,377329.45,550297.66,4.8956051535336025,0.8241366682381466,70.59635333433589,4.606622526452151,-9.3450651924541,4,-0.14608711753292827,0.2629997557324206,4.791376400435178,4.38228952716983
2026-08-12,BHEL,Bharat Heavy Electricals Ltd.,Capital Goods,403.0,404.5,420.2000122070313,403.25,420.0,4.218362282878412,3.8318912237330034,0.3722084367245657,14607097.0,6091555.4,12614917.15,13154511.18,1.1579225472757069,0.9881998782898646,37.82802979548853,-2.237335163576017,-9.742441209406495,5,-0.14608711753292827,0.2629997557324206,4.36444940041134,3.955362527145992
2026-08-13,ASTRAL,Astral Ltd.,Capital Goods,1461.7010498046875,1496.6460427135678,1597.4874371859296,1488.6586055276382,1589.5,8.743166067534055,6.204136090727155,2.3907072457497134,12371579.0,228370.4,481630.7,587782.72,25.68685717085725,0.9266055045871564,62.56207216812779,1.8700536805211536,-17.227337094623124,1,-0.16410088683696838,0.07588635663116723,8.907266954371023,8.667279710902887
2026-08-13,BHARTIHEXA,Bharti Hexacom Ltd.,Telecommunication,1486.0,1501.300048828125,1614.0,1500.0999755859375,1565.5,5.349932705248991,4.276290487167291,1.0296129763206594,758775.0,178313.0,143067.8,214646.26,5.303604305091712,0.5741879753801702,35.39143863821674,-6.155228210096199,-23.177048101719127,2,-0.16410088683696838,0.07588635663116723,5.514033592085959,5.274046348617824
2026-08-13,AIIL,Authum Investment & Infrastructure Ltd.,Financial Services,554.7999877929688,560.0,582.8499755859375,552.9500122070312,579.0999755859375,4.3799546372803135,3.410709926060268,0.9372769144637592,249548.0,1037892.2,697100.4,968122.66,0.3579799982900598,0.8745817861888908,54.60460640885668,-0.4472541851714218,-18.77013355886256,3,-0.16410088683696838,0.07588635663116723,4.544055524117282,4.304068280649147
2026-08-13,CONCOR,Container Corporation of India Ltd.,Services,512.0499877929688,514.6500244140625,535.5,513.7000122070312,533.6500244140625,4.218345305346837,3.69182922348674,0.5077700777419006,4783981.0,1530890.4,2221178.6,2140742.02,2.153802940474935,0.9151386870714588,68.97619429906652,1.4335663754383423,-8.796682501676251,4,-0.16410088683696838,0.07588635663116723,4.382446192183806,4.14245894871567
2026-08-13,APLAPOLLO,APL Apollo Tubes Ltd.,Capital Goods,1989.4361572265625,1983.2600618610013,2065.0449835861764,1981.7658180233848,2056.37841796875,3.364886100969961,3.686776006528237,-0.310444511784231,825819.0,653411.2,663518.1,645501.2,1.24460659023469,0.8959335680315879,69.24500238583866,5.856533639538041,-13.222384722433922,5,-0.16410088683696838,0.07588635663116723,3.5289869878069293,3.2889997443387937
2026-08-14,LGEINDIA,LG Electronics India Ltd.,Consumer Durables,1578.300048828125,1620.0,1736.0999755859375,1611.0,1729.699951171875,9.592593148315697,6.771601924189814,2.6420800786793914,9832158.0,290114.4,263539.3,523886.02,37.30812823742038,0.9488407221177594,60.055121428138165,1.860967503246924,-9.759859986956831,1,-0.12235527703666936,-0.5070216949726882,9.714948425352366,10.099614843288386
2026-08-14,IDEA,Vodafone Idea Ltd.,Telecommunication,13.510000228881836,13.529999732971191,14.1899995803833,13.489999771118164,14.109999656677246,4.441150389566422,4.286769661145342,0.1480348168062965,778908986.0,520244255.6,346237217.4,412828819.28,2.2496396887921617,0.8857143635652716,59.49999791457096,3.0157476903176343,-11.929595211883552,2,-0.12235527703666936,-0.5070216949726882,4.563505666603091,4.94817208453911
2026-08-14,OFSS,Oracle Financial Services Software Ltd.,Information Technology,11420.0,11449.0,11850.0,11318.0,11828.0,3.572679509632224,3.310332780155472,0.2539404553415061,258662.0,182449.6,436206.15,346629.42,0.5929810939162595,0.9586466165413534,66.34042553151968,-0.1123954219639054,-4.666499707822022,3,-0.12235527703666936,-0.5070216949726882,3.6950347866688933,4.079701204604913
2026-08-14,BHARTIHEXA,Bharti Hexacom Ltd.,Telecommunication,1565.5,1558.0,1633.699951171875,1553.0999755859375,1621.0999755859375,3.551579405042319,4.0500626178393775,-0.4790801660811242,349991.0,283731.4,177198.95,228464.56,1.9751302138077005,0.8436727121275226,47.18333772434757,-0.9952139581338052,-19.0670718729753,4,-0.12235527703666936,-0.5070216949726882,3.6739346820789884,4.058601100015007
2026-08-14,JUBLFOOD,Jubilant Foodworks Ltd.,Consumer Services,491.5499877929688,495.3500061035156,521.0,495.0,504.1000061035156,2.5531519931260167,1.7664277565732929,0.7730685392972421,12894239.0,4420531.6,3229321.7,2852968.84,3.9928629594258136,0.3500002347506009,77.84954459330598,8.846321109855117,-26.47506373698133,5,-0.12235527703666936,-0.5070216949726882,2.675507270162686,3.060173688098705
2026-08-17,IPCALAB,Ipca Laboratories Ltd.,Healthcare,1734.199951171875,1805.9000244140625,1945.0999755859373,1805.9000244140625,1884.5999755859373,8.672588435516367,4.357935107587685,4.134475565734886,6964903.0,569526.0,285946.75,267490.38,24.357342756999337,0.565373410761484,45.73101345807207,-1.209811028420528,-10.523896656600094,1,-0.32155302214150866,0.14922809030742953,8.994141457657875,8.523360345208937
2026-08-17,MOTILALOFS,Motilal Oswal Financial Services Ltd.,Financial Services,903.7000122070312,903.6500244140624,964.0,897.0999755859375,955.0,5.6766611818099975,5.682506966038478,-0.0055314587023927,5976448.0,678785.4,1422675.85,1107622.86,4.200850109320404,0.865470901112135,62.285722998793744,1.6083976035228615,-16.96342544316763,2,-0.32155302214150866,0.14922809030742953,5.998214203951506,5.527433091502568
2026-08-17,OBEROIRLTY,Oberoi Realty Ltd.,Realty,1846.0,1849.0,1946.0,1832.9000244140625,1931.0,4.604550379198267,4.434829637641969,0.1625135427952329,1781893.0,318983.0,285320.3,510694.78,6.24523737007146,0.8673739766760387,52.2992509443289,1.2343622038642736,-6.953513389756432,3,-0.32155302214150866,0.14922809030742953,4.926103401339776,4.455322288890837
2026-08-17,SUZLON,Suzlon Energy Ltd.,Capital Goods,47.09999847412109,47.09999847412109,49.31999969482422,46.900001525878906,49.0,4.033973646353417,4.033973646353417,0.0,80470340.0,37651552.8,66119768.75,71839160.66,1.2170390417464974,0.8677686210962376,13.77249637465232,-4.41788502753028,-27.48267792582889,4,-0.32155302214150866,0.14922809030742953,4.355526668494925,3.884745556045987
2026-08-17,BHEL,Bharat Heavy Electricals Ltd.,Capital Goods,421.7000122070313,424.0,435.9500122070313,421.7999877929688,435.9500122070313,3.3791794136833087,2.818399105431898,0.5454085194191515,15351093.0,10109344.0,8466654.75,12972576.08,1.8131237724084592,1.0,54.95262807385959,2.434554054864526,-5.5543085762528,5,-0.32155302214150866,0.14922809030742953,3.7007324358248175,3.229951323375879
2026-08-18,TIINDIA,Tube Investments of India Ltd.,Automobile and Auto Components,2741.39990234375,2755.800048828125,2989.0,2755.800048828125,2959.0,7.937554001888363,7.373537541603705,0.5252844166246466,4188005.0,367983.8,334447.45,282727.62,12.52216155333222,0.871355033098231,42.93678826236831,-1.74316119315955,-19.72814232617125,1,-0.5465740730986531,-0.38392250302982767,8.484128074987016,8.321476504918191
2026-08-18,GLAXO,Glaxosmithkline Pharmaceuticals Ltd.,Healthcare,2702.89990234375,2700.0,2919.0,2691.10009765625,2877.39990234375,6.456028943161632,6.570366753472221,-0.1072885585306146,477841.0,67486.0,68340.15,100922.96,6.992097617579125,0.8174632931895556,61.74402536878768,3.786640768843311,-3.873770371284577,2,-0.5465740730986531,-0.38392250302982767,7.002603016260285,6.83995144619146
2026-08-18,APARINDS,Apar Industries Ltd.,Capital Goods,16466.830078125,16592.394674892166,17235.163117252854,16142.955035350042,17154.443359375,4.17574771821715,3.3873873873873874,0.7625304698684524,338500.0,208807.6,190604.55,173321.48,1.7759282241688354,0.9260948905109486,73.26507611177249,8.539150115450548,-10.511775347699515,3,-0.5465740730986531,-0.38392250302982767,4.722321791315803,4.559670221246978
2026-08-18,MCX,Multi Commodity Exchange of India Ltd.,Financial Services,2925.930908203125,2942.689469714698,3050.5253385844985,2908.8724288137337,3032.5693359375,3.644598286152419,3.054344236720158,0.5727599877559965,3187586.0,3183554.0,2183338.05,2663344.58,1.4599598994759424,0.8732394366197173,66.03887595000772,6.116799028294674,-15.715511434986947,4,-0.5465740730986531,-0.38392250302982767,4.191172359251072,4.028520789182247
2026-08-18,LENSKART,Lenskart Solutions Ltd.,Consumer Services,607.5999755859375,609.8499755859375,640.0,606.8499755859375,628.4000244140625,3.423312979574518,3.041739701686846,0.370309428967672,10855580.0,14325079.4,6310860.5,6196394.12,1.7201426017894073,0.6500764089628635,80.23986033471058,6.0943986071007,-3.0863763050225423,5,-0.5465740730986531,-0.38392250302982767,3.969887052673171,3.8072354826043457
2026-08-19,GLAXO,Glaxosmithkline Pharmaceuticals Ltd.,Healthcare,2877.39990234375,2877.300048828125,3054.89990234375,2851.0,3032.39990234375,5.386807717403017,5.3904650499969415,-0.0034702689585714,1374693.0,156243.0,90158.0,108784.44,15.247598660129992,0.8896517372427781,76.83917317774004,9.706134764136928,-1.4251489433453235,1,-0.3171182995427704,-0.25380284212037135,5.703926016945788,5.640610559523388
2026-08-19,ICICIAMC,ICICI Prudential Asset Management Company Ltd.,Financial Services,3106.0,3099.0,3292.0,3083.89990234375,3260.89990234375,4.987118555819381,5.224262741005163,-0.2253702511268512,1108876.0,242663.4,216885.8,482639.8,5.112718306131614,0.8505522197898115,49.51336200455151,0.2659991312239206,-13.651093497871384,2,-0.3171182995427704,-0.25380284212037135,5.304236855362152,5.240921397939752
2026-08-19,NAM-INDIA,Nippon Life India Asset Management Ltd.,Financial Services,1170.5999755859375,1178.9000244140625,1218.0,1175.0,1217.0,3.963781426771107,3.2318241408870927,0.7090422861123378,1411986.0,726531.8,975543.45,858483.34,1.447384019645665,0.9767441860465116,50.55481627898263,0.2629452408693047,-5.099312883183016,3,-0.3171182995427704,-0.25380284212037135,4.280899726313877,4.217584268891478
2026-08-19,ATGL,Adani Total Gas Ltd.,Oil Gas & Consumable Fuels,647.2999877929688,652.9000244140625,687.9000244140625,652.9000244140625,664.25,2.618571377519091,1.7383941126550582,0.8651377609611288,8506454.0,514415.4,752102.15,1782283.36,11.310237578765063,0.3242850167410714,43.00809335920463,-1.6500557318140625,-24.693137515259703,4,-0.3171182995427704,-0.25380284212037135,2.9356896770618612,2.8723742196394624
2026-08-19,PAYTM,One 97 Communications Ltd.,Financial Services,1546.300048828125,1551.0999755859375,1604.9000244140625,1546.300048828125,1583.5,2.4057395070295224,2.0888417848000542,0.3104136717482587,5645397.0,2978972.2,4556730.9,3688044.1,1.238913845011124,0.6348117179216375,74.38557483735029,7.759104885081286,-6.714522707354022,5,-0.3171182995427704,-0.25380284212037135,2.722857806572293,2.659542349149894
2026-08-20,MCX,Multi Commodity Exchange of India Ltd.,Financial Services,2965.733154296875,3012.6182262301063,3125.541483219758,2998.6524463734104,3118.359130859375,5.1463152152232325,3.5099337748344395,1.5808931381875102,3923221.0,2396921.0,2389311.8,2668738.28,1.6419878728259745,0.943396588555714,68.17736400660647,6.772490795688981,-14.56896626321093,1,0.6377062464664032,0.3570007777938963,4.508608968756829,4.789314437429336
2026-08-20,GLENMARK,Glenmark Pharmaceuticals Ltd.,Healthcare,2244.266845703125,2261.749637226837,2339.672107060624,2249.861563106249,2330.5810546875,3.845986904348395,3.0432819056426688,0.7789978966710012,552157.0,512114.2,509985.25,530722.32,1.0826920974675247,0.8987752220079813,59.43584971031082,-0.2949241945364655,-9.195640085002175,2,0.6377062464664032,0.3570007777938963,3.208280657881992,3.488986126554499
2026-08-20,COFORGE,Coforge Ltd.,Information Technology,1813.0999755859373,1835.0,1888.5,1826.5,1882.0,3.800122736849972,2.561307901907357,1.2078773762591384,4002215.0,1735732.2,3293738.15,3262424.86,1.2150981097267857,0.8951612903225806,61.20434476119122,4.795030123169725,-8.44518784336211,3,0.6377062464664032,0.3570007777938963,3.1624164903835688,3.443121959056076
2026-08-20,PREMIERENE,Premier Energies Ltd.,Capital Goods,1002.0,1012.9000244140624,1049.5999755859375,1007.5,1040.0,3.792415169660679,2.6754837528623976,1.087826787830589,1306864.0,444395.0,867124.15,1053294.36,1.507124441177195,0.7719719441085817,56.4983043702518,-2.421447456731583,-11.64021164021164,4,0.6377062464664032,0.3570007777938963,3.154708923194276,3.4354143918667828
2026-08-20,SBICARD,SBI Cards and Payment Services Ltd.,Financial Services,623.6500244140625,626.7999877929688,654.3499755859375,626.75,647.0499877929688,3.752098526876705,3.230695659599877,0.5050851047213112,5399356.0,2215855.6,1356568.4,1459408.28,3.9801575799642688,0.7355074546990478,34.74767321798883,-3.630930533476161,-35.146645904124526,5,0.6377062464664032,0.3570007777938963,3.1143922804103017,3.395097749082809
2026-08-21,AIIL,Authum Investment & Infrastructure Ltd.,Financial Services,532.2999877929688,532.2000122070312,565.4000244140625,532.2000122070312,552.25,3.747888909362619,3.7673783038488735,-0.0187818125549881,673353.0,467155.4,487227.1,998388.8,1.3820105655042587,0.6039150729204392,47.98503109350061,-4.889534208235822,-22.064423456373536,1,0.08315663455258515,0.08080122481162108,3.664732274810034,3.667087684550998
2026-08-21,BDL,Bharat Dynamics Ltd.,Capital Goods,1317.0,1317.0,1364.699951171875,1317.0,1359.0,3.189066059225513,3.189066059225513,0.0,2191062.0,3596283.8,1700910.85,1473856.78,1.28816980619531,0.8805040459824239,60.08841326480717,1.0577684827729297,-20.09134763902293,2,0.08315663455258515,0.08080122481162108,3.1059094246729275,3.108264834413892
2026-08-21,PRESTIGE,Prestige Estates Projects Ltd.,Realty,1585.5,1592.0,1651.300048828125,1590.0,1631.0,2.869757174392936,2.449748743718593,0.4099653106275623,961947.0,473952.2,592561.35,770684.8,1.6233711496708316,0.6688412290658542,43.91322219755244,-1.2835246483944305,-12.059826208921454,3,0.08315663455258515,0.08080122481162108,2.786600539840351,2.788955949581315
2026-08-21,ICICIPRULI,ICICI Prudential Life Insurance Company Ltd.,Financial Services,502.0,502.0,520.5999755859375,501.0499877929688,515.0,2.589641434262948,2.589641434262948,0.0,1609364.0,1037537.0,1439866.35,1789506.6,1.11771762705615,0.7135560571576643,38.7771783212392,-1.0749716295913796,-28.72918465228783,4,0.08315663455258515,0.08080122481162108,2.506484799710363,2.508840209451327
2026-08-21,APOLLOTYRE,Apollo Tyres Ltd.,Automobile and Auto Components,429.2999877929688,428.75,442.8999938964844,427.75,439.7000122070313,2.422554090329475,2.5539387071793,-0.1281126970900319,1728307.0,712929.0,760506.55,990751.12,2.2725734577828423,0.7887800014100537,51.06185846315282,-1.3562685451773515,-19.562882779816064,5,0.08315663455258515,0.08080122481162108,2.33939745577689,2.341752865517854
2026-08-24,VMM,Vishal Mega Mart Ltd.,Consumer Services,103.43000030517578,109.1999969482422,115.4000015258789,109.0,113.5,9.736053045646468,3.937731842424773,5.578648966491077,154604116.0,9941984.8,9061260.8,10203340.76,17.062097583594547,0.7031248323619765,21.28608940922183,-3.900024722563021,-34.37182975916868,1,-0.13586186190829622,0.0683535782414006,9.871914907554764,9.667699467405068
2026-08-24,HEXT,Hexaware Technologies Ltd.,Information Technology,532.4500122070312,535.8499755859375,574.8499755859375,535.8499755859375,562.5,5.643719993245955,4.97341151969288,0.6385507185572663,2704830.0,155022.6,935113.85,1122504.62,2.89251410403129,0.6833339593349359,37.220138679612326,-5.82856300234612,-34.06222797429998,2,-0.13586186190829622,0.0683535782414006,5.779581855154251,5.575366415004554
2026-08-24,SAIL,Steel Authority of India Ltd.,Metals & Mining,173.4600067138672,174.8000030517578,180.9600067138672,174.7100067138672,179.64999389648438,3.5685385351263976,2.7745942563230352,0.7725102536753791,48226622.0,12268277.0,17689084.85,15960044.06,2.726349181371019,0.79039794921875,61.32226933608254,1.21870107474331,-17.28182678196209,3,-0.13586186190829622,0.0683535782414006,3.7044003970346937,3.500184956884997
2026-08-24,GLENMARK,Glenmark Pharmaceuticals Ltd.,Healthcare,2315.595947265625,2312.798782516663,2392.619260711496,2293.018415840588,2388.323486328125,3.1407698371721726,3.265511223128552,-0.1207967543847694,710023.0,461580.2,499600.15,529423.96,1.4211825196609729,0.9568701009621142,62.49646487805224,2.2980545162348616,-6.30962257639105,4,-0.13586186190829622,0.0683535782414006,3.2766316990804687,3.072416258930772
2026-08-24,AWL,AWL Agri Business Ltd.,Fast Moving Consumer Goods,188.1199951171875,188.1699981689453,196.3500061035156,187.6199951171875,193.8800048828125,3.061880669323247,3.0344936862573344,0.0265804024323217,8390171.0,2485993.4,2732926.6,3614091.8,3.070031591774181,0.7170677992763882,44.99998247249207,-1.6728500410854563,-33.155636622861564,5,-0.13586186190829622,0.0683535782414006,3.197742531231543,2.9935270910818463
2026-08-25,IDEA,Vodafone Idea Ltd.,Telecommunication,14.06999969482422,14.09000015258789,15.3100004196167,14.079999923706056,15.1899995803833,7.960198364262115,7.80695114182362,0.1421496673594757,460728374.0,358711212.6,380813739.15,365762556.1,1.209852289017656,0.9024383814215012,69.965882192481,5.523679389762873,-8.279012028232739,1,0.4768973030496234,0.44933124788312856,7.483301061212491,7.510867116378987
2026-08-25,PAYTM,One 97 Communications Ltd.,Financial Services,1623.5,1622.699951171875,1718.0,1612.0,1718.0,5.820757622420696,5.8729310221092685,-0.0492792625885432,10111331.0,4457403.2,4901105.85,3840236.76,2.0630713372574885,1.0,74.96091404455032,8.069788072506608,-2.057189677134476,2,0.4768973030496234,0.44933124788312856,5.343860319371072,5.371426374537568
2026-08-25,IREDA,Indian Renewable Energy Development Agency Ltd.,Financial Services,114.63623046875,114.23888107949384,120.33824334125222,113.64285365051126,119.81175231933594,4.514734852518369,4.878261400305705,-0.3466176335625998,11109563.0,3245575.8,4902058.1,4665352.52,2.2663058603895374,0.9213651413532556,27.188968762463915,-2.4983737264601986,-28.97956734158204,3,0.4768973030496234,0.44933124788312856,4.037837549468745,4.06540360463524
2026-08-25,LAURUSLABS,Laurus Labs Ltd.,Healthcare,1801.0,1808.0,1869.4000244140625,1796.5,1866.199951171875,3.6202082827248754,3.219023848001936,0.3886729594669628,3550945.0,1665918.6,1909875.1,2254851.38,1.8592550895082087,0.9561032624075472,38.23245221873671,-0.9429944946718668,-3.731026673419641,4,0.4768973030496234,0.44933124788312856,3.143310979675252,3.1708770348417468
2026-08-25,AWL,AWL Agri Business Ltd.,Fast Moving Consumer Goods,193.8800048828125,194.0,204.82000732421875,192.97999572753903,200.63999938964844,3.486689878578197,3.4226800977569263,0.0618914349935306,16360851.0,3968200.0,3112892.45,3693785.5,5.255835613594681,0.6469591350955671,56.032281211721646,1.1728200694976438,-31.10894198208477,5,0.4768973030496234,0.44933124788312856,3.0097925755285737,3.0373586306950684
2026-08-26,SAIL,Steel Authority of India Ltd.,Metals & Mining,184.58999633789065,185.9499969482422,196.5,182.3999938964844,194.8999938964844,5.58535010733809,4.813120244757709,0.7367683175322738,44553300.0,31313820.6,21751566.75,17576576.98,2.0482800394137124,0.8865244389421443,61.96366327343144,6.600829579897541,-11.97424939235892,1,-0.5210730306462086,0.01381277153426854,6.106423137984298,5.571537335803821
2026-08-26,ANTHEM,Anthem Biosciences Ltd.,Healthcare,874.7000122070312,879.0499877929688,927.0,878.0,923.0499877929688,5.527606597825636,5.005403630170205,0.4973105665063043,1851014.0,484058.0,634598.65,719589.64,2.9168262491576367,0.919387505978954,66.03465936805651,2.3759370269779945,-3.241149092142561,2,-0.5210730306462086,0.01381277153426854,6.048679628471844,5.5137938262913675
2026-08-26,MAHABANK,Bank of Maharashtra,Financial Services,81.69999694824219,82.48999786376953,87.0,82.0,85.5999984741211,4.773563857474314,3.770154795600386,0.9669534210972096,56264531.0,10499514.2,10485953.9,14504425.88,5.365704592693279,0.7199996948242188,61.726091474630536,2.202926482061474,-13.544976774346893,3,-0.5210730306462086,0.01381277153426854,5.294636888120523,4.759751085940046
2026-08-26,DALBHARAT,Dalmia Bharat Ltd.,Construction Materials,1824.0,1815.0,1913.0,1808.0,1898.0,4.057017543859649,4.573002754820936,-0.4934210526315789,332647.0,414709.8,200581.3,257753.52,1.6584148173334206,0.8571428571428571,46.631637819866775,-0.8296810416131312,-26.580089788544495,4,-0.5210730306462086,0.01381277153426854,4.5780905745058575,4.043204772325381
2026-08-26,MEDANTA,Global Health Ltd.,Healthcare,1404.4000244140625,1410.0,1476.0,1410.0,1458.9000244140625,3.880660712943112,3.468086837876773,0.3987450504548301,606668.0,96211.6,240444.7,231317.08,2.523108224053181,0.7409094608191288,48.9392629268772,-1.3934176318264164,-5.774777786623609,5,-0.5210730306462086,0.01381277153426854,4.40173374358932,3.8668479414088432
2026-08-27,APARINDS,Apar Industries Ltd.,Capital Goods,17003.96484375,17130.52674144553,18012.464854661313,17129.53020120461,17838.0703125,4.905358699659892,4.130308318789997,0.7443081590588531,214866.0,105040.2,180556.55,161543.12,1.1900205226561984,0.8024830699774261,58.14074821772207,4.49858841420185,-7.592741365642176,1,-0.4829048161229359,-0.10155632832208131,5.388263515782828,5.006915027981973
2026-08-27,BHEL,Bharat Heavy Electricals Ltd.,Capital Goods,415.5,416.0,438.2000122070313,416.0,433.9500122070313,4.440436150910048,4.314906780536358,0.1203369434416365,19967976.0,4138439.2,7180056.05,12509605.58,2.781033443325279,0.8085586638256925,54.751134782296575,0.3174908284246505,-6.9428891377379625,2,-0.4829048161229359,-0.10155632832208131,4.923340967032984,4.541992479232129
2026-08-27,CRISIL,CRISIL Ltd.,Financial Services,4513.39990234375,4504.89990234375,4715.0,4500.0,4703.2001953125,4.205262043591333,4.401880114263603,-0.1883280937633304,170325.0,21435.4,39958.2,60607.42,4.262579395468265,0.9451171875,46.67379763076889,0.6978825164226556,-14.842307938253638,3,-0.4829048161229359,-0.10155632832208131,4.6881668597142685,4.306818371913414
2026-08-27,MEDANTA,Global Health Ltd.,Healthcare,1458.9000244140625,1466.199951171875,1544.0,1455.199951171875,1508.9000244140625,3.4272396437913204,2.912295366539812,0.5003719676229608,1109587.0,201454.8,258487.5,236200.86,4.292613762754486,0.6047302220083854,52.74711570112965,2.337933606071021,-2.118216606505765,4,-0.4829048161229359,-0.10155632832208131,3.9101444599142563,3.528795972113402
2026-08-27,KALYANKJIL,Kalyan Jewellers India Ltd.,Consumer Durables,608.11865234375,608.1186555760684,633.3656762200349,607.4215488243017,626.74267578125,3.062564084446539,3.0625635366405883,5.315275811276543e-07,14631430.0,6793924.4,14932879.05,25586221.74,0.9798130655856346,0.7447206322354828,57.91457604590768,1.1035899718092357,-5.90955108563452,5,-0.4829048161229359,-0.10155632832208131,3.545468900569475,3.1641204127686207
2026-08-28,COFORGE,Coforge Ltd.,Information Technology,1901.800048828125,1915.0,2016.5,1911.0,2014.5999755859373,5.931219048359946,5.201043111537206,0.6940767080119024,5516587.0,1633674.6,2013801.1,3103998.9,2.7393902009488422,0.9819902899140996,68.73139227464338,4.650909255492672,-3.96616371158798,1,0.35200411203845466,-0.004893550732163257,5.579214936321491,5.936112599092109
2026-08-28,CONCOR,Container Corporation of India Ltd.,Services,493.0499877929688,502.3500061035156,520.0,502.3500061035156,516.0,4.654702925713881,2.7172277755823537,1.886222196693765,4311023.0,1073942.4,1464644.35,2146053.98,2.943392366890979,0.7733710264456951,43.223649580778655,-4.411074843438465,-12.18085020752293,2,0.35200411203845466,-0.004893550732163257,4.302698813675426,4.659596476446044
2026-08-28,PERSISTENT,Persistent Systems Ltd.,Information Technology,5654.0,5677.0,5910.0,5677.0,5875.0,3.908737177219668,3.487757618460454,0.4067916519278387,957631.0,292067.4,488203.7,761313.6,1.9615398244626168,0.8497854077253219,61.18749999892922,1.7620273213225035,-13.714354245057637,3,0.35200411203845466,-0.004893550732163257,3.5567330651812137,3.9136307279518316
2026-08-28,KPITTECH,KPIT Technologies Ltd.,Information Technology,588.0,590.0,613.4500122070312,589.4000244140625,609.4000244140625,3.639459934364371,3.2881397311970337,0.3401360544217687,5637989.0,1117379.6,1833301.65,3997239.48,3.0753198743916474,0.8316012536957377,28.36019934475398,-2.859301496309615,-55.24728846642181,4,0.35200411203845466,-0.004893550732163257,3.2874558223259167,3.6443534850965347
2026-08-28,SAIL,Steel Authority of India Ltd.,Metals & Mining,193.0,193.0500030517578,200.9600067138672,192.5500030517578,200.0,3.6269430051813463,3.600101962380624,0.0259083169729598,48585004.0,43643434.8,23194471.45,18752714.86,2.094680368325444,0.8858494297460983,66.82376754446042,9.93737046903207,-7.963756409764781,5,0.35200411203845466,-0.004893550732163257,3.2749388931428918,3.6318365559135097
2026-08-31,AUROPHARMA,Aurobindo Pharma Ltd.,Healthcare,1645.300048828125,1648.5999755859375,1717.0,1635.0999755859375,1717.0,4.357864768978991,4.148976430122298,0.2005668668254701,2416718.0,688161.0,995799.85,1086352.9,2.426911391882616,1.0,49.280780933344666,1.1978560208815916,-2.205181588656864,1,-0.3939914685270957,0.12613349611624985,4.751856237506087,4.231731272862741
2026-08-31,KPRMILL,K.P.R. Mill Ltd.,Textiles,1130.199951171875,1130.300048828125,1197.9000244140625,1125.0,1177.5999755859375,4.193950315155707,4.1847230571079095,0.0088566325052669,909149.0,167528.0,262670.8,627987.28,3.4611726922063664,0.7215357746271331,61.462654546332935,2.0809969765116234,-15.091215491755475,2,-0.3939914685270957,0.12613349611624985,4.587941783682803,4.067816819039457
2026-08-31,NYKAA,FSN E-Commerce Ventures Ltd.,Consumer Services,335.6499938964844,334.3999938964844,349.54998779296875,333.3500061035156,349.54998779296875,4.141216788095989,4.530500649821827,-0.3724117451899922,7930224.0,3261952.0,6247121.85,6659240.86,1.26942041317795,1.0,62.15664614040169,1.0552602643064224,-3.548852328596444,3,-0.3939914685270957,0.12613349611624985,4.535208256623085,4.01508329197974
2026-08-31,LENSKART,Lenskart Solutions Ltd.,Consumer Services,636.1500244140625,646.0,674.9000244140625,640.9500122070312,662.4000244140625,4.12638512812729,2.5387034696691178,1.5483730579135004,111714980.0,8156775.6,8267057.95,6194430.86,13.513269251971312,0.631811619867071,71.83406112658798,3.902364605558055,-5.601721120699259,4,-0.3939914685270957,0.12613349611624985,4.520376596654386,4.00025163201104
2026-08-31,PAYTM,One 97 Communications Ltd.,Financial Services,1650.9000244140625,1622.5,1717.0999755859375,1622.5,1717.0999755859375,4.009930958440121,5.830506969857473,-1.720275243447418,2686950.0,4618652.2,5293982.05,4098604.18,0.5075479997141282,1.0,57.86994158610992,4.83269438452919,-4.69895642323213,5,-0.3939914685270957,0.12613349611624985,4.403922426967217,3.883797462323871
2026-09-01,JSL,Jindal Stainless Ltd.,Metals & Mining,702.1500244140625,700.5,738.6500244140625,700.5,734.0,4.536064157017726,4.782298358315489,-0.2349959918379878,1070564.0,412540.8,398575.25,467733.78,2.685977114735549,0.8781121510279177,38.686297353368616,-2.652779385912876,-20.13946964233648,1,-0.1021561476385465,-1.2070525860350672,4.638220304656272,5.743116743052793
2026-09-01,PERSISTENT,Persistent Systems Ltd.,Information Technology,5594.5,5621.5,5852.5,5603.0,5800.0,3.673250513897578,3.175309081206084,0.4826168558405576,592977.0,561137.8,450865.4,766232.34,1.3151973959412275,0.7895791583166333,52.36172789605728,0.3790342476506605,-14.622383237349654,2,-0.1021561476385465,-1.2070525860350672,3.775406661536125,4.880303099932645
2026-09-01,ANTHEM,Anthem Biosciences Ltd.,Healthcare,893.0499877929688,893.2000122070312,939.0,893.2000122070312,924.5,3.52164074093489,3.504252951769312,0.0167991059977797,1326412.0,987461.6,738326.4,733721.98,1.7965116783037962,0.6834060291556223,50.41566647388474,1.9734102859240428,-5.2567355268779385,3,-0.1021561476385465,-1.2070525860350672,3.6237968885734366,4.728693326969957
2026-09-01,NAUKRI,Info Edge (India) Ltd.,Consumer Services,1313.0,1335.0,1371.699951171875,1327.199951171875,1356.0,3.2749428789032757,1.5730337078651686,1.6755521706016754,1564601.0,1382763.4,1969988.05,2469794.48,0.7942185233052556,0.647192108497191,39.27920663026937,-0.7866050346308545,-7.765662509160477,4,-0.1021561476385465,-1.2070525860350672,3.3770990265418224,4.481995464938343
2026-09-01,MPHASIS,MphasiS Ltd.,Information Technology,2427.39990234375,2422.699951171875,2523.0,2407.10009765625,2505.5,3.217438444355266,3.417676579721484,-0.193620802544196,932222.0,380913.4,407708.2,566748.32,2.2864931340600947,0.8490076380901825,30.523892235370223,-1.2848782871122428,-17.935020914189792,5,-0.1021561476385465,-1.2070525860350672,3.3195945919938126,4.4244910303903335
2026-09-02,NIACL,The New India Assurance Company Ltd.,Financial Services,185.7700042724609,185.4499969482422,201.3999938964844,182.41000366210935,199.1100006103516,7.18092050981784,7.365868906388706,-0.1722599541686013,24334669.0,6401874.8,4168400.2,2785983.32,5.837891716826998,0.8794105074373578,58.041261681639824,1.315462868199751,-14.0825355776507,1,-0.5875986577431866,-0.5932610982159161,7.768519167561027,7.774181608033756
2026-09-02,JSWENERGY,JSW Energy Ltd.,Power,518.0,515.0,540.75,511.3999938964844,539.7999877929688,4.208491851924469,4.815531610285194,-0.5791505791505791,3635853.0,3082546.2,1792659.05,2193918.98,2.028189911517196,0.9676316180759684,14.160131922407658,-5.7937740505455295,-15.807598101097712,2,-0.5875986577431866,-0.5932610982159161,4.796090509667656,4.8017529501403855
2026-09-02,IDEA,Vodafone Idea Ltd.,Telecommunication,14.0600004196167,14.119999885559082,14.720000267028809,13.93000030517578,14.529999732971191,3.342811517265269,2.903681662429953,0.4267387208514643,527024719.0,404188521.0,418734592.2,366477721.46,1.2586128034730826,0.7594929832503395,57.0351834452431,1.3991088640485694,-8.523093530880217,3,-0.5875986577431866,-0.5932610982159161,3.930410175008456,3.9360726154811854
2026-09-02,KALYANKJIL,Kalyan Jewellers India Ltd.,Consumer Durables,570.6715087890625,566.2893558576199,593.0302819845409,554.238550942631,587.6024169921875,2.9668395815048787,3.763634423657844,-0.7678941149070794,21212135.0,8945885.6,11935249.35,26131104.96,1.7772678540645654,0.860076752272559,41.07679407175242,-4.905731149649808,-11.703516677779454,4,-0.5875986577431866,-0.5932610982159161,3.554438239248065,3.5601006797207946
2026-09-02,TORNTPOWER,Torrent Power Ltd.,Power,1219.300048828125,1219.300048828125,1267.699951171875,1217.199951171875,1248.9000244140625,2.427620306780613,2.427620306780613,0.0,1313132.0,273746.2,263379.55,312279.66,4.985702192899942,0.6277242226175742,17.73469461766851,-4.618112532568984,-32.92455735463541,5,-0.5875986577431866,-0.5932610982159161,3.0152189645237994,3.020881404996529
2026-09-03,APARINDS,Apar Industries Ltd.,Capital Goods,16754.830078125,16882.38785936,17710.512781804253,16881.39131914045,17642.748046875,5.299474626777982,4.503866359719012,0.7613194561819939,208669.0,121309.2,161991.85,159036.28,1.2881450517418005,0.9182692307692312,45.58319760225761,-1.1723762575843268,-8.946652699467442,1,-0.17144446700388216,0.45750008111703566,5.470919093781864,4.841974545660947
2026-09-03,MAHABANK,Bank of Maharashtra,Financial Services,82.4000015258789,83.1500015258789,87.3499984741211,82.81999969482422,86.31999969482422,4.757279243149262,3.812384979883264,0.9101941579023536,48646685.0,14371614.0,14189900.65,15476411.16,3.428261141490092,0.7726271397678508,52.6652495436231,1.507212031872861,-12.804231189546131,2,-0.17144446700388216,0.45750008111703566,4.928723710153144,4.299779162032227
2026-09-03,BSE,BSE Ltd.,Financial Services,3168.0,3199.89990234375,3316.5,3198.89990234375,3306.10009765625,4.35922025430082,3.318859919171666,1.0069413618607954,6036100.0,4608653.8,4723450.65,3558819.6,1.2779005111443262,0.9115655296975234,28.265381065875545,-6.0782331069514886,-28.57006612688513,3,-0.17144446700388216,0.45750008111703566,4.530664721304702,3.9017201731837843
2026-09-03,SBICARD,SBI Cards and Payment Services Ltd.,Financial Services,635.1500244140625,641.0,667.4000244140625,641.0,661.0,4.069900746644003,3.1201248049922,0.9210383942493284,3785886.0,6963348.8,3231240.65,2229332.02,1.1716508951445632,0.7575750569892125,47.68684149536036,-1.457231196239641,-33.95076112435035,4,-0.17144446700388216,0.45750008111703566,4.241345213647885,3.6124006655269674
2026-09-03,TORNTPOWER,Torrent Power Ltd.,Power,1248.9000244140625,1283.5,1327.4000244140625,1279.199951171875,1289.300048828125,3.2348485566742373,0.4518931693124269,2.7704359764241757,2762103.0,503693.4,315099.25,333013.66,8.765819023688568,0.2095452761140165,31.13055907364658,-2.0167012046753587,-31.29622028811356,5,-0.17144446700388216,0.45750008111703566,3.4062930236781197,2.7773484755572015
2026-09-04,NIACL,The New India Assurance Company Ltd.,Financial Services,195.3300018310547,196.4900054931641,234.38999938964844,196.4900054931641,229.91000366210935,17.703374549171258,17.008497752883418,0.5938686588006528,66928665.0,12285304.8,3993955.8,3172247.68,16.757487651716126,0.8817942889443412,68.37821119524044,5.614899118509783,-9.661096533521944,1,0.10157727849796526,-0.22458771613445014,17.60179727067329,17.92796226530571
2026-09-04,GICRE,General Insurance Corporation of India,Financial Services,342.8999938964844,343.6499938964844,361.2999877929688,341.6000061035156,358.45001220703125,4.534855231068088,4.306712810536233,0.2187226635607384,4931565.0,1442110.4,898478.1,685825.66,5.488798224464236,0.8553310540657353,57.45857511536472,0.369885344270583,-14.786459543343526,2,0.10157727849796526,-0.22458771613445014,4.433277952570123,4.759442947202538
2026-09-04,APLAPOLLO,APL Apollo Tubes Ltd.,Capital Goods,2151.11328125,2146.3319132971237,2272.2467615017363,2142.147836051835,2241.36572265625,4.195615460744346,4.427731273544685,-0.2222741124120766,955928.0,986439.8,657254.0,651118.96,1.454427055597988,0.7626341744276898,61.63252186248753,1.6949104614289674,-6.170157780279564,3,0.10157727849796526,-0.22458771613445014,4.094038182246381,4.420203176878796
2026-09-04,IDEA,Vodafone Idea Ltd.,Telecommunication,14.479999542236328,14.529999732971191,15.15999984741211,14.510000228881836,15.020000457763672,3.7292882085543537,3.372338154147246,0.3453051955493441,525960563.0,379970454.2,437705580.45,366599229.74,1.2016309283954436,0.7846161972140956,54.75578430579508,3.097184842015839,-5.790503252761607,4,0.10157727849796526,-0.22458771613445014,3.6277109300563883,3.9538759246888038
2026-09-04,MEDANTA,Global Health Ltd.,Healthcare,1417.300048828125,1424.300048828125,1491.800048828125,1424.300048828125,1469.800048828125,3.7042262182527192,3.1945516000955103,0.4938968291003626,470026.0,289150.6,292938.4,240389.52,1.6045216332170855,0.674074074074074,49.07827321358888,-1.3673246744760532,-8.205955386779468,5,0.10157727849796526,-0.22458771613445014,3.602648939754754,3.9288139343871693
2026-09-07,IDEA,Vodafone Idea Ltd.,Telecommunication,15.020000457763672,15.09000015258789,15.68000030517578,15.0600004196167,15.600000381469728,3.86151735039568,3.379723152583086,0.4660432269696549,695355022.0,410062514.6,453710830.4,377118441.0,1.5325951584337585,0.8709678411732042,66.25310778991053,6.077195381330934,-2.2771595992284484,1,-0.49606795633274714,-0.45795065753007774,4.357585306728427,4.3194680079257575
2026-09-07,SUPREMEIND,Supreme Industries Ltd.,Capital Goods,3475.0,3475.0,3603.10009765625,3470.10009765625,3598.0,3.539568345323741,3.539568345323741,0.0,370941.0,262051.4,202619.15,217053.22,1.830730214789668,0.9616534010808272,38.95928925319844,-2.3539030404360006,-24.403929272712045,2,-0.49606795633274714,-0.45795065753007774,4.0356363016564885,3.997519002853819
2026-09-07,NAM-INDIA,Nippon Life India Asset Management Ltd.,Financial Services,1159.9000244140625,1158.800048828125,1196.0,1152.0,1195.0,3.0261207730958257,3.123916952582406,-0.0948336548654842,1817884.0,2484662.4,1376135.25,1103556.68,1.3210067833085448,0.9772727272727272,40.12916484587642,-2.886039386969048,-8.63331828168078,3,-0.49606795633274714,-0.45795065753007774,3.522188729428573,3.4840714306259035
2026-09-07,SBICARD,SBI Cards and Payment Services Ltd.,Financial Services,658.25,653.0999755859375,674.6500244140625,648.75,674.6500244140625,2.4914583234428407,3.299655433119728,-0.782381225075959,2781077.0,7443411.6,3408982.4,2268030.84,0.8158085533090461,1.0,55.965295995139655,2.1247219006352744,-31.548595105534904,4,-0.49606795633274714,-0.45795065753007774,2.987526279775588,2.9494089809729185
2026-09-07,BHARTIHEXA,Bharti Hexacom Ltd.,Telecommunication,1495.4000244140625,1502.800048828125,1534.5999755859375,1498.0,1528.699951171875,2.2268240079011834,1.7234430065361388,0.4948525005516183,83814.0,49410.2,139911.15,199103.8,0.5990516123982971,0.8387970396261845,21.13403384065724,-4.165904006721825,-22.691087386103927,5,-0.49606795633274714,-0.45795065753007774,2.7228919642339307,2.684774665431261
2026-09-08,GVT&D,GE Vernova T&D India Ltd.,Capital Goods,4367.2001953125,4636.10009765625,4793.0,4610.0,4750.0,8.765336773394889,2.4568042092389537,6.157260723526519,4274212.0,664888.2,854662.1,983017.52,5.001054802827925,0.7650273224043715,58.07320491127826,1.9732188026006356,-22.513101905609524,1,-0.6057860726041433,0.12010631551561533,9.371122845999032,8.645230457879274
2026-09-08,LAURUSLABS,Laurus Labs Ltd.,Healthcare,1876.699951171875,1870.800048828125,1952.0,1862.699951171875,1946.9000244140625,3.740612514981535,4.067777079309291,-0.3143764318886405,2115447.0,1905396.6,3469007.8,2728915.66,0.6098132728326526,0.9428894423590588,59.06330859455216,1.3134501270707692,-3.709597169221396,2,-0.6057860726041433,0.12010631551561533,4.3463985875856785,3.6205061994659196
2026-09-08,KALYANKJIL,Kalyan Jewellers India Ltd.,Consumer Durables,588.5983276367188,588.5983355514954,616.3849817984722,584.7141597837672,610.1105346679688,3.654819597878177,3.654818204050332,1.3446821570230471e-06,10713234.0,11099562.4,9094451.35,26702533.02,1.1779967353390703,0.8018855611770943,46.31433463489684,-1.8455870771499725,-8.929810549079717,3,-0.6057860726041433,0.12010631551561533,4.26060567048232,3.5347132823625618
2026-09-08,FLUOROCHEM,Gujarat Fluorochemicals Ltd.,Chemicals,4527.501953125,4535.996329903379,4681.79968340955,4483.031402499792,4673.50537109375,3.224811816325659,3.031506888218761,0.1876172968300063,136156.0,176781.0,262410.5,206450.66,0.5188664325550998,0.9582714491575952,39.944254866023535,-2.7321124919619377,-8.639016934609556,4,-0.6057860726041433,0.12010631551561533,3.8305978889298022,3.1047055008100437
2026-09-08,ANTHEM,Anthem Biosciences Ltd.,Healthcare,933.5,939.2000122070312,959.9000244140624,920.0,957.7999877929688,2.603105280446572,1.9804062334102104,0.6106065567253616,898858.0,1010650.0,806643.9,797501.14,1.1143182264193654,0.947367535435552,60.80428504196747,3.5608399834796507,-4.108885464817668,5,-0.6057860726041433,0.12010631551561533,3.2088913530507153,2.4829989649309567
2026-09-09,JSL,Jindal Stainless Ltd.,Metals & Mining,738.75,739.0,794.0,731.0,783.2999877929688,6.030455200401861,5.994585628277233,0.0338409475465313,6366585.0,672069.4,474768.5,483064.16,13.409872390438707,0.8301585363963294,60.56344873561628,2.18105375148759,-15.976693369830285,1,-0.861429030297977,-0.42875798063517556,6.891884230699838,6.459213181037037
2026-09-09,PAYTM,One 97 Communications Ltd.,Financial Services,1670.0,1677.0,1758.9000244140625,1676.0999755859375,1751.5,4.880239520958083,4.442456768038163,0.4191616766467065,8247684.0,2825720.4,3658167.0,4141854.5,2.2545947191585296,0.9106277771716856,59.96773674250345,1.8429302249813897,-3.5963774791942105,2,-0.861429030297977,-0.42875798063517556,5.74166855125606,5.308997501593259
2026-09-09,MEDANTA,Global Health Ltd.,Healthcare,1428.5999755859375,1432.0999755859375,1487.4000244140625,1431.800048828125,1480.4000244140625,3.625930961316117,3.372672973362997,0.2449951042848423,565564.0,279675.4,281859.8,252090.52,2.006543678807691,0.87410066414183,51.71377408845256,-0.4088850224837586,-7.474094845470369,3,-0.861429030297977,-0.42875798063517556,4.487359991614094,4.054688941951293
2026-09-09,JSWINFRA,JSW Infrastructure Ltd.,Services,332.0,330.1499938964844,343.45001220703125,329.1000061035156,341.3999938964844,2.8313234627964987,3.407542089347225,-0.5572307540709714,5359382.0,2074505.2,2277436.4,3096578.66,2.353252103988502,0.8571416419088046,52.36487204677267,-1.3878483129108676,-6.689148007171203,4,-0.861429030297977,-0.42875798063517556,3.692752493094476,3.260081443431674
2026-09-09,TORNTPOWER,Torrent Power Ltd.,Power,1270.199951171875,1273.0,1322.4000244140625,1271.5999755859375,1305.699951171875,2.7948355664199185,2.568731435339749,0.220441578945244,486733.0,1015599.8,442687.15,387745.46,1.0994965632049631,0.6712587167250585,57.34072021715917,0.5020321581877454,-30.124480799570723,5,-0.861429030297977,-0.42875798063517556,3.6562645967178957,3.223593547055094
2026-09-10,TATAINVEST,Tata Investment Corporation Ltd.,Financial Services,618.7999877929688,620.0,679.4000244140625,620.0,645.1500244140625,4.25824776032634,4.056455550655242,0.1939256998551746,8165222.0,128100.0,157041.0,292792.68,51.994205334912536,0.4234009103893301,23.36538512134153,-3.7149433550443383,-47.49798509169752,1,0.197600585749952,-0.3771015190590455,4.0606471745763875,4.635349279385385
2026-09-10,BLUESTARCO,Blue Star Ltd.,Consumer Durables,1456.9000244140625,1450.0,1518.5,1450.0,1514.0,3.919278922992813,4.413793103448276,-0.473610014306751,997496.0,657675.6,434178.9,476575.12,2.297430851660456,0.9343065693430656,39.86253910910888,-2.2303334373308146,-27.98243831613156,2,0.197600585749952,-0.3771015190590455,3.721678337242861,4.296380442051858
2026-09-10,EXIDEIND,Exide Industries Ltd.,Automobile and Auto Components,410.75,411.0,424.0,411.0,420.8500061035156,2.458918101890597,2.396595159006235,0.0608642726719415,3849629.0,1814371.2,2164223.75,4810527.96,1.7787573951168405,0.7576927771935096,13.232258688854827,-7.886032280441017,-17.254229441901483,3,0.197600585749952,-0.3771015190590455,2.261317516140645,2.8360196209496427
2026-09-10,ICICIPRULI,ICICI Prudential Life Insurance Company Ltd.,Financial Services,462.5,462.0499877929688,475.1499938964844,455.2999877929688,471.0,1.8378378378378375,1.9370224961550029,-0.0972999366554054,2174563.0,1055480.6,1245077.25,1680282.76,1.746528578849224,0.7909323616908425,31.332690286642205,-7.446318412757122,-34.337147214508214,4,0.197600585749952,-0.3771015190590455,1.6402372520878854,2.214939356896883
2026-09-10,NAM-INDIA,Nippon Life India Asset Management Ltd.,Financial Services,1164.800048828125,1156.5999755859375,1186.300048828125,1152.4000244140625,1185.0,1.7341990320310894,2.455475100600357,-0.7039897749349667,1085689.0,1263146.4,1433434.9,1104236.06,0.7574037718769091,0.961650504664955,32.00425201946993,-2.5618472983399765,-8.247337626772351,5,0.197600585749952,-0.3771015190590455,1.5365984462811373,2.111300551090135
2026-09-11,AIIL,Authum Investment & Infrastructure Ltd.,Financial Services,512.2999877929688,508.0,558.0,503.0,544.3499755859375,6.256097707720584,7.155507005105807,-0.8393495794316641,5994616.0,118803.8,402159.8,463953.36,14.906054757337754,0.7518177379261364,36.33253887795866,-5.1441250465406805,-24.992681143049964,1,-0.3394746067470318,-0.24624421504742566,6.595572314467615,6.50234192276801
2026-09-11,YESBANK,Yes Bank Ltd.,Financial Services,22.299999237060547,22.229999542236328,23.950000762939453,22.06999969482422,23.479999542236328,5.291481370164037,5.623032054611777,-0.3138999875295318,234792571.0,38049375.8,49313939.45,56203487.0,4.76118058339385,0.7499994927267156,41.77631807372935,-0.8778784585901555,-13.49884157058096,2,-0.3394746067470318,-0.24624421504742566,5.6309559769110695,5.537725585211463
2026-09-11,INDUSTOWER,Indus Towers Ltd.,Telecommunication,372.0,372.0,390.8500061035156,372.0,388.0,4.301075268817205,4.301075268817205,0.0,16707001.0,2927191.6,4015308.35,5383768.36,4.160826403282329,0.8488060912094832,47.113161791863256,-1.360273725512302,-19.833850485918784,3,-0.3394746067470318,-0.24624421504742566,4.640549875564236,4.547319483864631
2026-09-11,PAYTM,One 97 Communications Ltd.,Financial Services,1739.0,1745.0,1840.0,1726.800048828125,1807.5,3.939045428407131,3.5816618911174785,0.3450258769407705,9269434.0,3815850.6,3860135.0,4204794.5,2.4013237878986096,0.7128974026618241,61.15978533368074,5.309053991964717,-1.1313903085931072,4,-0.3394746067470318,-0.24624421504742566,4.278520035154163,4.185289643454556
2026-09-11,WAAREEENER,Waaree Energies Ltd.,Capital Goods,2546.0,2543.300048828125,2635.0,2515.10009765625,2625.0,3.102906520031422,3.2123599104840124,-0.1060467860123723,1067044.0,435595.6,464039.8,656832.28,2.299466554377448,0.9165970963735212,26.10133521680767,-3.1695992674758484,-34.03804774407467,5,-0.3394746067470318,-0.24624421504742566,3.4423811267784536,3.3491507350788474
2026-09-14,360ONE,360 ONE WAM Ltd.,Financial Services,1091.0,1091.0,1091.0,1091.0,1091.0,0.0,0.0,0.0,0.0,814966.8,828391.1,1115690.12,0.0,0.5,25.200815270239488,-6.1674883192067815,-11.233355730163892,1,0.0,0.0,0.0,0.0
2026-09-14,NHPC,NHPC Ltd.,Power,76.37999725341797,76.37999725341797,76.37999725341797,76.37999725341797,76.37999725341797,0.0,0.0,0.0,0.0,11550548.0,9285486.8,11349335.08,0.0,0.5,48.29757871485099,0.1330609368560608,-12.606419837677668,2,0.0,0.0,0.0,0.0
2026-09-14,MFSL,Max Financial Services Ltd.,Financial Services,1477.0,1477.0,1477.0,1477.0,1477.0,0.0,0.0,0.0,0.0,587657.6,521956.5,707885.44,0.0,0.5,33.440388114028494,-4.399128556245062,-21.955085865257598,3,0.0,0.0,0.0,0.0
2026-09-14,MOTILALOFS,Motilal Oswal Financial Services Ltd.,Financial Services,1026.5,1026.5,1026.5,1026.5,1026.5,0.0,0.0,0.0,0.0,789047.0,1278406.75,1228047.56,0.0,0.5,59.93467213676535,1.5547321517591923,-5.679935120924588,4,0.0,0.0,0.0,0.0
2026-09-14,MPHASIS,MphasiS Ltd.,Information Technology,2295.0,2295.0,2295.0,2295.0,2295.0,0.0,0.0,0.0,0.0,331311.4,407157.45,536521.72,0.0,0.5,34.0810457166142,-4.9260327716798935,-22.41116644188475,5,0.0,0.0,0.0,0.0
2026-09-15,TATAINVEST,Tata Investment Corporation Ltd.,Financial Services,650.9000244140625,700.1500244140625,750.5,700.1500244140625,718.3499755859375,10.36256700598424,2.5994359119113177,7.566446174945937,24516580.0,1798539.6,563859.55,457363.12,43.479941059790505,0.361468917513401,53.87805427139707,1.669767840365575,-44.77446111871132,1,-1.1945414570677857,-2.140458889944426,11.557108463052025,12.503025895928666
2026-09-15,HEXT,Hexaware Technologies Ltd.,Information Technology,497.0499877929688,497.75,527.2000122070312,497.75,517.5,4.114276774823922,3.9678553490708186,0.1408333616784674,441056.0,130919.8,429241.95,792276.46,1.0275230554702306,0.6706279053862207,2.6127701272612143,-7.311320823839266,-37.30202279295834,2,-1.1945414570677857,-2.140458889944426,5.308818231891707,6.254735664768347
2026-09-15,MPHASIS,MphasiS Ltd.,Information Technology,2295.0,2353.0,2461.10009765625,2353.0,2378.0,3.6165577342047928,1.062473438164046,2.52723311546841,1176828.0,254789.4,387988.9,526322.38,3.0331486287365435,0.2312671361269078,33.29267304246082,-4.500740594403828,-22.41116644188475,3,-1.1945414570677857,-2.140458889944426,4.811099191272579,5.757016624149219
2026-09-15,DABUR,Dabur India Ltd.,Fast Moving Consumer Goods,376.0,379.0,390.9500122070313,376.75,384.8999938964844,2.3670196533203125,1.5567266217636873,0.7978723404255319,9936721.0,1508653.4,1655404.7,1816895.76,6.002593202737675,0.5739427387568611,25.355788141317205,-2.5622756598183907,-29.62900736924373,4,-1.1945414570677857,-2.140458889944426,3.561561110388098,4.507478543264739
2026-09-15,TATAELXSI,Tata Elxsi Ltd.,Information Technology,3383.0,3450.0,3532.10009765625,3418.10009765625,3440.0,1.6848950635530595,-0.2898550724637681,1.9804906887378064,424602.0,132126.4,162942.2,323002.06,2.605844280978163,0.1921044065241228,24.618697156257184,-5.381083639148565,-42.12322783406066,5,-1.1945414570677857,-2.140458889944426,2.879436520620845,3.825353953497485
2026-09-16,PATANJALI,Patanjali Foods Ltd.,Fast Moving Consumer Goods,338.54998779296875,339.04998779296875,367.3999938964844,337.5,365.0,7.812734650933159,7.653742262594296,0.147688677604018,28837966.0,1327638.2,1757927.35,5274009.92,16.404526614822846,0.919732629217474,20.909126200879086,-1.838395280904816,-44.20704620667158,1,0.4282266299549292,0.04472511785330616,7.384508020978229,7.768009533079852
2026-09-16,POLICYBZR,PB Fintech Ltd.,Financial Services,1736.0,1739.9000244140625,1847.0,1710.0999755859375,1827.0999755859373,5.247694446194556,5.011779409638257,0.22465578422019,2054206.0,581381.4,1011828.0,1213338.04,2.030192878631546,0.8546382697940677,36.33736556419579,-4.195053702038227,-11.617959313955131,2,0.4282266299549292,0.04472511785330616,4.8194678162396265,5.20296932834125
2026-09-16,MFSL,Max Financial Services Ltd.,Financial Services,1425.9000244140625,1425.9000244140625,1491.699951171875,1423.5999755859375,1487.5999755859375,4.3270881629467,4.3270881629467,0.0,929997.0,393622.6,462136.85,678267.64,2.012384426820757,0.9397947568899844,21.089340799007743,-6.943808365590123,-24.65521667561096,3,0.4282266299549292,0.04472511785330616,3.8988615329917713,4.282363045093394
2026-09-16,PAYTM,One 97 Communications Ltd.,Financial Services,1730.0,1830.0,1855.5,1731.0999755859375,1790.0,3.4682080924855487,-2.185792349726776,5.780346820809249,15413025.0,4444472.4,4024542.05,4284447.0,3.8297587175166927,0.4734727721436386,51.345119390162345,2.847325301063873,-5.978260869565218,4,0.4282266299549292,0.04472511785330616,3.0399814625306196,3.4234829746322424
2026-09-16,APARINDS,Apar Industries Ltd.,Capital Goods,16550.0,16610.0,17200.0,16015.0,17075.0,3.1722054380664653,2.79951836243227,0.3625377643504531,108334.0,97975.2,113995.6,145306.1,0.9503349252076396,0.8945147679324894,45.41068296164446,-3.9056377313533592,-10.059792263052795,5,0.4282266299549292,0.04472511785330616,2.743978808111536,3.127480320213159
2026-09-17,NIACL,The New India Assurance Company Ltd.,Financial Services,184.19000244140625,186.5,201.2400054931641,186.5,197.0500030517578,6.981921081434662,5.656838097457272,1.2541384048944768,34650793.0,3716628.4,11637268.15,5926031.14,2.9775710719529997,0.7157394247003885,49.55760184855745,-5.645684728925649,-24.076670318460856,1,0.2282751054876457,0.8943207554187935,6.753645975947017,6.087600326015869
2026-09-17,JKCEMENT,J.K. Cement Ltd.,Construction Materials,4750.0,4780.0,5055.0,4745.5,5027.0,5.8315789473684205,5.167364016736402,0.631578947368421,79376.0,35838.8,34619.7,49441.42,2.292798608884537,0.9095315024232632,18.50162866415762,-5.95409569913231,-31.890291407486387,2,0.2282751054876457,0.8943207554187935,5.603303841880775,4.937258191949627
2026-09-17,TATAINVEST,Tata Investment Corporation Ltd.,Financial Services,681.9500122070312,676.0999755859375,733.5,670.0,719.2999877929688,5.476937446640668,6.389589375386717,-0.8578395067639876,3732302.0,7623341.0,2015229.45,1027877.62,1.8520481625553853,0.7763777605191929,60.721019303681146,5.692633662446602,-42.14002841966856,3,0.2282751054876457,0.8943207554187935,5.248662341153023,4.582616691221874
2026-09-17,BHEL,Bharat Heavy Electricals Ltd.,Capital Goods,410.6000061035156,411.5499877929688,430.75,410.7999877929688,429.2000122070313,4.529957580864334,4.288670863219996,0.2313642657895204,8684564.0,4988168.4,6111191.1,9833936.42,1.421091871926571,0.9223064238315368,36.25661498137411,-3.2408186077238,-8.040312182863243,4,0.2282751054876457,0.8943207554187935,4.301682475376689,3.6356368254455402
2026-09-17,ICICIPRULI,ICICI Prudential Life Insurance Company Ltd.,Financial Services,470.0,470.0,496.8999938964844,468.75,490.5,4.361702127659575,4.361702127659575,0.0,2550650.0,1047774.2,1231099.9,1636148.56,2.071846484594792,0.772646703938232,32.30087539184913,-4.227733745319111,-33.2723441963651,5,0.2282751054876457,0.8943207554187935,4.133427022171929,3.467381372240781
2026-09-18,JSWINFRA,JSW Infrastructure Ltd.,Services,326.6499938964844,329.8999938964844,356.95001220703125,326.1000061035156,348.25,6.61258426668169,5.562293556535641,0.994948740464366,25470641.0,2198357.8,2234927.65,2986761.64,11.396628879686553,0.7179899356311696,32.69637345282085,-2.9380110880993846,-8.192803512249146,1,0.3257362617311426,1.4754850413894083,6.2868480049505475,5.137099225292282
2026-09-18,UNOMINDA,UNO Minda Ltd.,Automobile and Auto Components,1205.0,1213.199951171875,1284.0,1206.800048828125,1284.0,6.556016597510374,5.835810392156429,0.6804938731846473,1277954.0,337899.0,619014.8,729773.26,2.0644966808548038,1.0,34.40246714725366,-2.733157711551038,-12.60849462770264,2,0.3257362617311426,1.4754850413894083,6.230280335779232,5.080531556120966
2026-09-18,RVNL,Rail Vikas Nigam Ltd.,Construction,201.6999969482422,201.8000030517578,214.2899932861328,200.77999877929688,214.2899932861328,6.241941759236277,6.189291400145102,0.0495816088392343,9469057.0,3214407.6,4350556.0,4357047.84,2.1765165188081705,1.0,31.5339219763266,-3.982787897958123,-49.34763518321376,3,0.3257362617311426,1.4754850413894083,5.916205497505135,4.766456717846869
2026-09-18,AIIL,Authum Investment & Infrastructure Ltd.,Financial Services,527.2000122070312,531.9500122070312,562.0,527.5,559.0,6.031864009229367,5.085061974289622,0.9009863220820028,762508.0,1318695.6,615044.85,583718.34,1.239759994738595,0.9130434782608696,44.163542198976096,-1.6775598418031783,-22.81112559194272,4,0.3257362617311426,1.4754850413894083,5.706127747498225,4.556378967839959
2026-09-18,APARINDS,Apar Industries Ltd.,Capital Goods,17801.0,17800.0,19080.0,17745.0,18858.0,5.937868659064097,5.943820224719102,-0.0056176619291051,271798.0,114769.8,114629.8,145830.36,2.371093729553746,0.8337078651685393,50.56584123645667,2.882381450649715,-3.261290759794734,5,0.3257362617311426,1.4754850413894083,5.612132397332955,4.462383617674689
