tree
version=v4
num_class=1
num_tree_per_iteration=1
label_index=0
max_feature_idx=18
objective=binary sigmoid:1
feature_names=ret_1d ret_3d ret_5d ret_10d ret_20d dist_sma20_feat dist_sma50_feat sma20_trend true_range_pct atr_5d atr_20d compression_ratio vol_surge_t vol_accel_feat adv_20d_cr range_position stock_vs_sector dist_52w_high rsi_prev
feature_infos=[-74.613166909377554:28.691355995629259] [-74.969778780079935:58.224646717096284] [-75.299835180512019:64.915536203126962] [-75.782651548032405:118.29779267462199] [-78.595747414402268:119.09346250730141] [-73.388046646855301:77.5727396709445] [-73.683026974682136:88.728723762513866] [-35.402816260418092:24.676369870433135] [0:27.933851678272088] [0:15.302477638056619] [1.0931229463902636:10.388414644247224] [0:2.6473529317882116] [0:17.204831382082379] [0.06108995552189081:3.7153713626857918] [0.27045906250000001:3952.3753735037512] [0:1] [-72.751910192878697:26.321513490897448] [-86.735000588667816:0] [8.1330582185739928:96.590875288292978]
tree_sizes=3362 3382 3396 3382 3398 3409 3407 3412 3409 3413 3428 3434 3442 3423 3439 3444 3436 3451 3430 3454 3440 3435 3453 3434 3440 3446 3446 3452 3444 3454 3450 3461 3453 3436 3441 3437 3459 3456 3450 3450 3456 3457 3446 3463 3463 3437 3453 3462 3441 3455 3446 3463 3440 3465 3471 3445 3458 3464 3433 3473 3434 3474 3472 3441 3488 3445 3442 3483 3485 3460 3438 3485 3443 3484 3429 3461 3481 3472 3469 3452 3491 3475 3453 3432 3471 3464 3474 3474 3446 3454 3478 3472 3465 3488 3479 3432 3469 3476 3471 3477 3473 3450 3483 3477 3461 3471 3441 3485 3491 3454 3474 3470 3490 3475 3447 3477 3451 3452 3462 3457 3474 3429 3464 3456 3488 3475 3444 3454 3437 3463 3452 3433 3453 3429 3441 3467 3448 3436 3489 3448 3432 3447 3491 3489 3453 3464 3437 3446 3477 3445

Tree=0
num_leaves=31
num_cat=0
split_feature=9 9 9 11 6 0 9 17 17 11 6 17 8 11 8 11 6 14 9 12 14 2 13 8 18 7 16 16 14 18
split_gain=138301 29074.9 17585.2 12832.4 8325.58 6328.14 6185.26 6049.5 5992.86 6289.2 5032.98 5275.99 4983.79 4732.84 4585.53 3978.55 3738.2 4647.39 3663.59 3523.37 3305.72 3099.74 3000.5 3001.65 2994.8 2918.97 2599.64 4715.11 2544.8 2879.81
threshold=3.2387781643153351 4.7166773571457252 2.7274285757750092 1.1293264418954367 0.8061046374009323 3.4389079813604559 1.7869530464336427 -1.5493937468263295 -34.07206591184206 0.74833335749394758 13.787198230875118 -40.392174176758374 3.6202354382575677 0.66900044789525215 3.3789098730734946 0.68460410507035163 11.773438265181278 98.981234957352925 3.8973229068305986 1.072647547450476 42.906337563664714 -12.365777054650438 0.98187705248221302 1.5562775118451275 36.093324329275688 3.3213894754575928 0.013034396529631039 1.8975251112893259 116.05531809121219 39.084839510860597
decision_type=2 2 2 2 2 2 2 2 2 2 2 2 2 2 2 2 2 2 2 2 2 2 2 2 2 2 2 2 2 2
left_child=2 3 4 5 8 16 -6 15 -1 22 11 -3 25 -4 20 -8 17 -2 -19 -14 -15 -13 23 -10 -22 -5 -17 -28 29 -11
right_child=1 10 13 12 6 -7 7 -9 9 28 -12 21 19 14 -16 26 -18 18 -20 -21 24 -23 -24 -25 -26 -27 27 -29 -30 -31
leaf_value=-3.2054777034620141 -2.9796097845118537 -2.6824030416689197 -2.8599982415598153 -3.3210509589659711 -3.5274462338522956 -2.7785396674649396 -3.0234133451582634 -3.5962802169777657 -3.5823205498889359 -3.6576796354759518 -2.7336650323717029 -2.6884774403728882 -3.2849523353301535 -3.1369525846784652 -3.0831449858622495 -3.1900517372803812 -2.890323998841664 -3.2487769394439869 -3.0030909063817397 -3.01504596230731 -3.7005043527384789 -2.953873607089148 -2.9698819161057211 -3.2722558238471975 -3.2829928441187 -2.9651735663819538 -3.394315270278208 -3.0474090695075322 -3.6828737256507682 -3.443937124007757
leaf_weight=91.096646159887314 407.90722787380219 99.862388908863068 41.574101597070694 178.15587967634201 81.210697829723358 128.55991062521935 77.549958616495132 41.982144623994827 38.988993465900421 73.948350757360458 376.41822847723961 44.371225357055664 56.758389681577682 160.7368725836277 237.99952441453934 261.79393371939659 196.34022480249405 134.60238939523697 91.93310672044754 186.74684011936188 16.39281815290451 368.92896577715874 20.464726865291595 100.60696321725845 272.38996028900146 23.476385861635208 185.64349335432053 43.530767738819122 80.150448113679886 243.66763171553612
leaf_count=2350 7524 876 605 5266 2946 1530 1541 1617 1484 2996 3930 398 1611 3788 5192 6622 3051 3662 1766 3660 687 6496 371 2814 7714 422 5930 899 3313 8177
internal_value=-3.1116 -2.95118 -3.2894 -3.03618 -3.35389 -2.97441 -3.28148 -3.24876 -3.43108 -3.46792 -2.81698 -2.8781 -3.1693 -3.17083 -3.18962 -3.2231 -3.00472 -3.04012 -3.14907 -3.07796 -3.246 -2.92538 -3.30912 -3.35886 -3.30669 -3.27962 -3.25464 -3.32842 -3.53182 -3.4937
internal_weight=4363.79 2294.06 2069.73 1404.48 1340.63 959.343 691.711 610.5 648.924 557.827 889.581 513.163 445.137 729.093 687.519 568.518 830.783 634.443 226.535 243.505 449.52 413.3 160.061 139.596 288.783 201.632 490.968 229.174 397.766 317.616
internal_count=99238 40192 59046 28492 41060 17533 19555 16609 21505 19155 11700 7770 10959 17986 17381 14992 16003 12952 5428 5271 12189 6894 4669 4298 8401 5688 13451 6829 14486 11173
is_linear=0
shrinkage=1


Tree=1
num_leaves=31
num_cat=0
split_feature=10 12 7 10 15 10 0 7 7 15 12 12 10 9 12 11 11 4 15 5 0 8 17 12 2 17 11 15 3 2
split_gain=18935.5 6220.19 4247.48 3450.17 2604.62 2554.86 2314.32 2164.58 2147.68 1956.7 1924.44 1726.68 1532.04 1529.72 1499.48 1472.43 1904.36 1594.47 1427.02 1861.76 2405.99 1881.77 1586.61 1585.89 1581.92 1576.39 1489.69 1461.47 1461.45 1301.12
threshold=3.0760711967543446 0.96695414277254954 -0.1705445620561685 4.7188816225465233 0.13771635334472318 2.4245409578198971 -0.25262389114949296 -0.9084183340391293 -4.8809356010233165 0.69230729460833595 1.0509359902509401 1.5566321234599261 2.2925810833517151 1.558307653488221 3.1804438441311573 0.93216602385295688 1.0445490420045844 -1.5197190575715889 0.50000016228402444 0.68101999821755055 -1.8817716080673745 2.371264574301486 -2.9773437678837289 0.70239740427725395 5.1148689542520174 -4.7373364096145085 0.80977665222607931 0.73969472092074739 4.9280780298915152 6.0908107472634763
decision_type=2 2 2 2 2 2 2 2 2 2 2 2 2 2 2 2 2 2 2 2 2 2 2 2 2 2 2 2 2 2
left_child=1 2 4 10 7 6 9 -1 -6 -3 -2 15 -4 -14 -7 -8 17 -17 19 21 -21 -15 25 -23 26 28 -22 -27 29 -20
right_child=3 5 12 -5 8 14 11 -9 -10 -11 -12 -13 13 18 -16 16 -18 -19 22 20 24 23 -24 -25 -26 27 -28 -29 -30 -31
leaf_value=0.3976743352504209 0.32575646302917532 0.1111214832302018 0.18942002501387808 0.39462570231723204 0.60808106557962061 0.32720360635901374 0.06788657224076404 0.033909268023800725 0.11073325323360254 0.59117007878660677 0.36936475260225005 0.37574348400339957 0.61910054072242637 0.093979325221658763 0.45150274771326843 -0.030929258563415846 0.1741161708383667 0.49334996059074909 0.22783789577919905 -0.031226095238341651 0.24203888618415978 0.40458020361489794 0.011781682872372823 0.11864035220852155 0.10649500888780075 0.52588945988525071 0.43083522407508112 0.1526445166765355 0.037747834923309471 0.6280770031120414
leaf_weight=59.351181952282786 2279.7392315156758 116.3090841807425 225.07234693877399 1697.8020046185702 7.9618256334215394 685.01628546789289 38.592630434781313 19.578882817178965 421.78683573938906 8.1791968401521427 1516.7079459559172 134.43833656981587 11.743591172620652 61.022750973701477 100.11236363649368 5.9773630425333968 61.985706904903054 41.245809083804488 137.56033877469599 13.882880162447689 46.574190191924572 55.476910961791873 29.701758855953813 25.472106005996466 18.472125427797437 29.692605726420879 195.52014510519803 13.843471840023993 36.926785752177238 7.7203466501086941
leaf_count=1012 27617 3034 5451 8970 65 10115 1133 565 11481 87 12212 1979 150 1546 770 212 1417 577 2809 375 939 761 889 573 409 297 2466 305 965 57
internal_value=0.327473 0.260927 0.218452 0.359076 0.14904 0.311439 0.250414 0.307441 0.119947 0.142662 0.343178 0.297941 0.257308 0.27966 0.343053 0.227172 0.283461 0.426988 0.273726 0.30797 0.353593 0.219774 0.217904 0.314604 0.374096 0.245024 0.394515 0.407206 0.206272 0.249107
internal_weight=8103.47 2609.22 1417.36 5494.25 508.679 1191.86 406.728 78.9301 429.749 124.488 3796.45 282.24 908.682 683.61 785.129 147.802 109.209 47.2232 671.866 416.421 274.449 141.972 255.445 80.949 260.566 225.744 242.094 43.5361 182.207 145.281
internal_count=99238 50439 31115 48799 13123 19324 8439 1577 11546 3121 39829 5318 17992 12541 10885 3339 2206 789 12391 7069 4189 2880 5322 1334 3814 4433 3405 602 3831 2866
is_linear=0
shrinkage=0.03


Tree=2
num_leaves=31
num_cat=0
split_feature=10 3 8 17 17 12 14 10 14 10 13 6 6 1 10 13 11 14 2 15 18 15 12 6 14 12 17 3 14 12
split_gain=8030.26 3203.4 2260.29 2174.81 2127.09 2038.55 2017.97 1383.09 1345.7 1332.02 1317.33 1308.56 1576.91 1152.04 1066.02 1057.58 1024.36 2007.72 1502.73 996.891 981.387 1007.41 972.054 1212.04 960.321 1013.59 1119.9 937.547 925.223 885.305
threshold=3.1899102353629218 -0.57154836713603763 2.3477168824668686 -1.5493937468263295 -35.646384779427379 2.2274192080771198 26.188211308112795 2.1041635684526248 51.395074650382547 2.2367996495633551 1.7390930504002766 0.96993521229323187 1.7001150974277797 -0.70413792984714274 4.8022950532263176 1.7148244897453317 0.79475369495875181 32.103492181688544 -2.1095386512204213 0.58356850503638247 29.518223167229902 0.89516235216504969 0.35516669193118655 14.044638087596129 78.234174665082108 1.1048486379990194 -0.92083297984973267 10.233267557781835 65.96043530581278 0.30982144341595752
decision_type=2 2 2 2 2 2 2 2 2 2 2 2 2 2 2 2 2 2 2 2 2 2 2 2 2 2 2 2 2 2
left_child=1 2 8 5 -4 6 29 -6 13 11 -9 15 19 16 24 -8 18 -18 -1 -13 -15 -22 23 -11 -2 26 -26 -5 -14 -3
right_child=14 3 4 27 7 -7 9 10 -10 22 -12 12 28 20 -16 -17 17 -19 -20 -21 21 -23 -24 -25 25 -27 -28 -29 -30 -31
leaf_value=-0.031323420947731745 0.25962663442493528 0.049658638962399193 0.310935555067265 0.050805536284855582 -0.031144463188509872 0.29864409884949705 0.026073825044960558 0.19260618430519394 0.077854523815765075 0.029274699377961916 -0.031849914157832469 0.46574782442417162 0.027606359759169433 0.40254781454809035 0.27149625773718633 0.47240232250994435 0.027214576900562011 0.32256964271483152 0.41832580577321982 0.10421414453381377 0.050016548857517745 0.49348647074697943 0.21887720040057929 0.5566665073488738 0.21998253467847523 0.25718551048089755 -0.032005994152382609 0.21619263333366071 0.18943752931509861 0.27919161487034189
leaf_weight=8.0490680448710901 2459.3519565649331 15.653930710628627 122.50722757726908 92.978087237104774 28.081332406029105 315.48385429382324 88.91984748840332 612.76293747313321 326.45130228623748 41.905392397195101 24.472668848931789 25.592701215296984 43.130973944440484 8.794083232060073 2238.0061175152659 5.0493043791502705 43.500259522348642 39.542959280312061 39.594281259924173 9.3800811916589719 93.818716498091817 4.8484728112816802 1173.2019484508783 4.3267855606973162 1433.9766313768923 940.18668508529663 16.050667103379965 46.16508312150836 120.97929299995303 446.10440118610859
leaf_count=209 16920 304 1042 2253 831 2008 2393 8693 7680 923 472 213 975 84 8190 33 1081 547 321 186 2153 37 15306 21 13581 5124 292 545 2052 4769
internal_value=0.235534 0.200231 0.163226 0.220835 0.196059 0.227833 0.216517 0.174906 0.117413 0.199759 0.183986 0.142329 0.185882 0.171639 0.254369 0.0500567 0.231473 0.167855 0.34236 0.368781 0.0988745 0.0718085 0.21356 0.0786323 0.246466 0.232924 0.217193 0.105678 0.146906 0.27141
internal_weight=10868.9 3781.29 1352.42 2428.87 787.824 2289.73 1974.24 665.317 564.599 1512.49 637.236 293.052 199.083 238.148 7087.57 93.9692 130.687 83.0432 47.6433 34.9728 107.461 98.6672 1219.43 46.2322 4849.57 2390.21 1450.03 139.143 164.11 461.758
internal_count=99238 55131 23150 31981 11038 29183 27175 9996 12112 22102 9165 5852 3426 4432 44107 2426 2158 1628 530 399 2274 2190 16250 944 35917 18997 13873 2798 3027 5073
is_linear=0
shrinkage=0.03


Tree=3
num_leaves=31
num_cat=0
split_feature=10 5 14 10 14 1 9 1 14 18 1 9 16 0 10 6 2 3 11 11 18 3 10 16 3 13 0 16 3 3
split_gain=4570.09 1780.62 1373.88 1592.64 1149.48 1097.61 1023.94 927.779 973.99 909.409 882.493 881.703 869.406 885.582 862.768 930.476 861.304 960.852 807.195 1042.06 794.847 779.856 854.111 769.351 762.872 751.726 751.501 847.055 728.2 696.854
threshold=3.2477451559561583 -0.047900552316122703 118.16755749809481 2.2584279054927143 76.634281636000537 1.6641372458815809 2.1864443585910176 -0.53187833615245805 18.833371257928469 60.230585879096175 1.701485328474728 1.7496063955428076 0.26381973223619859 1.1799144792194027 3.103884482435542 -6.587959742541412 -0.74608929295758564 -1.0987560939531513 0.85966292310561232 0.78623282692134211 29.518223167229902 -2.3302735847654126 2.70590274792217 -1.0148654895603897 2.9698358299770526 0.76381945540208451 4.1019210902327474 -2.3025744277261415 -1.039388343627373 -2.787288797712955
decision_type=2 2 2 2 2 2 2 2 2 2 2 2 2 2 2 2 2 2 2 2 2 2 2 2 2 2 2 2 2 2
left_child=1 2 3 20 16 -6 -4 12 23 -8 11 25 28 14 -14 -16 17 -3 19 -7 -1 22 -12 -9 -23 -10 27 -2 -5 -18
right_child=26 4 6 7 5 18 9 8 10 -11 21 -13 13 -15 15 -17 29 -19 -20 -21 -22 24 -24 -25 -26 -27 -28 -29 -30 -31
leaf_value=0.23509613083163242 0.22013349169575866 -0.03178404618777584 -0.0016822786564495817 0.18397905761729896 0.13107460425794643 0.17569570988444613 0.10273225973983537 -0.031848457175965059 -0.031348196672119528 0.32286774743445484 0.3450899522626637 0.034486440797380676 0.018724694802507689 0.21816566374177274 0.35352014127907555 -0.032133381388703017 0.36468524349471027 0.2601273729763896 0.19555699273770413 -0.031701303207855011 0.067470223728522474 -0.031793418135556729 0.13248206804933849 0.23298965046250592 0.31741254944267966 0.39244772553188634 0.22061871814779146 0.19127022707884481 0.25955272970875953 0.18276931197714397
leaf_weight=28.60223956592381 1075.1482517793775 10.61524444632232 85.729335889220238 506.50052486732602 702.49013588577509 61.29754857160151 292.96653718501329 11.00315899401903 5.4922664072364595 17.922954510897398 30.375465778633952 153.72991700842977 75.643838608637452 55.896539298817515 16.49492130428553 8.5486931502819044 19.240718407556415 230.74675131775439 642.22552122361958 33.84111219830811 231.67897087521851 24.889463357627392 38.636903895065188 96.029842026531696 7.2762687020003787 11.991376642137764 1266.7424544543028 6146.8298586793244 148.36186075210571 1260.5857723709196
leaf_count=355 4124 212 2150 5549 9491 778 4508 214 142 96 215 2864 1441 457 63 143 96 1741 5719 714 5116 500 447 927 30 56 3233 34404 1217 12236
internal_value=0.186068 0.162701 0.139592 0.153116 0.177122 0.15791 0.0901108 0.167809 0.129085 0.115423 0.0989554 0.0574453 0.185916 0.122412 0.0692539 0.221876 0.195307 0.247289 0.183476 0.101924 0.0858906 0.169199 0.22606 0.205764 0.0472011 0.259318 0.199306 0.195567 0.201101 0.185504
internal_weight=13297.5 4808.81 1847.77 1451.15 2961.04 1439.85 396.619 1190.87 379.425 310.889 272.392 171.214 811.446 156.584 100.687 25.0436 1521.19 241.362 737.364 95.1387 260.281 101.178 69.0124 107.033 32.1657 17.4836 8488.72 7221.98 654.862 1279.83
internal_count=99238 57477 26490 19736 30987 16702 6754 14265 5395 4604 4254 3062 8870 2104 1647 206 14285 1953 7211 1492 5471 1192 662 1141 530 198 41761 38528 6766 12332
is_linear=0
shrinkage=0.03


Tree=4
num_leaves=31
num_cat=0
split_feature=10 8 14 8 3 10 9 5 0 16 12 14 15 12 15 13 16 6 13 9 0 15 12 11 3 3 5 10 7 16
split_gain=3136.26 1793.44 1638.41 1219.34 1249.64 993.366 930.842 891.631 885.414 1039.6 882.001 844.061 762.584 828.311 739.534 730.541 718.176 711.516 690.11 683.027 882.819 663.834 647.459 699.318 648.626 634.052 646.438 630.495 579.211 581.938
threshold=3.5250867831165924 2.5038265275891445 75.864704375712293 0.84262705447784236 -2.7198352783762645 2.2820489210000887 1.6761926735397792 -0.2837216541439655 -0.58081237536391395 0.7550185782293245 1.414722926132278 58.204719577258309 0.46000111897786461 0.376438984357573 0.11928498282898224 0.83901738165336026 2.9885647426146842 -12.966942522659711 0.77696536048279385 2.0979955800029271 0.55888422074572441 0.84523100025651454 0.30982144341595752 0.83878362208194945 14.613091029053018 -1.3329987286974263 -0.68448137166017697 2.1542373596372473 1.0374913745443639 1.5139129391460993
decision_type=2 2 2 2 2 2 2 2 2 2 2 2 2 2 2 2 2 2 2 2 2 2 2 2 2 2 2 2 2 2
left_child=1 2 5 -4 16 27 14 11 9 -3 15 12 13 -7 -6 18 -5 -13 19 25 -21 -22 24 -24 -9 26 -8 -1 29 -14
right_child=-2 8 3 4 6 7 10 22 -10 -11 -12 17 28 -15 -16 -17 -18 -19 -20 20 21 -23 23 -25 -26 -27 -28 -29 -30 -31
leaf_value=0.12021449749302193 0.16691441135864493 0.13875163406717728 0.35310392907100069 0.020371494719861119 0.28847258175367241 0.011453657797459368 -0.031492304757684039 0.0045920956821493683 0.16317211846147114 -0.0050640939626811999 -0.032119566619429163 0.26574532052583044 0.022692446027791895 0.17980493025968086 -0.015181906684281158 0.14234234118931249 0.32784971697784204 -0.03185791989967502 -0.0090062717040730201 0.084395590408806509 0.23642440028783501 -0.031885170806420428 0.21755675782233622 0.15807328461386416 0.31613890386933269 0.010311267629610002 0.29993359797606273 0.028008108419990411 0.26322158762768039 0.22497236474510013
leaf_weight=309.7509245518595 8386.7812136039138 1454.5638167057186 16.541723128408194 219.89545071311295 7.952081659808754 29.217430526390672 8.0921475440263766 34.425366288051009 2621.1910131499171 46.689377648755908 35.077661512419581 8.5173684097826463 92.800741404294968 263.67682067118585 78.238520056009293 575.872997475788 7.056045774370431 47.844493547454476 55.513492505997419 120.13240204937756 80.494524724781513 9.2530717980116588 284.92869129218161 473.45092114061117 7.2875593900680533 90.471297472715378 15.331773070618508 85.073266759514809 12.913337042555211 14.8481297660619
leaf_count=4802 31986 12385 182 4407 95 484 191 507 17626 721 607 23 1502 2239 1846 6395 14 946 1014 1622 575 176 1865 3535 5 1645 112 1522 72 137
internal_value=0.154489 0.139827 0.122116 0.0971538 0.0939054 0.141908 0.107394 0.15483 0.15265 0.134279 0.115624 0.122025 0.136871 0.163011 0.0128337 0.12105 0.0299312 0.0131157 0.0887215 0.105478 0.137576 0.208761 0.174092 0.180422 0.0590216 0.0463281 0.185438 0.100347 0.0733676 0.0505931
internal_weight=15493.9 7107.1 2984.66 1319.92 1303.38 1664.74 1076.43 1269.91 4122.44 1501.25 990.239 469.818 413.456 292.894 86.1906 955.162 226.951 56.3619 379.289 323.775 209.88 89.7476 800.093 758.38 41.7129 113.895 23.4239 394.824 120.562 107.649
internal_count=99238 67252 36520 18881 18699 17639 14278 11315 30732 13106 12337 5403 4434 2723 1941 11730 4421 969 5335 4321 2373 751 5912 5400 512 1948 303 6324 1711 1639
is_linear=0
shrinkage=0.03


Tree=5
num_leaves=31
num_cat=0
split_feature=5 4 7 12 17 7 14 15 2 1 5 13 15 15 14 18 6 2 15 13 14 12 15 13 13 3 18 12 5 13
split_gain=1505.88 1080.63 1147.4 1054.57 1012.16 813.546 667.078 645.249 633.107 621.826 583.399 547.127 506.935 642.725 547.906 516.447 606.679 653.313 756.553 628.931 602.525 590.686 543.65 497.36 586.828 551.785 740.629 706.189 537.942 516.736
threshold=8.799553854255846 -12.734739292349621 -0.1705445620561685 0.7996913805488014 -1.5493937468263295 -0.29913427415014232 201.79943079885436 0.11436592811913723 1.3422858427318276 -5.2011724225373808 0.726541204846337 0.59991989330085105 0.72807180746000399 0.96105965272177774 17.631663437258304 53.207156620901046 -0.94374643158319382 -1.0257481914131947 0.61344888051471436 0.93712123095031064 8.8954970452015711 0.52696213921671442 0.41783536117931114 0.56043445203140052 0.40152310267348917 -1.3329987286974263 41.146601514669392 0.19751567635144465 -8.6857754587904186 0.65344901520406151
decision_type=2 2 2 2 2 2 2 2 2 2 2 2 2 2 2 2 2 2 2 2 2 2 2 2 2 2 2 2 2 2
left_child=1 -1 3 5 9 10 7 8 11 -4 12 -5 15 14 -14 16 17 18 23 -20 21 -19 -18 24 -3 26 27 -25 -29 -28
right_child=-2 2 4 6 -6 -7 -8 -9 -10 -11 -12 -13 13 -15 -16 -17 22 20 19 -21 -22 -23 -24 25 -26 -27 29 28 -30 -31
leaf_value=0.15367587519488043 0.1522968615800015 -0.032734485520178568 0.15915051593554261 0.24150286075174057 0.07599184436529266 0.0090773101251834364 0.075059701068710419 0.134839094843617 0.1691408715271269 0.13131297000644848 0.13402748088137789 -0.0018484138547161363 0.14004204643154736 0.20995969387459582 0.0122274557097508 -0.033098714421196017 0.17422423637216536 -0.032772781003758432 0.22448197379507506 -0.032635978628519233 0.043119385346935539 0.20305440455843207 0.079191492203091379 0.35674829721363838 0.17194955464789816 -0.009143232638950366 -0.032899837419280112 0.16450194289068634 0.014705331965971031 0.16030876458055962
leaf_weight=1386.9554584287107 2854.8823231626302 14.210175063461064 796.0161532536149 9.2560121826827508 280.5815869551152 91.079938700422645 210.1049235984683 2147.1203594915569 37.658456843346357 7786.4880726952106 379.87711164355278 81.790340455248952 36.735027253627777 20.810105040669441 169.28107257187366 25.712260352447629 171.71730015054345 12.282774958759545 74.07248348928988 9.681170739233492 301.98925078473985 43.105475844815373 79.148456767201424 6.5415726248174897 111.68487870879471 53.647425597533584 13.695694863796232 25.700327478349209 134.45487516932189 137.88896359875798
leaf_count=4726 6996 217 2684 21 3210 1208 1582 14085 168 46882 2432 1054 269 24 2299 336 1002 182 340 158 3943 215 711 21 689 729 192 123 1978 762
internal_value=0.132364 0.12848 0.125845 0.11332 0.132062 0.0965777 0.126206 0.130928 0.0656833 0.133895 0.100951 0.0228913 0.0922398 0.0510682 0.0350183 0.0999227 0.102797 0.0917245 0.111341 0.194761 0.0598018 0.150758 0.144241 0.0973062 0.148846 0.0798603 0.0948622 0.0512227 0.0387434 0.142852
internal_weight=17504.2 14649.3 13262.3 4399.25 8863.09 1913.32 2485.93 2275.83 128.705 8582.5 1822.24 91.0464 1442.36 226.826 206.016 1215.53 1189.82 938.955 581.578 83.7537 357.378 55.3883 250.866 497.824 125.895 371.929 318.281 166.697 160.155 151.585
internal_count=99238 92242 87516 34740 52776 17830 16910 15328 1243 49566 16622 1075 14190 2592 2568 11598 11262 9549 5209 498 4340 397 1713 4711 906 3805 3076 2122 2101 954
is_linear=0
shrinkage=0.03


Tree=6
num_leaves=31
num_cat=0
split_feature=10 14 3 12 3 1 14 3 12 18 17 5 4 4 5 16 2 16 10 15 2 5 4 0 0 12 2 10 13 18
split_gain=2114.54 951.012 747.369 645.806 664.956 573.186 583.714 597.384 622.251 639.106 711.381 520.762 700.673 661.167 497.689 487.207 470.687 531.398 492.085 557.004 620.989 478.316 518.934 446.235 690.97 436.968 436.146 440.582 657.892 432.887
threshold=3.5250867831165924 104.36499883514894 -0.45868651131023558 0.59423481173887416 11.213182891868803 -0.70413792984714274 61.402320029698345 -2.6571601642997931 0.66416423072148367 37.814588329281882 -44.058325472366484 -5.713273024996699 1.740105577375284 2.1817510349590901 -3.3162150887375668 1.7294094777760687 0.78513163171377587 -2.2429226499946959 2.4347774809300904 0.21732906284059714 -2.3172686998078169 0.41302925919774464 -3.2409183606680987 -0.82860184808323745 -0.90544177189008168 1.6642702334010291 -1.7284448750541468 1.7686841083783538 1.3306487531864191 32.990505655838
decision_type=2 2 2 2 2 2 2 2 2 2 2 2 2 2 2 2 2 2 2 2 2 2 2 2 2 2 2 2 2 2
left_child=1 2 5 4 11 -1 7 8 15 10 -10 -3 -13 -14 -11 23 18 -18 19 20 -5 22 -22 24 -7 -2 -9 28 -28 -20
right_child=25 3 -4 16 -6 6 -8 26 9 14 -12 12 13 -15 -16 -17 17 -19 29 -21 21 -23 -24 -25 -26 -27 27 -29 -30 -31
leaf_value=0.10949367124813432 0.12196955726143649 0.15708943319083549 0.11965677398442767 -0.031931702194328684 0.17659426270378181 -0.032635388367970079 0.036266758676917109 0.13455730919790679 0.20663151444608766 0.030422108632790882 -0.0046915281901768711 -0.0032972732885373623 0.21836484903541584 0.058579847491168895 0.18887724223858351 0.20029615314006982 -0.033349108641211704 0.11255271136796918 0.020918397672371216 -0.0075903328170178214 -0.031528616920988524 -0.03223201012777871 0.26796639407180994 -0.032365711191903811 0.28757021991046766 0.13736333481273813 -0.031710535098214497 0.023582545427174809 0.33433927527493323 0.099246702473646697
leaf_weight=1389.7157430052757 8445.9787225350738 40.130176899954677 3875.9136957153678 20.638509407639503 42.400674890726805 12.360377147793772 221.6604612339288 53.110453905537724 21.100719597190619 19.990138053894043 44.724672513082623 176.02703890018165 25.326438032090664 292.25930609926581 165.83536428958178 16.265665777027607 22.882680991664529 1236.1294435784221 69.921806152909994 104.04911791346967 6.3160430863499633 8.7252530790865404 29.649440882727504 49.859471945092082 11.908763866871594 2065.4406449645758 7.6801455095410374 180.1511752307415 10.406531244516371 691.50510246865451
leaf_count=10793 28057 293 23929 412 188 182 2972 386 26 208 565 2942 129 3101 659 38 278 8340 709 1877 149 147 172 829 25 3929 157 2198 31 5517
internal_value=0.115898 0.10509 0.111724 0.0905063 0.0622453 0.0977793 0.0778057 0.0933225 0.119126 0.143377 0.0630493 0.0531614 0.0447122 0.0713222 0.171831 0.051612 0.0979418 0.109901 0.0817659 0.0355175 0.104175 0.16703 0.215371 0.018987 0.124488 0.124994 0.0582084 0.0377536 0.178904 0.0920538
internal_weight=19358.1 8846.64 6080.68 2765.96 576.144 2204.77 815.054 593.393 342.045 251.651 65.8254 533.743 493.613 317.586 185.826 90.3943 2189.82 1259.01 930.805 169.378 65.3292 44.6907 35.9655 74.1286 24.2691 10511.4 251.348 198.238 18.0867 761.427
internal_count=99238 67252 42998 24254 6653 19069 8276 5304 2532 1458 591 6465 6172 3230 867 1074 17601 8618 8983 2757 880 468 321 1036 207 31986 2772 2386 188 6226
is_linear=0
shrinkage=0.03


Tree=7
num_leaves=31
num_cat=0
split_feature=10 12 14 17 8 15 6 17 10 1 17 10 12 6 15 17 5 1 8 6 7 12 1 15 8 15 17 7 11 3
split_gain=1825.74 831.38 798.495 712.405 710.523 635.885 602.644 585.264 663.36 600.471 555.556 526.927 498.76 750.126 668.051 498.412 659.643 428.858 699.445 483.691 423.416 418.11 576.668 896.605 634.542 534.475 546.323 506.405 449.378 416.287
threshold=3.0760711967543446 0.96695414277254954 25.659509322510925 -1.5493937468263295 1.2995671611564503 0.81481464575557705 21.042644842628292 -3.5702899083334416 2.3964800623917482 -4.926647245238307 -45.432431373365922 4.4764321294921663 0.72638408908869079 0.32585255579167843 0.58356850503638247 -30.561251399369656 -3.9821715435229312 -0.47137372613549883 1.1843720181894903 3.7741168536690179 1.4376209600063141 0.70616051658936341 1.931314108279947 0.28571509889473151 0.99967427572609735 0.81159500413792074 -33.599353006826369 -0.61011224325064328 1.164169663649522 -1.5184560132228517
decision_type=2 2 2 2 2 2 2 2 2 2 2 2 2 2 2 2 2 2 2 2 2 2 2 2 2 2 2 2 2 2
left_child=1 2 4 15 -1 7 -5 8 12 -10 -7 -2 -4 -14 -15 -3 -17 18 -12 -20 -21 22 23 28 -25 26 -23 -24 -11 -6
right_child=11 3 5 6 29 10 -8 -9 9 21 17 -13 13 14 -16 16 -18 -19 19 20 -22 25 27 24 -26 -27 -28 -29 -30 -31
leaf_value=-0.0061597469439696904 0.10440175615231506 0.13159225024737839 0.014542797368188184 -0.0052528222271850606 0.071739792189858875 0.19321967161945389 0.18871725821762797 0.10906689746550592 0.16042556365353144 0.11820344617474171 0.38402698986179934 0.11602314003550236 0.0085945221294624827 0.1487958215409069 -0.032438621873794843 0.048255962954086809 0.10289960145563085 -0.01062147745678345 -0.032392476657504062 0.20890762462397727 -0.032792323890018793 0.12035736872068009 0.017095963700278893 0.23180502351407176 0.028078164782921609 0.29381540854075994 0.02476403068007443 0.16302016790071333 -0.032932624882497846 0.12539671952755943
leaf_weight=48.262178774923086 9184.7788553573191 475.57571370154619 298.69343514740467 91.598175859078765 170.32544220238924 16.71512333676219 17.108078051358461 384.70008158311248 78.788434039801359 302.45768929645419 6.113452970981597 5684.6284749358892 94.135332215577364 111.85514111816883 21.886814206838608 218.26809011958539 2232.0784588642418 174.53161725588143 32.591520372778177 21.011318992823366 9.4601246342062932 66.214206129312515 25.640779413282871 14.438694126904009 292.5552913248539 7.7950499020516864 287.14642151631415 129.51960619539022 18.806855112314224 551.45376855507493
leaf_count=709 37099 2104 4637 1149 1817 18 38 3176 434 2366 14 11700 1664 709 330 2176 13857 2580 521 78 125 437 367 94 3631 24 3408 638 249 3089
internal_value=0.103142 0.0894657 0.0787086 0.100685 0.105283 0.0701646 0.025274 0.0755638 0.0681986 0.0803167 0.0259083 0.108845 0.0400449 0.0734722 0.119137 0.103487 0.0980321 0.014433 0.0776452 0.0479439 0.13387 0.0748023 0.0871133 0.0743222 0.0376599 0.0480972 0.0426767 0.138906 0.109356 0.112735
internal_weight=21069.1 6199.73 3165.1 3034.63 770.041 2395.06 108.706 2134.63 1749.93 1223.36 260.423 14869.4 526.571 227.877 133.742 2925.92 2450.35 243.708 69.1764 63.063 30.4714 1144.57 783.419 628.259 306.994 361.156 353.361 155.16 321.265 721.779
internal_count=99238 50439 31115 19324 5615 25500 1187 22164 18988 11648 3336 48799 7340 2703 1039 18137 16033 3318 738 724 203 11214 7345 6340 3725 3869 3845 1005 2615 4906
is_linear=0
shrinkage=0.03


Tree=8
num_leaves=31
num_cat=0
split_feature=8 16 10 15 8 8 12 16 13 13 16 7 7 8 7 11 4 6 7 11 17 1 10 12 16 7 10 13 4 4
split_gain=1574.68 803.592 742.185 746.747 623.703 493.131 497.753 528.624 646.471 528.555 502.728 473.579 495.984 444.199 619.281 434.14 427.722 407.354 394.558 683.924 394.097 430.16 502.61 434.635 440.395 426.562 393.748 386.04 438.355 418.942
threshold=3.3789098730734946 2.2230543783193961 2.4154663029923915 0.87170643246585888 1.6741217509967823 3.1684878556740821 1.6888148325301844 0.18388688187171406 0.48404955029321134 0.82244546876565017 -0.89890815512277944 -0.61011224325064328 -0.76504868328105535 0.93475996843735587 2.7702901859455791 0.68932230190294175 -3.3374439059419774 -3.1006844702136411 -0.45314279679048436 0.74491233233225917 -24.719819845409152 2.4449412965763644 4.6783965076585234 0.5977471450448868 -0.88341937378574553 -1.7416309158327645 3.0486207121232121 1.3306487531864191 4.7382196039120652 7.3313611747025451
decision_type=2 2 2 2 2 2 2 2 2 2 2 2 2 2 2 2 2 2 2 2 2 2 2 2 2 2 2 2 2 2
left_child=1 2 4 11 13 6 7 9 -9 15 -8 12 20 14 -1 -6 -14 -12 19 -11 21 23 -23 24 25 -4 -22 28 -20 -30
right_child=-2 -3 3 -5 5 -7 10 8 -10 18 17 -13 16 -15 -16 -17 -18 -19 27 -21 26 22 -24 -25 -26 -27 -28 -29 29 -31
leaf_value=0.085036590143115931 0.1003586063284034 0.12197914067924104 0.063330479030096531 0.032869963388962413 0.17937970511117068 -0.032984692387810467 -0.032762289303289831 0.19724705506250817 0.028656956381360722 0.2442023129124177 0.22177383403749909 0.092328478378861142 0.071832990217648704 0.029955696972772138 0.41365194177138304 0.022343067198337729 -0.03386378586875919 0.11352277550910579 0.15076356755851458 0.015212619128534437 0.040982326361656177 -0.0026138534741734099 0.12934979983901482 0.11620077025889464 0.040193402440983433 0.17764761350423278 0.079392136151486534 0.048578081029118515 -0.033149486573974193 0.11400572808546248
leaf_weight=54.035463970154524 12053.465285556391 491.1755259335041 64.358046390116215 228.45336500369012 17.890678830444813 35.281660292297602 15.603569667786358 22.027512330561876 289.59407707303762 13.746430046856402 44.846996145322919 5905.3177947234362 71.745186133310199 509.21895113587379 5.7062868624925605 138.51203081198037 66.298786142840981 103.46463165804744 241.57020038366318 80.36993819475174 344.83483689278364 80.188029089942575 38.421629793941975 572.81699961051345 170.45332465693355 54.04639314673841 791.626624872908 62.121719360351562 24.495962470769882 60.208118882030249
leaf_count=602 33929 1285 333 1980 69 473 232 89 3532 30 151 29135 470 7035 8 1803 733 560 1322 1248 4177 709 64 2401 1312 154 4164 572 304 362
internal_value=0.0929416 0.0845063 0.0826853 0.086365 0.0647253 0.0774385 0.0809343 0.0726085 0.040574 0.0882329 0.129215 0.0878627 0.0761666 0.0390351 0.116425 0.0403063 0.0210697 0.146256 0.103768 0.0486584 0.0797598 0.0936974 0.0401336 0.101071 0.0710666 0.115511 0.0677375 0.117122 0.130173 0.0714492
internal_weight=22651.9 10598.4 10107.3 8388.56 1718.69 1149.73 1114.45 950.537 311.622 638.915 163.915 8160.11 2254.79 568.961 59.7418 156.403 138.044 148.312 482.512 94.1164 2116.75 980.284 118.61 861.675 288.858 118.404 1136.46 388.396 326.274 84.7041
internal_count=99238 65309 64024 45632 18392 10747 10274 9331 3621 5710 943 43652 14517 7645 610 1872 1203 711 3838 1278 13314 4973 773 4200 1799 487 8341 2560 1988 666
is_linear=0
shrinkage=0.03


Tree=9
num_leaves=31
num_cat=0
split_feature=10 8 8 9 12 11 3 16 11 13 13 12 10 12 0 8 9 11 16 6 12 8 3 4 15 11 10 16 2 9
split_gain=1464.41 696.684 611.402 428.198 514.41 547.206 385.244 545.174 454.045 384.827 437.87 396.09 375.389 399.251 438.935 412.732 366.987 388.122 378.912 357.483 357.401 346.324 345.996 381.167 345.334 336.081 342.249 329.86 327.558 327.35
threshold=3.9414058872571895 3.3789098730734946 3.343300372078454 1.7321174501770211 0.43021247179691668 0.69799139285430811 1.5945764732613223 -0.60068528513058406 0.89075037314062089 0.86564498523066324 0.57121077029884215 0.79087283824485 2.4245409578198971 1.2744652703069503 0.49246132843275631 6.8950907584183208 3.6116831555404576 0.87070710155752062 2.000057099081245 19.633566365581895 0.54892175223040385 0.84262705447784236 -7.2989429771560967 6.1927004924406175 0.94405621028507603 1.0394549852458488 3.7459103112756815 2.1602856384029905 -3.9184123374592645 1.5832334348373207
decision_type=2 2 2 2 2 2 2 2 2 2 2 2 2 2 2 2 2 2 2 2 2 2 2 2 2 2 2 2 2 2
left_child=1 2 3 4 -1 -6 7 8 -3 10 -7 29 -9 16 15 -15 17 -14 20 21 -18 -5 -19 -24 -2 -10 -27 -16 -20 -11
right_child=24 6 -4 19 5 9 -8 12 25 11 -12 -13 13 14 27 -17 18 22 28 -21 -22 -23 23 -25 -26 26 -28 -29 -30 -31
leaf_value=-0.032309961173790175 0.092295504185970212 0.1312192058344116 -0.01626212048664688 0.15618376407166004 0.10146507919469289 0.1003651586097332 0.093735367909166034 -0.011622975045195452 0.050533211632571039 0.18575717366814615 -0.03208100379788778 0.030381949936950783 0.0025548369504792938 -0.0039815131225293407 0.11669562562439871 0.12341172900660712 0.075590446057337501 -0.03470519803087925 0.13780620342763672 0.12371593141154445 -0.035263983706137696 0.074166444125554107 0.099308466549738753 -0.035011427300501018 0.1204619709304348 0.082081543968063969 0.12700647992694333 0.062664721674414087 0.0052984994741498582 0.032556535281389028
leaf_weight=63.884573744609952 9442.8360238820314 214.3265037201345 68.429094340652227 46.610978282988071 168.8963470030576 28.564723588526249 3092.2660388723016 57.081631705164909 222.30446431785822 34.955233015120029 105.20498531870544 100.80979422479868 68.064042828977108 80.606107618659735 299.87780532240868 31.965223364531994 34.306604821234941 21.483608052134514 36.605554036796093 135.94997699186206 110.4356538169086 7840.9221086669713 274.33272341638803 20.430192586034536 408.71324342489243 713.62468702346087 194.13862380385399 153.872110247612 31.016166400164366 19.586022740229964
leaf_count=1088 20735 669 591 137 1209 256 9291 594 1206 254 1871 1270 517 554 707 74 146 194 69 396 912 50593 1106 173 325 2975 271 583 199 273
internal_value=0.0845677 0.0784261 0.0730545 0.0737697 0.0474389 0.0585623 0.0866057 0.0780088 0.0911859 0.0334997 -0.00379891 0.0656168 0.063489 0.0671756 0.0852179 0.0321925 0.0500511 0.0675406 0.0184008 0.0754825 -0.00898942 0.0746511 0.0815272 0.0899987 0.0934641 0.0835932 0.0916894 0.0983731 0.0770287 0.130742
internal_weight=24122.1 14270.6 8613.81 8545.38 521.902 458.017 5656.74 2564.47 1344.39 289.121 133.77 155.351 1220.08 1163 566.321 112.571 596.675 384.311 212.364 8023.48 144.742 7887.53 316.247 294.763 9851.55 1130.07 907.763 453.75 67.6217 54.5413
internal_count=99238 78178 57938 57347 6221 5133 20240 10949 5121 3924 2127 1797 5828 5234 1918 628 3316 1990 1326 51126 1058 50730 1473 1279 21060 4452 3246 1290 268 527
is_linear=0
shrinkage=0.03


Tree=10
num_leaves=31
num_cat=0
split_feature=10 14 9 3 17 3 14 10 17 8 10 12 14 8 3 17 8 3 14 16 16 16 3 15 16 12 12 3 7 10
split_gain=1307.34 627.359 732.438 523.907 514.555 531.03 490.65 474.969 456.759 478.244 426.09 397.348 390.845 408.33 371.789 367.731 449.948 592.435 333.235 327.041 319.84 465.193 390.866 339.89 333.238 318.267 315.258 355.793 300.699 408.247
threshold=3.9414058872571895 75.864704375712293 1.6761926735397792 2.2780552369367495 -2.8682445704809898 6.5604614832757155 86.010816874823391 2.4715377600265209 -2.4677007726032354 1.1265274633373197 2.5436602501896508 2.526730449748634 109.8486186922751 1.7387333977754256 2.0251324150407539 -3.5702899083334416 3.4749366242110735 5.3751406224181411 359.55370914363669 -0.7744027444904017 -0.88341937378574553 -0.35432406745127348 1.9033079530937915 0.11928498282898224 -4.096811923891992 0.74655979027662733 0.42136053259695189 6.5604614832757155 -0.063025178114539657 2.4891586928473428
decision_type=2 2 2 2 2 2 2 2 2 2 2 2 2 2 2 2 2 2 2 2 2 2 2 2 2 2 2 2 2 2
left_child=1 11 8 6 15 19 25 -7 -3 -10 -9 -1 28 -14 20 16 17 18 -5 -6 24 23 -23 -22 -15 -4 -17 -28 29 -8
right_child=-2 2 3 4 5 7 12 10 9 -11 -12 -13 13 14 -16 26 -18 -19 -20 -21 21 22 -24 -25 -26 -27 27 -29 -30 -31
leaf_value=0.0753230963226518 0.085746164111086723 -0.022305304320538899 -0.021397270459475492 0.08687565421863154 0.055229660700695703 -0.033569942793314607 -0.0115492860110847 0.16485012335195434 0.22960872148290556 -0.032072579716126981 0.067477699127317922 0.097181228859796243 0.015303608133752738 -0.036230101900919708 -0.034589589399660274 0.17399530935765936 0.091271144445505256 0.042561753943432548 -0.034300980346292642 -0.022706703014681359 0.085487098593846622 0.056601193838648506 0.16285029876364979 -0.010177528903322431 0.080526007473083819 0.043432443304350907 0.032113685903994105 0.11931402765961471 0.09521161815881489 0.072375513316544501
leaf_weight=7329.3146732207388 10407.023701354861 128.88481585122645 100.64624612778425 701.9333187751472 84.644840933382511 38.008447881788015 60.807238703593612 44.652246855199337 14.530634708702566 11.077410832047461 429.3233197517693 833.62531652674079 209.66347954049706 22.711418859660625 37.174193751066923 60.809979304671288 1111.5144211985171 575.70416506007314 21.036783039569855 113.34803833812475 42.351899940520525 945.64043870009482 32.223492737859488 158.58952963724732 703.14256090112031 211.1022000387311 56.747779738157988 163.2787808328867 469.86528789997101 367.07253758609295
leaf_count=35840 21060 2271 1093 3765 539 454 941 118 54 194 1830 1932 2502 174 352 83 2924 3732 208 1218 231 6107 90 1523 3496 1435 360 348 2304 2060
internal_value=0.0775673 0.0719228 0.0652751 0.0667508 0.075052 0.0523339 0.0583507 0.0684684 0.000687826 0.116412 0.076651 0.0775553 0.0620158 0.0550778 0.0593723 0.0810457 0.0772601 0.0652683 0.0833497 0.0106122 0.0612062 0.0515594 0.0601024 0.00998545 0.0768728 0.0225025 0.113534 0.0968239 0.0786431 0.0604487
internal_weight=25486.4 15079.4 6916.49 6761.99 3401 709.977 3360.99 511.984 154.493 25.608 473.976 8162.94 3049.24 2151.5 1941.83 2691.03 2410.19 1298.67 722.97 197.993 1904.66 1178.81 977.864 200.941 725.854 311.748 280.837 220.027 897.745 427.88
internal_count=99238 78178 40406 37887 15579 4159 22308 2402 2519 248 1948 37772 19780 14475 11973 11420 10629 7705 3973 1757 11621 7951 6197 1754 3670 2528 791 708 5305 3001
is_linear=0
shrinkage=0.03


Tree=11
num_leaves=31
num_cat=0
split_feature=10 8 18 17 12 14 1 12 12 14 16 15 17 11 5 5 12 16 10 8 15 6 17 16 1 18 11 3 8 9
split_gain=1208.98 579.221 588.889 579.76 464.705 452.828 511.987 479.706 453.319 412.161 522.55 458.402 373.595 351.897 338.373 420.562 299.86 455.12 410.979 438.417 426.949 411.812 410.621 332.234 356.222 338.441 299.38 292.484 291.763 286.639
threshold=3.5250867831165924 2.5038265275891445 41.993103708885961 -32.767421142654854 2.0174339484476449 75.864704375712293 -2.6949493826649902 1.414722926132278 0.30982144341595752 17.631663437258304 1.5139129391460993 0.096608652233403966 -35.646384779427379 0.79183144268654337 8.799553854255846 -11.663062864011986 0.58707679251486933 -0.61451225154799871 2.9872975930684018 0.84262705447784236 0.09090863052297711 1.5289266850263397 -37.90400326655579 1.692728419262522 -2.6389521385059065 42.163177820476072 1.4134337795279042 14.613091029053018 1.0527934087180069 3.2759460508983147
decision_type=2 2 2 2 2 2 2 2 2 2 2 2 2 2 2 2 2 2 2 2 2 2 2 2 2 2 2 2 2 2
left_child=1 2 3 -1 9 8 -7 16 27 10 13 -11 -3 -5 15 -2 17 22 19 -19 -21 -20 -8 24 -22 -26 28 29 -10 -4
right_child=14 12 5 4 -6 6 7 -9 26 11 -12 -13 -14 -15 -16 -17 -18 18 21 20 23 -23 -24 -25 25 -27 -28 -29 -30 -31
leaf_value=0.071457897940517004 0.095991544926039715 0.089828692541411154 -0.033497444298522125 0.086611506155160403 0.10819649169836601 -0.019608858557874732 0.15665784064405636 -0.033431446817606292 -0.0037140856536637869 0.11324855569851024 0.18354887684063642 -0.017841877000346958 0.06776232346691731 -0.033317823013791936 0.085508856303247477 0.073226305265721325 0.065820379755078984 0.16771772588958006 -0.0015435405173039548 0.20138161142081187 0.27351454045090884 0.10606019596686715 -0.016941624009130508 0.1509165870698117 0.25011339416584843 -0.013339904945176022 -0.034709794293433606 0.13618140317587454 0.075300445306000871 0.095261214588767282
leaf_weight=238.14002411067486 786.89085237681866 773.62245554476976 78.055238623172045 41.998296767473221 44.152566455304623 90.125247981399298 13.341038245707749 55.136470764875412 42.869466420263052 25.804827529937029 23.265664048492908 344.68809208646417 6428.9352586679161 46.288063291460276 3560.0923418328166 10163.623738899827 1106.9635709561408 18.889156267046928 39.363452631980181 10.798357766121624 4.1487061381340018 171.35480219870806 151.71543067134917 13.725401740521191 4.4902938455343238 193.62341700308025 23.114172484725714 14.592695645987986 2224.7243341840804 19.434952728450298
leaf_count=1393 840 2213 927 246 166 959 48 652 482 158 39 5374 28519 601 4733 26413 7983 54 380 27 7 690 1684 50 12 2500 217 5 11796 70
internal_value=0.0716163 0.0646736 0.0568738 0.0326195 0.0150425 0.0612088 0.0501538 0.053679 0.0698293 0.00651014 0.0570649 -0.00871143 0.0701325 0.0237332 0.0774743 0.0748622 0.0564579 0.0397808 0.0552201 0.0288548 0.0172889 0.0859592 -0.00291008 0.00808512 -0.00160734 -0.00736867 0.0727117 0.0109205 0.0738067 -0.00782903
internal_weight=26754 12243.4 5040.8 764.338 526.198 4276.47 1873.68 1783.55 2402.79 482.045 111.552 370.493 7202.56 88.2864 14510.6 10950.5 1728.41 621.45 456.394 245.675 226.786 210.718 165.056 215.988 202.262 198.114 2290.71 112.083 2267.59 97.4902
internal_count=99238 67252 36520 7977 6584 28543 15046 14087 13497 6418 886 5532 30732 847 31986 27253 13435 5452 3720 2650 2596 1070 1732 2569 2519 2512 12495 1002 12278 997
is_linear=0
shrinkage=0.03


Tree=12
num_leaves=31
num_cat=0
split_feature=8 0 4 17 11 18 14 1 14 0 7 13 3 8 9 9 3 9 11 0 15 13 17 17 14 15 11 0 17 17
split_gain=1051.74 538 423.136 437.445 446.452 441.55 412.815 342.517 332.759 470.104 417.901 311.469 306.456 302.307 294.476 290.091 350.797 289.62 409.75 339.505 648.8 367.294 360.941 343.361 473.59 343.04 362.708 331.618 318.473 306.815
threshold=3.3789098730734946 3.2441262373557129 -0.27616192312542304 -23.282286262682344 0.67990226368794271 36.35081800406342 292.30198140812655 5.0620695086097127 28.192436806250004 -1.2320624040317156 -0.58750418249366432 0.45814692093838566 12.803407642423826 1.6345290480491577 6.5277307888950622 2.3213872816159866 5.7544147345994903 2.2295417371587152 0.99352067137503697 -0.42982565755393015 0.15393033814400012 0.90260217734909098 -9.1970198159516041 -3.5702899083334416 135.43299021226588 0.21732906284059714 0.73799748147339927 0.33025379383273157 -14.205773382982549 -2.0632505047762471
decision_type=2 2 2 2 2 2 2 2 2 2 2 2 2 2 2 2 2 2 2 2 2 2 2 2 2 2 2 2 2 2
left_child=1 2 3 6 -5 -6 7 13 9 -4 -10 -7 -8 -1 -2 16 -13 19 29 20 -12 23 -23 28 27 26 -22 -25 -21 -19
right_child=14 -3 8 4 5 11 12 -9 10 -11 17 15 -14 -15 -16 -17 -18 18 -20 21 25 22 -24 24 -26 -27 -28 -29 -30 -31
leaf_value=0.033550286482040649 0.070148052557223103 0.09799553336023506 0.020864391176320933 0.073734481377593294 -0.0029008337845858548 -0.034573561690502255 -0.035779764976786872 -0.036098923305477794 0.00067114660206284756 0.079480817489167827 -0.014373244142030334 0.018413585842597665 0.10725966427594683 0.072207159840488463 0.081812568579897868 0.051154497211594825 0.14222175584267599 0.073915536604588647 0.054014492734114246 0.032199116848858483 -0.034399958272519286 0.084890881772487353 0.022177375090560638 0.0093874236062558587 -0.033207394644718745 0.066842981775179888 0.15186067975866949 0.12982413202850707 -0.026116538675587518 0.037448183329280196
leaf_weight=206.08670728094876 12546.255667515099 331.96725445613265 133.32258398085833 392.67164384759963 205.00444143638015 45.277523189783096 61.190732087939978 29.080707538872957 104.28434622660279 1612.2159271910787 65.075762782245874 443.18259480595589 17.289038866758347 1562.308479487896 2305.8618596345186 1567.4211414791644 21.600673168897629 2849.4109839051962 2079.3342569619417 172.44604444131255 10.435656450688837 212.38182162493467 135.15882391110063 29.210312210023403 35.740543823689222 200.59116261452436 95.672270771116018 69.610615748912096 164.86053317785263 223.95978190749884
leaf_count=1955 31450 350 719 1710 2468 488 529 228 782 5556 668 5172 12 7019 2479 8622 91 9818 9488 1442 108 1142 1152 282 473 1305 361 289 1840 1240
internal_value=0.0664964 0.0602921 0.05931 0.0519754 0.0441868 0.0391035 0.0630822 0.0660228 0.0633839 0.0750038 0.0602384 0.0432485 -0.00426828 0.0677021 0.071959 0.0449823 0.0241675 0.0612176 0.0642996 0.0478859 0.0716634 0.0370978 0.0605016 0.0198605 0.0603776 0.0899187 0.133542 0.0942244 0.003697 0.0712581
internal_weight=27928.9 13076.8 12744.8 4551.11 2675.16 2282.49 1875.96 1797.48 8193.71 1745.54 6448.17 2077.48 78.4798 1768.4 14852.1 2032.2 464.783 6343.89 5152.71 1191.18 371.775 819.409 347.541 471.868 134.561 306.699 106.108 98.8209 337.307 3073.37
internal_count=99238 65309 64959 28294 18551 16841 9743 9202 36665 6275 30390 14373 541 8974 33929 13885 5263 29608 20546 9062 2442 6620 2294 4326 1044 1774 469 571 3282 11058
is_linear=0
shrinkage=0.03


Tree=13
num_leaves=31
num_cat=0
split_feature=10 10 12 2 14 14 8 0 4 4 18 12 12 8 15 3 18 12 7 12 13 3 4 16 14 15 16 12 2 13
split_gain=1097.41 484.043 426.983 363.034 349.568 345.722 663.868 532.86 425.202 488.176 428.52 380.775 367.199 359.901 352.028 361.679 540.282 294.031 299.984 285.55 284.667 281.127 304.393 274.252 263.448 256.528 249.969 249.807 248.789 247.572
threshold=3.9414058872571895 2.4154663029923915 2.6343705450370165 9.7444500916364483 103.47960111492006 58.989422471531839 1.6741217509967823 -1.8817716080673745 -1.074445206040475 1.6455369966298152 50.003040796176116 0.43492659663884187 2.0681655535204566 0.93475996843735587 0.30960561175096385 -1.2134209671845417 49.211517692407845 0.88904990400235528 0.26718197458189824 0.17298693974488258 1.215892879475627 0.41294110489201735 8.3325871389692399 2.2891089220898917 1.6878469866070558 0.94405621028507603 -0.58645434087478832 1.0509359902509401 4.2549763179546956 0.80932639300616771
decision_type=2 2 2 2 2 2 2 2 2 2 2 2 2 2 2 2 2 2 2 2 2 2 2 2 2 2 2 2 2 2
left_child=1 3 4 5 19 6 14 -8 12 10 11 -10 -7 -11 15 -1 -17 18 -12 -3 -19 -15 -23 24 -16 27 -14 -2 -9 -20
right_child=25 2 -4 -5 -6 8 7 28 9 13 17 -13 26 21 23 16 -18 20 29 -21 -22 22 -24 -25 -26 -27 -28 -29 -30 -31
leaf_value=-0.032828170646472095 0.064659138408258973 -0.035409344251114999 0.075351528911731511 0.10962102502708347 0.050946819616331664 -0.0073199586399774301 -0.034052816015678576 0.076232225905988271 0.16545885378280673 0.12993846853200167 -0.032867572999461331 -0.013739694751009605 -0.033424051697406421 -0.021052113631333618 0.17681451318143065 0.15578067644171403 0.0010861428004706472 0.14328717907285737 -0.032841027914092165 0.061547703025059991 0.024095951581247513 0.04606112562237747 -0.0023733738309683178 0.1963892312976763 -0.02558260527004045 0.090316411819550496 0.13259481351933922 0.073847054520542951 0.017733623028664748 0.12894222402781869
leaf_weight=30.052334096282721 6992.8051995113492 27.424743942916393 1362.9899815693498 77.250767968595028 4516.5562068130821 300.72834109142423 44.922080516815186 853.96263264864683 12.768715774640439 30.935128472745419 25.607360132038593 64.987990241497755 11.169942755252121 100.50908716768026 6.0002738162875167 46.849805280566216 35.882183272391558 114.2336493730545 10.900942672044037 8637.3323053382337 21.41463565081358 438.88555483520031 159.11850698292255 5.5232273191213599 163.61539594456553 490.66575206816196 30.31380382552743 4301.5249764919281 70.860334910452366 38.85978939011693
leaf_count=424 14823 248 2589 100 21862 4543 473 4279 76 127 353 831 141 1128 7 180 322 353 152 32756 147 2913 1504 15 1987 325 101 5912 428 139
internal_value=0.0620256 0.0572025 0.0593665 0.0455253 0.0577136 0.0436341 0.0549724 0.0668489 0.0331523 0.0428754 0.0758901 0.0156872 0.00422191 0.0298056 0.0149715 0.0563084 0.0886872 0.0980741 0.0505654 0.0612408 0.124471 0.025371 0.0331735 -0.0116483 -0.0184227 0.069081 0.0878925 0.0681584 0.07175 0.0935008
internal_weight=29024.7 17239.7 14544.3 2695.35 13181.3 2618.1 1257.67 969.745 1360.43 1018.22 288.773 77.7567 342.212 729.448 287.923 112.784 82.732 211.016 75.3681 8664.76 135.648 698.513 598.004 175.139 169.616 11785 41.4837 11294.3 924.823 49.7607
internal_count=99238 78178 57455 20723 54866 20623 8115 5180 12508 7723 2051 907 4785 5672 2935 926 502 1144 644 33004 500 5545 4417 2009 1994 21060 242 20735 4707 291
is_linear=0
shrinkage=0.03


Tree=14
num_leaves=31
num_cat=0
split_feature=10 8 18 0 16 10 5 5 15 12 16 1 10 7 1 3 3 1 11 8 16 0 11 11 7 4 11 7 4 18
split_gain=1033.34 416.277 428.109 327.112 425.727 307.424 303.957 358.078 282.337 282.131 270.278 361.451 266.404 427.277 334.136 283.102 306.569 276.113 254.963 249.713 355.454 249.451 269.672 247.739 284.326 256.824 254.159 243.458 343.874 257.611
threshold=3.5250867831165924 2.5038265275891445 41.993103708885961 -0.58081237536391395 0.7550185782293245 3.4868580385012096 8.799553854255846 -10.162799105118706 0.81818449792908865 0.37165945045402227 2.4323951718981061 -1.2455522857608423 4.6049527786427484 -0.54180620604891694 1.7778188184034096 3.0361751937846186 8.5546306309885924 3.122741654808237 1.4836323315273492 2.7616234909003099 -1.6924454372175071 0.26871055906042829 0.84592472495811122 0.93216602385295688 -0.021104646079095343 -5.0766279781227208 0.92319309510635883 1.6419124842034118 3.6067512789595972 43.127534683003844
decision_type=2 2 2 2 2 2 2 2 2 2 2 2 2 2 2 2 2 2 2 2 2 2 2 2 2 2 2 2 2 2
left_child=1 2 10 4 19 8 7 -2 9 21 11 23 13 14 15 -9 -17 -16 -11 20 -3 22 -4 24 25 26 -1 28 29 -24
right_child=6 3 5 -5 -6 -7 -8 12 -10 18 -12 -13 -14 -15 17 16 -18 -19 -20 -21 -22 -23 27 -25 -26 -27 -28 -29 -30 -31
leaf_value=0.054774028030554138 0.076785683567941312 0.072474301626706705 -0.023147872495897722 0.060923506853405522 -0.019163263480565018 -0.036447411841063121 0.070464873405132411 0.055750957270086603 0.024547971027311977 0.055093290309353019 0.10792172025772111 0.0017709364380346401 0.065104856550337126 0.060623085956147002 -0.011281349872090082 -0.023231802589429883 0.07302033299497615 0.036747109122904409 -0.03554678196862273 0.053638347725982256 0.0065480758869264979 0.060412674444926422 0.20651980655772142 0.015417310616921137 0.15396074061119355 -0.033117997038423941 0.20612343023240268 -0.035017034171009591 0.10618108396459065 -0.012067571151952774
leaf_weight=168.01438577100635 1156.5160555392504 105.6344298273325 115.45178799331188 5212.1137216091156 81.575750071555376 37.377321667969227 3953.7694205120206 1404.8895190581679 364.57952371053398 3982.9882484711707 34.759326942265034 390.08584186062217 4287.1580500230193 4688.4006950333714 141.43973261117935 86.74446240067482 45.352518662810326 451.99261102080345 28.127774052321911 2514.4776427820325 242.7564608193934 144.68507538735867 5.3039755765348664 178.41098732501268 26.973507110029459 28.5599823333323 10.616887137293814 33.198683377355337 62.396141927689314 56.994540877640247
leaf_count=1046 1316 447 1243 17626 721 269 4733 4126 2810 22178 74 4571 7176 11832 738 500 96 1469 242 10211 1727 753 19 1754 91 403 38 295 167 567
internal_value=0.0580942 0.0520683 0.0458238 0.056408 0.0484148 0.0492563 0.0632316 0.0608994 0.0499245 0.0520134 0.0260215 0.0224748 0.0592451 0.0555609 0.0444204 0.0518029 0.0098142 0.0252999 0.0544577 0.0503403 0.0265373 0.0285594 0.0116991 0.0420501 0.0623417 0.0504141 0.0637694 0.0371793 0.0564008 0.00654254
internal_weight=30041.3 13825.1 5668.52 8156.56 2944.44 4831.1 16216.3 12262.5 4793.73 4429.15 837.421 802.662 11106 6818.82 2130.42 1536.99 132.097 593.432 4011.12 2862.87 348.391 418.03 273.345 412.576 234.165 207.191 178.631 157.893 124.695 62.2985
internal_count=99238 67252 36520 30732 13106 28543 31986 27253 28274 25464 7977 7903 25937 18761 6929 4722 596 2207 22420 12385 2174 3044 2291 3332 1578 1487 1084 1048 753 586
is_linear=0
shrinkage=0.03


Tree=15
num_leaves=31
num_cat=0
split_feature=10 0 14 10 3 17 7 4 13 16 16 18 18 4 14 0 4 7 10 16 12 16 7 14 0 14 13 16 14 14
split_gain=980.317 402.376 386.643 384.034 304.366 298.544 520.109 428.449 324.616 269.92 297.305 329.083 302.162 278.64 269.793 478.116 358.594 283.273 253.946 252.02 351.609 305.964 304.891 476.29 282.412 261.174 259.866 296.453 257.757 243.804
threshold=3.1899102353629218 4.6684942264196714 317.11562239986091 4.8022950532263176 -0.62656754066190967 -1.5493937468263295 2.9031249968994093 11.624221244744206 1.6694099036888268 0.59915555626214634 0.90545002426706322 47.467576126262692 34.394431605986554 16.491373519467682 55.10909927505066 -1.6732885542770659 -9.4118614233647175 -2.2855312654146469 2.0484099122506922 1.5139129391460993 2.6343705450370165 -1.4401160897772962 0.020438025780711303 372.12698679428291 -0.64713572313982715 183.58748678601526 0.99749005878481767 -0.39550757708663553 18.833371257928469 101.73880241703736
decision_type=2 2 2 2 2 2 2 2 2 2 2 2 2 2 2 2 2 2 2 2 2 2 2 2 2 2 2 2 2 2
left_child=1 2 4 19 14 8 -7 -8 9 -6 -11 12 -12 -13 16 -16 -1 -17 -19 20 21 -2 23 29 25 28 27 -27 -24 -23
right_child=3 -3 -4 -5 5 6 7 -9 -10 10 11 13 -14 -15 15 17 -18 18 -20 -21 -22 22 24 -25 -26 26 -28 -29 -30 -31
leaf_value=0.075157038054198752 0.060567951524629723 0.075702987334418034 0.0079236363151811099 0.064567208010018542 0.054056867345968027 -0.012373576743987796 0.18195687759713697 0.041549755166828642 0.071785695300962543 0.01318189018879129 0.10206411406531675 0.054063030412531791 -0.0056319642020862598 -0.037022724517501042 0.054825969660312689 -0.023418915296445221 0.040825143746392852 -0.019805215874175851 0.030202745661195646 0.062640695765479773 0.076473015704807773 0.048892746745989292 -0.0049830985045548615 -0.03718474794356938 0.058196312440231657 0.052907482627295388 -0.039116190281398733 -0.037581019906035615 0.052897004139205915 0.029300973048289731
leaf_weight=349.50573235377669 2778.1235306970775 426.01632523536682 235.19111999124289 6327.2323091328144 3842.1816633660346 174.67407338693738 23.588933404535055 114.51297272741795 669.96099280565977 311.4064144231379 27.277595277875662 1141.8310862258077 166.95287910848856 31.048153780400753 530.17528301849961 118.71562803164124 1264.2554902806878 101.00057462975383 960.60565339587629 3517.3143910840154 562.0363641679287 1917.6538293808699 75.215027704834938 68.246187053620815 3319.8758627474308 139.05420906096697 62.742419011890888 42.556846357882023 872.55438936501741 814.44439645856619
leaf_count=1117 6402 615 1861 8190 18166 1741 86 676 1751 2118 53 4424 1213 217 2527 1370 7805 1653 7738 6395 729 5930 354 467 8645 416 367 275 2453 3484
internal_value=0.0546048 0.0471455 0.0459365 0.058422 0.0468462 0.0506208 0.0220247 0.0655324 0.0520655 0.0496724 0.0396362 0.0456621 0.0094928 0.0516518 0.0394617 0.0311604 0.0482607 0.0205303 0.025445 0.055678 0.053379 0.0520927 0.0488728 0.041097 0.0536987 0.0411737 0.0135191 0.0317033 0.0483036 0.0430524
internal_weight=30986 10488.9 10062.9 20497 9827.69 6503.43 312.776 138.102 6190.66 5520.7 1678.52 1367.11 194.23 1172.88 3324.26 1710.5 1613.76 1180.32 1061.61 14169.8 10652.5 10090.5 7312.34 2800.34 4512 1192.12 244.353 181.611 947.769 2732.1
internal_count=99238 55131 54516 44107 52655 30445 2503 762 27942 26191 8025 5907 1266 4641 22210 13288 8922 10761 9391 35917 29522 28793 22391 9881 12510 3865 1058 691 2807 9414
is_linear=0
shrinkage=0.03


Tree=16
num_leaves=31
num_cat=0
split_feature=10 10 14 8 16 8 14 0 11 18 11 13 8 17 18 16 13 4 16 14 17 7 15 5 7 16 7 18 5 4
split_gain=941.048 386.499 305.547 330.332 314.369 287.174 416.487 452.18 411.098 339.142 282.204 282.031 301.465 277.063 288.302 341.651 277.011 271.59 350.444 353.863 340.411 341.145 275.209 301.47 265.013 322.63 291.944 264.329 248.431 245.023
threshold=3.9414058872571895 2.4154663029923915 103.47960111492006 5.2139872027011176 -3.7795058596661422 1.6741217509967823 58.989422471531839 -1.2084957511610643 0.88610058261387981 42.983332087270142 0.99352067137503697 0.81909875408891475 4.1045899327231199 -24.931673168198309 44.506000878482489 -0.32654775544817544 2.4169426162521419 2.0037952904786498 -0.96309612817497803 317.11562239986091 -21.171118346867193 0.90481400856008432 0.25416728702174968 -1.4330898913137309 -2.5046070429164451 1.7294094777760687 0.68925380075027809 50.769041570822743 -6.286164810743327 2.2754678001384092
decision_type=2 2 2 2 2 2 2 2 2 2 2 2 2 2 2 2 2 2 2 2 2 2 2 2 2 2 2 2 2 2
left_child=1 5 -3 17 -5 9 7 -7 -8 -1 11 12 -10 14 -11 -16 -12 18 20 24 27 22 -22 -24 25 -20 28 -4 -26 -19
right_child=-2 2 3 4 -6 6 8 -9 10 13 16 -13 -14 -15 15 -17 -18 29 19 -21 21 -23 23 -25 26 -27 -28 -29 -30 -31
leaf_value=-0.022783399612409778 0.057758096837180632 0.052061411220207056 0.081901749364082108 -0.039447775148681391 0.062227540681812292 0.0037642527521335144 -0.022676179055790835 0.06296655234291644 -0.03346826791632667 0.16217598500049166 0.020469760536986695 0.076670123528094686 0.11577613542703294 0.021900245015326655 0.095565416477644438 -0.033702721206539318 0.096615677892273266 0.095504845101895761 -0.035645009590729235 -0.035376376193630786 -0.024284797282346535 0.085368647816302615 0.066989755951759891 -0.035806508130412966 -0.035809524906971577 0.052537491120503127 -0.036015158698932147 -0.036516843118120285 0.040519732538214975 0.044162247533212802
leaf_weight=129.01337724551558 12852.703798927367 10584.140692856163 254.80419443547726 28.192894205451012 935.9464153572917 131.91490096226335 119.95851458050311 969.24717035144567 47.095604479312897 25.853889234364033 634.10552871413529 226.24063954502344 16.430697403848171 544.12548713758588 48.59634193405509 29.61468917876482 46.12543873116374 86.3693712875247 119.06373247504234 92.055517114698887 108.76498448848724 72.327700197696686 98.056204728782177 34.784813828766346 40.316679891198874 54.402247484773397 52.599968817085028 18.17481853812933 797.51447186619043 2662.1051593385637
leaf_count=2147 21060 34678 712 163 1774 1069 1531 4126 591 84 4532 1133 13 4902 215 333 47 213 1050 820 827 168 418 288 338 144 409 133 4502 10818
internal_value=0.0514881 0.0472484 0.0490887 0.0433214 0.0592544 0.0373042 0.0428616 0.0558743 0.0297151 0.0216366 0.0361943 0.0609868 0.0051329 0.0304778 0.0753272 0.0466179 0.0256331 0.0399011 0.030637 0.0210515 0.0495161 0.0282111 0.0111003 0.0400722 0.025934 -0.00798929 0.0325426 0.0740175 0.0368467 0.0457757
internal_weight=31860.6 19007.9 16039.6 5455.48 964.139 2968.32 2191.12 1101.16 1089.96 777.204 969.998 289.767 63.5263 648.19 104.065 78.211 680.231 4491.34 1742.87 1155.95 586.913 313.934 241.606 132.841 1063.9 173.466 890.431 272.979 837.831 2748.47
internal_count=99238 78178 57455 22777 1937 20723 13042 5195 7847 7681 6316 1737 604 5534 632 548 4579 20840 9809 7263 2546 1701 1533 706 6443 1194 5249 845 4840 11031
is_linear=0
shrinkage=0.03


Tree=17
num_leaves=31
num_cat=0
split_feature=10 0 14 5 3 17 17 9 14 17 3 17 18 18 3 1 6 14 3 13 0 2 18 5 2 18 6 7 9 10
split_gain=901.225 313.369 361.816 289.142 325.382 263.373 397.814 355.328 350.631 331.258 414.46 241.534 303.72 366.301 236.351 248.811 269.536 397.039 299.354 283.367 294.248 261.805 302.208 284.249 250.667 234.011 229.827 249.826 469.374 219.709
threshold=3.5250867831165924 3.7988848812658165 104.36499883514894 8.799553854255846 -9.3427724632093838 -2.2591847700334848 -3.5702899083334416 2.1545672375615132 359.55370914363669 -21.730536662180324 3.5165065167487191 -7.9484906437063376 64.736415736516747 70.035375953105884 -0.17293851774485833 -0.70413792984714274 8.1587139812882654 61.402320029698345 -2.6571601642997931 0.52603940552985418 -0.33140624237770722 -1.7284448750541468 40.461420416648778 -1.5324675181236516 2.3432358055754281 57.303700485679805 -5.1413237197443307 -0.51982294752765934 2.9339085773985096 1.8698121382444639
decision_type=2 2 2 2 2 2 2 2 2 2 2 2 2 2 2 2 2 2 2 2 2 2 2 2 2 2 2 2 2 2
left_child=1 2 14 4 -2 6 7 9 11 10 -4 -9 -13 -14 15 29 17 18 24 20 -19 -20 23 -23 -17 -8 -16 28 -28 -1
right_child=3 -3 5 -5 -6 -7 25 8 -10 -11 -12 12 13 -15 26 16 -18 19 21 -21 -22 22 -24 -25 -26 -27 27 -29 -30 -31
leaf_value=-0.011613966179354594 0.061840708259260593 0.059053461674733715 0.0061528468481198782 0.060114753319115352 0.049068055286461305 0.012266137316475648 -0.035001056926738217 0.045179296213122937 -0.0088620596749067714 -0.0071362446880223465 0.10533281542339275 0.011733363614182367 0.07842437571520626 -0.037752068165563459 0.073306283386877544 0.040329132782168743 0.086484124224656136 0.1524938116685059 0.060128156855270051 -0.010264178599213254 -0.034314379008564835 -0.034777313965883475 -0.0085317189316229374 0.090871555545066637 0.089361614164783443 0.067203650361433886 0.0069715308498749977 0.049856961803771298 0.058568054024233693 0.046703989489639983
leaf_weight=59.574349833652377 2139.0276872292161 1057.8652561828494 95.257892031222582 4244.916190199554 11162.044325299561 422.07220066338778 21.085776332765818 2017.6201917640865 138.66122093424201 330.90490024723113 63.000136878341436 474.24130448698997 141.48778185248375 29.522100478410721 331.15986743569374 442.35934251919389 71.325764056295156 20.37355849891901 104.37581142783165 308.49209521710873 12.093000732362269 22.214451387524605 281.7139093875885 59.890538796782494 119.10131712630391 460.30880456790328 355.86511085554957 4988.9800142683089 286.3718841150403 2417.2648176848888
leaf_count=774 2965 1830 1096 4733 24288 2899 201 9706 976 3667 198 2741 343 198 985 2239 150 55 405 2895 138 240 2198 224 238 1437 2477 17786 754 10402
internal_value=0.0486709 0.0433065 0.042123 0.0532977 0.0511221 0.0347402 0.0372549 0.0335286 0.0376479 0.00993671 0.0456349 0.0400698 0.024093 0.0583684 0.0452566 0.0395336 0.0296263 0.0266674 0.0359589 -0.00139178 0.0829123 0.018245 0.00622915 0.0568758 0.0507303 0.0627269 0.0490181 0.0475898 0.0299783 0.0453013
internal_weight=32679.2 15133.2 14075.3 17546 13301.1 4194.16 3772.09 3290.7 2801.53 489.163 158.258 2662.87 645.251 171.01 9881.16 3918.78 1441.94 1370.61 1029.66 340.959 32.4666 468.195 363.819 82.105 561.461 481.395 5962.38 5631.22 642.237 2476.84
internal_count=99238 67252 65422 31986 27253 23462 20563 18925 13964 4961 1294 12988 3282 541 41960 19958 8782 8632 5544 3088 193 3067 2662 464 2477 1638 22002 21017 3231 11176
is_linear=0
shrinkage=0.03


Tree=18
num_leaves=31
num_cat=0
split_feature=9 0 12 9 11 9 11 13 9 16 11 6 0 11 13 13 13 14 15 6 14 13 9 7 15 16 9 9 7 14
split_gain=816.936 333.678 298.816 256.276 250.882 267.125 293.512 298.257 289.778 287.017 335.126 252.387 229.143 206.181 267.857 178.375 176.199 196.858 172.087 172.001 166.346 220.928 218.457 215.381 205.14 176.013 215.863 161.13 339.177 489.683
threshold=4.3462167610679012 4.1019210902327474 2.3609870119639909 4.182080450536394 0.66900044789525215 1.7869530464336427 0.75152191384288292 0.94090586079457128 1.558307653488221 1.1007000784014598 0.73799748147339927 -5.2506612071686618 -0.16014914742577549 1.4836323315273492 2.0225170520343876 0.86564498523066324 1.0333512685525801 14.116641021523437 0.91006984618606712 -9.9929952307503687 74.283678486217369 0.53813529707060892 1.6761926735397792 0.43778938532778039 0.32692277784154739 -1.6308755386118829 3.5191516900312245 2.9339085773985096 -0.021104646079095343 186.05297791149235
decision_type=2 2 2 2 2 2 2 2 2 2 2 2 2 2 2 2 2 2 2 2 2 2 2 2 2 2 2 2 2 2
left_child=1 2 4 -4 20 6 9 19 12 10 11 -6 -9 27 -15 -12 -14 -18 -10 -8 -1 22 -22 -23 25 -24 -27 28 29 -7
right_child=-2 -3 3 -5 5 13 7 8 18 -11 15 -13 16 14 -16 -17 17 -19 -20 -21 21 23 24 -25 -26 26 -28 -29 -30 -31
leaf_value=0.061751942242843909 0.052861422130579948 0.057345836347210903 0.058305027137564303 -0.040929544090464585 0.075874227936695682 0.032212750002103219 0.11136514621710454 -0.033143420333825779 -0.017607397925649269 0.1196894920527555 0.030109739361598924 -0.019874091809876634 0.1429626675562401 -0.035963576853971363 0.063508632636917847 0.14847417958732873 0.11672168081554238 -0.033536755744356821 0.1312940762107413 -0.026427363283429785 -0.033410669486794276 8.2573776482203077e-05 0.065617039843107156 0.043636380682542594 0.070628243709091029 -0.022027610872190607 0.07013325044965911 0.043342757158183129 0.042243617850823964 -0.020009634686252914
leaf_weight=810.42624889686704 10910.962176769972 1345.6620739474893 1194.9818906970322 23.890322223305702 33.827097661793232 2364.4540220443159 8.5108781643211824 14.770394904538987 80.043311789631844 40.737040542066097 19.571239084005356 92.609550738707185 35.720927432179451 69.150315765291452 37.617166437208652 27.643433667719364 16.581816289573911 14.897296449169515 7.6533469110727301 193.93241513706744 24.091101950034499 163.40022851713002 82.589936789125204 272.77800479158759 410.19992211833596 72.215184532105923 33.476553961634636 10140.778358299285 4719.4116948135197 173.45600360259414
leaf_count=1934 15990 1916 2624 125 162 14675 20 193 928 106 175 1116 102 570 124 51 38 181 25 2675 321 959 123 831 728 393 31 29845 20519 1758
internal_value=0.0461238 0.0428601 0.0419397 0.05636 0.0410592 0.0399781 0.0200627 0.00395379 0.033292 0.0480226 0.0312102 0.00574259 0.0738445 0.0406453 -0.000916739 0.0994102 0.0973602 0.0456128 -0.00461267 -0.0206345 0.0515227 0.0436927 0.0551634 0.0273203 0.0587288 0.032804 0.0071632 0.0409004 0.0374876 0.0286436
internal_weight=33436 22525.1 21179.4 1218.87 19960.5 18091.4 586.499 372.11 169.667 214.388 173.651 126.437 81.9704 17504.9 106.767 47.2147 67.2 31.4791 87.6967 202.443 1869.18 1058.75 622.573 436.178 598.482 188.282 105.692 17398.1 7257.32 2537.91
internal_count=99238 83248 81332 2749 78583 73263 5772 4162 1467 1610 1504 1278 514 67491 694 226 321 219 953 2695 5320 3386 1596 1790 1275 547 424 66797 36952 16433
is_linear=0
shrinkage=0.03


Tree=19
num_leaves=31
num_cat=0
split_feature=10 3 1 4 6 16 0 6 16 16 0 2 10 12 16 13 13 13 14 2 16 15 0 10 12 1 4 6 3 15
split_gain=856.86 320.703 401.361 311.543 342.236 301.838 355.502 273.196 238.5 280.968 255.987 240.119 234.653 232.777 217.092 222.458 215.541 304.247 215.624 207.818 294.611 267.294 288.812 241.94 203.085 200.514 276.202 209.143 387.62 217.943
threshold=3.9414058872571895 2.2157568072429417 -0.70413792984714274 12.237229038993092 8.1587139812882654 -0.75990024024578162 -0.82860184808323745 7.0299655534215448 -0.13059126226639098 -0.47693660847315339 -0.86561364202771196 -0.24069025358809945 1.8698121382444639 1.0509359902509401 -1.2841554083249354 0.51305560298724917 0.40152310267348917 0.61799075458851982 372.12698679428291 2.2423204259365286 -1.8574251323382109 0.31647210248683716 0.44272066194646792 2.4154663029923915 2.3609870119639909 -0.97928135158632512 1.9128285701787597 3.1165219545874003 -2.5283044360558669 0.13771635334472318
decision_type=2 2 2 2 2 2 2 2 2 2 2 2 2 2 2 2 2 2 2 2 2 2 2 2 2 2 2 2 2 2
left_child=1 2 5 4 8 12 25 -8 9 19 11 -11 -1 -2 -6 -16 -14 -18 -19 21 -21 -4 -23 -22 -3 26 27 28 29 -7
right_child=13 24 3 -5 14 6 7 -9 -10 10 -12 -13 16 -15 15 -17 17 18 -20 20 23 22 -24 -25 -26 -27 -28 -29 -30 -31
leaf_value=-0.03318771987524867 0.04653681807770034 0.042076263347099511 0.031396818983863768 -0.024634347748283329 -0.038433993995754964 0.05645407134453935 0.043848304094096562 -0.0096942785606843485 0.03424533073407808 -0.03604908313255431 -0.017568387155935127 0.078448328367765066 -0.037270265208926956 0.054595032082908272 -0.037188867891646327 0.068378499100678419 0.071578023658484674 0.046533969506959247 -0.038061479803437985 -0.037679433931260005 -0.034546510530333877 -0.02051354041603333 0.033150451817776067 0.061625869804742002 0.054204157077704901 0.066536302972895506 -0.026789273357177283 0.078304612624895353 -0.02739373090762175 0.015176900224689703
leaf_weight=31.548728318884969 8436.9128209725022 8033.5204286109656 609.56472081691027 92.020207308232784 19.990938380360603 175.17918482609093 2015.8628015704453 89.577626090496778 2708.541593618691 23.598041202872992 274.41291340067983 54.685848837718368 25.810671158134937 5223.944726228714 18.922804430127144 354.98279168084264 484.15141122974455 2495.9984201677144 27.415080109611154 34.700144149363041 25.510392213240266 242.10404078662395 143.91135305911303 305.16407622396946 1470.0400218516588 73.452239878475666 122.35232514515519 54.838658962398767 137.6381191201508 335.81261595338583
leaf_count=424 14988 27203 3121 543 127 648 8682 495 12916 201 2274 153 192 6072 136 908 1236 8067 195 241 264 1989 762 920 2357 282 817 158 1062 1805
internal_value=0.043799 0.0399176 0.0364247 0.0300457 0.0310904 0.041583 0.0348263 0.0415703 0.0287037 0.0199447 -0.00391743 0.043934 0.048207 0.0496183 0.0578861 0.0630359 0.0490536 0.0497944 0.0456149 0.0261287 0.04548 0.0190268 -0.000506935 0.0542065 0.0439522 0.0190369 0.0148121 0.0220477 0.0172914 0.0293276
internal_weight=34142.2 20481.3 10977.7 4908.11 4816.09 6069.64 3004.71 2105.44 4422.19 1713.65 352.697 78.2839 3064.92 13660.9 393.897 373.906 3033.38 3007.56 2523.41 1360.95 365.375 995.58 386.015 330.674 9503.56 899.273 825.821 703.469 648.63 510.992
internal_count=99238 78178 48618 24555 24012 24063 13949 9177 22841 9925 2628 354 10114 21060 1171 1044 9690 9498 8262 7297 1425 5872 2751 1184 29560 4772 4490 3673 3515 2453
is_linear=0
shrinkage=0.03


Tree=20
num_leaves=31
num_cat=0
split_feature=10 8 8 14 7 8 10 3 7 6 1 0 13 8 7 11 11 11 1 13 8 15 12 10 3 3 6 13 9 13
split_gain=824.861 319.461 376.728 331.582 413.312 389.525 401.797 283.25 320.626 305.928 291.018 283.933 278.286 258.891 308.763 287.794 256.129 258.017 252.973 251.666 249.422 220.221 212.317 229.378 205.144 248.383 203.512 202.981 196.488 193.315
threshold=3.9414058872571895 3.3789098730734946 3.343300372078454 61.402320029698345 -0.042159205841119089 1.2995671611564503 3.4755090435737417 1.0540126186544321 -0.85881025556510104 -3.1925417879650166 -3.0504154332510356 -2.4450668674149534 0.89263232246454738 3.1851778729938127 -6.4346161344220487 1.0604945839041429 0.69365463389394499 0.70574989097083962 1.0091013347262037 0.40152310267348917 3.0410529780803315 0.94405621028507603 1.0509359902509401 5.8959224165278892 1.5945764732613223 -3.2820439254320148 19.633566365581895 0.55491627407853705 1.2012873447979928 0.83901738165336026
decision_type=2 2 2 2 2 2 2 2 2 2 2 2 2 2 2 2 2 2 2 2 2 2 2 2 2 2 2 2 2 2
left_child=1 2 3 5 7 6 28 8 9 13 -11 -10 18 14 -5 -15 19 -18 27 -7 -14 22 23 -2 25 -3 -6 -9 -1 -12
right_child=21 24 -4 4 26 16 -8 12 11 10 29 -13 20 15 -16 -17 17 -19 -20 -21 -22 -23 -24 -25 -26 -27 -28 -29 -30 -31
leaf_value=0.068130426129064087 0.041151673181748331 0.043866440987097535 -0.024677720871525168 0.07352200222894309 0.034427935906526118 -0.03735951871408217 0.080513817997118556 0.075332735968798775 0.10091118721692681 0.11190678433148234 -0.0041145463475120341 -0.019417151613996687 0.057657075184507578 -0.036861373457960964 -0.0019635546835220616 0.096901363337051849 -0.03707182726102403 0.040560309519389826 -0.02370304436923457 0.065625915114473354 -0.037556859325355713 0.065610123133352918 0.051417112031677432 0.053759467818172084 0.04682015345963917 0.028178257358792841 0.066114625100497634 0.0094968657138614354 -0.022230278981013093 0.05379246606581304
leaf_weight=24.337846349924803 6679.9824992567301 2172.0420461036265 94.760562617331743 53.020614676177502 4246.0139299072325 22.253426026552916 51.846423111855984 67.952435325831175 18.634457852691412 50.983047313988209 82.14941936917603 333.7648954372853 374.09691504016519 19.470754276961088 608.10535341501236 56.433635234832764 38.816223323345184 5240.2222700342536 107.64834095910192 529.44734200462699 26.516581758856773 568.99004654586315 5026.1727242767811 1612.1598472893238 4496.6951271109283 1561.0674077644944 190.6119234636426 110.98827728070319 196.6948434188962 140.83859704434872
leaf_count=123 13116 5732 591 36 19597 158 53 258 70 85 779 3415 1419 146 5481 108 280 19349 915 1173 177 325 5912 1707 9291 5217 369 753 1844 759
internal_value=0.0416647 0.0379013 0.034915 0.0353635 0.0306412 0.0403826 0.00535006 0.019503 0.0115872 0.0201763 0.0472437 -0.0130543 0.0352079 0.0101148 0.00409019 0.062589 0.0420221 0.0399895 0.0126365 0.0614719 0.0513549 0.0473327 0.0465519 0.0436029 0.0425045 0.0373061 0.0357893 0.0344979 -0.0122807 0.0324594
internal_weight=34802.7 20915.4 12685.6 12590.8 6487.23 6103.62 272.879 2050.6 1363.4 1011 273.971 352.399 687.203 737.03 661.126 75.9044 5830.74 5279.04 286.589 551.701 400.613 13887.3 13318.3 8292.14 8229.8 3733.11 4436.63 178.941 221.033 222.988
internal_count=99238 78178 57938 57347 34367 22980 2020 14401 10879 7394 1623 3485 3522 5771 5517 254 20960 19629 1926 1331 1596 21060 20735 14823 20240 10949 19966 1011 1967 1538
is_linear=0
shrinkage=0.03


Tree=21
num_leaves=31
num_cat=0
split_feature=9 0 12 9 7 13 15 16 15 9 11 13 9 13 7 18 16 12 3 11 14 18 4 13 11 4 8 15 0 14
split_gain=762.091 293.991 244.044 224.014 213.734 191.883 309.156 383.965 251.656 237.984 299.694 226.054 278.053 222.325 221.803 220.02 218.624 237.888 197.923 326.24 286.714 248.336 207.827 207.806 186.615 218.856 186.504 202.037 209.936 186.366
threshold=4.3462167610679012 4.1019210902327474 2.3609870119639909 4.182080450536394 5.0781632702433974 1.2629064802187315 0.20857340305933442 -0.61451225154799871 0.86543283471345112 1.7869530464336427 0.75152191384288292 0.94090586079457128 1.558307653488221 0.67237879064949679 -0.1705445620561685 55.019438354538352 -0.69841743063151374 1.414722926132278 4.6019185288282651 1.0445490420045844 204.69633459927695 30.120640071617185 20.557131148017508 1.3306487531864191 0.97331211285739327 3.3406280562897632 2.6042827593808506 0.27016114891685145 -2.0845970900660458 52.865245819655691
decision_type=2 2 2 2 2 2 2 2 2 2 2 2 2 2 2 2 2 2 2 2 2 2 2 2 2 2 2 2 2 2
left_child=1 2 4 -4 5 9 7 16 18 10 13 -12 -13 14 -1 -16 17 24 19 -8 23 -21 -22 29 -7 -26 27 28 -2 -20
right_child=26 -3 3 -5 -6 6 8 -9 -10 -11 11 12 -14 -15 15 -17 -18 -19 20 21 22 -23 -24 -25 25 -27 -28 -29 -30 -31
leaf_value=-0.033548944344776947 0.061311263389951805 0.049926231385317266 0.050169050592688391 -0.041522702369776635 0.051275944500953519 0.061048295372684649 0.044476069961911065 -0.037850389569690231 -0.0053514530650208411 0.036449597220200233 -0.021134388874540277 0.068613731334627989 -0.015332818499341134 0.053655075047311811 0.062914280754933327 -0.012855149692897331 0.077632458833560319 -0.038936872758415286 0.042624876837046452 0.05310932145751323 -0.038735136690016769 0.0032455677216768728 0.067093942756505445 0.053427340673864426 0.028464620806775035 -0.038535887474446501 0.046939011821901896 0.036864582014001453 -0.042730987522510658 -0.038401438459942608
leaf_weight=65.271857235580683 24.344050109386444 1417.4346491768956 1277.6646846905351 24.439170211553574 707.90691118687391 87.247031170874834 483.46776159107685 130.50125483796 150.95004196092486 16848.676006024703 207.23541925288737 73.3694904204458 68.820362910628319 265.99101892486215 87.607219345867634 56.889867134392262 53.645076733082533 65.670904219150543 61.094664461910725 108.4125168249011 60.215660352259874 526.13535510376096 23.110355705022812 867.18937523663044 150.55566199496388 61.925281476229429 10892.832153007388 453.08434553444386 61.676508828997612 43.909938365221024
leaf_count=871 33 1916 2624 125 1163 185 1639 915 792 59224 2695 421 752 1380 342 529 80 424 163 317 375 2893 30 2121 606 387 14698 947 312 279
internal_value=0.0397127 0.0366735 0.0358408 0.0484481 0.0350685 0.0345101 0.027321 0.00708495 0.0321051 0.0356792 0.0199489 -0.00114717 0.0279833 0.035443 0.0123499 0.0330831 0.021079 0.0127762 0.0347065 0.0259103 0.0440235 0.0117648 -0.00938359 0.048601 0.0241067 0.00893804 0.0460866 0.0288623 -0.0132867 0.00874198
internal_weight=35407.3 23975.3 22557.9 1302.1 21255.8 20547.9 2874.03 549.545 2324.49 17673.9 825.185 349.425 142.19 475.76 209.769 144.497 419.044 365.399 2173.54 1118.02 1055.52 634.548 83.326 972.194 299.728 212.481 11431.9 539.105 86.0206 105.005
internal_count=99238 83248 81332 2749 78583 77420 11206 2597 8609 66214 6990 3868 1173 3122 1742 871 1682 1602 7817 4849 2968 3210 405 2563 1178 993 15990 1292 345 442
is_linear=0
shrinkage=0.03


Tree=22
num_leaves=31
num_cat=0
split_feature=9 0 12 11 9 4 0 7 2 2 0 4 16 8 8 8 8 4 4 5 9 14 8 18 7 11 17 6 17 5
split_gain=737.414 276.764 222.187 208.388 198.926 394.146 392.484 290.435 265.188 293.728 277.382 263.088 251.935 231.013 266.548 255.973 223.502 238.904 230.878 230.391 222.313 221.457 384.518 306.96 299.92 272.293 263.063 216.132 222.014 260.056
threshold=4.3462167610679012 4.1019210902327474 2.3609870119639909 0.66900044789525215 2.9339085773985096 -0.18027949709761845 2.0863043635840115 -0.9084183340391293 -0.62705065710754726 0.24305888373931109 -1.3269454661681446 1.548356541663565 -0.88341937378574553 4.1045899327231199 3.2204595932373152 3.0103880396791349 1.8804741483585372 9.9118577384974778 11.440553834970858 0.63689724541466164 1.8924543049430107 53.604006631394959 1.465442269241392 42.163177820476072 -0.93302223093937864 0.94745985706574276 -35.646384779427379 -0.86356007965026238 -16.27365197208551 -0.14843311857626837
decision_type=2 2 2 2 2 2 2 2 2 2 2 2 2 2 2 2 2 2 2 2 2 2 2 2 2 2 2 2 2 2
left_child=1 2 3 -1 5 6 7 13 12 16 11 -11 20 14 15 21 19 -18 -19 -10 -7 22 -5 24 26 -25 -23 28 29 -9
right_child=-2 -3 -4 4 -6 8 -8 27 9 10 -12 -13 -14 -15 -16 -17 17 18 -20 -21 -22 23 -24 25 -26 -27 -28 -29 -30 -31
leaf_value=0.042585136978384786 0.044137110103918749 0.047708294528377923 0.046052923328510589 -0.034125099497292512 0.035125352923133138 -0.034244066025762229 -0.036956495600460194 -0.0048334305598165487 -0.034668366800376889 0.053530463830883175 0.034157917053153089 -0.03728824694261676 0.034226470662079102 -0.037770058528748214 0.06004883453497898 -0.036277391464256827 -0.030180285630486796 0.077185670887806521 -0.037592958807300507 0.045049707814378254 0.060871850496437493 0.033269238597988408 0.04783346186674993 0.049072047289557982 0.12444314467970716 -0.034115909055802203 -0.027668225670695972 0.022786469969201324 -0.028239029482725806 0.052616508589416577
leaf_weight=2020.7078325673938 11576.410846956074 1438.4966697990894 1328.2866250872612 56.043098069727421 11054.64565385133 22.882846143096685 104.28530259057879 249.4446727335453 40.402238260954618 41.273511830717325 3263.7538378685713 94.288662407547235 1039.9894797224551 43.733349718153477 258.62586222589016 55.457646671682596 182.27530068159103 43.546937923878431 24.729638449847698 169.57252161949873 659.68232771381736 89.651758119463921 638.26071283966303 268.71305222250521 15.672039210796354 40.787840813398361 220.74591878801584 636.16348397359252 198.66252762638032 99.081086829304695
leaf_count=5320 15990 1916 2749 640 30481 243 786 2121 403 124 13558 657 4590 297 843 437 1270 80 164 763 1685 453 2679 1526 36 431 3008 3517 2050 421
internal_value=0.0379015 0.0349431 0.0341434 0.0334121 0.032467 0.0290331 0.0202142 0.0222908 0.0337334 0.0293653 0.0324114 -0.00963741 0.0435212 0.0302806 0.0320909 0.0268715 0.0068811 -0.0122513 0.0356131 0.0297108 0.0576831 0.0295049 0.0412179 0.0167095 -0.00360268 0.0381091 -0.0100677 0.0108958 -0.00292844 0.0114988
internal_weight=35976.3 24399.9 22961.4 21633.1 19612.4 8557.73 2975.33 2871.04 5582.4 3859.84 3399.32 135.562 1722.55 1687.69 1643.96 1385.33 460.527 250.552 68.2766 209.975 682.565 1329.87 694.304 635.571 326.07 309.501 310.398 1183.35 547.188 348.526
internal_count=99238 83248 81332 78583 73263 42782 19245 18459 23537 17019 14339 781 6518 10350 10053 9210 2680 1514 244 1166 1928 8773 3319 5454 3497 1957 3461 8109 4592 2542
is_linear=0
shrinkage=0.03


Tree=23
num_leaves=31
num_cat=0
split_feature=10 8 8 0 15 14 4 4 3 16 13 10 3 14 11 9 6 12 14 13 4 8 0 9 17 17 10 9 9 16
split_gain=789.475 396.744 439.381 265.37 247.232 342.894 319.043 262.621 222.579 227.858 213.924 200.025 264.415 257.983 186.512 229.978 186.361 181.991 227.174 319.215 308.171 273.869 248.755 206.778 249.086 211.084 222.555 208.361 304.743 205.995
threshold=4.4764321294921663 3.3789098730734946 3.343300372078454 3.2441262373557129 0.81481464575557705 101.73880241703736 1.6455369966298152 -11.403913221554861 1.5323860555676141 -0.7744027444904017 2.4169426162521419 3.0760711967543446 1.1138346903711962 81.378913305581989 0.83656377935232085 3.433181541494235 -15.746440968775449 0.37165945045402227 171.03823324837069 0.62210991100076207 -1.7746785860404011 1.3603724119714258 -2.0451149062857543 2.5609385139382232 -27.020024364784639 -5.5178335778827003 1.7957713621174087 2.2607134865494731 2.3491507331416979 0.58113094309636992
decision_type=2 2 2 2 2 2 2 2 2 2 2 2 2 2 2 2 2 2 2 2 2 2 2 2 2 2 2 2 2 2
left_child=1 2 3 4 17 6 7 -6 -7 -10 16 12 -8 -14 -13 -16 -3 29 19 21 -20 -19 -23 24 -22 -26 -27 -28 -29 -1
right_child=-2 10 -4 -5 5 8 11 -9 9 -11 -12 14 13 -15 15 -17 -18 18 20 -21 23 22 -24 -25 25 26 27 28 -30 -31
leaf_value=0.025216621980397664 0.043748675765109921 0.054706168264223594 -0.028023767605224115 0.061027856500623 0.0725006613016001 -0.03568096947269396 0.062790744421721403 -0.0057604277506794772 0.072797215350359407 -0.00077867593548949592 0.055400015313055724 0.086794851373981838 -0.018714910637855846 0.051765487415215958 -0.040405823018206451 0.056831344169664164 0.035994934131163121 -0.015025525508543787 -0.0029402462859545717 0.032364265833680871 0.067460348411048823 -0.038283305780242492 0.0523331335602654 0.035898942220686077 -0.02729375963105625 0.13074717008272593 -0.022046647881563929 0.083604355264611879 -0.014000106259344792 -0.01265936836616747
leaf_weight=1252.2557307537645 9342.2957897186279 501.20990204811096 114.86294380575418 258.17563869059086 44.636522587388754 137.31402771733701 113.09143884852529 284.90140829607844 44.950300216674805 240.91574581339955 586.67058433592319 129.84600063413382 134.83467300981283 71.540774706751108 27.881602205336094 101.88310697674751 10841.183981660753 59.994668083265424 336.5141160916537 8888.6795067545027 60.465238012373447 27.83587683364749 1328.5511049125344 1064.5925651155412 139.24646266922355 15.162135154008864 91.879221878945827 62.236016109585762 53.571028515696526 144.10390860028565
leaf_count=5260 11700 578 679 252 71 1282 348 1959 90 1424 543 146 842 284 150 156 24434 556 2389 35202 186 181 4040 3287 1096 26 774 129 327 847
internal_value=0.0362261 0.0336384 0.0304294 0.0308736 0.0303496 0.0180168 0.0284054 0.00484018 -0.00428857 0.0107906 0.0377354 0.0418157 0.0259214 0.00571737 0.0613747 0.0359387 0.0368218 0.031564 0.0327448 0.034472 0.0229849 0.0476991 0.0504735 0.0288512 0.0110953 0.00168304 0.0197891 0.0116887 0.0384536 0.0213078
internal_weight=36501.3 27159 15229.9 15115.1 14856.9 1331.8 908.616 329.538 423.18 285.866 11929.1 579.078 319.467 206.375 259.611 129.765 11342.4 13525.1 12128.7 10305.1 1823.67 1416.38 1356.39 1487.15 422.56 362.095 222.848 207.686 115.807 1396.36
internal_count=99238 87538 61983 61304 61052 6752 3956 2030 2796 1514 25555 1926 1474 1126 452 306 25012 54300 48193 39979 8214 4777 4221 5825 2538 2352 1256 1230 456 6107
is_linear=0
shrinkage=0.03


Tree=24
num_leaves=31
num_cat=0
split_feature=10 8 8 0 15 14 4 4 18 17 3 0 8 8 14 0 14 12 12 4 12 11 17 17 10 14 17 11 15 6
split_gain=764.955 407.53 261.893 240.568 231.379 337.472 300.176 240.924 237.393 222.798 215.662 205.542 218.83 223.406 220.452 224.246 209.907 224.471 264.993 282.218 244.319 289.56 243.041 221.112 219.588 261.863 212.933 207.034 218.081 216.69
threshold=4.7188816225465233 3.3789098730734946 3.343300372078454 3.2441262373557129 0.81481464575557705 101.73880241703736 1.6455369966298152 -11.403913221554861 55.836999431401644 -59.403588857471597 6.3453077871667221 0.26871055906042829 1.3603724119714258 1.1843720181894903 71.205794700629895 0.049555507029941652 171.03823324837069 0.37165945045402227 1.0657134126437871 3.4273864708630368 1.5983146043783394 1.0445490420045844 -29.038376634561271 -28.489862964341214 3.2986816106133201 40.852530043293157 -2.2591847700334848 0.98472077993604945 0.18261291004526412 3.6050226653208872
decision_type=2 2 2 2 2 2 2 2 2 2 2 2 2 2 2 2 2 2 2 2 2 2 2 2 2 2 2 2 2 2
left_child=1 2 3 4 11 6 7 -6 -7 -3 -10 12 13 14 -1 -16 17 27 -19 20 22 -22 -20 -18 -24 -26 -25 29 -29 -14
right_child=-2 9 -4 -5 5 8 -8 -9 10 -11 -12 -13 16 -15 15 -17 23 18 19 -21 21 -23 24 26 25 -27 -28 28 -30 -31
leaf_value=-0.0055832119265526968 0.043046719706721887 0.061932208998402502 -0.012027227877799753 0.057334342978615928 0.068092991122572208 -0.02937906571530818 0.039956048584581939 -0.0058337907129132659 0.036912114734839817 0.035742803708741645 -0.023186749474650593 0.034875119675719282 0.017650860942300652 -0.013878611383943138 0.060244053102132183 -0.034561725477148107 -0.0255624979526651 0.035265681257904184 -0.0389004536252033 -0.0073302629501579755 0.063509271340584331 0.001310204945983881 0.008116281033221687 0.025393517236239747 -0.042875002822922753 0.069537083930749075 -0.016750015137866982 -0.039637728632792656 0.049553170304877894 -0.024758583068163014
leaf_weight=122.43136355280876 7749.9114912599325 299.09501896798611 137.35438800603151 276.11175119131804 46.0769486092031 193.5264467485249 604.40475211292505 285.56659365445375 150.94159492477775 12962.144246287644 83.446983151137829 5328.8858313579112 333.0496014598757 225.81280001811683 155.09678773954511 26.255260894075036 99.71709580719471 5226.4859925601631 66.493165161460638 272.47248195111752 256.08394449204206 91.405731305480003 307.86509716883302 1034.6583240479231 21.930722907185555 124.69301722198725 120.4633700363338 28.173384577035904 198.57406362518668 160.77583150938153
leaf_count=967 8970 220 708 267 71 1688 1947 1967 617 27063 523 18767 1490 1913 702 303 631 18801 435 1314 608 468 1874 4278 106 155 790 175 578 842
internal_value=0.0346668 0.0324458 0.0292193 0.0295769 0.0290845 0.0172822 0.0273717 0.00443724 -0.00478814 0.0363335 0.0155157 0.0302181 0.027421 0.00872118 0.0255204 0.0465185 0.0286081 0.0306103 0.0324062 0.0193075 0.0276648 0.0471481 0.0146696 0.0172985 0.0225071 0.0527234 0.0209985 0.01474 0.0384712 0.00384353
internal_weight=36989.9 29240 15978.8 15841.4 15565.3 1363.96 936.048 331.644 427.915 13261.2 234.389 14201.3 8872.44 529.596 303.783 181.352 8342.84 7088 6367.43 1140.94 868.472 347.49 520.982 1254.84 454.489 146.624 1155.12 720.573 226.747 493.825
internal_count=99238 90268 62985 62277 62010 6813 3985 2038 2828 27283 1140 55197 36430 3885 1972 1005 32545 26846 23761 4960 3646 1076 2570 5699 2135 261 5068 3085 753 2332
is_linear=0
shrinkage=0.03


Tree=25
num_leaves=31
num_cat=0
split_feature=10 17 10 12 15 14 10 10 12 3 17 3 5 17 0 12 2 2 1 0 4 13 17 1 2 12 12 12 0 13
split_gain=748.897 287.92 271.33 226.095 229.782 276.983 229.555 275.669 268.703 220.997 267.239 217.798 208.237 231.853 312.264 205.313 224.567 201.073 216.701 198.982 180.705 177.343 175.11 168.556 167.075 160.583 222.227 240.722 189.856 289.909
threshold=3.9414058872571895 -44.058325472366484 2.4154663029923915 2.6343705450370165 0.9142867730600549 23.757732450989383 2.5874226360729398 2.9872975930684018 0.53797891433985423 -9.0818756716832016 -26.297130680492153 -6.0401242612263752 8.799553854255846 -5.7133756629992485 1.9149965069117962 1.0299349743151647 5.4018861917613634 3.3723629040623986 -5.5087163230906784 -3.1534909473492072 14.04502636724694 0.6376647397904921 -0.47658234440609804 6.8486357055448037 -9.2163532094866465 0.35516669193118655 0.47173553814332675 0.52696213921671442 -0.36279806271377135 1.0210226291162152
decision_type=2 2 2 2 2 2 2 2 2 2 2 2 2 2 2 2 2 2 2 2 2 2 2 2 2 2 2 2 2 2
left_child=1 -1 11 4 6 -6 8 9 -4 -8 -11 -3 13 24 15 16 17 18 -15 -10 21 -21 -9 25 -2 -12 28 -28 -27 -30
right_child=12 2 3 -5 5 -7 7 22 19 10 23 -13 -14 14 -16 -17 -18 -19 -20 20 -22 -23 -24 -25 -26 26 27 -29 29 -31
leaf_value=0.046215740084453998 0.047992532668213086 -0.022332244951719496 0.011609669429352269 0.041146891258787413 0.055835326999120062 -0.009059593005040974 -0.023770717313572914 0.031486871919278688 -0.038921508011881496 0.038351765335302594 -0.014337821534146721 0.022683469310867933 0.044323722985831079 0.057051236787926674 0.051970030941798279 0.034490977823742323 -0.046702329461482173 0.040382071070214624 -0.011196727100316889 0.073936765749229888 0.077152021292734727 0.039009131779001928 -0.040492030757696432 -0.04044210778737712 0.036276794839538863 0.061166522151877019 -0.025576197694695914 0.020023552759250135 -0.01264223365569065 0.072411916110605559
leaf_weight=922.55036827549338 1261.9448090791702 99.60969652235508 257.36671336740255 1650.7398885115981 75.945189885795116 268.35846260562539 92.741225127130747 10566.047654841095 25.215988390147686 814.7466557584703 118.7934571094811 3347.9268976654857 4003.8803669214249 48.803817868232727 264.82321082055569 306.38964927196503 69.071820676326752 147.39915449172258 294.8058673068881 146.10937447100878 151.5336792320013 1251.3610466197133 30.506772376596928 42.328970022499561 8306.0234396010637 215.39690018445253 108.92379277572036 2398.4015068002045 100.8143916875124 56.158401802182198
leaf_count=1786 1149 1063 1508 2505 131 1188 646 28359 150 2767 961 19398 3825 49 259 485 306 244 996 364 254 4536 180 238 13747 612 765 9988 677 102
internal_value=0.033211 0.0297997 0.0291055 0.0305548 0.0295091 0.00525468 0.030019 0.0287586 0.0400281 0.0219925 0.0230933 0.0213828 0.0384875 0.0363035 0.0234603 0.0147467 0.00394573 0.0110706 -0.00150328 0.0446742 0.0460351 0.0426609 0.0312796 0.019005 0.037822 0.0198442 0.0212543 0.0180426 0.0428797 0.0177866
internal_weight=37444.7 22741.6 21819 18371.5 16720.8 344.304 16376.4 14544.9 1831.59 3948.31 3855.56 3447.54 14703.1 10699.3 1131.29 866.47 560.081 491.009 343.61 1574.22 1549 1397.47 10596.6 3040.82 9567.97 2998.49 2879.69 2507.33 372.37 156.973
internal_count=99238 78178 76392 55931 53426 1319 52107 45295 6812 16756 16110 20461 21060 17235 2339 2080 1595 1289 1045 5304 5154 4900 28539 13343 14896 13105 12144 10753 1391 779
is_linear=0
shrinkage=0.03


Tree=26
num_leaves=31
num_cat=0
split_feature=10 8 8 0 7 14 5 17 7 12 1 14 2 13 10 16 14 3 5 7 11 3 2 1 17 7 17 7 9 5
split_gain=726.53 351.782 376.986 224.198 211.158 429.063 292.994 221.816 285.961 217.54 272.614 241.645 217.041 199.771 193.622 187.488 208.53 181.673 181.604 248.41 236.572 274.976 207.693 196.793 184.694 294.813 263.408 180.623 180.415 172.723
threshold=4.4764321294921663 3.3789098730734946 3.343300372078454 3.2441262373557129 -0.10721511954078776 186.05297791149235 -4.3168955827856861 -1.5493937468263295 2.8179168533009729 0.50734627251452358 -1.73919557472319 58.204719577258309 -2.7048934829236422 2.4169426162521419 3.575103206866832 1.5139129391460993 12.516414942062076 -0.62656754066190967 0.17911828381253314 -0.88357378331486147 1.1463245482871238 -2.9949841848240175 2.9751855601967474 6.4328179649628572 -23.497598420981845 -1.3722264118083247 -19.608626284958039 -1.8499257256914479 1.8039646178034126 -1.5324675181236516
decision_type=2 2 2 2 2 2 2 2 2 2 2 2 2 2 2 2 2 2 2 2 2 2 2 2 2 2 2 2 2 2
left_child=1 2 3 4 5 9 -6 -8 14 10 12 15 27 -3 -9 16 -12 -14 19 24 21 29 -23 28 -11 -26 -27 -1 -20 -21
right_child=-2 13 -4 -5 6 -7 7 8 -10 18 11 -13 17 -15 -16 -17 -18 -19 23 20 -22 22 -24 -25 25 26 -28 -29 -30 -31
leaf_value=0.03598594693633244 0.03899408307314528 0.032365951926131203 -0.027858773780487501 0.05406914177060998 0.062076136534415835 -0.007321476854842076 0.029237471946180524 -0.028796641527411539 0.029679484885199784 0.036376036029119069 -0.037533818082616167 -0.021934389294904034 0.067017827505679389 0.050076437854151605 0.04035100486906254 0.072837564324870013 0.018297222942801082 -0.0066751805899046158 -0.012744101242033141 0.023251964387276905 -0.036213582746206105 -0.013781371402354775 0.062011956747233539 -0.040721517513553226 0.0060599101499518859 -0.036367788425342523 0.047160795993640717 -0.038154126893708132 0.042080668027373591 0.079563959204966575
leaf_weight=65.688923485577106 9575.2310273051262 11767.861494537443 114.06472133100033 268.25321941822767 235.09160083159804 424.2979933321476 9345.2397743463516 188.98331306874752 274.22820234671235 1151.1971939373761 73.592843312770128 255.84015232883394 165.42160959169269 602.56147211045027 45.153127431869507 44.77816891297698 331.06172969937325 36.80714437738061 56.909665439277887 205.41584863513708 96.360062282532454 272.73322296515107 36.946795128285885 28.360307954251766 626.42676766775548 37.562627356499434 356.07614129781723 53.791849754750729 1064.2413437440991 64.387836258858442
leaf_count=203 11700 25012 679 252 516 3012 31297 1641 1140 4026 565 2187 367 543 94 91 1568 178 508 1120 824 2048 80 155 3798 328 1555 391 3185 175
internal_value=0.0318513 0.0294336 0.0264846 0.0268768 0.0264073 0.0216479 0.0289773 0.0281877 0.00888898 0.0240947 0.0117793 0.00134008 0.0346648 0.0332286 -0.0154615 0.0145891 0.00814346 0.0536051 0.0272593 0.0231959 0.00731269 0.0145505 -0.00473875 0.0373236 0.0281398 0.0188447 0.0391902 0.00260709 0.0392978 0.0366907
internal_weight=37864.6 28289.3 15918.9 15804.8 15536.6 5447.9 10088.7 9853.6 508.365 5023.6 1026.98 705.273 321.71 12370.4 234.136 449.433 404.655 202.229 3996.62 2847.11 675.844 579.484 309.68 1149.51 2171.26 1020.07 393.639 119.481 1121.15 269.804
internal_count=99238 87538 61983 61304 61052 26364 34688 34172 2875 23352 5550 4411 1139 25555 1735 2224 2133 545 17802 13954 4247 3423 2128 3848 9707 5681 1883 594 3693 1295
is_linear=0
shrinkage=0.03


Tree=27
num_leaves=31
num_cat=0
split_feature=10 5 5 17 10 7 5 15 12 10 3 11 17 4 7 5 18 11 11 11 11 11 3 3 17 11 18 7 2 16
split_gain=714.662 279.804 298.836 224.652 196.508 249.137 265.313 243.453 191.171 190.907 190.951 192.267 224.816 306.113 256.067 312.103 244.064 215.623 230.897 207.91 260.107 206.443 251.161 222.225 187.727 204.676 187.4 263.341 218.209 238.488
threshold=3.5250867831165924 8.799553854255846 -11.663062864011986 -44.058325472366484 4.6049527786427484 -0.54180620604891694 -0.9182407446949824 0.12599853515625004 0.39746958368323765 2.4065106700100753 -6.0401242612263752 0.9299915287313627 -20.788157716709296 -2.3180524642489981 0.50146105786400563 7.5839888654357717 70.336763887809553 0.74491233233225917 0.84820047832166223 0.73799748147339927 0.69799139285430811 0.90153569149206714 -1.039388343627373 2.2157568072429417 -4.8358687616050675 0.85487983633590503 64.548530375023844 2.1947393715602952 -0.58883496421349701 2.5949144825822663
decision_type=2 2 2 2 2 2 2 2 2 2 2 2 2 2 2 2 2 2 2 2 2 2 2 2 2 2 2 2 2 2
left_child=3 2 -2 -1 5 6 7 8 -4 10 -5 17 14 -14 -13 -16 26 19 -19 20 -12 22 -20 -24 -6 -26 28 -28 -15 -30
right_child=1 -3 4 9 24 -7 -8 -9 -10 -11 11 12 13 16 15 -17 -18 18 21 -21 -22 -23 23 -25 25 -27 27 -29 29 -31
leaf_value=0.043454396468609637 0.047970957401511777 0.040878529050260425 0.049290153013513867 -0.022097157934641259 0.037142389409162403 0.032116860397207445 0.005723884035428113 0.029667456426253173 -0.024979861268163504 0.027176513734377822 0.039377952859665083 0.051306453059603879 -0.019168620325472983 0.038972060853160344 -0.017207193476727528 0.078880733187697658 -0.016501838735884036 -0.020963273735048821 -0.033577702273917764 0.087258601770600352 -0.033888099018140883 -0.017049586729587608 0.059541884395707671 0.0026298281606865642 -0.031169764507641869 0.027551398208121101 0.057228174819669395 -0.037260250915279201 0.0039145522187505263 0.050465646088155715
leaf_weight=659.86827886849642 1049.5004136115313 4709.3055779784918 40.828812777996063 97.404740633442998 5171.9507090002298 5988.4954294040799 728.08349902927876 1975.2656393274665 132.14445276558399 14067.454745061696 162.72203267924488 480.00110150873661 166.17111953347921 411.59199034422636 118.62563439831138 40.916699789464474 125.23576191067696 271.5677900929004 51.325039714574814 50.345446445047855 59.577169427648187 135.1646414399147 170.11228904873133 96.934372872114182 73.73033319413662 193.95263002812862 274.41070901602507 29.389338698238134 601.08312062360346 118.59068287163973
leaf_count=1324 840 4733 69 1042 6772 11852 2202 4393 542 45850 897 1957 1746 1803 679 23 859 2783 643 121 713 1132 723 636 275 308 734 207 3217 163
internal_value=0.0305772 0.0344815 0.0325194 0.0262704 0.0313857 0.0286314 0.0213745 0.0266789 -0.00744908 0.0256235 0.0193117 0.0205108 0.0251684 0.0195401 0.0403624 0.0074358 0.0236625 0.00946599 0.000914212 0.0322096 0.0197423 0.014014 0.027202 0.0388836 0.0358745 0.0113773 0.0271676 0.0480875 0.0215496 0.0115854
internal_weight=38251.8 20063.3 15354 18188.5 14304.5 8864.82 2876.32 2148.24 172.973 17528.6 3461.17 3363.76 2366.02 1726.47 639.543 159.542 1560.3 997.749 725.104 272.645 222.299 453.536 318.372 267.047 5439.63 267.683 1435.07 303.8 1131.27 719.674
internal_count=99238 31986 27253 67252 26413 19058 7206 5004 611 65928 20078 19036 11388 8729 2659 702 6983 7648 5917 1731 1610 3134 2002 1359 7355 583 6124 941 5183 3380
is_linear=0
shrinkage=0.03


Tree=28
num_leaves=31
num_cat=0
split_feature=10 5 5 8 14 18 17 0 16 16 10 4 5 18 17 8 1 8 13 11 3 4 5 8 11 13 3 18 11 13
split_gain=690.428 269.326 282.498 218.418 253.67 309.742 377.9 215.132 275.898 202.329 188.029 186.301 193 178.366 173.784 213.354 243.434 165.385 164.892 154.665 188.514 154.838 295.025 218.008 155.534 154.174 161.243 171.879 162.393 184.385
threshold=3.5250867831165924 8.799553854255846 -11.663062864011986 2.5038265275891445 17.631663437258304 40.792051084963298 -32.767421142654854 -0.58081237536391395 0.7550185782293245 -1.8574251323382109 4.6049527786427484 0.34702334064974366 0.87244872546158747 71.3544544049699 -4.8358687616050675 7.2653198086616007 2.8420972427136264 1.6222293304683604 0.49951490406489479 0.65712571098354255 4.4255896274677751 -0.89857708806071457 -0.96355660975421065 1.465442269241392 0.68932230190294175 2.0738463301978851 2.397341816742105 64.736415736516747 1.2196884595946282 1.6139500144458172
decision_type=2 2 2 2 2 2 2 2 2 2 2 2 2 2 2 2 2 2 2 2 2 2 2 2 2 2 2 2 2 2
left_child=3 2 -2 4 9 6 -6 8 13 -1 19 12 17 -5 -12 16 -16 -11 -10 20 -4 22 24 -24 -21 26 27 28 -23 -30
right_child=1 -3 10 7 5 -7 -8 -9 18 11 14 -13 -14 -15 15 -17 -18 -19 -20 21 -22 25 23 -25 -26 -27 -28 -29 29 -31
leaf_value=-0.038424068058199284 0.046279369738482727 0.039474776462087156 0.048255723595200306 0.025168053843142836 0.028835196543098098 0.021098186255318906 -0.017273751838807014 0.031125526638461014 0.090923688102175132 -0.0042862965529546597 0.035790835188477088 0.044895702094246336 -0.039291136659421293 -0.0040288492108362748 -0.048712749502355365 0.049493817847175277 0.021905956458968475 0.036287875185620086 -0.037284040630227971 -0.041322297205159772 0.00065646371273886178 0.026254483201363126 0.066852076496994636 -0.0019219731259298785 0.026610056489286292 0.051890510288036616 0.033023012776248806 -0.025952145326027645 -0.025778502448797088 0.039685363963297533
leaf_weight=34.609816715121269 1055.1350283846259 4730.1356423348188 549.73577716946602 3617.1707311589271 253.62023619934916 5593.9148668255657 433.25421814620495 6865.9505730196834 9.9595415070652944 117.10219280049205 5205.7055220603943 743.56092722713947 42.762867964804173 198.65513816475868 75.464886605739594 87.412738889455795 105.14075544476509 396.73744063451886 96.578150231391191 30.704054936766624 86.692343592643738 1776.9631564319134 44.621682554483414 589.67450469732285 2509.0223996639252 265.91399379074574 2851.9145750775933 65.261207729578018 116.72054237127304 57.946583807468414
leaf_count=235 840 4733 924 11575 1071 26257 4764 17626 28 855 6772 1745 256 810 323 69 191 1337 693 161 294 3965 32 1921 5496 265 5235 255 427 83
internal_value=0.0293811 0.03321 0.031295 0.0251776 0.0212877 0.0187637 -0.00024857 0.0279235 0.0223186 0.0331648 0.0301985 0.0350704 0.021945 0.023648 0.0345779 0.0110198 -0.00760161 0.0270412 -0.0252987 0.0275186 0.0417719 0.0264268 0.0212179 0.00291617 0.0257888 0.0296467 0.0284318 0.0219399 0.0235413 -0.00406058
internal_weight=38608 20204.2 15474 18403.9 7615.56 6280.79 686.874 10788.3 3922.36 1334.77 14418.9 1300.16 556.603 3815.83 5473.72 268.018 180.606 513.84 106.538 8945.17 636.428 8308.74 3174.02 634.296 2539.73 5134.72 4868.81 2016.89 1951.63 174.667
internal_count=99238 31986 27253 67252 36520 32092 5835 30732 13106 4428 26413 4193 2448 12385 7355 583 514 2192 721 19058 1218 17840 7610 1953 5657 10230 9965 4730 4475 510
is_linear=0
shrinkage=0.03


Tree=29
num_leaves=31
num_cat=0
split_feature=10 0 10 12 14 0 15 15 6 12 12 15 16 0 10 17 17 17 4 12 0 13 14 4 13 12 6 1 15 13
split_gain=670.336 386.077 281.318 253.687 229.108 291.733 254.305 338.428 240.256 216.477 212.439 197.378 180.2 519.898 264.841 252.026 285.997 193.558 193.242 187.995 259.96 271.547 183.955 213.501 174.216 174.081 171.061 179.775 169.503 245.747
threshold=4.8022950532263176 4.1019210902327474 3.0396545611468633 0.30188179533413634 13.5918412079776 -1.0923320770715783 0.81818449792908865 0.83857266262946706 2.7775271543027462 2.6343705450370165 0.376438984357573 0.13320001603963971 0.61588187304159359 0.74221011789386637 2.9786707821026126 -11.045460447400986 -3.7652243885693983 -3.083979825247062 17.308535544315287 1.113063952692001 0.76260048615689502 0.57121077029884215 121.36630266108025 -5.6240962207306673 0.97402114956419228 0.13072999160381657 8.5340365284775928 4.6383822691858159 0.18261291004526412 1.215892879475627
decision_type=2 2 2 2 2 2 2 2 2 2 2 2 2 2 2 2 2 2 2 2 2 2 2 2 2 2 2 2 2 2
left_child=1 2 3 25 5 -5 12 -8 10 -4 -9 -7 22 18 15 19 -17 -18 -14 20 -15 -22 -6 -24 -12 -1 27 -19 29 -25
right_child=-2 -3 9 4 6 11 7 8 -10 -11 24 -13 13 14 -16 16 17 26 -20 -21 21 -23 23 28 -26 -27 -28 -29 -30 -31
leaf_value=0.056449260326344577 0.036345867770096449 0.037355848562944487 0.026876603200659096 -0.0031220850188957874 0.027334754457789091 -0.038629965148831311 -0.037387890723464497 0.089959836439269844 0.02471035017883964 0.041490870300172358 -0.035868502763273122 0.040137313120240194 -0.016066795371197741 0.1189600216271289 0.060364104417245996 -0.027076303513394413 0.058579319735729211 -0.038922076468325136 0.074844154909513044 0.039928154492459747 0.064483187247931992 -0.027730950725391834 -0.01889260346203063 0.04345900729942187 0.0062262948443178607 -0.026694509132770803 -0.039532358784824605 0.081565451625894098 0.012030696582384955 -0.019879868587482558
leaf_weight=26.705582574009895 7452.0503808110952 2624.6379444152117 16870.561081573367 173.97805299982429 5010.0588265918195 29.311167132109404 135.06628860533237 19.984357228502631 623.81365777924657 964.36447656899691 146.59860786981881 1235.3667319305241 479.25707663968205 16.147300038486719 159.16612251475453 187.1899953559041 85.660099778324366 17.394943721592426 22.009638145565987 474.70404932834208 37.003063518553972 128.71005714870989 146.8442878369242 383.76379261538386 223.21946534700692 149.74989232048392 53.562584284693003 31.020661823451519 964.39165280200541 64.378569703549147
leaf_count=109 8190 3161 38620 836 20363 200 1034 73 2310 1150 1344 3361 3396 16 252 1027 113 112 36 1125 108 924 1361 1410 1158 1410 336 39 5299 365
internal_value=0.0282549 0.0263399 0.0253381 0.0215709 0.0221512 0.0333011 0.0204466 0.00722058 0.0131647 0.0276668 -0.00531206 0.0383117 0.0222856 0.0135546 0.0243456 0.0187872 -0.000839827 0.025334 -0.0120751 0.0299921 0.00405644 -0.00713991 0.0245341 0.0155358 -0.0104604 -0.0141111 -0.00259162 0.0382762 0.0191149 0.03436
internal_weight=38936.7 31484.6 28860 11025.1 10848.6 1438.66 9409.95 1148.68 1013.62 17834.9 389.802 1264.68 8261.26 1691.83 1190.56 1031.39 374.828 187.638 501.267 656.564 181.86 165.713 6569.44 1559.38 369.818 176.455 101.978 48.4156 1412.53 448.142
internal_count=99238 91048 87887 48117 46598 4397 42201 5919 4885 39770 2575 3561 36282 7484 4052 3800 1627 600 3432 2173 1048 1032 28798 8435 2502 1519 487 151 7074 1775
is_linear=0
shrinkage=0.03


Tree=30
num_leaves=31
num_cat=0
split_feature=10 17 8 8 12 14 18 8 8 10 6 14 17 1 11 10 10 17 10 6 6 8 12 5 17 17 12 12 9 10
split_gain=653.996 234.299 219.181 240.206 207.531 200.392 321.055 326.633 249.785 312.361 194.621 193.056 240.915 187.664 185.67 183.726 171.617 163.309 258 174.831 215.296 165.883 162.701 158.624 225.377 154.354 268.384 293.065 212.256 248.192
threshold=3.9414058872571895 -44.058325472366484 3.3789098730734946 3.343300372078454 1.0509359902509401 61.402320029698345 36.35081800406342 3.1851778729938127 1.3603724119714258 3.4755090435737417 13.787198230875118 12.00597473935593 -10.270820446185523 0.61742668967155201 0.67990226368794271 3.8739860693865933 5.8959224165278892 -2.1627233298177346 2.7144199215273268 7.0299655534215448 7.2419663905477281 0.84262705447784236 0.37165945045402227 8.799553854255846 -4.8358687616050675 -4.2507999479581651 0.42554084664368441 0.26724947267187632 3.5803317580065985 3.6447159805960498
decision_type=2 2 2 2 2 2 2 2 2 2 2 2 2 2 2 2 2 2 2 2 2 2 2 2 2 2 2 2 2 2
left_child=1 -1 3 5 16 8 7 -7 9 11 17 12 -3 15 22 -12 23 21 19 -19 -21 -8 -10 24 -2 26 27 -23 29 -28
right_child=4 2 -4 -5 -6 6 10 -9 14 -11 13 -13 -14 -15 -16 -17 -18 18 -20 20 -22 25 -24 -25 -26 -27 28 -29 -30 -31
leaf_value=0.038522852065933928 0.027043067463134847 -0.017254620010088623 0.027194871314249129 -0.025813107939599688 0.036590751794604179 -0.022901868344838247 0.06938955595541603 0.059674891430225606 -0.011208200112472061 0.057455718269264933 -0.017100346514447431 -0.029513487079372593 0.073043413360809342 0.04284848394142602 0.025132567687223811 0.063084983094823799 0.037803163908275025 -0.035191766863635031 -0.038080417153295625 0.10933612074054691 0.016277991878380256 0.03467937139222909 0.049368455214664576 0.036775838940638683 0.0055901817473602696 0.030422164906953739 0.022756033934866325 -0.016189387192722299 -0.00029559163340872933 -0.013302794966639959
leaf_weight=975.06819403171539 5879.9661604389548 64.13500140234828 8918.256031896919 97.172167882323265 5705.1409812867641 287.04475613869727 58.234281778335571 50.72998033836484 43.696990065276623 72.68955272436142 101.01915854215622 196.53066496551037 45.427061665803194 533.21176713332534 5910.4372068941593 34.500231474637985 1758.2002160847187 48.181104708462954 118.40554748475552 25.809043053537607 168.18357361108065 136.09694611281157 459.77009350806475 1344.8494727313519 476.45037348568439 838.49475863575935 3842.160216325894 406.0245601311326 463.49774991720915 179.83482890576124
leaf_count=1786 10559 486 19637 580 6072 2857 165 135 220 75 464 1721 123 1280 19060 28 1725 441 796 39 1050 542 776 1462 1242 2764 17811 2715 1863 764
internal_value=0.0271918 0.0241179 0.0235099 0.0211924 0.0320717 0.0215168 0.0180628 -0.0104998 0.0252243 0.00155141 0.0194503 -0.0117245 0.0201851 0.0348366 0.0266223 0.00331306 0.0293462 0.0178131 -0.00178868 0.0159554 0.0286586 0.0190062 0.0441109 0.0274155 0.025435 0.018506 0.0165187 -0.00341903 0.0189284 0.0211437
internal_weight=39239.2 24074.6 23099.5 14181.3 15164.6 14084.1 7291.43 337.775 6792.69 378.782 6953.65 306.093 109.562 668.731 6413.9 135.519 9459.47 6284.92 360.579 242.174 193.993 5924.34 503.467 7701.27 6356.42 5866.11 5027.61 542.122 4485.49 4022
internal_count=99238 78178 76392 56755 21060 56175 33714 2992 22461 2405 30722 2330 609 1772 20056 492 14988 28950 2326 1530 1089 26624 996 13263 11801 26459 23695 3257 20438 18575
is_linear=0
shrinkage=0.03


Tree=31
num_leaves=31
num_cat=0
split_feature=10 6 5 14 8 14 12 14 11 14 3 17 17 14 12 17 18 8 3 8 8 7 12 18 17 18 5 14 14 17
split_gain=637.234 271.654 303.27 199.685 187.195 193.861 195.29 262.57 185.813 183.743 186.452 177.907 212.773 274.6 254.609 223.398 216.85 193.128 200.047 190.163 244.431 257.774 179.526 169.519 167.971 166.014 165.493 207.721 164.891 158.912
threshold=3.5250867831165924 12.179071206886716 -10.162799105118706 104.36499883514894 2.9478457849352901 17.631663437258304 0.33055917653623357 95.729322900454108 1.1498365792757499 19.920155967500005 1.7749449887245585 -2.2591847700334848 -3.5702899083334416 372.12698679428291 0.54510446221309128 -7.9484906437063376 64.736415736516747 1.1582437473698268 6.9006807521935896 0.99967427572609735 1.7387333977754256 0.24686760035526059 0.54892175223040385 70.035375953105884 -67.752189672368871 57.303700485679805 -0.14843311857626837 6.2231497709096537 99.833406580572898 -10.831302703641047
decision_type=2 2 2 2 2 2 2 2 2 2 2 2 2 2 2 2 2 2 2 2 2 2 2 2 2 2 2 2 2 2
left_child=3 2 -2 4 5 26 7 -7 -8 -10 28 12 13 14 19 22 -17 -13 -19 -5 -21 -22 -16 -18 -4 -14 -1 29 -11 -28
right_child=1 -3 24 11 -6 6 8 -9 9 10 -12 17 25 -15 15 16 23 18 -20 20 21 -23 -24 -25 -26 -27 27 -29 -30 -31
leaf_value=0.018127967398336255 0.040402796863481326 0.034487366640428771 0.050746239380872887 0.057442202402237796 0.028324246586125916 -0.024265704760674887 0.021734464821959034 0.06303095832546933 0.061451736872904124 -0.021217878122709172 0.01614451373207933 0.07057534711385817 -0.037658878866615321 -0.018668006875481327 0.089147022247710928 -0.0012463719217667107 0.046259921067807484 -0.025122461486737246 0.012088543031603559 -0.035166224608955791 -0.026386184456146992 0.023497432994621693 0.024639074047713459 -0.017891179089298038 0.025196993048688162 0.038581244380473452 -0.010592196173367142 0.042165609584322757 0.056742557960629443 0.061305364656772582
leaf_weight=689.44256842881441 1415.6611294075847 7314.4665204808116 236.32157690823078 49.939531736075878 5760.6750615090132 181.93353186175227 4637.3563737962395 37.380607489496469 49.591011047363281 299.94524570181966 374.49955054372549 34.577082797884941 26.814400184899569 185.71310850419104 39.360289935022593 616.75756097026169 180.1531325802207 214.25231546536088 330.75999138131738 160.45030988007784 134.76122368499637 302.53731024637818 2870.3891483470798 46.678123816847801 11568.644854307175 621.41329740732908 125.22485266625881 951.25139634683728 26.580627981573343 35.51409250497818
leaf_count=2854 1313 8258 138 165 13588 1331 18948 117 93 1997 1314 89 206 1166 63 2890 332 1580 1321 1645 1149 1163 10788 205 22277 1492 560 2063 91 42
internal_value=0.0261857 0.0298485 0.0272819 0.0222236 0.024268 0.0211141 0.0183635 -0.00938658 0.0194931 0.00564552 0.00169775 0.0175931 0.0193392 0.0170655 0.0185734 0.0215708 0.00797786 0.00182224 -0.00253965 0.00120308 -0.00349547 0.00812492 0.0255117 0.0330587 0.0257085 0.0354275 0.0296759 0.0368357 -0.0148716 0.00529304
internal_weight=39519 20535.1 13220.6 18984 13169.4 7408.72 5607.29 219.314 5387.97 750.616 701.025 5814.56 5234.97 4586.74 4401.03 3753.34 843.589 579.589 545.012 647.688 597.749 437.299 2909.75 226.831 11805 648.228 1801.43 1111.99 326.526 160.739
internal_count=99238 31986 23728 67252 42998 29410 23891 1448 22443 3495 3402 24254 21264 19566 18400 14278 3427 2990 2901 4122 3957 2312 10851 537 22415 1698 5519 2665 2088 602
is_linear=0
shrinkage=0.03


Tree=32
num_leaves=31
num_cat=0
split_feature=10 0 10 18 17 16 9 3 8 0 3 18 10 9 6 9 15 16 0 1 16 18 1 1 16 10 14 1 16 17
split_gain=628.803 362.784 255.356 189.248 201.088 229.939 277.283 289.608 233.821 207.733 215.78 203.586 261.297 239.051 212.735 187.419 406.105 187.346 490.521 222.627 213.101 208.706 200.586 271.413 191.868 181.664 178.385 175.552 173.232 331.24
threshold=4.8022950532263176 4.1019210902327474 3.0760711967543446 31.227826645556174 -9.2958668614693085 -1.4654647560844609 3.5803317580065985 7.1428566933487323 1.3991278582605442 0.68183884562303454 -2.6571601642997931 51.914527379193821 4.4209610352166093 3.9152053487530543 -1.3455950020614076 3.3665163191589906 0.6880724954859635 0.59915555626214634 0.59203481247414014 1.6641372458815809 1.3339329856290345 55.967625197283112 2.7346944027762281 3.7743373050559863 1.0782592603143408 2.796555673157497 102.54756923314623 1.2357463130888593 -0.36688908640818069 -17.58722926014131
decision_type=2 2 2 2 2 2 2 2 2 2 2 2 2 2 2 2 2 2 2 2 2 2 2 2 2 2 2 2 2 2
left_child=1 2 17 -4 5 27 7 -7 -9 15 -11 12 13 -8 28 -6 26 -1 20 21 -19 24 -21 -24 -20 -26 -17 -5 29 -15
right_child=-2 -3 3 4 9 6 11 8 -10 10 -12 -13 -14 14 -16 16 -18 18 19 22 -22 -23 23 -25 25 -27 -28 -29 -30 -31
leaf_value=0.021303044425499417 0.033054698420382764 0.034038633288726701 0.037418904076251265 0.033016093576378046 0.014685751839987955 0.02604270411111214 -0.022447638523846066 0.063860031275537535 -0.0078989429249950397 -0.043369461773478349 0.035265067466781284 0.021361630017203367 0.024561116103904223 -0.046018547717053632 -0.01734988064893557 0.036159829663028852 -0.033573228312396251 -0.02429971619602575 -0.012055794651693399 0.039247388108964019 0.012646262594485119 -0.024427971987432882 -0.0085452526751088782 0.02654220771886838 0.032134662988890228 -0.0095393428534879445 0.020667158544081157 0.0080105142168022947 0.022236482700239622 0.029532130411729231
leaf_weight=8745.3396622035652 7503.563043102622 2654.2217426821589 999.51233837753534 1914.0771389082074 1389.4915312230587 3991.6897648759186 347.98324616998434 45.851950250566006 375.90019633620977 31.778571844100952 2686.265633918345 1232.1967500001192 490.03481222689152 108.19978457689285 259.96500021219254 1716.3146285861731 93.069311887025833 398.1249471064657 195.30820737965405 588.83840435557067 217.13704648800194 159.92889424413443 269.83439973928034 749.60608575865626 414.6270065177232 121.79521876201034 1096.0233885198832 291.11300311237574 588.36882071197033 100.96481458842754
leaf_count=36645 8190 3161 1392 3366 4064 9990 1409 36 1296 157 4220 2533 854 496 916 2589 372 2991 1288 1588 1052 886 1237 1925 1445 571 2310 739 1308 212
internal_value=0.0252321 0.0234133 0.0224612 0.0247376 0.0239813 0.0211938 0.018702 0.0235447 -9.74677e-05 0.0278553 0.0343457 0.0118686 0.00569755 -0.000879415 0.00621788 0.0237478 0.0280817 0.0190527 0.0127353 0.0186411 -0.0112608 0.00661768 0.025307 0.017255 0.0134031 0.0226725 0.030122 0.029715 0.0139001 -0.00954985
internal_weight=39777.1 32273.6 29619.3 17758.8 16759.3 9746.35 7541.16 4413.44 421.752 7012.94 2718.04 3127.71 1895.52 1405.48 1057.5 4294.9 2905.41 11860.5 3115.2 2499.94 615.262 891.659 1608.28 1019.44 731.73 536.422 2812.34 2205.19 797.533 209.165
internal_count=99238 91048 87887 38259 36867 23155 19050 11322 1332 13712 4377 7728 5195 4341 2932 9335 5271 49628 12983 8940 4043 4190 4750 3162 3304 2016 4899 4105 2016 708
is_linear=0
shrinkage=0.03


Tree=33
num_leaves=31
num_cat=0
split_feature=10 0 10 12 12 8 15 7 12 12 0 15 13 16 18 10 3 3 7 4 0 3 2 1 10 8 3 12 8 0
split_gain=608.307 346.252 243.91 220.377 199.359 178.229 175.437 242.192 216.411 254.576 193.551 178.309 162.441 162.104 139.05 142.828 324.108 136.912 135.023 135.194 134.457 131.735 238.872 185.555 157.74 124.333 261.337 317.374 167.71 153.635
threshold=4.8022950532263176 4.1019210902327474 3.0396545611468633 0.30188179533413634 2.6343705450370165 0.84262705447784236 0.81818449792908865 0.12621261858085656 1.7443246058426569 0.376438984357573 -0.56307142809765687 0.83857266262946706 2.4169426162521419 2.7726269822209946 31.227826645556174 3.7459103112756815 -13.557131357595241 15.775536925184277 -0.95870399349853852 -1.2471639872043303 0.42715462589948522 2.6388350066741788 2.3432358055754281 2.7346944027762281 2.1661551250126885 1.3603724119714258 -0.45868651131023558 0.47973817121377044 1.3202817494056083 -1.0923320770715783
decision_type=2 2 2 2 2 2 2 2 2 2 2 2 2 2 2 2 2 2 2 2 2 2 2 2 2 2 2 2 2 2
left_child=1 2 3 5 12 -1 25 8 9 -8 -9 -12 14 -6 15 16 -4 -15 -10 -20 -13 23 -23 -22 -24 26 -5 -28 -29 -27
right_child=-2 -3 4 6 13 -7 7 10 18 -11 11 20 -14 17 -16 -17 -18 -19 19 -21 21 22 24 -25 -26 29 27 28 -30 -31
leaf_value=0.058886110007805623 0.032019894945381495 0.032914647657655019 -0.047238318411285236 -0.02195912851215763 0.03995949632994078 -0.027008686880681084 0.076933157643192307 0.081158192927901399 -0.040552967791582913 -0.028673070879857623 -0.025250626907196889 -0.03750364344670945 0.041715979534849248 -0.052492839861079325 0.021946472024046541 0.045046062786923705 0.031913108019258028 0.040438897321670317 0.072985524409961616 -0.0045635444639751275 0.044956754932409387 -0.038663844475417472 -0.038985183379112102 -0.04012034117722537 0.028090933549991957 0.014319936994423356 -0.03571217641866771 0.034728511650026196 -0.036592827070994705 0.023232257755803641
leaf_weight=25.327633213251829 7513.5134622454643 2662.3832860589027 54.488171629607677 191.7193919941783 925.14515392482281 153.54424406029284 21.998916022479534 40.99895041435957 21.211046773940325 310.59547068923712 91.019111409783363 35.843445502221584 408.60282552242279 32.553353562951088 16111.16529295221 486.28303026407957 320.00373637676239 25.400534495711327 53.989963591098785 32.358675509691238 266.12782341986895 71.386868230998516 35.004592943936586 25.262360472232103 320.05229088664055 2322.7691702079028 79.983930893242359 396.26837980374694 32.074828237295151 6948.0036653354764
leaf_count=72 8190 3161 255 2120 996 1447 79 34 125 2531 536 257 408 135 36879 444 634 19 44 118 758 473 230 147 896 9348 726 1696 254 26226
internal_value=0.0243268 0.0225484 0.0216234 0.0181923 0.0237675 -0.0148463 0.0187154 0.00846306 -0.00972531 -0.0216879 0.0175019 0.0144122 0.0230241 0.0369105 0.0225741 0.034322 0.0203967 -0.0117619 0.0272653 0.0439244 0.0192022 0.0220337 0.0114102 0.0375809 0.021478 0.0200787 0.00788763 0.0191446 0.0293879 0.0209993
internal_weight=40015.1 32501.6 29839.2 11475.5 18363.6 178.872 11296.7 1325.85 440.154 332.594 885.695 844.696 17380.5 983.099 16971.9 860.775 374.492 57.9539 107.56 86.3486 753.677 717.834 426.444 291.39 355.057 9970.82 700.047 508.327 428.343 9270.77
internal_count=99238 91048 87887 48117 39770 1519 46598 6228 2897 2610 3331 3297 38620 1150 38212 1333 889 154 287 162 2761 2504 1599 905 1126 40370 4796 2676 1950 35574
is_linear=0
shrinkage=0.03


Tree=34
num_leaves=31
num_cat=0
split_feature=9 16 5 8 7 15 6 15 8 16 7 2 8 11 18 17 14 4 18 15 13 18 8 6 7 17 15 5 4 6
split_gain=578.701 207.643 175.985 283.935 201.969 175.275 380.526 217.638 195.766 192.805 170.961 159.104 168.983 169.312 157.893 155.586 152.667 151.782 168.207 180.071 184.157 186.624 150.843 292.594 236.762 348.056 283.325 250.614 187.733 314.097
threshold=4.3462167610679012 1.5139129391460993 5.4335244456576666 3.8833292383896736 2.2259579451888616 0.87170643246585888 1.5289266850263397 0.88520981413411803 5.8062947187532457 0.82485361647236688 1.8333625204406292 10.113048162982297 2.6042827593808506 1.4836323315273492 66.591471922611746 -31.567628572342496 25.659509322510925 7.8120378528301009 34.394431605986554 0.33333431038058309 1.09095863207947 54.493966422138563 1.7387333977754256 12.805959393417305 2.2259579451888616 -29.906819273322601 0.38195268770500806 0.45831482428880671 2.0979028909311808 6.0097649839464244
decision_type=2 2 2 2 2 2 2 2 2 2 2 2 2 2 2 2 2 2 2 2 2 2 2 2 2 2 2 2 2 2
left_child=1 5 3 10 15 22 8 -8 -7 -9 -3 12 13 16 -11 -5 -2 18 -17 -20 21 -21 23 24 26 -26 -1 -28 -29 -30
right_child=11 2 -4 4 -6 6 7 9 -10 14 -12 -13 -14 -15 -16 17 -18 -19 19 20 -22 -23 -24 -25 25 -27 27 28 29 -31
leaf_value=0.024255119770517301 -0.047669124615766889 0.032571061055871174 0.033067748580233682 0.032702677900637474 -0.049350815756608768 -0.033403633557984216 -0.025931885825943364 0.039326225100489144 0.05642320096488769 -0.027153610050001161 -0.0018151259305580485 0.034866031313824861 0.027879150987769052 -0.044750915133290922 0.042937893640490554 0.035213265033171813 0.020444017130091592 0.033849363659921132 0.038938171829029873 -0.012478217446869338 -0.039963876126985584 0.037453046211908869 0.021367872936726404 0.043225710196964931 0.048055694453835937 -0.039193537943411974 -0.011485099717100789 0.031570894531380102 -0.019544308324873694 0.029259348379901601
leaf_weight=1240.8322106190026 31.956426233053207 1526.3412713613361 2158.5003286153078 271.88538809865713 48.863947674632072 225.06352224573493 79.73739817738533 345.6981742978096 24.181880161166191 86.005428664386272 142.25666902959347 3012.1593441665173 8865.906667791307 46.520511209964752 43.582800783216953 107.40578141063452 404.36811782419682 151.28722956776619 71.685766637325287 278.5213488638401 148.7661362066865 88.864395692944527 18956.555096976459 284.88430911302567 54.198295742273331 170.92110542953014 538.16997946798801 348.39774341136217 261.2798770852387 217.47487135976553
leaf_count=5800 142 3720 3050 402 213 1607 420 814 22 450 473 2764 12080 233 99 190 771 229 105 906 614 135 54257 582 94 1120 4335 1278 1568 765
internal_value=0.0234671 0.021071 0.0266129 0.0216999 0.0103504 0.0198611 0.0061046 0.0199329 -0.0246886 0.0276276 0.0296395 0.0288699 0.0269379 0.00965473 -0.0035806 0.0129588 0.0154554 0.0066175 0.00069176 -0.00561578 -0.0118037 -0.00040069 0.0203624 0.0142455 0.0113295 -0.018188 0.0138792 0.00444945 0.0148169 0.00262481
internal_weight=40232.3 27871.4 4994.38 2835.88 1167.28 22877 804.269 555.024 249.245 475.286 1668.6 12360.9 9348.75 482.845 129.588 1118.42 436.325 846.531 695.243 587.838 516.152 367.386 22072.7 3116.16 2831.27 225.119 2606.15 1365.32 827.152 478.755
internal_count=99238 83248 10037 6987 2794 73211 3412 1783 1629 1363 4193 15990 13226 1146 549 2581 913 2179 1950 1760 1655 1041 69799 15542 14960 1214 13746 7946 3611 2333
is_linear=0
shrinkage=0.03


Tree=35
num_leaves=31
num_cat=0
split_feature=10 0 10 16 0 1 16 18 1 1 16 12 5 18 9 10 3 9 0 12 8 3 16 10 0 8 0 4 7 16
split_gain=584.451 325.759 226.99 169.624 447.286 199.844 195.359 191.366 173.945 244.628 171.448 166.604 235.379 166.424 164.659 162.866 152.282 150.801 169.392 146.254 141.714 139.885 179.681 267.565 192.685 237.87 185.581 183.805 293.702 265.031
threshold=4.8022950532263176 4.1019210902327474 3.0760711967543446 0.59915555626214634 0.59203481247414014 1.6641372458815809 1.3339329856290345 55.967625197283112 2.7346944027762281 3.7743373050559863 1.0782592603143408 2.4444790774847855 -2.3432365990362594 31.227826645556174 3.563706009045736 2.796555673157497 11.502679161231057 2.7685827316249543 -0.46445994772364735 0.47173553814332675 4.2936167039222024 1.6570382390671881 -1.4401160897772962 3.1407179927903361 -1.9198777191397467 4.583305662397815 -2.9583396898284291 11.440553834970858 0.50146105786400563 -0.61451225154799871
decision_type=2 2 2 2 2 2 2 2 2 2 2 2 2 2 2 2 2 2 2 2 2 2 2 2 2 2 2 2 2 2
left_child=1 2 3 -1 6 7 -5 10 20 11 -6 12 -10 -4 -9 -12 -11 19 -19 -8 -7 22 23 -15 25 26 -24 28 -26 -29
right_child=-2 -3 13 4 5 8 17 14 9 16 15 -13 -14 21 -16 -17 -18 18 -20 -21 -22 -23 24 -25 27 -27 -28 29 -30 -31
leaf_value=0.018971250317079139 0.030189455869616119 0.030960369465175955 0.033974657771893291 -0.024441005440662959 -0.012489173834862725 0.039435224274618104 0.042117202941705616 -0.038994379256074199 0.069250454608940026 0.01590485430333579 0.028870275313972894 0.033572451294348105 -0.033149918481625115 -0.042161479311304505 0.039564587299779935 -0.010264880960575092 0.046243286357534399 -0.03749894552301674 0.052134477809017324 -0.036995782912463547 -0.01696253230218556 0.024086909411271826 0.011578658712006178 0.02724571121680474 0.013469244861433556 0.017899098703585303 -0.037804813507834538 0.027984014607767106 0.028496965899359038 -0.036610265479800418
leaf_weight=8991.7574969958514 7519.7185734659433 2672.0996792912483 1013.738944247365 399.68500036559999 196.89174840226769 565.24375217035413 28.938645597547293 130.86470330134034 22.654834493994713 564.12858735769987 428.16216693259776 63.023158043622971 186.64033624343574 51.111916318535805 29.40873271971941 123.25710827484727 202.30168762803078 23.793413266539574 93.713474228978157 76.960958302021027 43.160547748208046 8828.6630416810513 108.72124437987804 2272.7064689770341 3232.7530457787216 318.46007838845253 185.07123667001724 101.55635399371386 1834.7988815009594 130.79386901110411
leaf_count=36645 8190 3161 1392 2991 1288 1431 82 833 36 1646 1445 112 1089 263 53 571 279 161 186 623 157 17219 277 4124 8885 657 840 199 3847 556
internal_value=0.0226434 0.0209197 0.0200328 0.0168654 0.0109088 0.0164653 -0.0118821 0.00517011 0.0226958 0.0152347 0.0115419 -0.00918929 -0.0220657 0.0221651 -0.0245795 0.0201225 0.0239128 0.0105863 0.033985 -0.015377 0.0354343 0.0214635 0.0186513 0.0257191 0.0158732 -6.13946e-05 -0.0195299 0.017714 0.0189103 -0.0083772
internal_weight=40440.8 32921.1 30249 12170.6 3178.83 2555.74 623.091 908.584 1647.15 1038.75 748.311 272.318 209.295 18078.4 160.273 551.419 766.43 223.406 117.507 105.9 608.404 17064.6 8235.97 2323.82 5912.15 612.253 293.792 5299.9 5067.55 232.35
internal_count=99238 91048 87887 49628 12983 8940 4043 4190 4750 3162 3304 1237 1125 38259 886 2016 1925 1052 347 705 1588 36867 19648 4387 15261 1774 1117 13487 12732 755
is_linear=0
shrinkage=0.03


Tree=36
num_leaves=31
num_cat=0
split_feature=10 2 14 8 11 17 16 15 13 2 13 11 1 15 1 9 2 11 1 10 8 17 16 8 15 9 10 16 9 9
split_gain=565.418 322.337 232.463 202.846 185.499 299.826 283.5 230.931 404.542 213.61 202.351 202.049 198.374 255.333 222.668 183.41 175.999 199.103 196.48 172.294 171.117 198.816 207.228 191.122 197.85 182.568 178.349 231.619 169.573 292.911
threshold=4.7188816225465233 11.484609426069495 104.36499883514894 5.2139872027011176 1.0029721506389573 -45.432431373365922 -0.35432406745127348 0.14285493708033095 1.1793744516736224 -4.4267744917793941 2.1374058726648961 1.1463245482871238 -1.0109562896331412 0.77272698739282297 -1.4157892424268124 5.9402578386025162 10.113048162982297 1.1136400145835028 -1.0109562896331412 3.0666023355501095 3.3789098730734946 -9.1970198159516041 -3.5373262929677258 3.343300372078454 0.16136470708844594 4.064003132175384 2.2925810833517151 0.21110606275025168 3.5803317580065985 4.40393657462928
decision_type=2 2 2 2 2 2 2 2 2 2 2 2 2 2 2 2 2 2 2 2 2 2 2 2 2 2 2 2 2 2
left_child=1 2 20 4 6 -6 -4 8 -7 -9 -10 16 14 -14 -8 -13 17 18 -11 -15 23 22 -22 24 25 26 -1 -28 -24 -30
right_child=-2 -3 3 -5 5 7 12 9 10 11 -12 15 13 19 -16 -17 -18 -19 -20 -21 21 -23 28 -25 -26 -27 27 -29 29 -31
leaf_value=-0.016496710690697153 0.028979747360358833 0.033738540849160059 0.0084274646055593171 0.024958237123805061 0.042297211336448121 0.039677115504247906 0.014348316368243184 -0.020131881690899054 -0.034660092055265782 0.02074939486686728 0.042016583122322627 0.015612789301108888 0.031836272750609684 -0.011265103985660118 -0.039630338012435623 -0.051891843133277507 0.042154117827848871 -0.041886189237492669 -0.011454204144976405 0.020699707169626214 0.041739104437266895 0.030823935146213087 0.024881217276109154 -0.026245947909175633 0.020704645748783047 -0.046579583012484542 0.018520492460864211 -0.040624456092754425 0.0032432008551974731 0.023716255636996149
leaf_weight=185.61619286239147 8054.9112486839294 1488.9260997027159 1967.9210810363293 1810.6449353024364 220.79263532906771 404.14920303970575 535.41501009650528 331.02668917551637 126.04498528689146 240.04657606780529 41.068353146314621 1235.424503531307 1985.9189992621541 218.56202216818929 78.916555179283023 37.318305104970932 68.662856951355934 131.30944569036365 588.62776485458016 496.56507937982678 410.24748437106609 2966.9156443625689 2654.8305383808911 83.455869056284428 10552.777409058064 51.939249321818352 1070.177240986377 63.104932319372892 1194.9028484299779 1327.8849390000105
leaf_count=1364 8970 1555 7811 2944 227 892 2019 1649 655 822 56 3856 5897 1433 551 156 96 766 2629 1150 421 4708 5582 428 33740 238 3086 367 3060 2110
internal_value=0.0218629 0.0201028 0.0194496 0.015822 0.0139223 0.0084836 0.0174475 0.00615322 0.0234433 0.00240108 -0.0158167 0.00564217 0.0228015 0.0263012 0.00741426 0.0136335 -0.00424545 -0.00756418 -0.00212561 0.0109304 0.0213052 0.0245475 0.021215 0.0189952 0.0193118 0.00858981 0.0107624 0.0152271 0.0195888 0.0140193
internal_weight=40624.1 32569.2 31080.3 10518.4 8707.77 3424.47 5283.3 3203.68 571.263 2632.42 167.113 2301.39 3315.38 2701.05 614.332 1272.74 1028.65 959.984 828.674 715.127 20561.9 8554.78 5587.87 12007.1 11923.6 1370.84 1318.9 1133.28 5177.62 2522.79
internal_count=99238 90268 88713 33609 30665 11804 18861 11577 1603 9974 711 8325 11050 8480 2570 4012 4313 4217 3451 2583 55104 15881 11173 39223 38795 5055 4817 3453 10752 5170
is_linear=0
shrinkage=0.03


Tree=37
num_leaves=31
num_cat=0
split_feature=10 15 17 12 3 1 4 6 4 14 10 14 2 12 1 5 10 4 4 17 9 1 9 14 17 17 6 5 13 4
split_gain=548.845 204.281 203.435 189.023 185.008 236.233 223.225 244.312 222.878 184.365 178.355 170.722 181.46 241.938 260.618 270.794 232.404 224.652 230.567 201.526 255.182 207.507 253.991 194.005 181.807 194.876 171.447 257.289 161.167 191.361
threshold=3.9414058872571895 0.94405621028507603 -44.058325472366484 1.0509359902509401 2.2780552369367495 -0.70413792984714274 12.237229038993092 8.1587139812882654 -8.9989075156094476 104.36499883514894 5.8959224165278892 15.854716801958618 0.16190565030311801 0.78632704342641735 2.311776097757801 -1.3391049355254114 3.0760711967543446 -2.7706082083983223 -1.9565186696039514 -7.9484906437063376 3.3928954799963189 2.1381388037107434 3.6961056914738419 83.774275287541812 -17.185936494380343 -14.441240183010896 3.6863784676602909 2.270765709063042 1.1676895088834669 -2.7706082083983223
decision_type=2 2 2 2 2 2 2 2 2 2 2 2 2 2 2 2 2 2 2 2 2 2 2 2 2 2 2 2 2 2
left_child=2 3 -1 10 5 9 7 11 -6 -4 -2 28 16 -14 19 23 17 -13 24 20 -15 22 -21 -16 -19 -26 -17 -28 29 -7
right_child=1 -3 4 -5 8 6 -8 -9 -10 -11 -12 12 13 14 15 26 -18 18 -20 21 -22 -23 -24 -25 25 -27 27 -29 -30 -31
leaf_value=0.031561141212557632 0.020328495057577289 0.042734945353212275 0.022101052424340527 0.029333647338029775 -0.041545419298195031 0.0028202649270343029 -0.031103389020933705 0.031999488127683946 0.020968113354092349 0.011375209775540535 0.030973845903813232 -0.031669810687041999 0.0012020999259200263 0.041660439455637445 0.053346913316391874 -0.023682838498018922 0.011454216542903378 -0.036410838371810542 -0.0077071950404510167 -0.039280184060732588 -0.014888997220654104 0.06741681455539672 0.050867258630336205 -0.016297376525804468 0.10641246120775168 0.0057399908436465315 0.03515413409108871 -0.044411703977314851 -0.0020084369581193314 0.037206583351058621
leaf_weight=1015.3627265952528 7633.8109417259693 600.45942252874374 5167.0918518323451 5440.5187011212111 51.56540846824646 198.85792606696486 111.09018812701106 494.54096254333854 11186.463913079351 2000.7925941925496 1739.1819026917219 300.8095369040966 1045.3343256525695 713.99835677817464 137.7284299172461 259.53023625165224 835.68931777402759 19.932767868041992 528.25734473578632 105.11426710709929 79.850365370512009 33.850598961114883 38.406873062252998 48.737087614834309 43.075527645647526 28.926193751394749 137.44172198325396 49.841533668339252 205.52504401281476 544.41057762876153
leaf_count=1786 13116 325 15201 5912 298 859 546 1177 28558 8129 1707 2878 5469 2079 166 1234 2507 185 3109 674 290 35 41 230 47 188 250 250 746 1246
internal_value=0.0211157 0.0255809 0.0184041 0.0248856 0.0178558 0.0154373 0.0110245 0.0118245 0.0206813 0.0191071 0.0223038 0.00996146 0.00747597 0.0124328 0.0197496 0.00477639 -1.00009e-06 -0.0103951 -7.63347e-05 0.0295128 0.0359723 0.000602374 -0.0151563 0.0351438 0.0437707 0.065968 -0.00789662 0.0139793 0.0215049 0.0280067
internal_weight=40796.2 15414 25382.2 14813.5 24366.9 13128.8 5960.95 5849.86 11238 7167.88 9372.99 5355.32 4406.52 2649.83 1604.5 633.279 1756.69 921.001 620.192 971.22 793.849 177.372 143.521 186.466 91.9345 72.0017 446.813 187.283 948.794 743.269
internal_count=99238 21060 78178 20735 76392 47536 24206 23660 28856 23330 14823 22483 19632 10718 5249 2130 8914 6407 3529 3119 2369 750 715 396 420 235 1734 500 2851 2105
is_linear=0
shrinkage=0.03


Tree=38
num_leaves=31
num_cat=0
split_feature=10 0 10 14 8 12 7 7 10 0 14 0 9 14 1 11 9 10 15 14 9 8 9 11 13 13 2 8 10 1
split_gain=538.098 302.736 210.477 204.264 188.988 202.394 183.184 209.159 181.659 167.707 250.803 233.689 240.768 175.341 173.782 167.079 320.399 187.703 164.452 239.51 271.13 233.41 199.259 161.858 336.519 272.241 210.178 188.931 183.988 181.968
threshold=4.8022950532263176 4.1019210902327474 2.4154663029923915 103.47960111492006 5.2139872027011176 0.96093715186379336 -0.042159205841119089 -0.9084183340391293 4.2867407380770777 -0.46445994772364735 146.64320481119384 -0.42982565755393015 2.2504070759396351 171.03823324837069 0.64717594816551272 0.96265481191990376 3.6616522142943384 4.537116203894449 0.19849180489652907 180.93121516985209 3.7832623209008891 2.8722428439713319 2.0063541608356883 1.0029721506389573 1.0859265278929933 0.96655450466976023 6.3522802821464177 4.6242722010550326 2.506571031503261 5.1901823520728589
decision_type=2 2 2 2 2 2 2 2 2 2 2 2 2 2 2 2 2 2 2 2 2 2 2 2 2 2 2 2 2 2
left_child=1 2 -1 -4 6 8 7 -5 -6 10 -8 -11 13 14 -13 17 -17 -9 -12 21 22 -20 -21 25 29 27 -27 -14 -26 -25
right_child=-2 -3 3 4 5 -7 9 15 -10 11 18 12 23 -15 -16 16 -18 -19 19 20 -22 -23 -24 24 28 26 -28 -29 -30 -31
leaf_value=0.011468744315851459 0.027661306041872613 0.028449513054059534 0.020828226341905866 0.011977126297675183 0.013810975033849062 0.029732931883133341 -0.0095274443270580034 -0.034621283719816737 -0.05297834469094484 0.067397979304031685 0.024854020525488418 -0.037720999787884527 0.033276979991574009 -0.037926129010451372 0.029846617844979967 0.027377479389943525 -0.033896988339175586 0.030333975681516082 0.047740821179763027 0.04102923253166732 0.016479933374076078 -0.022972559514397802 -0.041949552116219632 -0.020689562232578781 0.059475984317314386 0.013688886567900254 -0.046386060554072822 -0.048970530381504652 0.018205687345913091 0.026277280717323399
leaf_weight=3952.9500392470509 7506.0532258301973 2677.0301829576492 17284.971020646393 1745.4101514481008 142.76431646943092 1254.8763788789511 479.46919145062566 253.21770391985774 49.309934690594673 91.939516186714172 778.87587660178542 47.48415170237422 1606.1908449046314 107.29452335461974 122.99910905212164 223.61599938943982 116.98004399240017 47.559385985136032 165.64912503957748 29.989233270287514 205.46353569626808 56.285224184393883 198.0322983302176 312.86315775662661 109.57831259816885 338.83961227536201 62.004610970616341 25.535837173461914 862.03580574691296 97.342031978070736
leaf_count=20575 8190 3161 39961 6377 338 1737 1880 1620 203 117 1814 330 3370 752 370 777 537 76 309 83 420 225 1057 1314 149 937 297 111 1977 174
internal_value=0.0204022 0.0187732 0.0179313 0.0188839 0.015358 0.0253433 0.0135709 0.00659369 -0.0033354 0.0164936 0.0092563 0.0201538 0.0189774 -0.00788151 0.0110272 -0.0080566 0.00633234 -0.0243504 0.0155355 0.00446173 -0.00851449 0.0298071 -0.0310362 0.0211625 0.0132406 0.0265481 0.00439619 0.0319898 0.0228601 -0.00954429
internal_weight=40952.6 33446.6 30769.5 26816.6 9531.61 1446.95 8084.66 2386.78 192.074 5697.87 1913.76 3784.11 3692.17 277.778 170.483 641.373 340.596 300.777 1434.3 655.419 433.485 221.934 228.022 3414.39 1381.82 2032.57 400.844 1631.73 971.614 410.205
internal_count=99238 91048 87887 67312 27351 2278 25073 9387 541 15686 5788 9898 9781 1452 700 3010 1314 1696 3908 2094 1560 534 1140 8329 3614 4715 1234 3481 2126 1488
is_linear=0
shrinkage=0.03


Tree=39
num_leaves=31
num_cat=0
split_feature=10 17 15 1 6 18 18 3 5 1 16 18 2 15 15 15 2 17 18 0 7 1 16 16 16 10 16 0 18 17
split_gain=520.949 219.439 193.404 182.24 242.616 232.549 186.859 179.961 220.9 168.623 227.464 195.602 192.756 202.771 262.464 232.067 179.939 178.84 218.679 231.895 195.425 179.403 171.849 169.735 195.845 166.567 165.338 182.786 157.04 178.821
threshold=3.8086426045280222 -44.058325472366484 0.96105965272177774 -8.94460775392856 12.179071206886716 33.357938631077651 34.066011061820582 2.2780552369367495 4.53255075889503 -0.79602577769886096 -0.17049549422479257 67.549573166410866 2.9751855601967474 0.31647210248683716 0.71244407540108046 0.30960561175096385 -0.74608929295758564 -12.754002246500201 41.663354399474322 -2.0000346763656967 -0.36603402766375853 0.38158955467785255 -2.498223433635101 -1.6924454372175071 -0.7449131979707303 2.2820489210000887 0.26381973223619859 -2.0451149062857543 44.366251645113799 -14.326590366039769
decision_type=2 2 2 2 2 2 2 2 2 2 2 2 2 2 2 2 2 2 2 2 2 2 2 2 2 2 2 2 2 2
left_child=1 -1 3 -2 5 -5 -7 8 9 26 12 -12 13 15 -15 17 -16 18 -11 -20 22 -21 -19 -14 -25 -24 -3 -28 -23 -30
right_child=2 7 -4 4 -6 6 -8 -9 -10 10 11 -13 23 14 16 -17 -18 20 19 21 -22 28 25 24 -26 -27 27 -29 29 -31
leaf_value=0.030992320967115961 0.036432882709657791 0.019763052704142744 0.041360409852839904 0.033521954819629163 0.027011474487642923 -0.053944004264611593 0.01808299876270443 0.01915592260494511 -0.043412649965919224 -0.026934196462292802 0.014148204000245884 0.070169880622173469 -0.041092979218826202 -0.023892250805277813 -0.039229864531519658 0.065319729114959313 0.027818591113286731 0.063516802506998246 -0.042444296940842924 0.04358816431971433 -0.029609889149740016 0.044192223193300385 0.049422004053282967 0.042952805474361047 -0.0028150541555055936 -0.038807729774492372 -0.040443807032089794 0.010430845710514858 -0.039712830942263612 0.047765239892305418
leaf_weight=951.45594085007906 879.99299615621567 5282.8995197247714 542.05726487934589 941.36569798737764 6202.374972820282 32.541090101003647 8468.1396102458239 10637.341657154262 60.355167426168919 97.642557272687554 3547.5286052096635 56.993498750030994 35.759278070181608 559.55628731101751 45.003046147525311 58.755499426275492 180.55078004673123 45.452132489532232 45.286323741078377 277.8009418733418 227.7444672100246 57.890673950314522 29.253745995461941 246.34050793200731 127.80043565109372 56.357547178864479 67.037121087312698 1225.3230915404856 80.750138614326715 28.437631122767925
leaf_count=1643 685 16553 270 947 6939 137 15202 27557 309 700 13612 99 205 3564 326 97 677 38 236 690 1278 144 155 498 539 386 411 4760 508 73
internal_value=0.0197197 0.0168731 0.0237276 0.0231492 0.022402 0.019374 0.0178073 0.016291 0.0138413 0.0141204 0.0103941 0.015034 0.00279342 -0.00145503 -0.0128795 0.00746654 0.0144409 0.00387565 0.0140634 0.0222303 -0.0128142 0.0288138 0.016371 0.021351 0.0273193 -0.00865925 0.0174101 0.00779188 0.00424849 -0.0169294
internal_weight=41095.8 24029.3 17066.5 16524.4 15644.4 9442.05 8500.68 23077.9 12440.5 12380.2 5804.9 3604.52 2200.38 1790.48 785.11 1005.37 225.554 946.616 587.808 490.166 358.808 444.879 131.063 409.9 374.141 85.6113 6575.26 1292.36 167.078 109.188
internal_count=99238 75058 24180 23910 23225 16286 15339 73415 45858 45549 23825 13711 10114 8872 4567 4305 1003 4208 2351 1651 1857 1415 579 1242 1037 541 21724 5171 725 581
is_linear=0
shrinkage=0.03


Tree=40
num_leaves=31
num_cat=0
split_feature=10 2 14 9 1 0 13 7 17 0 17 8 17 16 0 2 8 0 15 5 10 11 14 4 10 4 1 7 15 9
split_gain=511.359 290.613 203.462 156.766 170.028 218.538 250.488 183.711 251.86 177.731 168.98 253.257 190.919 228.769 179.13 162.824 156.092 210.676 192.997 360.57 181.155 152.294 173.879 173.673 248.205 234.811 215.514 175.052 180.951 173.667
threshold=4.8022950532263176 11.484609426069495 104.36499883514894 3.2016329830356098 -5.2011724225373808 -2.0451149062857543 1.0291094331363488 -1.7416309158327645 -17.864538950974293 -2.0000346763656967 -8.9889015852573255 1.7989855093161982 -31.943064507510094 -1.4654647560844609 -2.5757672861830643 -8.7395182181039353 5.2139872027011176 3.6681778698672569 0.77272698739282297 -1.2001227183943863 2.3355044676848888 0.66900044789525215 94.08621075707994 -0.27616192312542304 3.4755090435737417 -0.72181090286714256 -3.8952207259439926 0.45908939996888171 0.16136470708844594 2.3900026700008943
decision_type=2 2 2 2 2 2 2 2 2 2 2 2 2 2 2 2 2 2 2 2 2 2 2 2 2 2 2 2 2 2
left_child=1 2 3 4 -1 6 7 8 -6 -7 11 -5 -13 -14 15 -15 17 18 -4 -20 -21 22 -11 24 25 29 -26 28 -25 -23
right_child=-2 -3 16 10 5 9 -8 -9 -10 21 -12 12 13 14 -16 -17 -18 -19 19 20 -22 23 -24 27 26 -27 -28 -29 -30 -31
leaf_value=0.036639748177487851 0.026160494117527241 0.03020828227415219 0.012688535492487609 -0.024470711319451711 -0.043654300095967935 0.059681542312971146 0.022098628308276799 -0.032802576459654093 0.064379811266304557 0.029583769163875763 0.026502748043872044 0.028639248367715336 0.027229586040576507 0.019326069517787297 0.014003378539072849 -0.047856818983702885 0.021446429964379281 0.030588233736605578 -0.04018775408888977 -0.036300645686895811 0.0098466595114501884 0.0046677813741870201 -0.041995478195069151 -0.021858071461601982 0.045624349346192992 -0.02908896121757145 -0.029047180786709027 0.014462703721544075 0.027758491364624799 0.019838183698124599
leaf_weight=350.5723894238472 7482.8489068895578 1543.5025919526815 7267.8505329377949 121.52520659565926 33.178509522229433 84.667553655803204 211.83072175458074 243.82392671331763 46.839069880545139 946.42918130755424 3584.8783274367452 1502.4623449370265 1323.7708735242486 53.932171493768692 3682.774488247931 81.575315684080124 1869.2954035401344 513.44521120935678 173.36642362177372 82.803529649972916 1015.3393087126315 1161.6919060964137 31.561828143894672 68.853238198906183 40.825413033366203 121.35740385577083 235.15767958015203 4029.8138538785279 1686.9513394273818 1635.0080161914229
leaf_count=691 8190 1620 24992 522 168 116 621 1184 56 2042 5648 2242 2136 103 8080 362 3032 632 1238 741 3335 6876 198 370 52 734 958 12286 4540 5473
internal_value=0.0190654 0.017492 0.0168825 0.018591 0.016085 0.0154038 -0.00326651 -0.0198583 0.0195845 0.0163997 0.0212368 0.0184467 0.0192316 0.0164828 0.012757 -0.0211179 0.013554 0.0119243 0.0108021 1.94035e-05 0.006367 0.0160317 0.0272738 0.0148073 0.00919209 0.011764 -0.0180012 0.0179072 0.0258128 0.0135367
internal_weight=41227.9 33745.1 32201.6 21279.5 10928.6 10578 535.672 323.842 80.0176 10042.3 10350.9 6766.04 6644.52 5142.05 3818.28 135.507 10922.1 9052.81 8539.36 1271.51 1098.14 9957.65 977.991 8979.66 3194.04 2918.06 275.983 5785.62 1755.8 2796.7
internal_count=99238 91048 89428 55458 36365 35674 2029 1408 224 33645 19093 13445 12923 10681 8545 465 33970 30938 30306 5314 4076 33529 2240 31289 14093 13083 1010 17196 4910 12349
is_linear=0
shrinkage=0.03


Tree=41
num_leaves=31
num_cat=0
split_feature=10 2 14 9 14 17 8 2 14 14 4 5 11 8 17 3 14 3 17 11 11 13 16 17 8 11 17 16 16 17
split_gain=494.117 285.205 190.432 230.727 182.81 174.027 172.111 166.676 166.524 198.223 175.211 161.449 163.939 177.822 198.14 291.321 161.591 158.984 262.828 183.885 156.716 154.76 193.981 160.872 153.148 164.498 257.914 243.813 216.453 237.478
threshold=4.7188816225465233 11.484609426069495 75.864704375712293 1.6761926735397792 71.984479744338401 -2.4677007726032354 0.84262705447784236 -9.7479329537958108 86.010816874823391 103.47960111492006 19.874122760033135 7.8920915873078412 0.68460410507035163 1.3603724119714258 -10.485935698894833 1.2234760683389025 70.437825363889473 2.7720189750564566 -3.083979825247062 1.1229274573951666 0.88184878954266432 1.2422980703683673 1.0782592603143408 -2.4677007726032354 5.2139872027011176 1.0029721506389573 -47.202009479057701 -0.35432406745127348 -0.7449131979707303 -1.1282563914635717
decision_type=2 2 2 2 2 2 2 2 2 2 2 2 2 2 2 2 2 2 2 2 2 2 2 2 2 2 2 2 2 2
left_child=1 2 4 5 7 -4 -5 -1 17 10 -10 12 -9 14 -14 -16 -15 19 -19 21 -18 22 23 -8 25 27 -27 28 -11 -30
right_child=-2 -3 3 6 -6 -7 8 11 9 24 -12 -13 13 16 15 -17 20 18 -20 -21 -22 -23 -24 -25 -26 26 -28 -29 29 -31
leaf_value=0.035259608948418689 0.025133466576160873 0.029683332911714086 -0.027886713453409689 0.057735950356722569 0.032058281193037344 0.034157464541294744 -0.02246803748204745 0.027915757405671024 0.023142994393408708 0.011948264862896726 -0.05271015537132049 0.027403324253577551 -0.024981733600583051 0.016312689316496026 0.04516111905247365 -0.038772981694224211 0.021285920927013275 0.022364046276983438 -0.04669961352891272 -0.035739890290317322 -0.044052612614784471 0.038566650250095411 0.028680882530019887 0.055036461050744216 0.021043091978648142 0.039204345869525335 0.0044839764804220838 0.019807507286005652 -0.019469395426244051 0.048155892250975538
leaf_weight=472.06124038994312 8007.6839177459478 1485.4597303345799 195.74776485934854 81.426455974578857 839.09558140486479 51.363261699676514 312.23876953683794 1009.9868598431349 2607.9612865839154 1515.7466705460101 27.697688549757004 1273.940387815237 203.75424432195723 12872.130446396768 118.11098073422909 54.338775470852852 56.969059955328703 497.22597445547581 55.086690183728933 148.1615279391408 78.650606092065573 87.278022844344378 114.55540408194065 26.119171284139156 1835.3121528998017 204.40203259140253 3321.4368341341615 3330.7549066077918 403.03649287857115 52.865817207843065
leaf_count=497 8970 1555 2282 81 1824 248 1641 2124 6836 5090 119 1775 1593 33257 419 374 174 1084 287 795 425 161 274 55 2965 188 11694 10277 2078 96
internal_value=0.0184419 0.0168343 0.016235 0.013756 0.0184058 -0.0149905 0.0142418 0.0176961 0.0139982 0.0149788 0.0223459 0.0171669 0.0162609 0.0153814 -0.00495206 0.0187136 0.0159695 0.00348673 0.0154758 -0.00613289 -0.0166062 0.0019876 -0.00506131 -0.0164852 0.013158 0.0115187 0.00649681 0.0148581 0.00649683 -0.0116277
internal_weight=41340.6 33332.9 31847.5 14868.4 16979 247.111 14621.3 16139.9 14539.9 13299.2 2635.66 15667.9 14393.9 13384 376.204 172.45 13007.8 1240.67 552.313 688.353 135.62 540.191 452.913 338.358 10663.6 8828.24 3525.84 5302.4 1971.65 455.902
internal_count=99238 90268 88713 46251 42462 2530 43721 40638 43640 39343 6955 40141 38366 36242 2386 793 33856 4297 1371 2926 599 2131 1970 1696 32388 29423 11882 17541 7264 2174
is_linear=0
shrinkage=0.03


Tree=42
num_leaves=31
num_cat=0
split_feature=9 10 12 1 2 2 8 14 8 14 9 6 15 9 9 6 13 2 6 1 14 15 3 3 15 6 18 3 14 14
split_gain=480.847 171.615 169.407 155.464 222.099 143.822 149.803 142.515 141.157 140.677 143.625 138.694 211.488 216.949 226.542 236.921 224.319 188.143 277.463 219.471 350.413 184.731 294.552 265.244 167.2 152.897 212.939 270.573 204.416 237.559
threshold=4.3462167610679012 3.1899102353629218 2.3609870119639909 -8.94460775392856 -8.7395182181039353 10.113048162982297 2.6042827593808506 14.673399656597942 5.2139872027011176 25.659509322510925 5.9402578386025162 2.6030314056120623 0.67163681102256045 3.8018018498707398 2.8399943725806689 1.7001150974277797 1.3928234631574459 2.1449863252644534 -4.6009143191538078 -2.5863169008805085 42.906337563664714 0.10181149490881376 -10.674196920478028 -9.0818756716832016 0.65988771562493809 0.63644855744940509 55.16475564132994 5.2915000329559208 183.58748678601526 178.2087692976921
decision_type=2 2 2 2 2 2 2 2 2 2 2 2 2 2 2 2 2 2 2 2 2 2 2 2 2 2 2 2 2 2
left_child=1 2 7 -3 -5 6 9 8 -1 -2 -11 12 13 14 15 24 21 19 -19 20 -14 22 -16 -23 25 26 27 28 29 -9
right_child=5 3 -4 4 -6 -7 -8 11 -10 10 -12 -13 17 -15 16 -17 -18 18 -20 -21 -22 23 -24 -25 -26 -27 -28 -29 -30 -31
leaf_value=0.021256694277703082 -0.048357438371852982 0.04320419083228913 0.023280618396368701 -0.021532104511546885 0.018032806607201267 0.028559825782600929 0.021872740370193183 0.0057175899376274578 -0.04744576859680965 0.01412020925336353 -0.05519756488428873 0.014581983485879982 0.064315369996767013 -0.030304511938352249 0.061622572884350232 -0.022554144614290866 -0.0088011353038308735 0.049142115084490019 -0.0012896506831166854 -0.018614444342788732 -0.024196703457644179 -0.040663679271168589 -0.042564989187167127 0.032508010022840456 0.052413201654599971 0.024257794467807618 -0.038548652985328426 0.054419598500424694 -0.03469693095068712 0.092081077315565543
leaf_weight=1781.2215751521289 40.977862499654293 217.95923253893852 1424.7298215515912 128.86209307610989 14081.754856608808 2966.2983200103045 8894.7484976574779 1879.5657651722431 27.328378349542618 421.88401370495558 28.734129264950752 5508.0193589180708 81.007538888603449 111.4083536863327 35.370506759732962 221.39114645496011 189.91964224353433 133.22061134874821 373.3213634993881 680.84139941073954 80.017600636929274 46.40941159054637 78.892999153584242 1134.9777649156749 80.09441321156919 455.45299106650054 95.910192664712667 103.66628336906433 111.82874312065542 29.109088957309723
leaf_count=5078 184 185 2602 428 28477 2764 12080 10585 122 842 120 18350 94 574 35 1239 861 302 1678 4721 495 280 405 2926 216 1483 630 202 1212 68
internal_value=0.0178425 0.0157368 0.0134512 0.0180597 0.017674 0.0228015 0.0209818 0.0123934 0.0202186 0.0048606 0.00970009 0.0111553 0.00796844 0.0110465 0.0120788 0.007304 0.0216474 -0.00247279 0.0119739 -0.0111652 0.0203314 0.0261106 -0.0103135 0.0296335 0.00970285 0.00842427 0.005176 0.00715025 0.00472499 0.00703471
internal_weight=41444.9 29092.3 14663.7 14428.6 14210.6 12352.6 9386.34 13239 1808.55 491.596 450.618 11430.4 5922.41 4574 4462.59 2977.02 1485.57 1348.41 506.542 841.867 161.025 1295.65 114.264 1181.39 2755.63 2675.53 2220.08 2124.17 2020.5 1908.67
internal_count=99238 83248 54158 29090 28905 15990 13226 51556 5200 1146 962 46356 28006 20716 20142 15635 4507 7290 1980 5310 589 3646 440 3206 14396 14180 12697 12067 11865 10653
is_linear=0
shrinkage=0.03


Tree=43
num_leaves=31
num_cat=0
split_feature=0 10 16 1 6 14 14 13 16 9 17 8 8 10 4 2 8 14 3 14 16 16 11 8 11 14 10 10 3 7
split_gain=474.432 345.851 201.239 188.179 152.506 148.906 304.837 284.604 160.796 153.762 170.595 149.303 220.428 188.751 141.347 124.822 147.589 147.946 172.706 289.527 219.474 172.443 205.657 317.989 188.017 207.556 167.511 188.569 165.174 164.497
threshold=4.1019210902327474 3.8242744394572425 3.5854798046640979 -7.2765077015031867 12.179071206886716 78.234174665082108 81.378913305581989 1.8527313809540191 -4.5699658095966527 1.6761926735397792 -2.4677007726032354 1.2347856593571167 1.3799545981986006 2.1785401114849914 10.891493180958479 -6.8367819282773681 5.2139872027011176 135.43299021226588 0.18237512974197403 86.010816874823391 0.33349744739800724 -0.18275088575455939 1.0394549852458488 2.5798120204654076 1.0195000693017666 128.87146520468517 3.2477451559561583 3.0486207121232121 0.47278179795360314 0.94925381196310232
decision_type=2 2 2 2 2 2 2 2 2 2 2 2 2 2 2 2 2 2 2 2 2 2 2 2 2 2 2 2 2 2
left_child=1 2 5 -3 14 -1 7 -7 -8 10 -10 13 -13 -11 -5 -14 17 18 19 -17 21 22 26 -24 -23 -26 27 -21 -20 -30
right_child=-2 3 -4 4 -6 6 8 -9 9 11 -12 12 15 -15 -16 16 -18 -19 28 20 -22 24 23 -25 25 -27 -28 -29 29 -31
leaf_value=0.016246632619703726 0.026956993282284961 0.030651236313252821 -0.028011410309920021 0.017595909752929812 0.023048958431076703 -0.03515099446596405 -0.047986051855362748 0.05609211258535049 -0.026658127231681039 -0.035357133940743198 0.036915899417537569 -0.027487790775052222 -0.0025412325987493158 0.043323047247295292 0.0043446499494793197 -0.039528265919349437 0.027249657455266099 0.0084548166718508497 0.052302422202013435 -0.0094614990615224399 -0.0096613555818270552 0.054176808529624261 -0.037082084853639542 0.03900258549298502 -0.03910048727088402 0.071945137583420943 -0.043759196376357244 0.042560327546118916 0.027428777528210515 0.011936471970273994
leaf_weight=13028.506576264277 4098.1833530217409 1324.5387905985117 102.43674295395613 7375.2822932749987 4758.5678275376558 208.56086753681302 39.773273341357708 36.091077387332916 169.63487217761576 30.847222648561001 48.95034621283412 123.18509382754564 447.40203454717994 248.51214878074825 803.37663605809212 105.64676712267101 668.59005859494209 3963.1004337761551 145.16177409514785 212.21883596852422 319.33484463579953 200.08978178352118 58.546118419617414 317.78209360316396 46.834408853203058 22.391167052090168 76.658434294164181 89.014230884611607 1186.5204702559859 1284.7252640537918
leaf_count=36453 4246 1240 372 12748 5754 1257 188 30 2044 316 210 960 1556 715 1712 715 1088 14755 285 1264 1677 555 462 672 321 36 373 202 3165 3867
internal_value=0.0172662 0.0162055 0.013944 0.0198814 0.0187788 0.0141302 0.0113864 -0.0216908 0.0122118 0.0124569 -0.0124213 0.0130266 0.0123752 0.0346351 0.0162943 0.0129122 0.0137072 0.0125794 0.0166006 0.00828989 0.0120519 0.0188262 0.011468 0.0271659 0.039433 -0.00318253 -0.00416507 0.00591093 0.0212017 0.0193748
internal_weight=41540.5 37442.3 23180.5 14261.8 12937.2 23078.1 10049.6 244.652 9804.92 9765.15 218.585 9546.56 9267.2 279.359 8178.66 9144.02 8696.61 8028.02 4064.92 1448.52 1342.87 1023.54 754.22 376.328 269.315 69.2256 377.892 301.233 2616.41 2471.25
internal_count=99238 94992 73538 21454 20214 73166 36713 1287 35426 35238 2254 32984 31953 1031 14460 30993 29437 28349 13594 6277 5562 3885 2973 1134 912 357 1839 1466 7317 7032
is_linear=0
shrinkage=0.03


Tree=44
num_leaves=31
num_cat=0
split_feature=10 0 10 14 14 13 13 8 14 15 15 0 3 3 8 1 2 3 9 7 6 4 7 14 0 15 4 6 3 17
split_gain=463.443 255.602 178.332 140.591 336.958 187.519 356.023 181.869 149.856 140.154 155.513 137.008 150.381 135.759 186.643 170.628 168.253 188.748 244.561 262.773 280.51 141.625 141.375 139.796 134.827 153.886 134.016 184.39 174.749 270.744
threshold=4.8022950532263176 4.1019210902327474 3.0760711967543446 78.234174665082108 87.57225674748598 0.53813529707060892 1.1255425738980365 4.583305662397815 94.920327598788774 0.81481464575557705 0.83857266262946706 -0.23671512015005883 -4.3277378116959193 -0.62656754066190967 1.3603724119714258 -2.1063133468372013 2.5508404535692479 -2.268759439556078 1.9338649173014917 1.0159893327652438 4.3077925988970458 -2.0514804487697877 1.9480466584021141 24.213225320711214 -1.114934064276111 0.13320001603963971 -2.578797458113629 -2.9328692348647807 -6.6969170800193867 -39.073893372722914
decision_type=2 2 2 2 2 2 2 2 2 2 2 2 2 2 2 2 2 2 2 2 2 2 2 2 2 2 2 2 2 2
left_child=1 2 9 -4 5 -5 -7 -8 -6 13 11 -11 -13 14 15 -1 17 22 21 -20 -21 -19 26 24 -15 -26 27 28 29 -16
right_child=-2 -3 3 4 8 6 7 -9 -10 10 -12 12 -14 23 16 -17 -18 18 19 20 -22 -23 -24 -25 25 -27 -28 -29 -30 -31
leaf_value=0.027256681899260001 0.023510505920516154 0.024161178242660716 0.018817522974085118 0.031472288427229621 0.028274420679997948 -0.047330071314390904 0.021062278031402659 -0.056484302530585492 0.013796723351444405 0.041890077285577955 0.0073068944778654612 0.030739331270602039 -0.039153115744119345 -0.0021895141535602592 0.035395952885958072 -0.034019451724171652 0.035101191962621285 0.043095040180806544 -0.025695755682307572 0.035133849355302428 -0.040374786772677036 -0.0070470277524717689 -0.040847113089269589 0.012982003873084683 -0.04314707227476617 0.02657724694494823 0.022308539339899604 -0.015127372686715101 0.020279874655950113 -0.014397931434515709
leaf_weight=54.671557081863284 7416.6280725300312 2664.2879862561822 9864.8850649669766 79.40089213103056 702.84856005012989 200.8612560108304 172.90116003155708 32.304910406470299 7614.5638959482312 28.88329416140914 1286.5750816985965 33.023833628743887 172.05498958006501 177.82721406966448 132.36726586520672 162.3471075668931 226.41239653527737 134.53430034779012 449.14988284558058 160.06435901671648 61.212277755141258 81.352146426215768 44.140908040106297 5548.8916545975953 29.008163213729858 1591.2274836935103 949.18931460753083 257.94565439037979 916.67956908605993 381.58639497868717
leaf_count=255 8190 3161 18234 147 1096 928 317 133 17404 59 5342 116 1172 599 220 1963 651 533 2720 388 347 548 252 19863 150 3455 3430 1527 3895 2143
internal_value=0.0167121 0.0152383 0.0144847 0.0163582 0.0136021 -0.0106925 -0.0189373 0.00885438 0.0150201 0.0117691 0.0032156 -0.0192828 -0.0278983 0.0129141 0.00847564 -0.0185827 0.0100231 0.00843187 -0.00357044 -0.0125129 0.0142457 0.0242001 0.0123984 0.0153377 0.0226074 0.0253289 0.0132894 0.00821953 0.012429 -0.00157366
internal_weight=41627.8 34211.2 31546.9 18667.8 8802.88 485.468 406.067 205.206 8317.41 12879.1 1520.54 233.962 205.079 11358.6 4011.65 217.019 3794.63 3568.22 886.313 670.427 221.277 215.886 2681.91 7346.95 1798.06 1620.24 2637.77 1688.58 1430.63 513.954
internal_count=99238 91048 87887 38259 20025 1525 1378 450 18500 49628 6689 1347 1288 42939 18872 2218 16654 16003 4536 3455 735 1081 11467 24067 4204 3605 11215 7785 6258 2363
is_linear=0
shrinkage=0.03


Tree=45
num_leaves=31
num_cat=0
split_feature=10 2 14 8 8 9 17 8 17 16 11 11 0 1 12 0 16 9 10 0 4 2 8 17 18 0 9 8 0 11
split_gain=446.855 251.906 166.008 144.417 218.132 139.844 155.011 229.747 176.796 211.246 165.308 360.312 173.924 150.174 215.01 195.942 223.935 189.605 163.814 157.797 156.375 146.449 138.352 138.185 171.034 159.172 137.103 136.436 155.9 157.537
threshold=4.8022950532263176 11.484609426069495 104.36499883514894 1.2347856593571167 1.3603724119714258 3.2016329830356098 -8.9889015852573255 1.7989855093161982 -31.943064507510094 -1.4654647560844609 0.86637818400732824 0.90590616975488059 -2.5757672861830643 -5.2011724225373808 1.2316658808691898 -2.0451149062857543 -2.2429226499946959 2.9000488625423291 2.8217439004899929 -2.0000346763656967 -24.227008588308614 6.2150838266543005 6.8950907584183208 -1.9686444049509266 69.132670416181156 -1.9198777191397467 2.8895249243676342 5.2139872027011176 3.6681778698672569 1.0029721506389573
decision_type=2 2 2 2 2 2 2 2 2 2 2 2 2 2 2 2 2 2 2 2 2 2 2 2 2 2 2 2 2 2
left_child=1 2 5 26 -5 13 7 21 -9 -10 -11 -12 22 14 -1 16 17 -15 -18 -17 -16 -7 -13 -8 -25 -26 -4 28 29 -6
right_child=-2 -3 3 4 27 6 23 8 9 10 11 12 -14 15 20 19 18 -19 -20 -21 -22 -23 -24 24 25 -27 -28 -29 -30 -31
leaf_value=0.044011252034688683 0.02286862456594908 0.026637337631857591 0.016642631710704806 -0.036664665010996404 0.011767634780164821 -0.044426689377951738 0.025148936528876099 0.025307871051937873 0.023934386583855279 0.027216796601555973 -0.052420745608069551 -0.048430522347023872 0.010722236243603779 -0.014809683470184749 0.051882063473995828 0.053675647731751527 -0.0022787362324734766 0.043057621922897089 -0.044879197021092922 0.013332208325092475 -0.043679496435686818 0.030741849105151726 0.024306008800273764 -0.03470817634883689 -0.05312516324611908 0.023695918496200199 0.057226092692964504 0.018323472917295823 0.026020391463885895 0.0033102508593936481
leaf_weight=288.36589904874563 7396.3631039708853 1529.9196293279529 215.79899579100311 87.16548814997077 5068.7865963000804 91.085073374211788 3269.247067026794 1515.7125839069486 1339.298786945641 449.3295322060585 86.966531172394753 80.141474947333336 3217.8744236305356 86.147082082927227 22.365958452224731 88.008157670497894 194.61800640821457 124.76123098284006 139.44924014061689 10213.191913252696 49.563906840980053 31.357677072286606 33.320848628878593 75.303201347589493 26.874015942215919 250.93554048985243 114.76073146238923 1879.7416254803538 481.33381555229425 3255.2238322235644
leaf_count=418 8190 1620 1233 831 16981 471 4880 2242 2136 633 361 356 7137 354 7 116 846 168 661 33529 266 51 58 282 115 371 87 3032 624 11182
internal_value=0.0161806 0.0147386 0.0141832 0.0112002 0.0106009 0.0157113 0.0182047 0.015549 0.0162907 0.0136659 0.01011 0.00786137 0.00943508 0.0133824 0.0324367 0.0127494 -0.00478139 0.0194213 -0.0200614 0.0136769 -0.0139655 -0.025176 -0.0270697 0.0232232 0.00539438 0.0162646 0.030732 0.0109864 0.00942016 0.00846025
internal_weight=41703 34306.6 32776.7 11102.8 10772.3 21673.9 10467.4 6845.09 6722.64 5206.93 3867.63 3418.3 3331.34 11206.5 360.296 10846.2 544.976 210.908 334.067 10301.2 71.9299 122.443 113.462 3622.36 353.113 277.81 330.56 10685.1 8805.34 8324.01
internal_count=99238 91048 89428 33970 32650 55458 19093 13445 12923 10681 8545 7912 7551 36365 691 35674 2029 522 1507 33645 273 522 414 5648 768 486 1320 31819 28787 28163
is_linear=0
shrinkage=0.03


Tree=46
num_leaves=31
num_cat=0
split_feature=0 10 16 2 6 18 15 14 14 13 16 9 17 8 8 10 12 13 15 11 13 16 16 18 0 11 4 11 11 9
split_gain=434.434 308.339 188.321 174.464 141.917 164.6 126.273 124.721 278.602 265.95 151.425 141.256 157.993 129.983 197.739 169.976 137.972 271.86 251.427 236.192 216.113 191.299 268.013 228.333 225.175 185.286 181.562 161.207 139.458 137.826
threshold=4.1019210902327474 3.8242744394572425 3.5854798046640979 -9.2163532094866465 12.179071206886716 31.227826645556174 0.94405621028507603 78.234174665082108 81.378913305581989 1.8527313809540191 -4.5699658095966527 1.6761926735397792 -2.4677007726032354 1.2347856593571167 1.3799545981986006 2.1785401114849914 0.83324215322949324 0.92008960369794546 0.84523100025651454 0.91901527353314194 0.56043445203140052 1.0782592603143408 0.40456635445811767 65.727429794227533 -0.12936742120884889 0.91229133895445291 4.0719856410595616 0.7278410020967051 0.92091866280770052 1.6959806116252147
decision_type=2 2 2 2 2 2 2 2 2 2 2 2 2 2 2 2 2 2 2 2 2 2 2 2 2 2 2 2 2 2
left_child=1 2 7 -3 5 -5 -2 -1 9 -9 -10 12 -12 15 -15 -13 18 27 21 26 -20 22 29 -24 -23 -25 -19 -18 -21 -16
right_child=6 3 -4 4 -6 -7 -8 8 10 -11 11 13 -14 14 16 -17 17 19 20 28 -22 24 23 25 -26 -27 -28 -29 -30 -31
leaf_value=0.014652087806222269 0.02247542065176255 0.028507259292788828 -0.028063401253976588 0.033361437754209973 0.021194858209419451 0.013707428961417212 0.036117837451002936 -0.034767308574700659 -0.04764141453655138 0.052952680656415146 -0.026575423211496252 -0.035310277978884641 0.033972546232743012 -0.027071089560522028 0.071073786727702815 0.039676674143586242 -0.01429215276409895 0.002707744925150152 0.025488750299123106 0.074968586987161412 -0.034625393240073195 -0.038712657560012152 -0.027822701255665293 0.052213551314555323 0.035319148201833704 -0.042658754400129929 -0.043163383090206224 0.028059577510745119 0.012355532620368202 0.0096338020274653654
leaf_weight=13190.695726620033 3316.590944096446 1326.2006342113018 102.3073970451951 403.45409369468689 4765.8125404715538 7756.1812689080834 748.41093797981739 206.06950044259429 39.463601112365723 36.63627403229475 168.14305723272264 30.444753579795361 50.416315965354443 120.11853754334152 33.229109272360802 255.70446445047855 85.762898795306683 223.993103928864 71.858853159472346 32.333855792880058 214.44884349405766 40.813373938202858 314.33759002387524 66.651839047670364 393.32168982550502 25.659543491899967 118.87096966803074 1422.995001476258 3248.3085886910558 2961.3750606738031
leaf_count=36453 3803 1227 372 373 5809 14045 443 1257 188 30 2044 316 210 960 56 715 354 934 235 35 1389 283 1878 132 924 141 618 3751 9281 10982
internal_value=0.0156692 0.0146646 0.0125499 0.0181449 0.0170816 0.0146792 0.0249871 0.0127278 0.0102298 -0.021526 0.0110069 0.0112412 -0.0126085 0.0117808 0.0111728 0.0316985 0.0116692 0.0149519 0.00758155 0.0104965 -0.0195377 0.00960597 0.00721229 -0.0156405 0.0283594 0.0258422 -0.0131958 0.0256522 0.0129726 0.0103156
internal_weight=41770.6 37705.6 23454 14251.6 12925.4 8159.64 4065 23351.7 10161 242.706 9918.25 9878.79 218.559 9660.23 9374.08 286.149 9253.96 5132.26 4121.7 3623.51 286.308 3835.39 3401.25 406.649 434.135 92.3114 342.864 1508.76 3280.64 2994.6
internal_count=99238 94992 73538 21454 20227 14418 4246 73166 36713 1287 35426 35238 2254 32984 31953 1031 30993 14973 16020 10868 1624 14396 13189 2151 1207 273 1552 4105 9316 11038
is_linear=0
shrinkage=0.03


Tree=47
num_leaves=31
num_cat=0
split_feature=10 2 17 10 6 0 4 17 2 3 13 17 5 3 11 11 10 1 16 2 16 0 16 5 17 4 13 13 11 8
split_gain=422.499 238.995 169.431 160.794 147.52 207.873 192.259 163.602 263.619 204.774 147.244 140.747 135.637 185.382 130.909 159.464 152.562 159.463 133.398 124.424 144.268 142.275 129.461 131.016 119.734 119.432 117.427 252.251 172.332 138.737
threshold=4.8022950532263176 12.89873301894028 -44.058325472366484 2.4154663029923915 0.8061046374009323 -0.58081237536391395 12.623364048534571 -23.497598420981845 1.4275497619214208 -3.2012281113511007 0.76065090269407565 -15.765749932372961 -3.6727622930377843 -5.6938300151277756 0.85282240575104817 0.74491233233225917 1.8909504238607842 -3.2950576487714596 -1.1596698366608595 -1.2418581805552384 0.10555731497948058 -0.56307142809765687 0.50102589751302407 0.54634359654732767 -20.118828515048254 4.4495456325914793 1.1154487834636868 1.7148244897453317 0.98029892108023409 0.84262705447784236
decision_type=2 2 2 2 2 2 2 2 2 2 2 2 2 2 2 2 2 2 2 2 2 2 2 2 2 2 2 2 2 2
left_child=1 2 10 4 5 11 14 26 9 -9 -1 12 -4 -14 15 -6 18 -18 -16 20 -11 -22 -21 -24 -15 -12 28 -28 29 -7
right_child=-2 -3 3 -5 6 7 -8 8 -10 19 25 -13 13 24 16 -17 17 -19 -20 22 21 -23 23 -25 -26 -27 27 -29 -30 -31
leaf_value=0.0035449519372402491 0.021706020029491561 0.027555359293768091 -0.036059808497988448 0.013688091425289799 0.021322156366477198 0.06110220584732709 -0.028883224234664905 -0.034163413862288071 -0.036613114286102727 0.051256278081677958 0.021931930222493137 -0.03579402034338236 0.099932691206288546 -0.018050005986757576 -0.037693101923000814 -0.023355115479577353 0.046921268182689282 0.0095007560547189229 0.035477448825777559 -0.014294986939791312 0.096448385121333108 -0.035706308692369244 -0.012153364401261517 0.049320455360605323 0.026178289435570091 0.042972466773697926 -0.038114405197731946 0.058164674972237852 0.051170291653722035 -0.0066816185763255934
leaf_weight=281.25818582624197 7351.4857723414898 1098.1066055893898 84.928881695494056 27732.044348634779 122.52786931581795 34.745617244392633 99.234268870204687 87.105339612811804 150.43984358385205 134.17001587711275 901.55113121122122 190.56577222421765 18.247243873775005 131.14770904369652 23.645605027675629 174.01362397521734 110.03174760937691 1495.3328873254359 434.16943888738751 160.62202171236277 9.1063664779067022 37.621174985542893 50.540753476321697 81.546477250754833 94.987235307693481 332.29256753623486 71.654674265533686 37.209226753562689 175.50040104426444 124.73813409917057
leaf_count=758 8190 1036 757 67125 582 54 586 1090 1280 409 1434 1691 24 922 167 1293 199 5312 1278 1314 2 361 440 182 419 255 545 66 473 994
internal_value=0.0151766 0.0137844 0.0133314 0.0128653 0.00734572 0.000478932 0.0120229 0.00756961 -0.0013503 0.00811076 0.0231333 -0.0152743 -0.00339994 0.00795018 0.0137432 -0.00489493 0.016422 0.0120656 0.0316983 0.0158858 0.0354457 -0.00995171 0.00379756 0.0257986 0.000527943 0.0275985 0.0218615 -0.00520662 0.0306581 0.00808597
internal_weight=41830.6 34479.1 33381 31865.9 4133.83 1674.88 2458.96 1155 711.152 560.712 1515.1 519.877 329.311 244.382 2359.72 296.541 2063.18 1605.36 457.815 473.607 180.898 46.7275 292.709 132.087 226.135 1233.84 443.848 108.864 334.984 159.484
internal_count=99238 91048 90012 87565 20440 11023 9417 7210 5078 3798 2447 3813 2122 1365 8831 1875 6956 5511 1445 2708 772 363 1936 622 1341 1689 2132 611 1521 1048
is_linear=0
shrinkage=0.03


Tree=48
num_leaves=31
num_cat=0
split_feature=0 10 1 17 7 3 15 15 6 12 7 5 13 0 2 0 12 3 10 13 11 13 10 3 14 5 7 11 15 6
split_gain=413.749 291.501 235.92 162.665 211.004 167.107 159.719 308.215 213.378 257.663 193.653 164.693 148.694 145.398 142.204 140.519 131.232 198.808 176.494 145.049 268.363 211.817 191.548 177.983 168.355 157.784 140.861 136.715 145.72 130.918
threshold=4.1019210902327474 3.2279941779149093 -8.94460775392856 -1.3459099457685622 2.9031249968994093 -0.62656754066190967 0.81481464575557705 0.83857266262946706 2.7775271543027462 2.0174339484476449 1.4376209600063141 0.77100370393238216 2.4169426162521419 -0.56307142809765687 2.5508404535692479 1.2809263576664927 0.54510446221309128 10.953362534944779 3.1222571623563184 0.90260217734909098 1.0773925397221487 0.60441937864651274 2.2367996495633551 0.47278179795360314 23.233881537538561 -0.047900552316122703 1.8641639637477561 0.83878362208194945 0.084336937786305202 13.787198230875118
decision_type=2 2 2 2 2 2 2 2 2 2 2 2 2 2 2 2 2 2 2 2 2 2 2 2 2 2 2 2 2 2
left_child=1 3 -3 5 -5 14 16 -8 9 10 -9 -10 29 -13 -1 -15 17 18 19 20 21 25 -21 24 -23 -7 -24 -27 -29 -4
right_child=-2 2 12 4 -6 6 7 8 11 -11 -12 13 -14 15 -16 -17 -18 -19 -20 22 -22 23 26 -25 -26 27 -28 28 -30 -31
leaf_value=0.0054392518713556231 0.023828399956902783 0.029831695583839909 0.013495297569297734 -0.027323282233897597 0.013818815508602112 -0.037767026110894719 -0.03381952169374608 -0.03405988462215824 0.056622288148694563 0.03910800998948763 0.051555275042527451 0.076608717857921685 0.02927145258945503 -0.019359814025927971 0.024892301596756553 0.016072119296603675 0.016705678921745459 0.04672020923118294 -0.032647421969911473 -0.037606630611564058 0.04093814276715612 0.043460384249199686 0.033955775892328101 -0.039553805725875649 -0.037839736354541451 0.026464879013700982 -0.01148844212748806 0.084510325659461566 -0.040448252958093102 0.019197292739196559
leaf_weight=4899.218767972663 4038.6499783545732 1044.9558579027653 16009.417648941278 229.77992136776447 219.23331505060196 57.887653596699238 171.07935168221593 230.29391727596521 86.209162455052137 71.680713921785355 26.515167899429798 30.8544000685215 658.06403559446335 121.15006330609322 363.28273566626012 597.85403943061829 6890.1331433076411 105.25983160361648 109.23155634105206 46.788924057036638 119.19603406637907 54.658078789710999 362.65690072253346 231.7123304028064 39.483034750446677 246.26717767864466 73.89525830745697 9.8567342832684499 56.792593237012625 4684.3763676285744
leaf_count=22256 4246 915 31640 1558 819 485 981 1513 114 105 46 10 611 639 1155 1534 19187 132 498 332 261 88 758 1512 316 781 276 4 342 6124
internal_value=0.0147008 0.0137268 0.0159136 0.010557 -0.00723541 0.0110895 0.013417 0.00378029 0.00930389 -0.011183 -0.0252202 0.0173532 0.0152325 0.0128385 0.00678214 0.0101019 0.0149485 0.0069502 0.00397796 0.00705729 -0.000658189 -0.0077752 0.0200806 -0.0254215 0.0093629 0.0077319 0.0262634 0.0161489 -0.0219682 0.014786
internal_weight=41886.4 37847.8 22396.8 15451 449.013 15002 9739.46 1335.64 1164.56 328.49 256.809 836.068 21351.9 749.859 5262.5 719.004 8403.82 1513.69 1408.43 1299.19 815.854 696.658 483.341 325.853 94.1411 370.804 436.552 312.917 66.6493 20693.8
internal_count=99238 94992 39290 55702 2377 53325 29914 4942 3961 1664 1559 2297 38375 2183 23411 2173 24972 5785 5653 5155 3789 3528 1366 1916 404 1612 1034 1127 346 37764
is_linear=0
shrinkage=0.03


Tree=49
num_leaves=31
num_cat=0
split_feature=10 13 17 10 13 14 12 18 10 10 15 11 13 11 13 4 9 4 10 13 17 3 1 13 14 3 18 15 17 11
split_gain=400.161 206.665 176.256 174.343 147.851 166.439 138.926 146.593 146.206 205.45 183.997 161.542 143.697 140.799 131.137 176.828 143.31 153.48 130.164 411.065 145.466 136.917 146.332 131.613 159.129 129.906 130.251 179.087 139.49 131.901
threshold=4.8022950532263176 2.4169426162521419 -44.058325472366484 2.4154663029923915 0.76065090269407565 65.192305245847791 2.6343705450370165 37.814588329281882 2.5874226360729398 3.0760711967543446 0.87170643246585888 1.7607773290629354 0.49162174053363983 0.62824937171646511 0.6376647397904921 14.04502636724694 2.0979955800029271 5.98227958209372 2.5156191142258009 0.85934364532349206 -17.313863379987733 -3.908698702414048 4.2612259695611678 1.2629064802187315 53.604006631394959 -6.0401242612263752 70.035375953105884 0.91006984618606712 -0.47658234440609804 0.65712571098354255
decision_type=2 2 2 2 2 2 2 2 2 2 2 2 2 2 2 2 2 2 2 2 2 2 2 2 2 2 2 2 2 2
left_child=1 2 4 25 5 -1 8 -8 12 10 13 -11 -5 -10 16 18 -14 -18 19 -16 -21 -22 -23 -20 -25 -4 -27 28 29 -28
right_child=-2 -3 3 6 -6 -7 7 -9 9 11 -12 -13 14 -15 15 -17 17 -19 23 20 21 22 -24 24 -26 26 27 -29 -30 -31
leaf_value=0.024673997204754008 0.020626505296853576 0.027501215891363326 -0.025591858701484893 -0.038517985479212077 0.026877545995825661 -0.021412651221007505 -0.010415119014579833 0.022611075200034213 -0.03752189366996829 0.013403971598529194 -0.014679061310697149 -0.037392530210717159 0.05274095193874969 0.0086013677115476979 -0.033439786728113582 0.045216282291156006 -0.039440464630237454 0.044421187998991231 0.028745388859335377 -0.0071479000867099253 -0.038029017396582897 0.031626947703707838 -0.043979313091832166 0.022507458623559021 -0.042083695748609068 0.0085662278341661364 0.066613636146205218 0.065071605071910024 0.032826409744140715 -0.038782231042740138
leaf_weight=149.05467535555363 7303.9208488315344 850.90494290366769 111.94854369573295 37.624992273747921 1253.8475730493665 133.86329358816147 129.25264177471399 1885.1037144362926 60.203969798982143 17783.188490889966 337.7026381380856 56.524706244468689 206.35407301783562 5626.743417520076 181.64995669201016 190.82010350376368 36.89543329179287 41.99929953366518 692.76991127431393 170.68895158171654 29.767839092761278 497.01954299211502 24.158983811736107 87.739599391818047 56.390481315553188 3744.0662918686867 11.373326808214186 23.373625718057156 34.963524654507637 177.01790835335851
leaf_count=280 8190 949 1056 283 1684 482 337 2461 475 36570 1497 192 391 18774 1098 287 237 76 1888 682 223 1186 124 178 307 17926 14 34 160 1197
internal_value=0.0142454 0.0128993 0.0125314 0.0120582 0.0224574 0.00286799 0.0129007 0.0204919 0.0123152 0.0116254 0.00683551 0.013243 0.0196189 0.00811309 0.0206059 0.0178011 0.0395928 0.00520296 0.0147949 0.00689735 0.017051 0.0245481 0.0281223 0.0233189 -0.00276365 0.00628085 0.00717493 -0.0139378 -0.0222059 -0.0324194
internal_weight=41926.9 34623 33772.1 32235.3 1536.77 282.918 28132.6 2014.36 26118.2 23864.4 6024.65 17839.7 2253.88 5686.95 2216.25 1931.01 285.249 78.8947 1740.19 903.285 721.635 550.946 521.179 836.9 144.13 4102.74 3990.79 246.728 223.355 188.391
internal_count=99238 91048 90099 87653 2446 762 67266 2798 64468 57508 20746 36762 6960 19249 6677 5973 704 313 5686 3313 2215 1533 1310 2373 485 20387 19331 1405 1371 1211
is_linear=0
shrinkage=0.03


Tree=50
num_leaves=31
num_cat=0
split_feature=0 9 10 12 10 4 11 7 15 5 15 4 1 11 9 3 3 3 0 10 7 6 4 13 13 3 3 5 13 0
split_gain=392.804 281.062 184.424 150.213 159.867 149.804 128.28 124.962 210.236 198.835 184.494 159.735 233.529 143.044 137.884 207.27 175.376 195.771 226.652 281.266 142.891 144.919 138.794 165.245 135.263 131.402 128.676 127.255 148.791 127.163
threshold=4.1019210902327474 6.5277307888950622 3.0760711967543446 0.30188179533413634 2.9786707821026126 -16.845303019375176 0.96896785565689858 0.020438025780711303 0.093747466800181214 -2.3432365990362594 0.65988771562493809 0.18588537074498704 -2.3339551904714537 1.3303688990503815 3.563706009045736 1.5323860555676141 -3.4343867782232858 -2.5283044360558669 -1.378399270088895 3.2568597189315813 -0.27863284578445441 3.9454447700375437 -1.6897906236295277 1.3653976567302697 0.55491627407853705 -2.7198352783762645 6.5604614832757155 1.2559294030010582 0.60441937864651274 -1.0923320770715783
decision_type=2 2 2 2 2 2 2 2 2 2 2 2 2 2 2 2 2 2 2 2 2 2 2 2 2 2 2 2 2 2
left_child=1 2 3 4 -1 -4 -6 8 27 10 13 12 -11 -9 15 20 22 -18 19 -19 21 -10 -16 -24 -20 -14 29 28 -7 -17
right_child=-2 -3 5 -5 6 7 -8 9 14 11 -12 -13 25 -15 16 26 17 18 24 -21 -22 -23 23 -25 -26 -27 -28 -29 -30 -31
leaf_value=-0.029736301700694696 0.02273281195572666 0.023386239001577165 0.024183212208697041 0.0098196119393361651 -0.036746321650866685 0.014400831156129076 0.063488564741507575 0.02811097137393459 0.012710972831647486 -0.041044893041666884 -0.015182844992311472 0.014297819993820468 -0.050383813485264412 -0.028256328949848392 0.014454705871151741 -0.0020997149404708422 -0.040591176401247743 0.041462116198740809 -0.054554886054111462 -0.046998265670677775 -0.017383836468576799 -0.048908495306691294 -0.053311336552480014 0.037694232496438648 0.0084736701047946599 0.01315897026081725 0.0057179279672702407 0.029106449524070571 -0.042693669481725607 0.032241523062067373
leaf_weight=165.53259123116732 4010.5970975905657 2153.663606479764 1200.2632811814547 12948.811911007389 17.119926851242781 56.788339510560036 34.950553312897682 1630.3049218580127 2051.7464534267783 112.47137849032879 100.28659016638994 11832.898815438151 31.881509512662888 41.551631584763527 1857.7461763694882 107.53560235351324 103.99786888808012 41.107440426945686 31.456514656543732 151.83060808479786 164.23456295579672 34.935176327824593 57.74869429320097 26.060587644577026 1186.4079511761665 360.24967101961374 268.11255438625813 44.409427523612976 148.5120800063014 994.72988967597485
leaf_count=1410 4246 2094 1476 48043 134 120 40 2183 5082 439 306 21411 143 133 3424 308 402 50 131 593 584 158 250 29 2393 731 667 59 607 1592
internal_value=0.013804 0.0128606 0.0122274 0.00940422 -0.0153144 0.0138695 0.030533 0.013292 0.0101136 0.0149426 0.0243393 0.0135929 -0.00293731 0.02671 0.0110681 0.0151589 0.00678206 -0.000868528 0.00205964 -0.0281509 0.00955879 0.0116793 0.012751 -0.0250131 0.00684569 0.00799274 0.0243574 -0.0169402 -0.0269007 0.0288912
internal_weight=41967.9 37957.3 35803.7 13166.4 217.603 22637.3 52.0705 21437 7327.36 14109.6 1772.14 12337.5 504.603 1671.86 7077.65 3621.29 3456.36 1514.8 1410.8 192.938 2250.92 2086.68 1941.56 83.8093 1217.86 392.131 1370.38 249.71 205.3 1102.27
internal_count=99238 94992 92898 49627 1584 43271 174 41795 16449 25346 2622 22724 1313 2316 15663 8391 7272 3569 3167 643 5824 5240 3703 279 2524 874 2567 786 727 1900
is_linear=0
shrinkage=0.03


Tree=51
num_leaves=31
num_cat=0
split_feature=2 10 1 17 7 1 0 9 1 11 16 17 11 14 10 3 18 4 7 10 2 17 3 18 13 11 16 16 10 9
split_gain=383.997 267.843 216.234 215.062 203.15 188.685 154.623 189.945 259.471 292.362 171.242 157.697 193.31 148.051 196.647 171.171 209.892 147.285 241.172 131.684 126.076 119.615 229.699 165.587 130.398 128.004 157.618 235.688 130.213 182.86
threshold=9.7444500916364483 3.2477451559561583 -8.94460775392856 -1.3459099457685622 2.9031249968994093 2.8880674558093848 -0.63024169692858001 2.8096979376353763 -2.7526053544574878 0.70574989097083962 0.61588187304159359 -40.392174176758374 1.0773925397221487 105.20598549546838 4.9911287141495073 0.41294110489201735 36.603023859147939 2.0979028909311808 1.148556337877549 5.8959224165278892 -0.51298974753174453 -18.927033020660584 4.2723148330422243 55.298727485222081 1.0588261914780286 0.80012522197795655 -0.89890815512277944 -0.23589086085048744 3.3820419982929981 4.2084082227674111
decision_type=2 2 2 2 2 2 2 2 2 2 2 2 2 2 2 2 2 2 2 2 2 2 2 2 2 2 2 2 2 2
left_child=1 3 -3 -1 -5 -6 7 8 9 -4 19 -8 21 -14 15 16 -15 -10 -19 -9 -12 22 23 25 -24 26 -13 -28 -27 -30
right_child=-2 2 6 4 5 -7 11 10 17 -11 20 12 13 14 -16 -17 -18 18 -20 -21 -22 -23 24 -25 -26 28 27 -29 29 -31
leaf_value=0.010074534108205841 0.022349720145816952 0.027920776161559052 0.037442618445491883 -0.032201614011313391 0.027357767911328115 -0.041734640978579429 0.02595011363833552 0.011198893238738466 -0.045245102613880386 -0.045046286379540765 -0.033764329390393366 0.050047087184562369 0.013412255677673708 0.0034113233164243038 0.01854888315393995 0.0014443495393310526 -0.050419042039738182 0.036907779598240369 -0.036243173080351368 0.024413318954091143 0.01015455760857405 0.019004016104747515 -0.00029152165156983079 0.042315880138087701 -0.041344073308389941 0.027068514552996668 -0.049223734142936328 0.021492509827822741 -0.010896070081003743 0.018817345073236579
leaf_weight=15681.439583800733 3894.4325981363654 1046.0876164883375 168.09757197648287 213.38466007634997 144.50781489163637 47.189168594777584 1265.3503215909004 5976.6299380585551 152.72294859588146 50.223419815301895 126.11839231848717 149.55068216472864 1921.4588419049978 111.90443176031113 350.47535420954227 532.65982757508755 156.16454833000898 71.899405032396317 93.06931709498167 765.64782132208347 110.25281858444214 6834.6783805191517 358.48483479768038 189.43797205388546 86.424157977104187 207.8623081818223 46.684335604310036 464.04759024083614 490.86503125727177 300.52900430560112
leaf_count=54359 4268 929 206 1523 496 276 1462 11242 730 238 456 137 3294 274 396 1130 691 94 372 743 212 11163 847 166 318 353 215 832 1425 391
internal_value=0.0133767 0.0124599 0.0146091 0.00951703 -0.0120651 0.0103496 0.0139454 0.0104978 -0.00671217 0.0184665 0.0118196 0.0158692 0.0148237 0.00831508 -0.000192539 -0.00839557 -0.0279477 -0.0240153 -0.00436131 0.0126995 -0.0132788 0.0170145 0.0110868 0.0157436 -0.00826603 0.0127104 0.0229601 0.0150286 0.0059376 0.000387491
internal_weight=42008.3 38113.8 22027.3 16086.5 405.082 191.697 20981.2 7514.66 536.013 218.321 6978.65 13466.6 12201.2 3072.66 1151.2 800.729 268.069 317.692 164.969 6742.28 236.371 9128.56 2293.89 1848.98 444.909 1659.54 660.283 510.732 999.256 791.394
internal_count=99238 94970 38316 56654 2295 772 37387 14293 1640 444 12653 23094 21632 5785 2491 2095 965 1196 466 11985 668 15847 4684 3519 1165 3353 1184 1047 2169 1816
is_linear=0
shrinkage=0.03


Tree=52
num_leaves=31
num_cat=0
split_feature=0 10 1 6 15 11 12 18 12 0 12 1 17 17 8 17 10 10 1 10 4 11 15 5 5 13 15 1 2 13
split_gain=371.811 248.476 168.555 157.327 144.881 219.354 148.735 138.548 164.744 146.812 148.438 144.112 264.046 162.905 201.374 145.849 145.109 195.071 143.01 138.434 136.13 127.546 124.846 130.799 223.674 124.358 121.775 115.446 142.03 153.146
threshold=4.1019210902327474 3.8242744394572425 -5.2011724225373808 12.179071206886716 0.10989006689551975 1.254889239161596 0.55265263618138272 63.09828948890938 0.74655979027662733 1.6893222195131243 0.73432525770709589 -0.94766975059660241 -20.278877044621989 -16.920436131918198 2.3477168824668686 -67.752189672368871 3.9070773162449366 5.1522034597433182 -1.3463816172751439 3.9778447873439586 0.6892389700065894 0.56726919424535016 0.94405621028507603 5.4335244456576666 4.7562679202343299 1.0958149297483539 0.077768819153539406 5.3148722568691529 1.4718332461237551 1.0633942294800571
decision_type=2 2 2 2 2 2 2 2 2 2 2 2 2 2 2 2 2 2 2 2 2 2 2 2 2 2 2 2 2 2
left_child=1 -1 -3 4 5 6 25 8 9 10 11 12 15 -14 -15 -6 -17 -18 -16 -9 -5 -11 23 24 27 26 -4 28 -2 -30
right_child=22 2 3 20 7 -7 -8 19 -10 21 -12 -13 13 14 18 16 17 -19 -20 -21 -22 -23 -24 -25 -26 -27 -28 -29 29 -31
leaf_value=0.010185909235997208 0.013110013845576427 0.022757060444567809 0.01266463457384194 -0.035573121090092003 0.04005818175576286 0.028311251719623745 -0.046711062661484941 -0.054138985288274204 0.018179940625824127 0.045209780042353501 -0.055330728849802661 0.016468158999705305 0.034265647806509564 -0.038155769866154619 0.014280679330031592 0.022633978902327028 -0.053239587246315348 -0.0025068426881761433 -0.054817799726582878 0.0010895112214333446 0.018717336107710914 -0.014210095262293668 0.032946045862685347 0.023253669232169417 -0.064581682696588316 0.046178409832796648 -0.053407286494885034 0.024632544791378705 -0.062123493272514034 0.0013063584028162949
leaf_weight=23885.578206935897 409.01216118037701 2237.0170123279095 53.612451985478401 41.958145886659622 35.345650479197502 109.52600860595703 120.40307694673538 47.43565271794796 3037.432371661067 35.822595953941345 30.271055057644844 1988.0286590307951 226.60595183074474 85.464188754558563 575.65118435025215 50.805315569043159 166.41380462050438 115.59170524775982 28.281374365091324 294.07519225776196 4458.122590944171 351.82990197837353 725.2418001294136 2231.8052102178335 34.68432642519474 36.765199825167656 47.215042054653168 429.10252110660076 52.83435845375061 97.435761243104935
leaf_count=73538 616 2529 96 130 22 115 455 196 4491 22 125 3369 267 316 973 89 697 225 117 615 5437 946 443 2194 141 24 198 445 217 190
internal_value=0.0129656 0.0120532 0.0151999 0.0137836 0.0111045 -0.00726004 -0.022361 0.0120592 0.0130055 0.00874627 0.0107964 0.0114082 0.00357467 0.0121989 0.00494551 -0.0178831 -0.0240366 -0.0324447 0.0110449 -0.00658169 0.0182111 -0.00871916 0.02169 0.0191819 0.0102995 -0.00105301 -0.0182752 0.0129272 0.00394646 -0.0209953
internal_weight=42039.4 38059.3 14173.7 11936.7 7436.58 367.522 257.996 7069.05 6727.54 3690.11 3302.46 3272.19 1284.16 916.003 689.397 368.156 332.811 282.006 603.933 341.511 4500.08 387.652 3980.12 3254.87 1023.07 137.593 100.827 988.385 559.282 150.27
internal_count=99238 94992 21454 18925 13358 888 773 12470 11659 7168 6200 6075 2706 1673 1406 1033 1011 922 1090 811 5567 968 4246 3803 1609 318 294 1468 1023 407
is_linear=0
shrinkage=0.03


Tree=53
num_leaves=31
num_cat=0
split_feature=5 6 10 18 12 7 14 10 5 12 16 1 0 5 9 18 16 16 10 6 16 11 6 0 15 1 9 10 12 5
split_gain=358.84 273.54 197.474 156.708 149.175 150.546 236.879 209.502 169.376 158.044 161.654 248.566 168.181 157.829 150.043 142.947 150.267 200.79 195.341 161.719 130.273 129.211 138.584 149.298 140.799 131.156 127.954 164.703 126.232 120.776
threshold=8.799553854255846 -14.869054759517267 5.8959224165278892 71.001212591807658 3.1804438441311573 -0.021104646079095343 201.79943079885436 3.5894187917199871 -4.1427723089219652 0.60141470264236296 -0.1177377261039982 -2.9877740095451792 0.34650918197530345 3.7740664886073216 7.8015585651198336 76.253793381703062 0.51645160833800086 -0.1574506176112421 3.6582729847934323 13.787198230875118 -0.43702012408704255 0.71329231115407132 -0.55734068210372734 -1.9594554500858938 0.85166182433489779 -0.76369001485866994 3.8582332830482948 3.8404469132400592 0.55265263618138272 3.0563469623778508
decision_type=2 2 2 2 2 2 2 2 2 2 2 2 2 2 2 2 2 2 2 2 2 2 2 2 2 2 2 2 2 2
left_child=1 -1 3 4 5 6 9 -8 -7 10 11 -3 20 -9 -10 16 17 18 -5 -19 21 -13 23 -23 -25 -24 -20 -28 -17 -12
right_child=-2 2 -4 15 -6 8 7 13 14 -11 29 12 -14 -15 -16 28 -18 19 26 -21 -22 22 25 24 -26 -27 27 -29 -30 -31
leaf_value=0.023411882983492747 0.019544234567207875 0.018110641728481106 0.021860260395304264 -0.033677725393127023 0.020933854686434151 0.023947800024886286 -0.024832050618216323 0.0061467065489143845 0.011498438440761045 0.011187671787365383 0.0071315190344353099 0.018181361227958472 -0.043189657005120195 -0.058751382941205174 -0.068158893359783312 -0.043200780218220561 -0.044864482813908181 -0.01055829187742066 0.030648070858272397 0.046008027867715455 -0.033355405062495978 0.012937109459820243 -0.045176799476165416 -0.034061318751509688 0.078769850835437513 0.02082452495729745 0.034982692903852947 -0.063642068093262644 0.021807204585147229 0.035287020333045253
leaf_weight=1647.2068630978465 5730.6446864083409 343.43270048126578 1418.9200156927109 227.87437053769827 1254.1735096052289 1025.0722357034683 342.77088160999119 755.36991182714701 17505.101134937257 8508.661688843742 1272.1656681150198 208.50815711170435 130.01467112265527 35.302357047796249 21.307615742087364 29.763476736843586 91.724147733300924 78.807790700346231 99.16766457259655 107.58266885206103 141.62139957770705 95.574309669435024 32.052477840334177 287.55963234230876 10.310556147247551 175.27246826514602 25.512179657816887 37.847456738352776 277.78467337042093 153.68371757119894
leaf_count=1956 6996 759 1453 1129 1757 1675 2393 1654 43002 24333 4638 596 856 149 87 179 515 358 112 156 879 219 169 1732 9 419 21 154 678 205
internal_value=0.0125672 0.0114669 0.0108998 0.0104324 0.0107903 0.0103805 0.00783462 -0.00524308 0.0120948 0.00913958 0.00302542 -0.00412293 -0.0111871 0.0032491 0.0114016 -0.00141063 -0.00919763 -0.00352572 -0.0157561 0.0220912 -0.00681143 -0.00216631 -0.00922834 -0.0196878 -0.0301558 0.0106207 0.0093713 -0.0239302 0.015516 0.0101662
internal_weight=42070.8 36340.1 34692.9 33274 32298 31043.8 12492.3 1133.44 18551.5 11358.9 2850.2 1424.35 1080.91 790.672 17526.4 976.064 668.516 576.792 390.402 186.39 950.899 809.278 600.769 393.444 297.87 207.325 162.527 63.3596 307.548 1425.85
internal_count=99238 92242 90286 88833 85531 83774 39010 4196 44764 34814 10481 5638 4879 1803 43089 3302 2445 1930 1416 514 4023 3144 2548 1960 1741 588 287 175 857 4843
is_linear=0
shrinkage=0.03


Tree=54
num_leaves=31
num_cat=0
split_feature=0 9 10 16 0 14 16 1 0 13 18 5 11 5 8 1 16 18 0 16 1 13 10 17 17 18 8 0 11 1
split_gain=352.127 254.465 160.831 140.593 355.244 171.556 157.051 155.867 135.847 198.26 218.412 220.823 162.977 159.812 145.835 140.828 135.311 125.155 128.396 209.414 155.667 227.866 299.328 154.789 158.821 292.014 208.744 336.144 190.265 149.995
threshold=4.1019210902327474 6.5277307888950622 3.0760711967543446 0.59915555626214634 0.59203481247414014 13.071684843588868 1.3339329856290345 1.3730171711398012 1.0605179265985272 1.3653976567302697 54.365954524466467 -1.3882917031081423 1.2005429079931371 1.4447591208281876 1.8220915662216965 3.0657042767709868 1.0782592603143408 31.227826645556174 -0.048756627063017761 1.854947896877134 -5.2011724225373808 0.83901738165336026 3.3820419982929981 -0.58614213700962969 -8.6767697976976432 68.586944960439553 6.4537727266545852 1.2809263576664927 0.60930071895147475 -0.5607670069294689
decision_type=2 2 2 2 2 2 2 2 2 2 2 2 2 2 2 2 2 2 2 2 2 2 2 2 2 2 2 2 2 2
left_child=1 2 3 -1 6 -6 -5 16 13 10 11 15 -12 -9 -15 -10 -7 -4 19 20 21 -19 -23 24 25 26 -20 -28 -26 -30
right_child=-2 -3 17 4 5 7 -8 8 9 -11 12 -13 -14 14 -16 -17 -18 18 23 -21 -22 22 -24 -25 28 -27 27 -29 29 -31
leaf_value=0.0099129954795521696 0.020713599258721096 0.021417989996073066 0.022233867890111857 -0.027194875427143918 0.025948725552777649 -0.027258014646861436 0.0028274528723002119 0.053897984715488061 -0.038889376085493199 0.021972632801645894 0.013664215493049942 -0.033704877590382161 -0.046501107313062326 0.040572773911876761 -0.024835819451283991 0.052565475120292526 0.0012787752028827306 0.027226264011430253 0.012934075020291126 -0.053099920788587281 0.0079966014139432346 -0.049076629171394111 0.011862338174395089 -0.03539768553142221 -0.033950960936737107 -0.046938120206381481 0.02128471822280506 -0.062372871613786018 0.0040319960253565081 0.021589883037888703
leaf_weight=9899.4409887455404 3947.0333311706781 2113.4890941232443 1075.4208340197802 439.70788001827896 395.77927807345986 209.75274744071066 243.74746055901051 126.00400392152369 21.577693123370409 469.22592743113637 540.16683629155159 267.14363966137171 43.806686796247959 57.782126601785421 65.403186790645123 50.899792157113552 520.95833052508533 1009.1898817494512 6340.0645184181631 48.023473411798477 8724.2284008190036 79.75128348916769 802.68039563298225 56.723538018763065 60.720169000327587 76.423390954732895 86.597807243466377 86.311566516757011 495.99714493751526 3738.5416954532266
leaf_count=36644 4246 2094 1452 2991 743 1367 1052 209 153 859 1483 1406 208 125 297 82 2008 1189 12501 211 18653 351 1290 207 222 280 104 352 1084 5375
internal_value=0.0121835 0.0113009 0.0107074 0.00809511 0.00288182 0.00766354 -0.0164877 0.0046135 0.00974282 0.00609297 -0.00197459 -0.0211047 0.00915092 0.0301434 0.00584517 0.0253379 -0.00691279 0.0122452 0.011748 0.00940543 0.00968819 0.0174899 0.00635487 0.0140312 0.0142888 0.011363 0.0120471 -0.0204748 0.0187772 0.0195333
internal_weight=42092.6 38145.6 36032.1 13351.4 3451.96 2768.5 683.455 2372.72 1642.01 1392.82 923.595 339.621 583.974 249.189 123.185 72.4775 730.711 22680.7 21605.3 10663.9 10615.8 1891.62 882.432 10941.4 10884.7 6589.4 6512.97 172.909 4295.26 4234.54
internal_count=99238 94992 92898 49627 12983 8940 4043 8197 4822 4191 3332 1641 1691 631 422 235 3375 43271 41819 21694 21483 2830 1641 20125 19918 13237 12957 456 6681 6459
is_linear=0
shrinkage=0.03


Tree=55
num_leaves=31
num_cat=0
split_feature=2 10 17 1 7 1 0 16 6 11 10 1 11 1 10 14 3 17 14 14 14 1 18 13 17 18 6 16 3 6
split_gain=342.541 232.474 198.676 196.246 189.689 175.564 139.451 167.586 165.919 197.025 155.604 161.833 263.941 223.709 153.473 134.286 124.059 170.368 191.201 150.074 201.198 134.81 131.003 162.63 122.507 156.95 127.892 209.983 115.007 182.658
threshold=9.7444500916364483 3.2477451559561583 -1.3459099457685622 -8.94460775392856 2.9031249968994093 2.8880674558093848 -0.63024169692858001 0.99278002092606876 -14.869054759517267 1.0773925397221487 5.8959224165278892 -2.2394629430862785 0.760668111639763 3.0657042767709868 4.8500300936982415 673.37412294520857 2.7720189750564566 -25.605754744511497 105.20598549546838 27.219540827146002 7.2898550395150759 -2.1541672047240441 52.31789719047714 1.0676821049501815 -18.442083800535723 32.990505655838 -1.5029193967106604 0.14482394832878429 11.502679161231057 6.6173709218417409
decision_type=2 2 2 2 2 2 2 2 2 2 2 2 2 2 2 2 2 2 2 2 2 2 2 2 2 2 2 2 2 2
left_child=1 2 28 -3 -4 -6 7 10 -8 -10 11 -5 13 14 -13 -14 17 -11 19 20 -19 -18 -20 -24 25 -21 -26 -28 -1 -30
right_child=-2 3 4 6 5 -7 8 -9 9 16 -12 12 15 -15 -16 -17 21 18 22 24 -22 -23 23 -25 26 -27 27 -29 29 -31
leaf_value=0.0083258765992439646 0.020362670468073423 0.025767025210055743 -0.032118574032904704 0.012821648793703719 0.024946742386035184 -0.041682005109490439 0.028906373013041015 -0.024952423651725807 0.015564840273444319 0.014391623912815274 0.022443678000108963 -0.038893112232464201 0.0073641670892310787 0.039350079223614345 0.0029705526622093199 -0.062609768007456934 -0.019233838992338652 0.032565940826050639 -0.037651528867315417 0.020842171401426482 -0.044007825018476159 0.015049040838797875 -0.056127343193334546 0.022793255469750858 0.040624194441377451 -0.05570435116676755 -0.054873938737885403 0.017300533005697172 -0.047586672728296288 0.028416450416468307
leaf_weight=15405.50975304842 3834.2769493609667 1027.935306891799 211.80005194246769 3337.5883674845099 147.82327407971025 46.879592821002007 654.12608384341002 128.10867914557457 9602.1708495169878 548.18101295828819 767.41109870374203 266.49128732830286 2819.1561997979879 52.903658792376518 111.9104375243187 24.901247695088387 110.70610602200031 42.659785062074661 229.08007230609655 45.705711394548416 111.85658493638039 1528.8608413785696 32.338532298803329 85.977410435676575 145.48802401125431 51.016052976250648 43.21699695289135 225.99716387689114 30.447949573397636 435.65300393104553
leaf_count=53516 4268 929 1523 5872 496 276 600 425 16529 853 758 1109 5770 50 205 104 298 51 871 63 427 2265 139 111 145 214 181 347 144 699
internal_value=0.0118139 0.0109575 0.00823966 0.012969 -0.0124699 0.0089042 0.0123415 0.00906596 0.014169 0.0134161 0.00965645 0.00817254 0.0034351 -0.0184335 -0.0265121 0.00675151 0.00697058 0.000918868 -0.00636944 0.00304261 -0.0228669 0.0127342 -0.0244119 0.0012224 0.0108706 -0.0195324 0.0179616 0.00571435 0.00877007 0.0234516
internal_weight=42106.2 38271.9 16278.1 21993.8 406.503 194.703 20965.9 7508.47 13457.4 12803.3 7380.36 6612.95 3275.36 431.305 378.402 2844.06 3201.08 1561.52 1013.34 665.94 154.516 1639.57 347.396 118.316 511.424 96.7218 414.702 269.214 15871.6 466.101
internal_count=99238 94970 56654 38316 2295 772 37387 14293 23094 22494 13868 13110 7238 1364 1314 5874 5965 3402 2549 1428 478 2563 1121 250 950 277 673 528 54359 843
is_linear=0
shrinkage=0.03


Tree=56
num_leaves=31
num_cat=0
split_feature=0 10 16 0 15 3 17 14 14 12 2 12 15 18 8 4 3 1 3 12 16 16 0 18 3 1 16 1 12 15
split_gain=332.154 214.925 176.545 156.845 123.297 132.247 265.623 113.679 250.136 226.506 144.852 117.017 235.948 187.471 280.923 156.837 185.963 149.344 148.169 174.802 146.06 268.807 184.71 172.853 203.807 145.781 140.361 135.31 134.975 132.636
threshold=4.1019210902327474 3.8242744394572425 3.5854798046640979 -5.231183314645901 0.96105965272177774 -0.80646030068812757 -20.118828515048254 78.234174665082108 81.378913305581989 2.3609870119639909 -6.8367819282773681 0.83324215322949324 0.84523100025651454 39.684295760208407 5.2139872027011176 2.6226966973887271 -7.2989429771560967 6.4328179649628572 -7.1371938733695339 1.5161898599744819 1.0782592603143408 0.40456635445811767 -0.12936742120884889 68.855799529023571 2.2780552369367495 -1.9016397007295847 0.48379751955532269 -2.6949493826649902 0.47973817121377044 0.90210941036824066
decision_type=2 2 2 2 2 2 2 2 2 2 2 2 2 2 2 2 2 2 2 2 2 2 2 2 2 2 2 2 2 2
left_child=1 2 7 -3 5 6 -2 -1 9 -9 -10 12 20 14 18 16 -15 29 19 -13 21 -12 -22 25 -25 27 28 -23 -14 -18
right_child=4 3 -4 -5 -6 -7 -8 8 10 -11 11 13 26 15 -16 -17 17 -19 -20 -21 22 23 -24 24 -26 -27 -28 -29 -30 -31
leaf_value=0.010868380549410374 0.012859140228152504 0.026670703774758164 -0.030362590244267934 0.012783433188388567 0.032302563883294846 0.019778792674966773 -0.049871521277849308 -0.035781990904725947 -0.0086179914034732255 0.041864383526647217 0.0075744468010418512 -0.026793459020353776 0.033604499782218196 -0.045130319517168414 0.036571058913561584 0.0084206976662868638 0.022909255078039144 -0.046989806976944798 -0.039489209152212205 0.042754739296126262 -0.038675804656387064 -0.040206519162157187 0.028571223387619277 0.08777344736972123 -0.015358816125154913 -0.035474773987732071 -0.040361880389468412 0.03168996923723659 -0.025102671997106366 -0.042000029029126584
leaf_weight=13526.808235505596 340.17242801189423 774.52523209154606 102.7209248021245 13315.097135141492 599.18188606202602 2901.356273651123 73.958277866244316 207.01088114082813 482.5360199213028 40.413760513067245 3446.8268287088722 78.18626656755805 62.768061826005578 39.189919140189886 97.128038503229618 2720.552415471524 1857.5500743836164 28.73711308836937 180.9959651529789 55.692757200449705 40.325701203197241 36.567459207028151 415.8528062030673 28.821125395596027 42.937462292611599 289.50335203669965 158.18605092912912 66.225032987073064 80.385466836392879 28.771707374602556
leaf_count=36453 481 651 372 20803 327 3172 266 1241 1669 46 13129 444 195 198 114 7409 5027 135 1396 108 287 234 1002 8 193 1941 1067 181 520 169
internal_value=0.0114559 0.0106031 0.00888314 0.0135468 0.0197785 0.0175151 0.00165627 0.00905103 0.00670649 -0.0230994 0.00742683 0.00822048 0.00479071 0.0113682 -0.00803165 0.0130779 0.0195613 0.0208852 -0.02179 0.00213812 0.00656236 0.00468856 0.0226267 -0.0167467 0.0260632 -0.0245775 -0.0208844 0.00611347 0.000638471 0.0219192
internal_weight=42119 38204.3 24114.7 14089.6 3914.67 3315.49 414.131 24012 10485.2 247.425 10237.7 9755.2 4668.4 5086.8 412.003 4674.8 1954.25 1915.06 314.875 133.879 4367.06 3910.88 456.179 464.054 71.7586 392.296 301.34 102.792 143.154 1886.32
internal_count=99238 94992 73538 21454 4246 3919 747 73166 36713 1287 35426 33757 18757 15000 2062 12938 5529 5331 1948 552 16975 15686 1289 2557 201 2356 1782 415 715 5196
is_linear=0
shrinkage=0.03


Tree=57
num_leaves=31
num_cat=0
split_feature=2 10 17 6 7 10 15 6 14 18 10 15 5 16 14 11 14 14 11 7 2 7 8 16 3 10 13 16 16 18
split_gain=322.448 216.146 185.619 183.937 181.642 155.068 134.933 127.462 137.155 186.333 143.523 161.022 151.278 136.601 131.273 139.533 137.825 149.168 167.159 127.82 131.911 175.836 126.945 177.96 229.647 152.567 160.537 124.233 184.006 123.186
threshold=9.7444500916364483 3.2477451559561583 -1.3459099457685622 -14.869054759517267 2.9031249968994093 5.8959224165278892 0.96105965272177774 -5.0288173014308226 32.103492181688544 42.483385019552834 4.7188816225465233 0.38195268770500806 -10.162799105118706 -3.7795058596661422 149.72151987744755 1.057828162404409 24.213225320711214 9.3774827265879832 1.3714120671022496 -0.7872043652096371 2.1449863252644534 -1.2880182086840217 4.8987304064603352 0.079546845801179308 -1.8230969161566077 4.8022950532263176 0.57621520612218513 -3.7795058596661422 -2.8251040351864396 49.061700543185246
decision_type=2 2 2 2 2 2 2 2 2 2 2 2 2 2 2 2 2 2 2 2 2 2 2 2 2 2 2 2 2 2
left_child=1 2 -1 -3 -4 6 7 8 19 22 13 12 -12 -11 16 27 17 -9 29 20 21 -5 23 25 -25 26 -10 -16 -29 -19
right_child=-2 3 4 5 -6 -7 -8 14 9 10 11 -13 -14 -15 15 -17 -18 18 -20 -21 -22 -23 -24 24 -26 -27 -28 28 -30 -31
leaf_value=0.008180281901388229 0.019440528866617054 0.02255845813862397 -0.031874863169227982 0.015850080792765942 0.0083535005271576247 0.020207253195096159 0.032465915393432992 0.018218508550754714 0.040480384597683564 0.016445247436259414 0.032642830138987701 0.029639927358340541 -0.065051305625661554 -0.031279817006868015 0.041776804490863462 -0.0012073529791100611 0.015048483548063145 -0.013531364424760975 -0.060153844472191666 0.034806610077521942 -0.034355004279291071 -0.052731909798194275 0.017684104065951459 -0.035040821364109208 0.012336040513153408 -0.065901988155119204 0.004263103463697418 -0.057471350258977726 0.010203897496973863 0.0075894151495378001
leaf_weight=15954.038317736238 3803.3152970820665 1448.4674308970571 208.65208937600255 645.47745557129383 195.82270028442144 1688.1706202477217 253.26176711916924 674.93936143815517 138.58519829809666 64.221813976764679 22.166794493794441 115.59158284962177 40.019874691963196 338.34090511500835 110.58035412430763 1257.9069047346711 8642.9565325751901 320.46607328951359 38.93528850376606 215.13203267753124 59.358998477458954 35.495999678969383 555.85625946521759 233.02465736865997 152.23981434106827 23.601548284292221 536.85547256469727 36.570597842335701 3212.3437482342124 1107.2380111962557
leaf_count=54359 4268 1586 1523 1082 772 1717 153 1018 181 95 14 104 163 1277 80 2697 14439 873 158 226 206 150 763 922 315 96 1321 154 6393 2133
internal_value=0.011109 0.0102822 0.00767145 0.0122263 -0.0123987 0.011497 0.0107161 0.0104196 0.00494742 0.00085792 -0.0137518 0.0086983 -0.0302277 -0.0236661 0.011548 0.00731529 0.0133603 0.00654715 0.00117605 0.0144514 0.00853646 0.0122752 0.00602729 5.15765e-05 -0.0163195 0.00907422 0.0116941 0.0105064 0.00944213 0.00284859
internal_weight=42129.6 38326.3 16358.5 21967.8 404.475 20519.3 18831.2 18577.9 3175.97 2220.5 580.341 177.778 62.1867 402.563 15401.9 4617.4 10784.5 2141.58 1466.64 955.464 740.332 680.973 1640.16 1084.31 385.264 699.042 675.441 3359.49 3248.91 1427.7
internal_count=99238 94970 56654 38316 2295 36730 35013 34860 6915 5251 1653 281 177 1372 27945 9324 18621 4182 3164 1664 1438 1232 3598 2835 1237 1598 1502 6627 6547 3006
is_linear=0
shrinkage=0.03


Tree=58
num_leaves=31
num_cat=0
split_feature=9 12 8 15 9 10 10 12 11 6 1 9 12 16 5 9 9 12 14 9 15 13 13 12 7 15 9 4 5 5
split_gain=314.186 134.133 120.425 152.614 133.471 110.89 115.888 146.037 217.295 222.023 224.226 209.98 158.268 131.065 138.967 143.539 192.755 160.635 125.442 144.284 123.551 120.452 143.642 137.128 184.903 138.212 123.266 143.123 117.45 111.248
threshold=4.3462167610679012 6.5282051600374702 2.6169028243355332 0.27016114891685145 4.4967324738682484 2.4347774809300904 2.5874226360729398 2.6343705450370165 1.2898986862960953 6.7097752020974744 4.7337533831035126 4.1342477038777448 1.8989757847384667 1.1517253572962294 3.0563469623778508 3.5803317580065985 3.0606691383913494 1.0657134126437871 125.00223219231951 3.9548803257370269 0.89516235216504969 0.49162174053363983 0.6376647397904921 0.53797891433985423 -1.4561776240623767 0.9142867730600549 2.0979955800029271 5.98227958209372 2.4150040072241636 -1.932731948777088
decision_type=2 2 2 2 2 2 2 2 2 2 2 2 2 2 2 2 2 2 2 2 2 2 2 2 2 2 2 2 2 2
left_child=1 5 3 4 -2 -1 21 8 13 12 -11 -9 -10 29 15 16 -15 28 19 -19 -18 -7 26 24 -24 -25 -23 -28 -17 -8
right_child=2 -3 -4 -5 -6 6 7 11 9 10 -12 -13 -14 14 -16 17 20 18 -20 -21 -22 22 23 25 -26 -27 27 -29 -30 -31
leaf_value=0.0046974402060281657 0.016676503508117842 0.033496083191889132 0.015612434497108744 0.0086060375054922422 -0.056167888850337112 -0.038846214143172901 0.011382310553389816 0.021941362751652687 -0.032734070744157531 0.029920558301483241 -0.048888380680924534 -0.040035704278824427 0.016592611219626907 0.0012432469489606001 0.01816344249847298 -0.031752939225839771 0.02536618570461736 -0.05568737123545741 0.030986185931231567 0.011954631600615722 -0.028280543107532627 0.048831689288188714 0.04206805637919684 0.017673025236041764 -0.030286197476513534 -0.047305452857808142 -0.039814628122366864 0.042137192717838508 0.02214596368874986 0.0061433296998603133
leaf_weight=4598.4806094020605 34.142503254115582 202.28155747801065 11278.771977365017 522.67339030653238 67.183880768716335 35.218565437942743 5373.8111052382737 1152.6732983738184 304.18434898555279 172.73055613040924 40.020204447209835 51.392862230539322 72.494679778814316 731.98791684955359 2578.8091178163886 215.37226067483425 750.38768098130822 42.560254789888859 133.75608995556831 85.188288658857346 40.734362669289112 209.64298462122679 42.683867894113064 1765.6862895637751 124.52274127304554 29.960948698222637 35.472230322659016 41.75644164532423 43.782847419381142 11357.843661881983
leaf_count=21442 62 176 14672 967 289 261 13558 1471 1418 290 181 172 140 2299 4058 758 1233 178 139 142 144 356 122 4695 725 155 224 66 59 28786
internal_value=0.010774 0.00914861 0.0149027 0.00207363 -0.0316226 0.00898461 0.00975977 0.00912352 0.00856535 -0.0094034 0.0150959 0.019296 -0.0232408 0.00906133 0.0135328 0.00768988 0.0123383 -0.00590822 0.0106802 -0.0105807 0.022604 0.0162053 0.0170672 0.0141692 -0.0118159 0.0165888 0.036896 0.00449555 -0.022647 0.00782597
internal_weight=42136.2 30233.4 11902.8 624 101.326 30031.2 25432.7 23147.7 21943.7 589.43 212.751 1204.07 376.679 21354.2 4622.58 2043.77 1523.11 520.66 261.505 127.749 791.122 2284.94 2249.73 1962.85 167.207 1795.65 286.872 77.2287 259.155 16731.7
internal_count=99238 83248 15990 1318 351 83072 61630 55026 53383 2029 471 1643 1558 51354 9010 4952 3676 1276 459 320 1377 6604 6343 5697 847 4850 646 290 817 42344
is_linear=0
shrinkage=0.03


Tree=59
num_leaves=31
num_cat=0
split_feature=10 17 6 14 7 11 11 1 6 8 16 8 15 15 11 16 10 12 16 18 7 18 8 18 17 9 15 16 11 7
split_gain=306.003 170.786 173.536 184.679 137.159 133.25 185.289 214.904 188.159 167.074 160.364 145.658 123.532 206.775 158.752 143.966 122.563 139.349 121.953 136.808 167.307 128.688 114.795 189.298 114.259 218.484 237.047 217.153 201.452 214.993
threshold=4.8022950532263176 -44.058325472366484 19.633566365581895 104.36499883514894 5.5324046943683873 1.0029721506389573 0.91901527353314194 -2.2394629430862785 7.1400980019614311 3.6202354382575677 -1.8909219565454205 3.4938538161517241 0.37450914016256442 0.22024194124708671 0.88402468747587315 -2.2429226499946959 4.3365052061469234 0.66779070728763423 -0.93038949227365109 64.177630897637712 2.0687211495118767 52.183292734111689 3.3972031797735078 37.58926250643264 -8.9889015852573255 3.3665163191589906 0.34034875320394969 -0.98067900611502157 1.0053833573799735 1.5914124984354518
decision_type=2 2 2 2 2 2 2 2 2 2 2 2 2 2 2 2 2 2 2 2 2 2 2 2 2 2 2 2 2 2
left_child=1 12 3 24 5 6 9 -8 10 11 -9 22 13 14 -1 -15 -11 -18 -10 20 21 -20 23 -5 -3 26 28 -28 29 -26
right_child=-2 2 -4 4 -6 -7 7 8 18 16 -12 -13 -14 15 -16 -17 17 -19 19 -21 -22 -23 -24 -25 25 -27 27 -29 -30 -31
leaf_value=-0.020494873515157205 0.016158631856275404 0.0084509703561840843 0.018517945438355735 -0.038090224994750538 -0.056072620084179285 0.001545624988079449 -0.0070193704242596201 -0.044384433727166245 0.029845874345794575 0.021019202568347124 0.029973498865650237 -0.048477719501211367 0.025221986821980374 0.024303616577357735 0.026201526944411992 -0.042172209839503025 0.016877926417595689 -0.041945256040265881 0.031967153777941223 -0.029714208959443069 0.032765276191402314 -0.050640178177052582 0.030395133905623317 0.002580332785865776 -0.0017174083678341136 0.018844164673986474 0.033007464814451527 0.00940888084964118 0.012670923418005929 -0.036819286609391627
leaf_weight=79.506849229335785 7036.8439267724752 14510.033169686794 1590.1729161441326 106.92283418960869 32.879489995539188 4697.6503512226045 294.18404642678797 26.795111726969481 125.43016524612904 753.79659458994865 1011.0027237571776 51.712985128164291 1013.6966482624412 40.963700205087662 372.54363293200731 103.15875873714685 82.684038922190666 64.533826187252998 25.121942162513733 124.06725561246276 119.49758724868298 52.319998182356358 125.46296202391386 2806.0109053570777 507.46839091926813 3221.6192264407873 423.30124721676111 2053.03805090487 463.83488287776709 227.41247260570526
leaf_count=278 8190 38666 1986 962 143 13776 1008 142 225 1281 2325 236 1267 47 470 431 131 224 22 553 187 246 207 10839 1797 4740 714 5840 1319 986
internal_value=0.0104488 0.0093043 0.00884558 0.00836353 0.00510466 0.00529683 0.00835111 0.016405 0.0210479 0.00476235 0.0280536 0.00144793 0.0188489 0.00801254 0.0179885 -0.0232779 0.0161294 -0.00890757 0.00476208 -0.00503916 0.0105055 -0.0238426 0.00229766 0.00108747 0.00996202 0.0131411 0.00814176 0.0134428 -0.00280924 -0.0125799
internal_weight=42143.7 35106.8 33497 31906.8 10500.1 10467.2 5769.54 1778.42 1484.23 3991.12 1037.8 3090.11 1609.87 596.173 452.05 144.122 901.014 147.218 446.437 321.007 196.94 77.4419 3038.4 2912.93 21406.7 6896.67 3675.06 2476.34 1198.72 734.881
internal_count=99238 91048 88555 86569 32507 32364 18588 4708 3700 13880 2467 12244 2493 1226 748 478 1636 355 1233 1008 455 268 12008 11801 54062 15396 10656 6554 4102 2783
is_linear=0
shrinkage=0.03


Tree=60
num_leaves=31
num_cat=0
split_feature=0 1 6 7 15 5 5 1 2 3 3 11 2 8 10 18 0 5 5 17 8 2 3 18 18 5 18 18 15 6
split_gain=301.934 195.931 165.564 124.568 118.137 133.218 218.457 112.472 108.26 135.467 224.611 128.448 135.057 103.318 117.9 223.594 225.17 115.61 123.975 101.811 152.989 173.95 158.503 160.657 146.756 108.347 101.548 134.271 204.614 142.146
threshold=4.1019210902327474 -8.94460775392856 13.787198230875118 -4.8809356010233165 0.96105965272177774 5.4335244456576666 4.7562679202343299 5.3148722568691529 1.4718332461237551 -1.1562506040450502 -5.8121883342663319 1.0445490420045844 3.1977853849527231 1.2572950333774329 3.6304981716147884 66.803447520556603 -0.94745570240128363 5.6129698848957892 6.6439339339041759 -1.5493937468263295 3.2738072690323294 -1.9102901058342334 3.3734246609842371 72.117491538165766 77.044131102416188 6.5252555217919284 76.253793381703062 71.001212591807658 0.88520981413411803 10.515609008092207
decision_type=2 2 2 2 2 2 2 2 2 2 2 2 2 2 2 2 2 2 2 2 2 2 2 2 2 2 2 2 2 2
left_child=1 -1 3 -3 5 6 7 8 9 10 -2 -10 -13 -4 15 -15 -17 -18 -19 26 21 -21 -22 25 -23 -24 27 -5 29 -29
right_child=4 2 13 19 -6 -7 -8 -9 11 -11 -12 12 -14 14 -16 16 17 18 -20 20 22 24 23 -25 -26 -27 -28 28 -30 -31
leaf_value=0.021902389489871825 0.010011379332392826 0.020273277518990346 0.046150427497297149 0.0081783344905637378 0.030598575555503424 0.020062979674270152 -0.065462518262661931 0.021200129146377908 -0.064582926173166078 0.02622122729595093 -0.063298856039436927 -0.062187168613977328 0.013249697711101526 -0.05119157644002157 0.015388547929931497 -0.038363973369506726 0.038119571573065218 -0.044434619178303686 0.010546390612146498 0.11862016382093062 -0.04586753640297174 -0.030109705989198095 0.041050747247979552 -0.047915295480035543 0.03628803630702785 -0.0040903858573721405 0.02998634991259367 -0.038463948271689516 0.059247923479710342 -0.00027679580158941971
leaf_weight=1083.9540431275964 149.77509385347366 742.81789805740118 87.344155602157116 29805.304700881243 581.78613398969173 2228.4551614075899 36.086406514048576 432.75076507031918 42.462247222661972 206.99955281615257 50.227271482348442 27.671367794275284 93.640440449118614 61.988575637340546 4375.6240649819374 87.000640600919724 131.94283006340265 39.006296120584011 687.053886000067 8.0467450618743879 38.331759542226791 268.71475829184055 162.79258864372969 28.33524713665247 33.718563172966242 67.776772670447826 189.34368362277746 150.1466534845531 35.583420723676682 211.03401043638587
leaf_count=1148 222 942 83 80521 327 2251 147 460 175 206 207 114 137 275 5434 364 227 216 1509 3 203 1848 212 141 133 164 271 708 35 555
internal_value=0.0101347 0.00932958 0.00896334 0.00813265 0.0181432 0.0159259 0.00705795 0.00966576 0.000920635 0.00920858 -0.00839927 -0.0196761 -0.00395754 0.0137838 0.0132586 0.00400334 0.00762391 0.012287 0.00759263 0.00784173 -0.00431646 -0.0190442 0.0110675 0.0194969 -0.022707 0.0277813 0.00808485 0.00794755 -0.00938947 -0.0161516
internal_weight=42145.7 38295.9 37211.9 31741.9 3849.85 3268.07 1039.61 1003.53 570.776 407.002 200.002 163.774 121.312 5469.96 5382.62 1006.99 945.004 858.003 726.06 30999.1 607.716 310.48 297.236 258.905 302.433 230.569 30391.4 30202.1 396.764 361.181
internal_count=99238 94992 93844 85736 4246 3919 1668 1521 1061 635 429 426 251 8108 8025 2591 2316 1952 1725 84794 2704 1984 720 517 1981 376 82090 81819 1298 1263
is_linear=0
shrinkage=0.03


Tree=61
num_leaves=31
num_cat=0
split_feature=10 13 17 10 14 3 15 15 11 11 7 7 15 1 14 11 12 11 15 17 12 8 13 16 17 11 4 3 10 1
split_gain=285.607 173.903 148.134 124.683 125.873 116.084 115.728 245.613 156.616 138.783 113.728 199.115 173.627 143.333 141.407 125.431 186.085 198.266 443.75 195.895 138.802 136.009 194.326 167.915 164.272 195.702 137.799 127.901 164.09 158.558
threshold=4.7188816225465233 2.4169426162521419 -44.058325472366484 2.4154663029923915 103.47960111492006 -6.0401242612263752 0.37450914016256442 0.22024194124708671 0.69799139285430811 0.88402468747587315 -0.042159205841119089 -0.9084183340391293 0.91006984618606712 5.0620695086097127 347.28070801576013 1.0604945839041429 1.0039312801268994 1.2196884595946282 0.14017114014741175 -6.8349688678265048 0.85811415780382949 1.9719165952835722 0.84932456399060896 1.5826485273290158 -5.8074708558801982 1.0171561500180883 10.069409711694556 0.53201784819019171 3.319041985971571 -2.9877740095451792
decision_type=2 2 2 2 2 2 2 2 2 2 2 2 2 2 2 2 2 2 2 2 2 2 2 2 2 2 2 2 2 2
left_child=1 2 6 5 -5 -4 7 9 -9 -1 11 12 14 -13 -6 21 17 18 19 -17 -19 22 23 -12 25 -24 -26 -23 -29 -30
right_child=-2 -3 3 4 10 -7 -8 8 -10 -11 15 13 -14 -15 -16 16 -18 20 -20 -21 -22 27 24 -25 26 -27 -28 28 29 -31
leaf_value=-0.019151740387930462 0.015135122023569 0.022430318959743185 -0.026438002611118203 0.01016081128901551 0.0094451883110988118 0.0039798802278082678 0.024058284134281765 0.027830563246309885 -0.051541116908095985 0.025316065479018882 -0.020376410534522993 -0.017881309771424037 -0.050272714012915665 0.01401622747377281 -0.018791094508291226 0.040485526580369594 0.0088115510448476923 0.012310392632090206 -0.04266477565742513 -0.047054840276757118 -0.032918165449208725 0.020691704948520424 -0.030963869481299817 0.045234058648792499 0.048704277915500103 0.046660632674940784 -0.0064570299435780356 -0.0017247050384207572 -0.025637331288590099 0.016654726338796201
leaf_weight=77.102749854326248 7508.1234254390001 808.57847501710057 116.06966463290155 17971.152871575207 1923.6416709013283 4156.6011517569423 932.74977511167526 29.92061947286129 88.711341254413128 349.47132386267185 381.0476492755115 650.75933404639363 48.568862214684486 157.46560670435429 174.06822320818901 109.28231856971979 1594.4247656837106 399.56321732699871 306.35042776912451 29.141350939869881 72.085084713995457 1347.2428324744105 101.60772845894098 38.669025883078575 146.64301808923483 41.036040738224983 56.448128934949636 825.96688205003738 83.919536590576172 1618.8144632279873
leaf_count=269 8970 933 1056 39421 5687 19331 1205 45 406 451 1804 2924 252 312 723 138 3005 894 1434 139 289 2777 478 43 220 66 189 2797 269 2711
internal_value=0.00983072 0.00868091 0.00835226 0.00792794 0.00865447 0.00315356 0.0176402 0.00665989 -0.0315225 0.0172786 0.00597599 0.0010246 0.00580378 -0.0116667 0.00710214 0.00802135 0.00261982 -0.00815278 -0.0225221 0.0220563 0.00539782 0.0109434 -0.000612674 -0.0143316 0.0160419 -0.0086327 0.0333725 0.0132256 0.00924779 0.0145704
internal_weight=42145.2 34637.1 33828.5 32350.6 28077.9 4272.67 1477.96 545.206 118.632 426.574 10106.7 2954.5 2146.28 808.225 2097.71 7152.24 2510.85 916.422 444.774 138.424 471.648 4641.4 765.452 419.717 345.735 142.644 203.091 3875.94 2528.7 1702.73
internal_count=99238 90268 89335 86959 66572 20387 2376 1171 451 720 27151 9898 6662 3236 6410 17253 5899 2894 1711 277 1183 11354 2800 1847 953 544 409 8554 5777 2980
is_linear=0
shrinkage=0.03


Tree=62
num_leaves=31
num_cat=0
split_feature=5 4 10 18 12 18 16 16 10 13 9 10 7 14 17 5 4 12 7 9 12 7 18 16 17 14 16 16 14 4
split_gain=282.467 224.732 162.075 135.819 127.74 126.276 139.068 182.872 168.534 147.747 120.767 152.053 117.59 184.474 190.799 154.035 116.907 124.769 138.569 116.459 114.458 110.887 268.827 242.297 239.953 228.883 164.086 291.131 193.024 141.238
threshold=8.799553854255846 -20.80294495528052 5.8959224165278892 71.001212591807658 3.6369396854232625 76.253793381703062 0.51645160833800086 -0.1574506176112421 3.6582729847934323 1.2561271861649486 3.8582332830482948 3.8404469132400592 -0.021104646079095343 292.30198140812655 -16.014761653503722 -4.1427723089219652 -2.2332272072198394 0.47173553814332675 0.48044911323904543 4.1096921606505985 0.55265263618138272 -0.9084183340391293 43.904093716682283 -0.47693660847315339 -26.297130680492153 27.70236945051926 -0.051567611799774725 -0.53170799258222801 171.03823324837069 2.5376631759790218
decision_type=2 2 2 2 2 2 2 2 2 2 2 2 2 2 2 2 2 2 2 2 2 2 2 2 2 2 2 2 2 2
left_child=1 -1 3 4 12 6 7 8 -5 -9 -10 -12 13 21 19 16 17 -14 -19 -15 -7 -3 23 25 -24 -23 27 28 29 -26
right_child=-2 2 -4 5 -6 20 -8 9 10 -11 11 -13 15 14 -16 -17 -18 18 -20 -21 -22 22 24 -25 26 -27 -28 -29 -30 -31
leaf_value=0.024027657725359183 0.015838842470721551 0.0084658628795229434 0.018122517595133694 -0.033698891192587489 0.019105685447926828 -0.043473691666385976 -0.045197171645007389 0.03001937984625316 0.027063963634151523 -0.044468125940359801 0.031187725346683359 -0.064199522713445048 0.033656914495498381 -0.018137689863107168 -0.036210611252487944 0.00868604129337275 0.027618388005302235 0.0081084016867500452 -0.043072348621104782 0.012783898735273915 0.018468402431922316 -0.045679924108497201 -0.015704040084262762 -0.025394723399681879 0.0075332728315640552 0.015135085601687772 0.015721814728266174 -0.026083026127631793 -0.04405822451496802 0.04223937921364003
leaf_weight=828.40447665005922 5558.1793415397406 8434.7778757736087 1428.7270692139864 225.91642683371902 928.3640167042613 29.674921367317438 90.233657293021679 161.66759030148387 98.951337590813637 28.136973462998867 25.02292500436306 37.700568974018097 105.88235928863287 184.35279700532556 180.43265162594616 17917.258440934122 697.93776874989271 181.99051512777805 64.47714426368475 270.4170651063323 281.87495219707489 66.321499068289995 390.21483796462417 517.77728045731783 959.60672200471163 347.68775497749448 1643.217233389616 272.44796530529857 59.719793930649757 118.57100848853588
leaf_count=787 6996 23620 1513 1129 1238 179 515 365 112 149 21 154 111 876 950 43380 936 402 250 411 678 367 1428 2882 2780 1125 4031 1366 352 135
internal_value=0.00953767 0.00858018 0.00822222 0.00781008 0.0081335 -0.00320239 -0.0105619 -0.00514916 -0.0169639 0.0189772 0.0064207 -0.0261457 0.00781924 0.00567308 -0.0101075 0.00934059 0.0205068 0.00642016 -0.00528073 0.000249028 0.0125685 0.00645556 0.0025803 -0.0117152 0.00644825 0.00539293 0.00927909 0.00177257 0.00844206 0.01135
internal_weight=42135.9 36577.8 35749.4 34320.6 33341.5 979.179 667.629 577.396 387.591 189.805 161.675 62.7235 32413.1 13445.5 635.203 18967.5 1050.29 352.35 246.468 454.77 311.55 12810.3 4375.56 931.787 3443.78 414.009 3053.56 1410.35 1137.9 1078.18
internal_count=99238 92242 91455 89942 86640 3302 2445 1930 1416 514 287 175 85402 40323 2237 45079 1699 763 652 1287 857 38086 14466 4374 10092 1492 8664 4633 3267 2915
is_linear=0
shrinkage=0.03


Tree=63
num_leaves=31
num_cat=0
split_feature=0 9 4 8 5 5 9 4 6 8 16 10 14 14 0 17 10 6 9 11 11 11 11 11 11 10 2 1 5 6
split_gain=282.162 210.972 128.42 108.968 111.917 133.991 108.383 116.82 133.734 106.717 184.803 96.7016 105.51 146.94 182.279 123.1 127.944 125.402 115.013 113.334 165.352 144.197 102.668 234.371 111.601 175.622 110.956 155.441 143.75 120.137
threshold=4.1019210902327474 6.5277307888950622 -20.80294495528052 3.8589504581826017 5.4335244456576666 4.7562679202343299 4.0417847369618238 -3.4301169940643859 7.2419663905477281 3.343300372078454 -0.26273106573540522 2.4154663029923915 14.673399656597942 9.8918927612569458 -0.066057138820227693 -39.073893372722914 1.9119488224064838 -6.0890086753872268 1.4218853968657215 1.4526985824802765 1.3807679943317435 1.2833912313415299 0.74491233233225917 0.84820047832166223 0.73799748147339927 2.2925810833517151 -3.0122240755992897 -2.9877740095451792 1.8787118363416335 -7.0037912525399344
decision_type=2 2 2 2 2 2 2 2 2 2 2 2 2 2 2 2 2 2 2 2 2 2 2 2 2 2 2 2 2 2
left_child=1 2 -1 -2 5 6 7 -5 -9 10 -3 12 13 14 -4 -16 -17 -18 -14 20 21 22 24 -24 25 -20 28 -28 29 -25
right_child=3 9 11 4 -6 -7 -8 8 -10 -11 -12 -13 18 -15 15 16 17 -19 19 -21 -22 -23 23 26 -26 -27 27 -29 -30 -31
leaf_value=0.022245096921174604 0.032321997403788494 -0.068386103145291852 -0.028966053488565197 0.017039795467438907 0.019082414424657742 -0.042789271227490634 0.015079839413747246 -0.047533161307485992 0.010426151331856251 0.019516313256443821 0.016145408483347282 0.0083133499561221999 -0.026191254681134174 0.030615942523642796 0.062023127016679919 0.032827021294687342 0.042611151443622 -0.030749141439228165 -0.035274355257349704 -0.029576264175147048 0.033164038536804837 -0.025699552195884285 -0.023976713168098979 0.010056296240335737 0.058209037200447386 0.031771003424286744 0.042472122666886603 0.0050662648797912451 0.055676091254982289 -0.037094711876292576
leaf_weight=557.23415951430798 378.62656573951244 34.535935178399086 116.63204743340611 103.4687016159296 2326.595795199275 45.780644506216049 795.80725255608559 89.878487676382065 59.580849587917328 1920.8402928709984 71.394194960594177 31379.379191465676 129.58143542893231 289.39108119904995 43.858089558780193 94.783386774361134 27.213436227291822 91.426321990787983 51.860904516652226 95.991985023021698 160.94341212138534 160.63869739696383 283.40161609090865 71.714450988918543 59.685853000730276 109.20978714339435 104.52959724888206 2298.9120810534805 23.780122026801109 151.11199641041458
leaf_count=605 206 145 698 140 2346 150 991 328 85 1856 93 71722 1249 665 17 217 46 449 514 536 393 889 2348 395 82 333 289 10197 18 1236
internal_value=0.00925314 0.0084801 0.00795418 0.0170509 0.0153608 0.00744969 0.00964278 -0.00746427 -0.0244281 0.0178997 -0.011414 0.00773139 0.00354748 0.0145659 0.00214386 0.0162468 0.0068398 -0.0139219 0.00157293 0.00258019 0.00346826 0.00202647 0.00343851 0.00195373 0.0231685 0.010184 0.00472678 0.00669311 -0.0144371 -0.0219196
internal_weight=42127.8 38328.1 36301.3 3799.74 3421.11 1094.52 1048.74 252.928 149.459 2026.77 105.93 35744 4364.67 663.304 373.913 257.281 213.423 118.64 3701.36 3571.78 3475.79 3314.85 3154.21 2933.45 220.757 161.071 2650.05 2403.44 246.607 222.826
internal_count=99238 94992 92898 4246 4040 1694 1544 553 413 2094 238 92293 20571 2092 1427 729 712 495 18479 17230 16694 16301 15412 14483 929 847 12135 10486 1649 1631
is_linear=0
shrinkage=0.03


Tree=64
num_leaves=31
num_cat=0
split_feature=2 17 10 14 11 9 8 8 3 12 1 12 1 17 17 6 11 3 17 1 12 12 17 6 14 17 15 11 6 6
split_gain=270.502 174.861 200.102 153.647 155.907 149.832 155.118 153.752 169.001 149.489 185.615 272.697 185.784 166.874 183.272 178.598 151.119 148.671 326.602 181.21 157.633 144.082 163.25 181.315 166.351 161.509 155.767 144.421 167.359 178.863
threshold=9.7444500916364483 -44.058325472366484 5.8959224165278892 135.43299021226588 1.0773925397221487 2.1545672375615132 2.6683492173489007 1.2347856593571167 3.6612048328641293 0.37165945045402227 -1.5228371265165184 0.34941587454280426 -1.0443111981449757 -9.1970198159516041 -1.5493937468263295 11.976273316287733 0.65712571098354255 4.517550646108627 -4.1621873335781236 -1.176251835158759 0.89464987150721753 1.1048486379990194 -6.8349688678265048 -5.5945663480908729 271.00863489828799 -2.7702860760746142 0.12408723353026289 1.254889239161596 0.4095447040984786 -0.15781773278239078
decision_type=2 2 2 2 2 2 2 2 2 2 2 2 2 2 2 2 2 2 2 2 2 2 2 2 2 2 2 2 2 2
left_child=1 -1 3 9 5 6 7 8 -5 10 -3 12 -12 16 15 -15 -11 -7 20 -20 -19 22 23 -6 -24 -26 -25 28 29 -28
right_child=-2 2 -4 4 21 17 -8 -9 -10 13 11 -13 -14 14 -16 -17 -18 18 19 -21 -22 -23 24 26 25 -27 27 -29 -30 -31
leaf_value=0.016834915920902253 0.016729135891978959 0.012006830662825301 0.017922789909766364 -0.035473340803476541 -0.034714036650212325 0.011290609356371592 0.021091968966513931 -0.024798683588716158 0.045050674968361445 0.021222451227115517 -0.046928041847668654 -0.046477345640793088 0.0018410008019662024 0.011174773106215634 -0.0040744617209802405 0.021892168970859473 0.0066699603808674937 -0.022548053954985554 -0.050066503236799662 0.016517219547226673 0.0021236541578644758 0.0045574150510198329 -0.046262915431308033 0.029202926433415179 -0.039118813273981708 0.019147317845785473 -0.023776734715135864 0.0096358506103833546 -0.039685042523830177 0.051595586269417786
leaf_weight=2014.8171942532063 3696.0684409998357 750.89965281262994 1662.6561483591795 36.223456561565399 135.44831177219748 3837.1455900110304 131.04283831082284 370.43552411347628 66.560924030840397 670.67202775552869 75.92005754634738 139.47684346325696 949.86609485559165 5728.3412787709385 554.46659546718001 1851.7705760672688 15140.703220935538 518.17710085585713 38.399225562810898 875.88275964558125 423.60804192721844 1326.8631556294858 187.22206632047892 160.57455668225884 74.41370015963912 100.83328707516193 68.358134375885129 321.20750354230404 161.39850290492177 48.398282054811716
leaf_count=2937 4268 1624 1717 415 662 9240 411 2818 114 1316 421 768 3013 13522 2002 2277 40618 1730 176 1718 913 2918 984 247 298 203 394 767 703 44
internal_value=0.00897753 0.00823184 0.00775574 0.0072692 0.00386501 0.00641135 -0.00779249 -0.0157911 0.0166723 0.00843835 0.000375405 -0.00711993 -0.00176847 0.00908355 0.0125751 0.013793 0.00728723 0.00791891 0.000948427 0.0137207 -0.0114509 -0.00233897 -0.0096137 -0.00273726 -0.0266001 -0.00559375 0.00296216 -0.00406798 -0.0198929 0.00746687
internal_weight=42117.9 38421.8 36407 34744.3 8882.19 6297.48 604.263 473.22 102.784 25862.1 1916.16 1165.26 1025.79 23946 8134.58 7580.11 15811.4 5693.21 1856.07 914.282 941.785 2584.72 1257.85 895.385 362.469 175.247 759.937 599.362 278.155 116.756
internal_count=99238 94970 92033 90316 24755 17535 3758 3347 529 65561 5826 4202 3434 59735 17801 15799 41934 13777 4537 1894 2643 7220 4302 2817 1485 501 2155 1908 1141 438
is_linear=0
shrinkage=0.03


Tree=65
num_leaves=31
num_cat=0
split_feature=0 9 15 10 16 0 14 12 1 0 15 10 17 16 12 16 9 0 17 7 17 0 13 6 0 14 14 14 12 12
split_gain=265.22 197.028 115.6 107.613 130.306 312.385 150.092 177.421 145.287 189.341 281.329 206.191 162.577 141.752 119.806 209.614 117.273 127.605 114.537 138.501 116.906 117.372 132.581 181.428 161.968 126.377 132.703 136.353 130.538 110.224
threshold=4.1019210902327474 6.5277307888950622 0.94405621028507603 3.0760711967543446 0.59915555626214634 0.59203481247414014 13.071684843588868 1.113063952692001 1.5116918271002702 1.0605179265985272 0.48581936497685968 2.6470563489698304 -31.567628572342496 1.3339329856290345 2.6343705450370165 2.7726269822209946 2.7685827316249543 -0.46445994772364735 -3.1782316069755736 3.4447030380928783 -3.7652243885693983 1.5614666917643441 1.0014855665784426 6.2994945716882151 0.88747741487281406 22.290670239755865 204.69633459927695 191.15097208840359 5.1928842591216524 0.47173553814332675
decision_type=2 2 2 2 2 2 2 2 2 2 2 2 2 2 2 2 2 2 2 2 2 2 2 2 2 2 2 2 2 2
left_child=1 3 -2 4 -1 13 -7 8 -8 11 -11 -10 -12 -6 -5 -16 29 -18 20 -20 21 22 -9 24 -24 -23 27 28 -27 -15
right_child=2 -3 -4 14 5 6 7 18 9 10 12 -13 -14 16 15 -17 17 -19 19 -21 -22 25 23 -25 -26 26 -28 -29 -30 -31
leaf_value=0.0070796070274364888 0.013867919845846207 0.017119546303692491 0.027630181177858152 0.0082795698489315853 -0.0277738862549037 0.021765598633869641 -0.021806199593884294 0.040718093858485058 0.048392502634406899 0.05773919022920599 0.027134858425856487 -0.041600696912648408 -0.031380921462799263 0.026958739749836268 0.022695565837497513 -0.041916814341750895 -0.039269503494801364 0.034527293461364864 -0.035100870915633006 0.026315630882917405 0.040151855162576938 -0.051490886227600473 0.02478386450644525 0.03696857880397153 -0.044301992503562065 0.0003192989016685768 -0.046554738647066655 0.056326309485116639 0.047361045226315943 -0.038870176312023691
leaf_weight=10165.18414071016 3097.2657449394464 2005.0699544101954 667.74378614127636 21737.914861772209 445.54656920395792 403.13806496188045 408.3114956934005 181.0592827051878 118.23364350944757 47.622957523912191 52.037904564291239 28.421658389270306 238.96086296997964 31.181380396708846 870.64849819242954 47.662666738033295 26.329890213906765 105.92275920510292 107.4073383435607 47.732804283499718 113.49600857496262 37.991075798869133 50.220631815493107 98.157073669135571 77.942137461155653 658.38850669935346 43.363249927759171 48.032051511108875 57.74637271463871 86.113080330193043
leaf_count=36644 3803 2094 443 42167 2991 743 2424 288 206 45 130 161 1332 82 947 157 161 186 504 82 99 163 123 129 408 1815 220 42 26 623
internal_value=0.00871071 0.00796458 0.0163087 0.00745938 0.00535819 0.000377603 0.00482019 0.00199163 -0.00861864 0.00247735 -0.00985483 0.0309519 -0.0209168 -0.0176349 0.00872796 0.019342 0.000467425 0.0198353 0.00822297 -0.0162045 0.0109965 0.00835537 0.0215838 0.00627606 -0.0172307 0.00198181 0.00449748 0.00739448 0.00411257 -0.0213703
internal_weight=42104.8 38339.8 3765.01 36334.8 13678.5 3513.36 2818.26 2415.13 893.589 485.277 338.622 146.655 290.999 695.094 22656.2 918.311 249.547 132.253 1521.54 155.14 1366.4 1252.9 407.379 226.32 128.163 845.521 807.53 764.167 716.135 117.294
internal_count=99238 94992 4246 92898 49627 12983 8940 8197 4298 1874 1507 367 1462 4043 43271 1104 1052 347 3899 586 3313 3214 948 660 531 2266 2103 1883 1841 705
is_linear=0
shrinkage=0.03


Tree=66
num_leaves=31
num_cat=0
split_feature=0 9 4 7 14 4 5 17 0 0 0 18 5 8 5 5 9 4 6 8 2 17 7 18 1 7 4 9 5 17
split_gain=253.251 188.219 120.735 109.766 261.908 211.155 149.688 237.439 147.163 159.696 131.338 130.088 123.097 105.411 106.496 126.248 102.556 109.811 125.037 101.467 119.701 101.031 100.136 201.584 169.82 137.592 256.903 241.159 206.916 169.513
threshold=4.1019210902327474 6.5277307888950622 -20.80294495528052 -0.042159205841119089 292.30198140812655 -7.5350716741144508 -2.2914235956144196 -7.2233843656629064 -0.22042806497430004 -1.3523693269663468 -2.3898113623304087 59.430691870751055 -10.162799105118706 3.8589504581826017 5.4335244456576666 4.7562679202343299 4.0417847369618238 -3.4301169940643859 7.2419663905477281 3.343300372078454 10.514904394259219 -6.0123109757940787 -1.1045303562574824 40.963552088517879 0.85717155040693227 -0.61011224325064328 -2.1405713043848027 3.6616522142943384 5.8985115837845088 -20.607018831211825
decision_type=2 2 2 2 2 2 2 2 2 2 2 2 2 2 2 2 2 2 2 2 2 2 2 2 2 2 2 2 2 2
left_child=1 2 -1 4 22 8 7 -5 9 12 -9 -7 -6 -2 15 16 17 -15 -19 20 -3 -12 -4 24 -24 26 -25 -27 -28 -29
right_child=13 19 3 6 5 11 -8 10 -10 -11 21 -13 -14 14 -16 -17 -18 18 -20 -21 -22 -23 23 25 -26 27 28 29 -30 -31
leaf_value=0.021156828123994772 0.031097738403989938 -0.042393382864331919 0.0079488449608188776 0.017666495023769477 0.01762642590043087 -0.045986038167608212 0.007433462623184308 -0.05300868265354864 -0.034844310568972546 0.033595522705688802 -0.043505627456531311 0.022102521747885292 -0.052542327717769281 0.015815668630347293 0.017897800679525316 -0.042235557671373103 0.013966365404389872 -0.046779631030721268 0.009392798748852382 0.018298026753892069 0.021623371359815888 0.03208877161691872 -0.020394389210802617 0.0062248815679501069 0.018178245137381858 0.012816497578003112 -0.026613218770433072 -0.05542306224328112 0.028642514220850623 -0.0034364153821584299
leaf_weight=551.95882273465395 370.02220779657364 55.272528320550919 7266.706616891548 2266.0720080770552 44.338998377323151 201.30894858576357 20518.750584937632 67.036598660051823 78.001565741375089 135.11010715924203 24.429791506379843 28.876629654318094 45.685202363878489 102.8602492660284 2291.5290994048119 45.836086764931679 787.78917141258717 89.858126580715179 59.135075733065605 1888.6273560523987 50.129726558923721 45.634872827678919 534.6419658716768 1068.8469207063317 127.15502351522446 2318.9014124553651 460.91225556284189 65.06625072658062 70.29572070389986 426.27384619414806
leaf_count=605 206 189 20228 4081 60 1259 48446 304 346 197 135 42 217 140 2346 150 991 328 85 1856 49 87 2910 3423 356 6766 2067 278 82 1009
internal_value=0.00845276 0.00772524 0.0072329 0.00701819 0.00480127 -0.0157819 0.00826313 0.015347 0.000667407 0.012971 -0.0229902 -0.0374444 -0.0179826 0.0158967 0.0142311 0.00649055 0.0086388 -0.00802563 -0.0244849 0.0166993 -0.0119468 0.0057309 0.00569094 0.00245608 -0.0129832 0.00477285 -0.00224959 0.00877119 -0.0193011 -0.0103208
internal_weight=42087.1 38340 36346 35794 12872.1 533.321 22921.9 2403.17 303.136 225.134 137.101 230.186 90.0242 3747.03 3377.01 1085.48 1039.64 251.853 148.993 1994.03 105.402 70.0647 12338.8 5072.09 661.797 4410.3 1600.05 2810.24 531.208 491.34
internal_count=99238 94992 92898 92293 39240 2121 53053 4607 820 474 526 1301 277 4246 4040 1694 1544 553 413 2094 238 222 37119 16891 3266 13625 5572 8053 2149 1287
is_linear=0
shrinkage=0.03


Tree=67
num_leaves=31
num_cat=0
split_feature=2 5 10 15 14 3 17 11 12 11 1 14 18 3 3 10 9 12 8 16 1 12 1 12 1 11 17 17 10 17
split_gain=243.601 174.386 125.64 140.816 120.271 188.519 138.982 161.94 141.466 243.875 171.759 202.854 198.051 155.101 135.613 160.706 133.653 174.85 158.703 171.828 133.425 133.18 222.493 276.647 188.674 155.295 149.335 214.555 181.962 157.216
threshold=9.7444500916364483 -11.663062864011986 5.8959224165278892 0.96105965272177774 171.03823324837069 21.896155720752464 -45.432431373365922 1.0949385051031675 0.89464987150721753 0.71329231115407132 3.2447036730049565 188.62030838937503 70.336763887809553 -8.8307100176081548 5.202309122217053 4.4479789266628176 2.2504070759396351 0.85811415780382949 0.99967427572609735 -2.0949169381335211 4.0082628800486528 0.37165945045402227 -1.5228371265165184 0.34941587454280426 -1.0443111981449757 0.66322991322388536 -9.1970198159516041 -1.5493937468263295 2.8384636711572884 -1.7594867172366813
decision_type=2 2 2 2 2 2 2 2 2 2 2 2 2 2 2 2 2 2 2 2 2 2 2 2 2 2 2 2 2 2
left_child=1 -1 3 4 21 6 -6 8 13 -10 11 -11 -13 -8 15 -9 18 -18 -15 -20 -12 22 -3 24 -24 -23 -27 28 29 -28
right_child=-2 2 -4 -5 5 -7 7 14 9 10 20 12 -14 16 -16 -17 17 -19 19 -21 -22 25 23 -25 -26 26 27 -29 -30 -31
leaf_value=0.019356566810620111 0.015610921676271147 0.012061804150795344 0.015380707901476479 0.027297771512410775 0.020542716498403092 -0.075983506255735841 -0.037774170665307659 -0.021135098179584512 -0.052131795157565927 -0.022373509492899686 -0.051890312022477847 0.026303996439978265 -0.05194948215934838 0.039986087062236879 0.0045756549923891277 0.0066185150142510753 0.0058009751498883837 -0.050993592089120049 0.049625893728290779 -0.02981390102458386 0.0036163636636656477 0.018814318152984622 -0.046389694963773064 -0.045817463443572126 0.00084001540580875449 0.0058851696180457084 0.0037085693604186646 -0.0063292385470880598 0.015064958421030821 0.037453379324665699
leaf_weight=1084.5822356715798 3647.1492704413831 862.44971052743495 1599.114790007472 298.69579131901264 394.99869871139526 27.110290631651878 89.262082807719707 674.30197822116315 51.344840627163649 92.057711884379387 43.540926154702902 1019.9837146941572 29.963046096265316 41.250897267833352 633.18592654913664 260.24597153067589 2533.5305489599705 49.743708349764347 26.899251095950603 275.35596025548875 371.69332065433264 1149.6871122792363 82.040434245020151 150.7290429379791 1055.6443895269185 16773.663808919489 2446.5559866409749 617.58369815349579 5562.5499727427959 130.90704618394375
leaf_count=1169 4268 1828 1766 218 477 117 403 2771 257 373 216 1825 161 99 1389 419 6225 240 67 2086 766 2289 462 849 3381 45249 8158 2358 9141 211
internal_value=0.00820131 0.00749809 0.00715368 0.00678563 0.00661278 0.00296436 0.00328927 0.00218871 0.00501338 0.012198 0.0143191 0.0203269 0.0240708 0.0011815 -0.00614374 -0.0134065 0.00236959 0.00470734 -0.015211 -0.0227441 -0.00220399 0.00744979 0.000268545 -0.00762573 -0.0025658 0.0080287 0.00754302 0.0107183 0.0120117 0.00542244
internal_weight=42075.8 38428.7 37344.1 35745 35446.3 6614.47 6587.36 6192.36 4624.63 1608.58 1557.24 1142 1049.95 3016.04 1567.73 934.548 2926.78 2583.27 343.506 302.255 415.234 28831.8 2150.86 1288.41 1137.68 26680.9 25531.3 8757.6 8140.01 2577.46
internal_count=99238 94970 93801 92035 91817 17891 17774 17297 12718 3598 3341 2359 1986 9120 4579 3190 8717 6465 2252 2153 982 73926 6520 4692 3843 67406 65117 19868 17510 8369
is_linear=0
shrinkage=0.03


Tree=68
num_leaves=31
num_cat=0
split_feature=5 17 10 14 12 1 12 1 4 6 17 1 17 18 12 2 14 9 4 15 14 1 16 12 12 12 16 12 11 9
split_gain=233.372 183.603 154.945 117.277 136.844 159.92 259.173 170.89 157.997 151.495 157.48 168.627 151.665 151.641 168.217 149.352 150.469 146.013 130.919 126.988 125.839 125.776 128.105 123.66 130.853 121.912 129.263 120.749 272.704 134.734
threshold=15.18416787330853 -44.058325472366484 5.8959224165278892 135.43299021226588 0.37165945045402227 -1.5228371265165184 0.34941587454280426 -1.0443111981449757 17.308535544315287 7.0299655534215448 -1.5493937468263295 -0.67535924628497324 -6.927835245011881 64.736415736516747 2.8681418094803672 -0.94721445566409146 101.73880241703736 2.1964397031202818 6.6208618562751402 0.54026016076850258 10.389735547161868 1.8511165121553266 -1.3281317642954742 1.1747069481346071 1.8625861522776466 3.6369396854232625 -3.0547893189091115 1.0797997096117748 1.0631666040766838 2.1545672375615132
decision_type=2 2 2 2 2 2 2 2 2 2 2 2 2 2 2 2 2 2 2 2 2 2 2 2 2 2 2 2 2 2
left_child=1 -1 3 4 5 19 7 -7 -9 25 11 23 13 -13 17 -12 21 -15 -19 20 -3 -17 -23 -11 -25 26 -6 28 29 -5
right_child=-2 2 -4 27 9 6 -8 8 -10 10 15 12 -14 14 -16 16 -18 18 -20 -21 -22 22 -24 24 -26 -27 -28 -29 -30 -31
leaf_value=0.01599590280857555 0.018880001829386463 0.031678953768945375 0.015967148790441074 -0.010326204057234349 0.017920247915481996 -0.045866239161037207 -0.045715050128451437 0.0038245199643370978 -0.061736447462831183 0.0058492639689653805 0.057174747377216013 0.015669173639356652 0.020055621649614025 -0.042035112962385976 -0.070072781190134575 -0.033917069768451102 -0.046958570497579663 -0.051989906803987268 0.0086321603798571959 0.030252666160479804 -0.0043594718180968431 -0.056117977812747168 0.011296075342443441 -0.059886718142644152 0.0077956086005866307 0.020483186140668744 0.0057697362274662795 0.0083937358621334612 -0.01054616560239118 0.0062804221813066727
leaf_weight=2167.5299316048622 1690.4398515820503 109.40444280207157 1666.1279390454292 488.60939683020115 826.84198159724474 73.798702701926231 137.32417829707265 931.80069154500961 34.300436705350876 957.97657164931297 34.960019007325172 1432.1193034127355 2971.1150847896934 62.023659028112888 30.086989641189575 83.946443751454353 72.736476443707943 33.584250129759312 707.05183248221874 214.34588217735291 429.68847556784749 27.281398862600327 361.9533446803689 55.748189434409142 47.710226267576218 566.20836971327662 16774.984829766676 3303.8936678022146 1365.9987866114825 4392.5764052122831
leaf_count=3078 1552 139 1783 3189 1236 421 776 2883 148 1909 30 2154 4190 344 126 426 431 147 1399 298 1189 123 777 239 76 726 46875 6878 4681 11015
internal_value=0.00795966 0.00750229 0.00702028 0.00661219 0.00762364 -7.22081e-05 -0.0069796 -0.00186438 0.00149684 0.00821686 0.0120088 0.0133875 0.0155978 0.00974981 -0.000430032 -0.00293747 -0.006787 0.00218046 0.00588324 0.0107204 0.00295423 -0.000611905 0.00657104 0.0024842 -0.0286748 0.00678126 0.0063405 0.00375536 0.0013023 0.00461809
internal_weight=42052.2 40361.7 38194.2 36528.1 26977 1930.66 1177.22 1039.9 966.101 25046.3 6878.29 6297.42 5235.98 2264.87 832.747 580.878 545.918 802.66 740.636 753.439 539.093 473.181 389.235 1061.43 103.458 18168 17601.8 9551.08 6247.18 4881.19
internal_count=99238 97686 94608 92825 67062 5854 4228 3452 3031 61208 12371 10584 8360 4170 2016 1787 1757 1890 1546 1626 1328 1326 900 2224 315 48837 48111 25763 18885 14204
is_linear=0
shrinkage=0.03


Tree=69
num_leaves=31
num_cat=0
split_feature=2 5 15 10 14 3 7 17 7 3 13 14 13 17 17 17 6 7 2 9 10 10 13 3 5 9 3 14 10 3
split_gain=224.653 163.815 118.07 121.892 108.037 176.657 137.163 126.454 160.86 162.299 159.56 146.256 143.855 140.39 203.068 164.479 212.532 235.496 154.85 146.746 134.98 217.563 142.639 309.004 256.646 161.142 169.143 133.323 132.574 131.57
threshold=9.7444500916364483 -11.663062864011986 0.96105965272177774 5.8959224165278892 171.03823324837069 21.896155720752464 4.3155514604709468 -45.432431373365922 -0.021104646079095343 6.5604614832757155 0.73737214113476157 570.41412361904952 0.52004784066937848 -8.1532031064246251 -3.8647058577413138 -20.447650563582304 3.8583146507996386 1.1052885521561697 -3.6197510053345199 2.5609385139382232 4.4479789266628176 3.9778447873439586 0.88933839751419308 -1.638021190944233 1.2082850562686749 2.9228393099166263 -6.6969170800193867 238.91115107443372 5.0939213037871935 -3.130563671124214
decision_type=2 2 2 2 2 2 2 2 2 2 2 2 2 2 2 2 2 2 2 2 2 2 2 2 2 2 2 2 2 2
left_child=1 -1 3 4 6 7 -3 10 9 11 -6 12 -9 15 29 16 17 -10 -19 -17 21 22 23 25 -24 -14 -27 -26 -18 -15
right_child=-2 2 -4 -5 5 -7 -8 8 13 -11 -12 -13 20 14 -16 19 28 18 -20 -21 -22 -23 24 -25 27 26 -28 -29 -30 -31
leaf_value=0.018599813458211632 0.014875528329653527 0.006534810385895473 0.02525780178275289 0.014743136006789594 -0.022435666711232864 -0.073301553603420305 0.016264194676321894 0.021993989116946552 -0.027035226280053313 -0.051101092349848935 0.028278903190291964 -0.051062204741753568 -0.011435157798649832 -0.047860232378053744 0.0074774798715244251 -0.012715560899777311 -0.049055142479749812 -0.048326255102656021 0.039331766126513991 0.017734984385657682 0.010253224897864973 -0.051705661813141991 -0.037195740226155787 -0.039334375133255564 0.034561448075121237 -0.018817202574353424 0.04984581277612498 -0.045635169944916718 0.015191744672779922 -0.0067789365978967548
leaf_weight=1074.7329640053213 3614.4495197236538 27487.940530277789 306.67899177223444 1571.2225946784019 67.409517355263233 27.380012944340706 1369.0417614728212 188.35695180296898 101.66230373084545 70.008136447519064 325.15609674155712 57.849894303828478 93.152364857494831 75.215293996036053 1446.6983658447862 157.34835106879473 120.16257285699248 20.365532018244267 165.76507791876793 1502.9137266501784 325.94569933414459 110.53563363850117 249.84681039489806 101.89113009534776 87.862131886184216 40.280705038458109 162.73781222105026 23.686321631073952 38.063231840729713 1044.6106396280229
leaf_count=1169 4268 72107 238 1746 205 117 1819 520 425 334 272 307 666 389 3729 727 555 96 221 2401 517 473 1606 758 130 155 175 127 43 2943
internal_value=0.00772515 0.00705236 0.00672 0.00656648 0.00620419 0.00274305 0.00699639 0.0030596 0.00201164 -0.00649324 0.0195704 -0.00432777 -0.00237473 0.00476388 5.31798e-05 0.0105039 -0.00567054 0.00968467 0.0297406 0.0148491 -0.00621274 -0.0123818 -0.00665835 0.00572974 -0.0203033 0.0212331 0.0362225 0.0175324 -0.0335997 -0.00953824
internal_weight=42029 38414.5 37339.8 37033.1 35461.9 6604.9 28857 6577.52 6184.96 1512.15 392.566 1442.15 1384.3 4672.81 2566.52 2106.28 446.019 287.793 186.131 1660.26 1195.94 869.993 759.457 398.062 361.395 296.171 203.019 111.548 158.226 1119.83
internal_count=99238 94970 93801 93563 91817 17891 73926 17774 17297 5768 477 5434 5127 11529 7061 4468 1340 742 317 3128 4607 4090 3617 1754 1863 996 330 257 598 3332
is_linear=0
shrinkage=0.03


Tree=70
num_leaves=31
num_cat=0
split_feature=0 1 6 12 11 10 13 12 12 15 12 1 15 7 10 17 18 15 15 17 5 15 3 15 10 5 15 15 17 10
split_gain=224.106 161.248 121.415 120.867 152.787 158.544 129.762 110.37 108.319 98.2199 161.149 199.85 95.9718 170.879 94.9533 199.164 92.1277 249.12 225.345 177.643 160.652 151.082 126.538 145.999 124.98 126.719 110.185 101.399 160.037 180.331
threshold=4.1019210902327474 -8.94460775392856 13.787198230875118 3.6369396854232625 1.3303688990503815 3.7012769739433322 2.4169426162521419 0.61262352138743348 0.51124931236813975 0.94405621028507603 0.83324215322949324 5.8958940689116233 0.50923187977326745 -0.084302963662924432 3.3289643620784046 -41.158969618475048 69.132670416181156 0.88520981413411803 0.52295766955343559 -16.140876983580849 9.4905577146526188 0.11928498282898224 10.953362534944779 0.27016114891685145 2.953176841862605 6.1986648402129552 0.14453970849501782 0.87170643246585888 -9.1970198159516041 3.9414058872571895
decision_type=2 2 2 2 2 2 2 2 2 2 2 2 2 2 2 2 2 2 2 2 2 2 2 2 2 2 2 2 2 2
left_child=1 14 3 6 12 -6 16 -8 -2 10 11 -10 -5 -14 15 -1 27 18 19 -18 21 -21 23 26 -25 -26 -23 -3 29 -29
right_child=8 2 -4 4 5 -7 7 -9 9 -11 -12 -13 13 -15 -16 -17 17 -19 -20 20 -22 22 -24 24 25 -27 -28 28 -30 -31
leaf_value=0.034443143126234199 0.033564932130127609 0.0060366215682690896 0.01068280589238643 0.031169242458473828 -0.059560731007574218 0.019535101229247828 -0.025246835498736599 0.02787326655693112 -0.071432394911017619 0.024851936879298184 0.01227364280934172 0.015731656996764293 0.024176580629380703 -0.05923239085699359 0.021410087872553184 -0.050309634831720434 -0.047530577489817413 0.04449139587608282 -0.034972917188148163 -0.033210092773561628 -0.056838867970647015 -0.045836021405941646 0.035350415752383277 -0.040773766414313406 0.026887993822395134 -0.051628647049104665 0.022246390200147032 -0.017124669222514877 0.011559862864902555 0.011374322657093178
leaf_weight=48.29846653342247 251.70526537299156 28290.60382848978 5334.5040467269719 432.43757793307304 42.356861561536789 49.418247416615486 39.066860374063253 355.89133021980524 46.991628438234329 545.17514204978943 2787.1976732909679 47.709828913211823 73.994012154638767 31.523368611931801 941.80333952605724 51.629713669419289 65.808835998177528 91.146856598556042 210.34686178714037 75.656765550374985 37.375012695789337 23.136360120028257 153.98399939388037 94.714934002608061 74.574425354599953 24.602548964321613 284.11410075426102 706.00770372152328 516.538259672001 278.71222965419292
leaf_count=38 123 75699 8108 403 180 50 138 380 200 398 3474 51 99 132 873 237 313 118 1074 339 163 125 200 604 107 109 609 3091 1358 445
internal_value=0.00749721 0.00681835 0.00649311 0.00579362 0.0188066 -0.0169699 0.005532 0.0226189 0.0145701 0.013175 0.010966 -0.0275198 0.02491 -0.00074189 0.0184598 -0.00934592 0.00531379 -0.00307323 -0.00722464 -0.000225842 0.0038268 0.00692947 0.011565 0.0042565 -0.0161272 0.00741059 0.0171197 0.00563344 -0.00196427 -0.0090584
internal_weight=42007 38328.2 37286.5 31952 629.73 91.7751 31322.3 394.958 3678.78 3427.07 2881.9 94.7015 537.955 105.517 1041.73 99.9282 30927.3 1135.46 1044.31 833.967 768.158 730.783 655.126 501.142 193.892 99.177 307.25 29791.9 1501.26 984.72
internal_count=99238 94992 93844 85736 864 230 84872 518 4246 4123 3725 251 634 231 1148 275 84354 3761 3643 2569 2256 2093 1754 1554 820 216 734 80593 4894 3536
is_linear=0
shrinkage=0.03


Tree=71
num_leaves=31
num_cat=0
split_feature=5 4 10 17 15 15 11 14 11 11 1 14 11 13 17 1 5 12 8 15 5 0 5 8 11 12 12 10 7 5
split_gain=214.2 167.305 125.687 100.466 115.14 278.877 143.175 107.583 139.149 215.745 196.352 158.47 148.926 140.933 136.677 169.121 185.503 183.365 154.207 183.127 171.439 153.9 151.592 139.894 139.168 182.475 135.311 125.077 124.515 126.559
threshold=15.18416787330853 -20.80294495528052 5.525100435651038 -44.058325472366484 0.37450914016256442 0.22265322973191445 0.69799139285430811 104.36499883514894 1.0029721506389573 0.91438296086409954 -2.2394629430862785 109.8486186922751 0.91016085157931192 0.71333983251067601 -9.1970198159516041 -0.5894244771784739 -0.2837216541439655 0.37165945045402227 3.4556861532349132 0.18261291004526412 -2.6266642494693135 -2.2779600129042836 12.640929631338652 3.9358278117429371 0.85966292310561232 0.97236619517900791 0.44308313216911765 1.8698121382444639 -0.38840250708500051 -1.7801337274615874
decision_type=2 2 2 2 2 2 2 2 2 2 2 2 2 2 2 2 2 2 2 2 2 2 2 2 2 2 2 2 2 2
left_child=1 -1 3 4 5 -3 -7 14 9 11 13 -9 -13 -11 15 27 -17 -18 19 21 -21 -16 28 24 25 -20 -25 -5 29 -22
right_child=-2 2 -4 7 -6 6 -8 8 -10 10 -12 12 -14 -15 18 16 17 -19 23 20 22 -23 -24 26 -26 -27 -28 -29 -30 -31
leaf_value=0.020497124625964109 0.017838189236539456 0.01368842764846021 0.013184075361055919 -0.024085572438668889 0.019551342850454952 0.018422100778866832 -0.05468322472121593 -0.025432873665294582 -5.0958421252207781e-05 -0.050553837585495712 0.017889973256985672 0.0043436614907405562 -0.048179103647562123 0.0016976520052840655 0.025081092758858631 -0.0047921910561147269 -0.020500201373852327 0.0063476657151519912 -0.057332874589180405 -0.042782122722301058 0.034017718983461273 -0.017659434135794041 -0.072387529564216055 -0.038704455578207245 0.027856998548844793 0.024973675788986096 0.012052656722432062 0.0092664760717728976 0.011387115732475625 -0.021175386079964983
leaf_weight=791.5820137411356 1659.6780926734209 468.54214432835579 2425.4863678216934 102.70561275072396 1022.907988615334 32.223352022469044 95.768654644489288 173.38106178492308 5429.5333911720663 54.334426373243332 1892.3884004279971 4553.9973006304353 49.110593568533659 320.46706261858344 91.994453065097332 2303.1467201039195 238.66016152873635 5627.0077663995326 41.6707933396101 57.227000270038843 46.090080954134464 431.34151265397668 20.223841339349747 48.232398137450218 929.79436921328306 57.963045701384544 2367.5715657621622 6896.1093260999769 3559.5574869886041 198.10071047767997
leaf_count=787 1552 786 2825 859 1317 54 434 837 14939 268 4235 13950 264 873 161 8209 933 13178 174 347 120 1650 86 157 1125 72 3573 16201 8365 907
internal_value=0.00727583 0.00684113 0.00656771 0.00613527 0.0134426 0.00296762 -0.0362782 0.00580183 0.00355808 0.00634006 0.0139609 0.00272278 0.0037833 -0.00587717 0.00701773 0.00535466 0.00242246 0.00525529 0.0102312 0.00651237 0.0087586 -0.0101463 0.00952992 0.0149855 0.0242462 -0.00945016 0.0110393 0.00877704 0.00996546 -0.0107579
internal_weight=41986.8 40327.1 39535.5 37110.1 1619.44 596.534 127.992 35490.6 12473.2 7043.68 2267.19 4776.49 4603.11 374.801 23017.4 15167.6 8168.81 5865.67 7849.77 4404.54 3881.2 523.336 3823.97 3445.23 1029.43 99.6338 2415.8 6998.81 3803.75 244.191
internal_count=99238 97686 96899 94074 2591 1274 488 91483 35366 20427 5376 15051 14214 1141 56117 39380 22320 14111 16737 11636 9825 1811 9478 5101 1371 246 3730 17060 9392 1027
is_linear=0
shrinkage=0.03


Tree=72
num_leaves=31
num_cat=0
split_feature=0 9 12 15 12 1 8 0 12 10 12 10 9 14 0 15 15 10 14 9 6 12 8 15 0 5 6 5 5 17
split_gain=211.194 156.904 104.669 94.269 152.354 185.734 93.1991 110.866 91.6872 88.8657 118.863 139.43 108.263 105.618 209.193 131.261 232.689 121.388 154.821 124.577 113.424 118.933 148.046 128.32 117.953 134.685 168.17 109.274 159.492 117.792
threshold=4.1019210902327474 6.5277307888950622 0.51124931236813975 0.94405621028507603 0.83324215322949324 5.8958940689116233 3.343300372078454 1.7617339689968425 5.1928842591216524 3.0760711967543446 0.30188179533413634 2.9786707821026126 2.8895249243676342 13.5918412079776 -2.1302500965107054 0.81818449792908865 0.83857266262946706 2.9786707821026126 12.00597473935593 3.7832623209008891 2.7775271543027462 0.376438984357573 3.576451304230337 0.8783993229867707 -0.56307142809765687 0.82210338456707499 7.1400980019614311 4.4636156652120169 3.5842155961341908 -4.4442990323214957
decision_type=2 2 2 2 2 2 2 2 2 2 2 2 2 2 2 2 2 2 2 2 2 2 2 2 2 2 2 2 2 2
left_child=1 8 -2 4 5 -4 7 -3 9 10 11 -1 -13 14 -12 -15 -17 19 -19 27 21 -18 -23 -24 -22 -26 -27 28 29 -16
right_child=2 6 3 -5 -6 -7 -8 -9 -10 -11 13 12 -14 15 17 16 20 18 -20 -21 24 22 23 -25 25 26 -28 -29 -30 -31
leaf_value=-0.030937384575183094 0.032796177724278959 -0.034836751162815677 -0.069072680152484189 0.024120134719102352 0.011703252293812234 0.015035477481576274 0.016302696827353167 0.030737503106977863 0.022732170139832798 0.0069901940247593958 -0.044589751464490394 -0.037396161408517169 0.052838581516969234 0.0044242171228399867 0.015970721860665137 -0.039693192312650741 0.048328081069691407 -0.048647627818229303 0.023083915437512044 -0.048827661255752962 0.061089330241972335 -0.029290347629993801 0.029077083483157941 -0.026167797736896491 0.034524674300868141 -0.022878980976060729 0.009711506953441822 0.034673917474448208 -0.05062087076878153 -0.045498810234717198
leaf_weight=171.68391571007669 247.48269870877266 69.272127091884613 47.271976575255394 537.18905554711819 2767.7995489537716 47.246935039758682 1829.7717471271753 34.893101647496223 291.06696788966656 22407.441889330745 58.566672917455435 17.600753124803305 37.384498074650764 10312.61200803332 1248.2104843109846 157.78210365772247 27.146223982796073 62.115711636841297 48.01144864410162 26.886912129819393 33.577857814729214 284.4015637319535 94.505219161510468 63.109417486935854 107.9860197417438 219.89606911316514 404.85590494796634 245.47319385409355 34.672818444669247 28.701885417103767
leaf_count=1410 123 211 200 398 3474 51 1856 27 339 43099 300 132 42 37282 3179 1062 75 281 76 122 16 2118 166 273 230 962 1175 267 152 140
internal_value=0.00706127 0.00640469 0.0139597 0.0125884 0.0104242 -0.0270297 0.0147314 -0.0128708 0.00596209 0.00582685 0.00392205 -0.0176218 0.0239545 0.00428489 0.0111532 0.00325655 -0.00538627 0.0130803 -0.0173753 0.0151978 -0.00100496 -0.0126221 -0.0163653 0.00695685 0.0061074 0.00358784 -0.00175948 0.0163034 0.0128652 0.014589
internal_weight=41964.6 38317.6 3646.99 3399.51 2862.32 94.5189 1933.94 104.165 36383.7 36092.6 13685.2 226.669 54.9853 13458.5 1752.64 11705.9 1393.26 1694.07 110.127 1583.95 1235.48 469.162 442.016 157.615 766.316 732.738 624.752 1557.06 1311.59 1276.91
internal_count=99238 94992 4246 4123 3725 251 2094 238 92898 92559 49460 1584 174 47876 4517 43359 6077 4217 357 3860 5015 2632 2557 439 2383 2367 2137 3738 3471 3319
is_linear=0
shrinkage=0.03


Tree=73
num_leaves=31
num_cat=0
split_feature=5 17 10 13 14 12 1 12 7 1 13 6 17 1 12 5 2 14 17 18 7 9 16 11 9 12 12 13 11 11
split_gain=199.916 156.773 131.666 128.713 103.643 122.22 145.485 246.26 181.471 167.594 152.024 132.203 147.56 159.207 147.284 237.313 137.082 141.073 130.471 126.166 125.452 176.571 163.739 152.468 133.419 117.976 139.553 200.003 257.948 171.798
threshold=15.18416787330853 -44.058325472366484 5.8959224165278892 0.76687353846670292 135.43299021226588 0.37165945045402227 -1.5228371265165184 0.34941587454280426 3.8280253457312234 -1.0443111981449757 1.1205016524410034 7.0299655534215448 -1.5493937468263295 -0.67535924628497324 0.4467349315440004 0.044172397825724401 -0.94721445566409146 101.73880241703736 -6.927835245011881 58.134974652531035 1.1954118637691804 4.4333122771883948 -1.4952388492836743 1.3910846363888127 3.4882907545203659 0.19751567635144465 0.95583534602466991 0.92672060170687509 0.73480494995035539 1.0631666040766838
decision_type=2 2 2 2 2 2 2 2 2 2 2 2 2 2 2 2 2 2 2 2 2 2 2 2 2 2 2 2 2 2
left_child=1 3 4 -1 5 6 -3 8 9 -8 -11 -7 13 20 -15 -16 -14 -18 19 -17 -13 22 24 -24 -22 -6 29 28 -28 -27
right_child=-2 2 -4 -5 25 11 7 -9 -10 10 -12 12 16 14 15 18 17 -19 -20 -21 21 -23 23 -25 -26 26 27 -29 -30 -31
leaf_value=8.7317056297271157e-05 0.017126806506638947 0.0095815399253694096 0.014339327064877236 0.018148285729249623 0.024485875006793834 0.0057954462408589136 -0.045042128292845429 -0.045320472879133086 -0.05974474528984041 0.0066008446134111663 -0.048067422620059461 0.027518978228803049 0.05339417753793288 0.03085016118703178 -0.058792574025275324 0.019707155511442261 -0.0015715758195065951 -0.046723150010080421 0.017605850865311898 0.0029517901646595921 0.024961034493849874 0.01169134118954515 -0.033535826893133711 0.039741104757992855 -0.034918495963224376 0.0019978373197437204 -0.040765030627802332 0.0023879384178283804 0.020713279697162534 -0.011282875608776385
leaf_weight=449.86367159336805 1638.187377601862 753.54882121086121 1628.5795848220587 1686.300137989223 223.22602473758161 18223.107462309301 68.048273554071784 135.66407901793718 47.312129311263561 875.39941085502505 48.307092748582363 143.29170706868172 35.401036366820335 436.9461480602622 41.478742182254791 557.06197328865528 471.7476209141314 71.751273725181818 2696.6793704330921 1476.4890482351184 125.56310987472534 418.37371346354485 297.72960897535086 27.955205537378788 45.669588565826416 4223.005900265649 65.115800552070141 2838.0004379302263 1083.1044431459159 1106.276531457901
leaf_count=991 1552 1626 1783 2087 335 48837 400 776 204 2597 251 187 30 495 183 686 1326 431 3855 3141 192 572 1088 38 147 12760 287 6580 1896 3905
internal_value=0.00685349 0.00643589 0.00599321 0.0143448 0.00562119 0.00657095 -0.000707114 -0.00730693 -0.00234375 0.000394592 0.00374186 0.00713076 0.0106851 0.0120237 0.0141793 0.0126527 -0.00380657 -0.00753237 0.0132792 0.00754168 0.00141739 -0.0026689 -0.0147593 -0.0272461 0.00899052 0.00293309 0.00241662 0.00666224 0.0172268 -0.000759033
internal_weight=41939.2 40301 38164.8 2136.16 36536.3 26997.5 1928.28 1174.73 1039.07 991.755 923.707 25069.2 6846.14 6267.24 5208.66 4771.71 578.9 543.499 4730.23 2033.55 1058.58 915.291 496.918 325.685 171.233 9538.73 9315.5 3986.22 1148.22 5329.28
internal_count=99238 97686 94608 3078 92825 67062 5854 4228 3452 3248 2848 61208 12371 10584 8360 7865 1787 1757 7682 3827 2224 2037 1465 1126 339 25763 25428 8763 2183 16665
is_linear=0
shrinkage=0.03


Tree=74
num_leaves=31
num_cat=0
split_feature=0 0 12 7 11 13 12 6 18 15 15 5 3 2 2 18 11 12 8 10 0 18 12 8 8 6 6 2 0 10
split_gain=195.527 142.196 107.754 131.765 154.654 110.738 101.41 96.7324 96.6883 178.73 129.724 122.199 188.49 108.974 113.695 136.82 172.9 96.984 95.473 109.123 198.78 205.429 95.5641 107.038 118.738 109.021 105.141 115.808 98.1134 119.522
threshold=4.1019210902327474 -5.231183314645901 5.1928842591216524 0.10328635263455734 1.1009599336666323 2.4169426162521419 0.51124931236813975 13.787198230875118 70.035375953105884 0.88520981413411803 0.46404808436455597 9.4905577146526188 10.953362534944779 0.86426895727214081 1.0967515612533065 76.253793381703062 1.3807679943317435 4.4208572847359964 1.6222293304683604 3.6304981716147884 -0.94745570240128363 66.803447520556603 1.113063952692001 3.2898637780218363 2.7344015599654887 16.446225075376532 15.637538729079886 5.9655473747699199 -0.39667520725917843 3.4627195132568915
decision_type=2 2 2 2 2 2 2 2 2 2 2 2 2 2 2 2 2 2 2 2 2 2 2 2 2 2 2 2 2 2
left_child=1 -1 5 -4 -5 7 -2 8 -3 10 11 12 13 -10 -15 16 17 -16 -9 20 -20 -22 23 24 25 -23 -24 -28 -27 -30
right_child=6 2 3 4 -6 -7 -8 18 9 -11 -12 -13 -14 14 15 -17 -18 -19 19 -21 21 22 26 -25 -26 28 27 -29 29 -31
leaf_value=0.017228705782175398 0.032036518609521988 0.0050326231762269202 0.036508443526996913 0.025346585208886302 -0.069640781535195373 0.017828248384601536 0.011972724526428374 0.028041009336187375 -0.044094195137578257 0.041612321298233904 -0.02923834215129972 -0.056627931135418787 0.030872403532603815 0.046638686077442294 -0.04470239646605826 0.025204248239054095 0.020802223133580825 0.05083651478914445 -0.048728481802385037 0.010521129404642877 -0.052331055177309606 -0.044910008010111677 0.032008915882928438 -0.05372703355451712 0.025444127568687299 0.041857556953352651 -0.052115976577854307 0.011012265091684613 -0.045106187527708431 0.033405043740475981
leaf_weight=992.64434978365898 243.07312816381454 30583.243602607399 203.52723973244429 38.428911358118057 25.77271294593811 653.37618123367429 3370.7025836706161 232.34175740927458 66.42643666267395 67.699458353221416 212.24246574938297 34.436727374792099 145.51814144477248 38.26605823636055 141.03256657347083 79.820635072886944 63.369691111147404 10.258298873901365 72.677539370954037 3838.4601130634546 56.002651795744896 65.229105059057474 206.10660816729069 35.95518820732832 111.62457671016455 39.628956593573093 30.549302622675896 181.76557385921478 47.827354744076729 27.47711007297039
leaf_count=1173 123 81944 131 40 111 818 4123 376 382 95 1060 151 206 49 776 179 116 1 345 5095 247 341 246 157 185 43 142 306 249 28
internal_value=0.00665166 0.00602228 0.00572413 0.0246879 -0.0127846 0.00558706 0.0133223 0.00536726 0.0047538 -0.00517229 -0.00917458 -0.00182149 0.00164351 -0.00901184 -0.00200834 -0.00832973 -0.0207992 -0.0382244 0.00926734 0.0083419 -0.00121968 0.00308469 0.00724387 -0.00488701 0.00113126 -0.0139324 0.0167458 0.00192895 0.00364851 -0.016459
internal_weight=41915.5 38301.7 37309.1 267.729 64.2016 37041.3 3613.78 36388 31442.3 859.07 791.371 579.129 544.692 399.174 332.747 294.481 214.661 151.291 4945.65 4713.3 874.844 802.166 746.164 327.742 291.787 180.163 418.421 212.315 114.933 75.3045
internal_count=99238 94992 93819 282 151 93537 4246 92719 84959 3015 2920 1860 1709 1503 1121 1072 893 777 7760 7384 2289 1944 1697 1003 846 661 694 448 320 277
is_linear=0
shrinkage=0.03


Tree=75
num_leaves=31
num_cat=0
split_feature=15 5 5 10 12 6 17 16 8 5 18 4 3 6 18 3 10 14 17 14 12 4 18 10 15 8 0 4 18 12
split_gain=188.509 165.63 139.002 115.566 111.25 101.082 97.5421 93.6755 110.408 199.928 142.56 127.492 110.434 93.2714 175.872 183.252 170.181 219.7 147.367 141.71 151.171 130.305 120.099 122.489 117.102 170.132 133.346 136.761 157.539 188.895
threshold=0.96105965272177774 8.799553854255846 -11.663062864011986 3.7614263421292935 3.1804438441311573 -14.116205093474663 -1.5493937468263295 -2.651544451570135 3.2738072690323294 6.5252555217919284 77.044131102416188 25.022450924812492 3.3734246609842371 1.2201493529668368 49.484209360353397 10.678780832318049 2.0775896752267768 8.8954970452015711 -7.2233843656629064 292.30198140812655 1.1292780618094473 -8.6476930235413452 49.870549621176217 2.953176841862605 0.88520981413411803 4.6656422437523828 4.4607547113147747 2.5376631759790218 47.722669678129144 1.0101739012353976
decision_type=2 2 2 2 2 2 2 2 2 2 2 2 2 2 2 2 2 2 2 2 2 2 2 2 2 2 2 2 2 2
left_child=1 2 3 5 6 -1 13 -8 10 12 11 -9 -10 14 18 16 -16 -18 19 24 -21 -19 23 -23 26 -26 27 -4 29 -29
right_child=-2 -3 4 -5 -6 -7 7 8 9 -11 -12 -13 -14 -15 15 -17 17 21 -20 20 -22 22 -24 -25 25 -27 -28 28 -30 -31
leaf_value=0.0050237960870572517 0.024107345104666951 0.01129281313122785 0.0061350295328357202 0.021785919067630669 0.01394338878662177 -0.05600785964934557 -0.05141641959906653 -0.02750349099750633 -0.022987494164827444 -0.035672849860743296 0.023971396311963891 0.045941034889599927 0.033656846852291318 0.0065611259004221293 -0.027637030585212951 -0.05890653722021677 -0.040039955981069783 -0.057313009345339117 -0.029552892842326685 -0.020649988430709049 0.012824278933662555 0.0028358245393283817 0.0038207734032669571 -0.05175528841078799 -0.025928131739223776 0.010314164134003889 -0.023264723161642742 0.033159931490666344 -0.0057201433148196127 -0.014611582429602418
leaf_weight=202.66020447015762 537.50064754486084 5091.4850264340639 9892.8395266495645 798.38108175992966 1262.0152948871255 27.770098775625229 38.734182760119438 300.24246977642179 37.187783800065517 64.815646857023239 73.569382656365633 22.893905594944954 185.46214578300714 18121.68442524597 216.33924416452646 51.698354952037334 118.6995769739151 33.355240628123283 109.79425959661603 365.83365145139396 181.73798537999392 75.378017965704203 2624.3312878608704 72.63642343878746 244.05317361280322 223.17069275677204 131.82684929668903 523.44016180187464 177.92305084690452 86.855704821646214
leaf_count=361 388 6847 29512 677 1807 126 193 2004 153 251 271 10 272 40438 1396 228 494 149 699 1538 335 260 6951 326 1322 364 329 758 516 263
internal_value=0.00645534 0.00622592 0.00551456 0.0163842 0.00519719 -0.00233138 0.00487231 -0.0060297 -0.00346014 0.0106971 -0.0137189 -0.0223 0.0241959 0.00510932 0.00337044 -0.00288411 -0.00196195 -6.2577e-05 0.00504309 0.00536424 -0.00953994 0.00162873 0.00233788 -0.0239542 0.00608774 -0.00861691 0.00672312 0.00709324 0.0191196 0.0263612
internal_weight=41894.3 41356.8 36265.3 1028.81 35236.5 230.43 33974.5 722.906 684.171 287.466 396.706 323.136 222.65 33251.6 15129.9 3192.44 3140.74 2924.4 11937.5 11827.7 547.572 2805.7 2772.35 148.014 11280.1 467.224 10812.9 10681.1 788.219 610.296
internal_count=99238 98850 92003 1164 90839 487 89032 3154 2961 676 2285 2014 425 85878 45440 9804 9576 8180 35636 34937 1873 7686 7537 586 33064 1686 31378 31049 1537 1021
is_linear=0
shrinkage=0.03


Tree=76
num_leaves=31
num_cat=0
split_feature=2 1 15 17 6 3 3 18 15 16 12 13 1 16 1 12 8 10 5 18 8 16 1 7 3 7 6 8 12 16
split_gain=182.256 139.919 118.278 101.982 135.09 118.521 121.745 111.655 155.696 191.261 110.695 160.357 131.973 205.302 198.594 187.658 129.856 127.417 166.417 171.921 124.567 120.738 118.491 143.237 142.959 131.033 177.821 168.848 143.836 131.842
threshold=9.7444500916364483 -8.94460775392856 0.96105965272177774 -1.5493937468263295 11.976273316287733 18.653788412539608 3.3734246609842371 70.035375953105884 0.94405621028507603 -1.8240860090873827 0.86851526404234536 0.56603966462565491 -5.2011724225373808 0.14482394832878429 -3.5719732063038019 0.75081056918429223 3.2204595932373152 3.6170762603656534 -2.2422756379521109 41.480694486040029 4.2620357501020276 -3.7795058596661422 -3.2324619597131061 1.4610602008020448 11.502679161231057 -0.042159205841119089 10.038916558261233 3.1684878556740821 0.8044756876352358 -0.50456948092349085
decision_type=2 2 2 2 2 2 2 2 2 2 2 2 2 2 2 2 2 2 2 2 2 2 2 2 2 2 2 2 2 2
left_child=1 -1 3 4 7 6 -5 10 9 -9 12 -12 13 -3 15 17 -15 -14 19 -19 -21 -16 23 -23 -25 -24 -27 29 -29 -28
right_child=-2 2 -4 5 -6 -7 -8 8 -10 -11 11 -13 14 16 21 -17 -18 18 -20 20 -22 22 25 24 -26 26 27 28 -30 -31
leaf_value=0.016586857014408912 0.01280732080939065 0.01811684537616326 0.02358804195968375 -0.030539366347938357 0.0099435260813281676 -0.073672955867611481 0.0012348349034578697 0.013897007100336249 0.070021269733840125 -0.029332425745387938 0.030344366735685867 0.0064510368117256063 0.0050922286834439922 0.0058299371739205441 -0.057037378614981343 -0.043141845315641129 -0.05908267239326534 -0.043554911038490782 -0.043635857004604782 0.019716428973672151 -0.039585961288832766 0.024909311501388549 -0.00040976812555920699 -0.037735971931172896 0.050855654241852503 0.0067522423811973483 -0.030037091485142862 -0.059424330551492155 0.014045774032466036 0.0092795635306929386
leaf_weight=1027.6462752074003 3511.1773329041898 937.57083683460951 317.85427439957857 122.90563188865781 5219.3067193850875 21.477184236049652 927.79001153260469 140.13051445037127 20.593767553567886 268.79461557418108 257.52171452343464 13786.760446107015 505.16008669883013 58.415885113179684 29.600391130894423 133.72917736694217 52.811313718557358 74.330947920680046 142.55768075585365 180.4827870875597 38.717407733201981 429.0019821152091 5656.7964623291045 68.863633051514626 21.515269950032234 7405.1993265599012 105.94483987241983 96.896063357591629 31.870287582278252 278.66640001535416
leaf_count=1166 4268 1434 249 820 8059 93 3011 266 3 1181 350 32737 1470 143 132 604 235 269 506 246 124 821 20124 263 6 19185 377 404 51 641
internal_value=0.00626522 0.00566639 0.00536578 0.00520929 0.00548128 -0.00390803 -0.00248197 0.00472319 -0.0104652 -0.0145186 0.00493855 0.00688915 0.00325252 0.0135452 0.00254229 -0.00988785 -0.0249909 -0.00516325 -0.0170431 -0.0041279 0.00924183 0.00348833 0.00361544 0.0176781 -0.0166462 0.00307741 0.00556855 -0.0115056 -0.0412401 -0.00155058
internal_weight=41870.1 38358.9 37331.3 37013.4 35941.2 1072.17 1050.7 30721.9 429.519 408.925 30292.4 14044.3 16248.1 1048.8 15199.3 1074.98 111.227 941.249 436.089 293.531 219.2 14124.4 14094.8 519.381 90.3789 13575.4 7918.58 513.378 128.766 384.611
internal_count=99238 94970 93804 93555 89631 3924 3831 81572 1450 1447 80122 33087 47035 1812 45223 3219 378 2615 1145 639 370 42004 41872 1090 269 40782 20658 1473 455 1018
is_linear=0
shrinkage=0.03


Tree=77
num_leaves=31
num_cat=0
split_feature=10 4 3 1 16 16 14 1 1 0 9 2 0 4 5 8 7 0 4 8 11 12 16 3 16 3 3 8 5 5
split_gain=178.175 124.437 118.741 190.865 226.443 168.662 164.96 145.561 153.525 165.04 248.111 165.674 163.021 143.798 143.906 196.826 134.816 132.59 181.588 190.177 165.945 158.506 176.886 153.568 153.298 135.511 129.825 148.421 144.182 145.81
threshold=4.9411512462865899 -24.227008588308614 2.2157568072429417 0.38158955467785255 -0.19543551859125072 0.32017715824307785 12.00597473935593 2.2198517106591824 2.4449412965763644 -0.49730636990654503 3.1288863125216273 4.8310589743113423 0.36266557031121832 11.440553834970858 -1.2001227183943863 2.5798120204654076 -0.51982294752765934 2.2759140680410219 13.07810249962691 1.8804741483585372 0.98472077993604945 1.414722926132278 2.2230543783193961 -9.6213871454188133 2.2891089220898917 1.8363854012789396 0.82140642119351581 2.3840929977726817 -8.0035876913319051 1.8787118363416335
decision_type=2 2 2 2 2 2 2 2 2 2 2 2 2 2 2 2 2 2 2 2 2 2 2 2 2 2 2 2 2 2
left_child=1 -1 3 5 7 -3 -7 26 -9 11 12 -10 -11 14 15 -8 -14 18 19 20 -6 22 25 -21 -25 -19 27 -5 -29 -30
right_child=-2 2 -4 4 17 6 13 8 9 10 -12 -13 16 -15 -16 -17 -18 21 -20 23 -22 -23 -24 24 -26 -27 -28 28 29 -31
leaf_value=0.02465224083753511 0.010993251954165889 0.0073420288238874604 0.0069949638526807904 -0.0010123179615039966 -0.02225158452523077 0.017491461411842761 -0.027945637594515637 0.026011146561825616 0.014756695616352173 -0.042512833462033196 -0.050965230541489416 -0.054420492285698049 -0.04089824091740954 -0.052682411421206977 0.0062876831605142803 -0.0023496253774983448 0.036386128982639626 -0.041941478888355962 -0.053339029913371694 -0.052776340743095555 0.012920071697239875 0.0056013813365247281 -0.00043980755689104084 0.013122729140159078 -0.031855480391559804 0.024338057252038553 -0.039510673526600752 0.027522777686341319 -0.0406333022344375 0.011627508245937054
leaf_weight=296.59550167620182 5733.4782104939222 10309.046632504091 16635.873784931377 491.42815715447068 324.95163328573108 383.52016071230173 355.74395419098437 163.33012701570988 313.86585796251893 52.325921669602394 145.2014632076025 34.592068374156952 25.540895156562328 52.655354604125023 988.19185462035239 1126.8344628438354 99.267064612358809 241.51589230820537 45.109251819550991 33.631695568561554 192.10709786601365 551.97065383940935 281.93945348262787 2291.6229447405785 70.290301959961653 31.368377335369587 186.84058257937431 40.868736676871777 291.86914528161287 57.516879260540009
leaf_count=236 7020 27931 36035 2152 2010 825 2396 328 618 302 660 148 167 241 2943 3058 142 1050 203 159 724 1021 600 5513 284 49 955 52 1299 117
internal_value=0.00608033 0.00530039 0.00514014 0.00353162 -0.000921767 0.00554237 -0.000839842 -0.00946343 -7.17799e-05 -0.00642266 -0.0218945 0.00788935 0.0019355 -0.00362591 -0.00258045 -0.00849138 0.0205705 0.00307669 0.00639126 0.00731634 -0.00918397 -0.00578092 -0.0171047 0.0108778 0.0117842 -0.0343226 -0.0167948 -0.0119811 -0.0257934 -0.03203
internal_weight=41849.1 36115.6 35819 19183.1 5967.15 13216 2906.95 1902.65 834.123 670.793 322.335 348.458 177.134 2523.43 2470.77 1482.58 124.808 4064.51 2957.71 2912.6 517.059 1106.79 554.824 2395.54 2361.91 272.884 1068.52 881.683 390.255 349.386
internal_count=99238 92218 91982 55947 18553 37394 9463 6940 2365 2037 1271 766 611 8638 8397 5454 309 11613 8893 8690 2734 2720 1699 5956 5797 1099 4575 3620 1468 1416
is_linear=0
shrinkage=0.03


Tree=78
num_leaves=31
num_cat=0
split_feature=5 4 8 7 5 17 1 4 4 15 6 16 12 15 7 16 15 6 15 12 1 1 2 13 7 6 18 12 17 17
split_gain=175.862 143.31 101.474 88.1012 148.551 148.918 211.434 157.674 121.359 112.5 117.778 108.5 110.947 193.878 154.392 184.981 144 166.538 184.184 170.707 155.183 148.597 140.987 171.412 186.293 126.941 134.754 124.827 123.248 122.258
threshold=15.18416787330853 -20.80294495528052 11.343058566326439 -0.042159205841119089 -4.4080994597168681 -13.625660871406259 -7.2765077015031867 -0.36059494943493914 -2.4861038479622786 0.96105965272177774 11.773438265181278 -5.5450480136505176 0.79494585778280358 0.11436592811913723 -0.43219467738520029 1.5826485273290158 0.73194622106679152 -1.5816052233953359 0.61344888051471436 0.45501486050214396 3.0020880840920032 5.5950898756987009 1.3422858427318276 0.59991989330085105 -0.19329298985687468 -11.59956706474185 51.528004796432327 0.75877902352130733 -34.580408721908505 -24.931673168198309
decision_type=2 2 2 2 2 2 2 2 2 2 2 2 2 2 2 2 2 2 2 2 2 2 2 2 2 2 2 2 2 2
left_child=1 -1 3 9 5 -5 -7 8 -8 10 11 -3 14 22 16 25 17 18 29 21 -21 -20 23 -14 -25 -16 -27 28 -19 -13
right_child=-2 2 -4 4 -6 6 7 -9 -10 -11 -12 12 13 -15 15 -17 -18 27 19 20 -22 -23 -24 24 -26 26 -28 -29 -30 -31
leaf_value=0.018372944420917983 0.015673755301040183 -0.062589992937371872 0.018303574348565547 0.022981660546165246 0.005664822521264266 -0.064156866725117445 -0.014685628169179728 -0.055922436071240526 0.037971947930040044 0.026828029946069809 -0.046246115192145991 0.0038230158004664196 0.039455585012745209 0.0067594953304365869 0.051813077778119693 0.023498758779728374 -0.0097587002696081573 -0.046412484866263773 -0.046683456368646493 0.02922284130877198 -0.048034955104686257 0.044501359065977943 0.016322808815730314 -0.035921010997805321 0.029913924846252712 -0.030871360351853859 -0.0051347343603613165 -0.04722950043519325 0.016822711845973438 -0.0090024193962931227
leaf_weight=765.12185146659613 1593.9383658617735 22.631130199879408 529.91951180994511 843.78466062247753 23747.473826989532 42.781496554613113 59.94744985178113 28.728768177330494 114.86939737200737 178.95018327981234 43.76781003177166 1348.9441002998501 37.963829524815083 7302.5189658496529 23.4304044470191 117.57272487320006 784.62848731502891 28.432907920330763 60.45237229578197 403.19246507436037 24.840888574719429 21.915484964847565 117.97880216687918 307.60994423180819 44.247896432876587 400.83695549331605 337.06232003681362 29.476315911859274 1138.2571007888764 1326.923887308687
leaf_count=787 1552 100 506 1042 53813 184 186 125 113 121 147 3777 34 18327 13 184 3248 148 386 840 128 8 218 1409 77 2194 1140 156 2631 5644
internal_value=0.0059006 0.00551342 0.00526414 0.00508669 0.00616191 0.0169907 -0.00353132 0.00921104 0.0199148 0.00319287 0.00288908 0.00304403 0.00315123 0.00551308 0.00010013 -0.0115238 0.00207733 0.00419644 0.00061321 0.0171284 0.0247392 -0.0224221 -0.0124112 -0.0211075 -0.0276419 -0.0169324 -0.0191152 0.0137412 0.0152816 -0.00253693
internal_weight=41828.2 40234.3 39469.1 38939.2 24837.6 1090.11 246.327 203.546 174.817 14101.6 13922.7 13878.9 13856.3 7810.32 6045.97 878.902 5167.06 4382.44 3186.27 510.401 428.033 82.3679 507.8 389.822 351.858 761.33 737.899 1196.17 1166.69 2675.87
internal_count=99238 97686 96899 96393 55463 1650 608 424 299 40930 40809 40662 40562 20065 20497 3531 16966 13718 10783 1362 968 394 1738 1520 1486 3347 3334 2935 2779 9421
is_linear=0
shrinkage=0.03


Tree=79
num_leaves=31
num_cat=0
split_feature=15 9 8 10 16 10 4 15 6 17 2 10 15 13 9 14 5 18 2 1 2 12 2 10 12 9 10 10 5 13
split_gain=169.486 148.277 113.654 115.064 98.2796 94.4556 136.882 125.748 125.299 167.674 167.079 147.812 176.573 149.436 140.244 228.036 154.91 141.625 136.136 143.399 146.592 183.082 134.246 134.007 138.613 130.39 127.745 114.027 113.925 130.964
threshold=0.96105965272177774 6.5277307888950622 0.84262705447784236 1.9503356915120407 5.9009304216386864 2.4154663029923915 13.522783747202595 0.92360119774682148 0.8061046374009323 -23.497598420981845 1.4275497619214208 1.8909504238607842 0.1932659060629571 0.88933839751419308 1.8360703781363956 68.201641648192762 2.1719839913986028 50.003040796176116 1.2552466019358335 -1.2455522857608423 -2.4238723220847134 1.5566321234599261 -1.4599116138681087 1.6660848679259332 0.67906302917787309 1.878342551960144 2.3758743229768049 2.1785401114849914 0.2755383536432095 1.3306487531864191
decision_type=2 2 2 2 2 2 2 2 2 2 2 2 2 2 2 2 2 2 2 2 2 2 2 2 2 2 2 2 2 2
left_child=1 2 3 -1 5 6 8 -7 9 18 14 13 -13 -10 15 17 27 28 19 20 21 -4 -22 24 -15 26 -14 -16 29 -11
right_child=-2 -3 4 -5 -6 7 -8 -9 11 10 -12 12 25 23 16 -17 -18 -19 -20 -21 22 -23 -24 -25 -26 -27 -28 -29 -30 -31
leaf_value=-0.036337342681407266 0.022742334013145408 0.012718245129245373 -0.03799662993240796 0.032570855567476673 0.017998128081544489 0.0055014480143086696 -0.041810962651507549 -0.011544023861365745 -0.013413451771133331 0.0033838208206795266 -0.037621028103011989 0.02035926714216078 -0.03209522780086909 0.044131668523803805 -0.036264334522481033 -0.033528351801197433 0.038238927323499192 -0.037775801617363929 0.02727364291728037 -0.019229625021798459 0.052233259984648624 0.028906073763291365 -0.011492948868907603 0.03493110088873666 -0.040312403731406043 0.001050303186237463 0.033330060765712564 -0.0082925666672710504 0.062929158578660938 0.070268990068436218
leaf_weight=24.25524715334177 520.29390747100115 2419.4565802663565 83.5146420057863 216.27037879452109 511.53277111053467 33289.501315644011 67.317442923784256 394.12932880222797 99.831739239394665 131.67025141231716 189.06189352460206 376.7118645645678 200.09123975783587 27.733898334205151 228.32088689878583 88.137657636776567 44.193450093269348 31.232699770480394 205.35986182466149 230.9387026540935 103.11293602362275 65.830896854400635 41.817078869789839 358.51091110706329 47.386262789368629 1367.667713843286 31.023921851068735 308.22998806834221 67.992372438311577 32.938084006309509
leaf_count=212 388 2686 626 266 484 73724 427 1121 645 764 1474 1057 1474 50 1985 1186 85 218 575 1581 220 166 229 719 289 4593 72 1814 70 38
internal_value=0.00572684 0.0055124 0.00506381 0.025622 0.00493578 0.00476046 0.000641597 0.005302 0.00129686 -0.00462109 -0.0119051 0.00566605 0.00188211 0.0196786 -0.00669249 0.00825019 -0.0157488 0.022207 0.00656334 -0.00153443 0.0123522 -0.00850619 0.0338462 0.0272971 -0.00913618 -0.00247155 -0.0233128 -0.0201955 0.0302612 0.0167675
internal_weight=41804.1 41283.8 38864.3 240.526 38623.8 38112.3 4428.63 33683.6 4361.31 1852.35 1121.78 2508.96 1975.49 533.463 932.715 351.971 580.744 263.833 730.574 525.214 294.276 149.346 144.93 433.631 75.1202 1598.78 231.115 536.551 232.601 164.608
internal_count=99238 98850 96164 478 95686 95202 20357 74845 19930 11031 7634 8899 7196 1703 6160 2276 3884 1090 3397 2822 1241 792 449 1058 339 6139 1546 3799 872 802
is_linear=0
shrinkage=0.03


Tree=80
num_leaves=31
num_cat=0
split_feature=5 6 10 3 3 1 16 16 14 0 1 14 0 12 1 8 10 2 14 1 10 11 10 0 13 13 18 10 11 9
split_gain=163.266 133.967 98.4709 147.146 97.702 173.569 202.529 181.741 170.1 141.637 212.225 183.361 133.217 133.099 201.323 129.217 120.936 167.779 150.75 145.285 151.611 144.867 132.505 117.554 116.498 151.35 117.635 115.485 114.867 113.997
threshold=15.18416787330853 -14.869054759517267 5.8959224165278892 17.450356741717822 2.2157568072429417 0.38158955467785255 0.32017715824307785 -0.19543551859125072 12.00597473935593 0.26871055906042829 -3.3599934085387022 673.37412294520857 -2.0451149062857543 0.37165945045402227 -0.26864953927163698 1.2347856593571167 4.6783965076585234 2.0003411480692517 171.03823324837069 1.1036623498636768 4.3109779796206533 1.2005429079931371 1.8224221939955305 0.22001167401274419 0.55491627407853705 0.69508414935533203 62.912347645388806 3.857604209549335 1.089124949113742 2.2709163592363688
decision_type=2 2 2 2 2 2 2 2 2 2 2 2 2 2 2 2 2 2 2 2 2 2 2 2 2 2 2 2 2 2
left_child=1 -1 4 -4 5 6 -3 16 -8 11 -11 13 -10 14 28 -12 18 -18 19 22 24 -19 -7 29 -21 -26 27 -27 -6 -15
right_child=-2 2 3 -5 9 7 8 -9 12 10 15 -13 -14 23 -16 -17 17 21 -20 20 -22 -23 -24 -25 25 26 -28 -29 -30 -31
leaf_value=0.013955926501968559 0.015036742452034398 0.0069678222140426623 0.013749349659574799 -0.042142159903149734 0.0075374882560320161 0.034228108836836871 0.016694670101329211 0.0024969903119692835 -0.039012879242714113 -0.045142328068380776 0.029804245390548659 -0.046528024974597265 -0.0033555863143459614 -0.0061778478957810511 -0.034718931839662945 0.0082380786174784948 0.021403671990405888 -0.069209856726222707 -0.034486541306599533 0.026692133185376214 -0.059524421279730094 0.024241773559714335 -0.02883251776495771 -0.028717323576098394 -0.045571857651744208 -0.000994143858576576 0.027181507298621062 -0.04005368290064467 -0.056018221436297436 0.0065299865662687816
leaf_weight=1509.3035543300211 1574.0241886675358 10509.875399798155 1528.5943488329649 43.60284723341465 336.80782723426819 32.683797525241971 383.83543705195189 4285.9503401983529 98.048437606543303 66.113454051315784 256.50656484253705 66.858296744525433 2465.639934759587 715.76900553889573 200.50148554891348 9924.6503600664437 229.18762855231762 39.332989379763603 221.91191212832928 126.37889783829451 40.463085696101189 24.062366977334023 363.69931831583381 93.867243018001318 72.672443978488445 689.41576222330332 119.24156786501408 75.596678793430328 27.698234438896179 5652.3783174157143
leaf_count=1965 1552 28033 1664 126 750 128 820 11968 469 242 467 251 8270 2951 877 19448 248 162 1153 247 164 21 1827 367 395 2336 190 269 125 11753
internal_value=0.00555859 0.00518749 0.00484544 0.0121993 0.00453396 0.00309277 0.00501881 -0.00100802 -0.00193071 0.00617768 0.00843352 0.00291907 -0.0047193 0.00338953 -0.0105735 0.00878142 -0.00839127 0.00945558 -0.0113887 -0.00801686 -0.00250868 -0.0337393 -0.0236328 0.00461039 -0.000379057 -0.00395428 -0.00053394 -0.00485391 0.00270799 0.00510165
internal_weight=41774.7 40200.6 38691.3 1572.2 37119.1 19778 13457.4 6320.6 2947.52 17341.2 10247.3 7093.88 2563.69 7027.02 565.008 10181.2 2034.65 292.583 1742.06 1520.15 1123.77 63.3954 396.383 6462.01 1083.31 956.926 884.254 765.012 364.506 6368.15
internal_count=99238 97686 95721 1790 93931 56700 37592 19108 9559 37231 20157 17074 8739 16823 1752 19915 7140 431 6709 5556 3601 183 1955 15071 3437 3190 2795 2605 875 14704
is_linear=0
shrinkage=0.03


Tree=81
num_leaves=31
num_cat=0
split_feature=15 9 8 16 8 16 14 14 13 13 9 15 5 12 13 4 3 5 13 3 14 9 13 15 13 13 12 9 17 4
split_gain=161.259 136.584 106.77 92.2715 86.341 162.93 78.7827 166.644 155.425 198.362 124.406 120.477 116.879 111.322 249.502 151.628 201.487 262.124 177.297 163.521 150.152 190.818 148.926 164.627 176.929 148.311 193.95 139.312 135.02 131.197
threshold=0.96105965272177774 6.5277307888950622 0.84262705447784236 5.9009304216386864 3.343300372078454 -0.26273106573540522 77.468190426955729 81.378913305581989 0.49951490406489479 1.8527313809540191 1.6761926735397792 0.11928498282898224 -6.1344443028957327 0.83849228855170643 0.92008960369794546 4.640617313181151 -1.039388343627373 -1.2001227183943863 1.4928941593221172 4.4255896274677751 94.08621075707994 5.1389029845888858 0.57121077029884215 0.81818449792908865 0.61372853199389599 1.2422980703683673 0.89464987150721753 3.1657064837765945 -20.278877044621989 26.529317525086388
decision_type=2 2 2 2 2 2 2 2 2 2 2 2 2 2 2 2 2 2 2 2 2 2 2 2 2 2 2 2 2 2
left_child=1 2 -1 6 5 -3 -4 8 -8 12 11 -9 -10 22 -15 16 17 -16 20 -20 28 29 -12 24 -24 26 -18 -27 -17 -22
right_child=-2 4 3 -5 -6 -7 7 10 9 -11 13 -13 -14 14 15 18 25 -19 19 -21 21 -23 23 -25 -26 27 -28 -29 -30 -31
leaf_value=0.024780814392905932 0.022126064481057202 -0.068318482546860404 0.0057983148380392766 0.017364800712372105 0.013345682446800075 0.011868831104206608 0.028035805882332808 0.034001125893882933 0.0085986326897196236 0.03479410487004541 0.008037724381755226 -0.028791677970519042 -0.035223885822166796 0.013713334890158994 0.002384105365507773 -0.052602846306651796 -0.045415821362846248 -0.048569973767248233 -0.037365935725195552 0.010383690481425329 -0.015752480932542962 0.0097899207706635561 -0.02139702021939471 -0.016384795328851398 0.0017960474647719835 -0.022251627875459208 0.022829885008347664 0.010157754876738135 0.019025706712701002 -0.079466983471269667
leaf_weight=238.2300082873553 512.11620263010263 34.139740809798241 19500.119849678129 505.75718261301517 2292.7691819369793 68.688724353909492 68.891255389899015 32.434745917096734 65.992979494854808 51.671577386558056 2291.5017796326429 180.73385875485837 322.2350816950202 2744.1863563507795 1474.3558069653809 26.186037361621857 38.796358358114958 96.831600438803434 68.990388438105583 1002.2076585516334 1149.353548463434 290.22052104771137 312.07467274740338 560.86489907093346 5755.4578592702746 154.20256924256682 1103.334488812834 528.42410273849964 247.94912491738796 29.841675400733948
leaf_count=478 388 145 45189 484 2447 94 103 132 131 48 5172 2039 1619 5697 4108 114 204 501 261 1645 3517 373 1216 2360 16649 652 1960 963 417 132
internal_value=0.00539518 0.00518739 0.00475861 0.00463504 0.0121395 -0.0147539 0.00446605 0.00306906 -0.0138635 -0.0204252 0.00354535 -0.0192374 -0.0277747 0.00381705 0.00617993 0.00285131 0.00711887 -0.000756172 -0.00229743 0.00730838 -0.00819902 -0.0120016 0.00144491 -0.000834297 0.000603146 0.0138996 0.0205117 0.00283661 0.0121836 -0.0173649
internal_weight=41748.6 41236.4 38840.8 38602.6 2395.6 102.828 38096.9 18596.7 508.791 439.9 18087.9 213.169 388.228 17874.8 8954.88 6210.69 3395.94 1571.19 2814.75 1071.2 1743.55 1469.42 8919.9 6628.4 6067.53 1824.76 1142.13 682.627 274.135 1179.2
internal_count=99238 98850 96164 95686 2686 239 95202 50013 1901 1798 48112 2171 1750 45941 20544 14847 8388 4609 6459 1906 4553 4022 25397 20225 17865 3779 2164 1615 531 3649
is_linear=0
shrinkage=0.03


Tree=82
num_leaves=31
num_cat=0
split_feature=0 1 12 16 13 12 2 14 0 1 12 16 3 13 5 2 7 11 16 14 17 8 11 12 11 0 0 17 17 7
split_gain=151.455 126.302 98.3609 128.983 100.738 95.4348 90.3314 148.005 87.9963 219.943 302.981 171.436 157.981 150.79 145.23 151.79 149.207 205.626 138.09 130.835 130.018 125.426 145.151 118.63 117.838 116.272 107.035 139.068 134.53 104.926
threshold=4.1019210902327474 -8.94460775392856 2.3609870119639909 3.5854798046640979 2.5722071872601218 0.51124931236813975 20.953804024279613 895.71428059773575 -1.2320624040317156 -4.926647245238307 1.2854592894092109 -0.36688908640818069 -4.9683186220970219 1.4441311740617555 -5.5946021702124922 -6.8367819282773681 0.062153758788785492 1.0291303700508412 0.26381973223619859 253.84901887866673 -20.278877044621989 6.7218986316386982 0.95190442535133812 0.99749940351451472 1.64148072040179 -4.9320255012881757 -2.7951631102837933 -5.0255016361987996 -16.651249492972592 0.16581863960083434
decision_type=2 2 2 2 2 2 2 2 2 2 2 2 2 2 2 2 2 2 2 2 2 2 2 2 2 2 2 2 2 2
left_child=1 -1 4 -4 6 -2 8 -8 9 10 13 -11 20 18 15 -13 24 19 -3 23 -12 -10 -23 26 -16 -15 -18 28 -28 -19
right_child=5 2 3 -5 -6 -7 7 -9 21 11 12 14 -14 25 16 -17 17 29 -20 -21 -22 22 -24 -25 -26 -27 27 -29 -30 -31
leaf_value=0.015249252111388334 0.02993434862712362 0.01879655410698006 0.011776593872111709 -0.039047623925174545 0.019214606976810638 0.0098999986023054851 -0.10459538688661926 0.014521865414081073 0.004989604475333885 0.00059765389546598193 -0.038047947027155686 -0.054995554034427553 -0.058585257933768453 0.024771741676561949 -0.045431892566314101 0.019657300462045307 0.042260020123454207 0.040749212564282322 -0.030341560085826266 -0.058658489676844651 0.010426889567443401 -0.080986875384575066 -0.0077220968831280884 -0.049926400570454492 0.052895074009504224 -0.060724548556467965 0.0087276638311803434 0.031579043026114639 -0.050997714165465856 -0.046733495432327847
leaf_weight=992.96041405946016 228.98116266727448 1493.6487612277269 2077.9023506604135 45.933358684182167 388.79921536147594 3269.1625610142946 18.039771288633347 19.574655041098595 26062.782379575074 5439.4383643958718 75.213360302150249 28.50097893923521 66.710022509098053 22.181730464100838 206.85388272255659 175.17481973022223 80.411124333739281 13.487919658422468 53.308598585426807 29.767931446433067 147.37137969955802 26.435219958424568 306.67047430574894 30.053502216935158 11.583674743771551 40.371809720993042 79.707589939236641 87.535999923944473 59.116471670567989 144.85475707426667
leaf_count=1148 123 2128 3349 153 441 4123 89 19 69224 13176 279 131 296 19 1160 348 49 18 214 140 272 115 606 149 6 182 190 159 275 657
internal_value=0.00523653 0.00468973 0.00440811 0.0106774 0.00402885 0.0112114 0.00385879 -0.0426064 0.00390919 0.00121194 0.0101762 -0.00145328 -0.0180899 0.0152567 -0.0132329 0.0092109 -0.0193823 -0.0107122 0.0171032 0.00162777 -0.00595319 0.00475581 -0.0135364 0.00695576 -0.0402176 -0.0304072 0.0125283 0.0019666 -0.0167056 -0.0392816
internal_weight=41722.5 38224.4 37231.4 2123.84 35107.6 3498.14 34718.8 37.6144 34681.2 8285.29 1898.81 6386.49 289.295 1609.51 947.049 203.676 743.373 524.935 1546.96 366.593 222.585 26395.9 333.106 336.825 218.438 62.5535 306.771 226.36 138.824 158.343
internal_count=99238 94992 93844 3502 90342 4246 89901 108 89793 19848 3390 16458 847 2543 3282 479 2803 1637 2342 962 551 69945 721 822 1166 201 673 624 465 675
is_linear=0
shrinkage=0.03


Tree=83
num_leaves=31
num_cat=0
split_feature=5 17 13 9 9 17 12 12 5 0 13 0 5 11 1 8 14 7 0 5 7 7 5 0 13 4 11 11 17 11
split_gain=150.035 134.361 118.797 90.5005 154.002 114.23 112.549 157.779 124.599 103.374 110.912 143.944 90.2099 97.6246 168.439 89.2369 87.2281 87.0952 79.8408 79.7 136.061 154.154 124.616 112.439 103.86 79.5216 79.442 81.9311 105.809 78.9603
threshold=15.18416787330853 -44.058325472366484 0.76687353846670292 1.7321174501770211 1.558307653488221 -27.727723695970777 0.44308313216911765 0.71027779848080608 0.87244872546158747 -0.23671512015005883 0.86564498523066324 -0.58081237536391395 -2.7450643815560891 0.5979509328934618 4.8382553901968786 0.84262705447784236 75.864704375712293 0.79578208244627258 2.974540098839149 1.5410334655337106 -2.4450087679492523 -1.7089107693466719 -0.09884902034460756 -0.69885194591322752 1.4928941593221172 -10.808229956722331 1.1071948301591732 0.69799139285430811 -49.07469848051128 0.542834091525915
decision_type=2 2 2 2 2 2 2 2 2 2 2 2 2 2 2 2 2 2 2 2 2 2 2 2 2 2 2 2 2 2
left_child=1 2 12 4 5 -3 -7 17 16 10 29 -12 -1 -14 25 -5 -9 -8 -11 20 26 -22 23 24 -23 -15 27 -4 -29 -6
right_child=-2 3 19 15 9 6 7 8 -10 18 11 -13 13 14 -16 -17 -18 -19 -20 -21 21 22 -24 -25 -26 -27 -28 28 -30 -31
leaf_value=0.010650547558822162 0.014244695575692749 -0.037684759494412502 0.037330627966533726 0.030525344262666367 0.038416963601175615 -0.035344412180533857 0.012185833262540068 0.023914814569295218 -0.037713607676949673 -0.036766909073368437 -0.035841181231152687 0.044377580577882554 0.024006990664926123 0.018470412832773949 0.02247394671905446 0.0044752238060826281 -0.033907821630652819 0.047491035801124182 0.044511372431057177 0.024640456483994086 -0.057454766696249486 -0.056247135449299025 -0.05816414698544331 0.022599596882882808 0.024084559715715385 -0.056080404548535058 0.024843631945808336 0.0075447586513579532 -0.043649609197016256 -0.036429554964128183
leaf_weight=244.41818565130234 1548.4968571066856 49.907992267981172 53.036285370588303 118.72969245165586 14.972057238221167 45.087560040876269 122.51198833994567 108.92028994858265 69.676437087357044 209.81919652130455 28.731383975595236 67.260925766080618 42.327742278575897 14.785069718956946 44.210866138339043 36982.480993103236 29.933024324476719 129.21352024003863 11.471950747072695 594.86680881679058 44.806004762649536 37.17100265622139 26.965317875146866 169.00126519054174 23.733459502458572 99.79421766102314 489.49984654784203 153.28767914324999 47.623025014996529 83.063258437439799
leaf_count=419 1552 434 29 150 32 497 652 375 523 1873 259 155 57 21 40 88295 384 220 7 540 198 167 118 242 23 454 375 228 167 752
internal_value=0.0050815 0.00472816 0.0121425 0.00432202 -0.00472126 0.00561391 0.00989011 0.0143214 -0.00497725 -0.0185386 -0.00255462 0.0203674 -0.00159464 -0.0164762 -0.0272676 0.00455859 0.0114498 0.0303084 -0.0325534 0.0158744 0.0108849 -0.00610761 0.00284887 0.010005 -0.0249432 -0.0464605 0.0177802 0.00416492 -0.00459014 -0.0249989
internal_weight=41705.8 40157.3 2085.53 38071.8 970.57 555.251 505.343 460.255 208.53 415.319 194.028 95.9923 445.536 201.118 158.79 37101.2 138.853 251.726 221.291 1639.99 1045.12 301.677 256.871 229.906 60.9045 114.579 743.447 253.947 200.911 98.0353
internal_count=99238 97686 3078 94608 6163 3085 2651 2154 1282 3078 1198 414 991 572 515 88445 759 872 1880 2087 1547 748 550 432 190 475 799 424 395 784
is_linear=0
shrinkage=0.03


Tree=84
num_leaves=31
num_cat=0
split_feature=15 5 1 18 5 16 15 10 7 15 3 7 6 14 3 18 3 10 11 14 13 11 8 10 9 9 8 15 4 6
split_gain=149.73 128.057 118.251 109.93 126.816 135.04 93.0668 88.7326 113.717 82.3077 79.0126 78.2791 106.072 215.262 177.304 158.179 153.783 134.091 167.727 165.1 150.165 133.411 132.729 128.38 140.012 123.428 116.695 109.056 202.047 140.243
threshold=0.96105965272177774 8.799553854255846 -8.94460775392856 71.001212591807658 4.2440775220225273 0.66603548772941246 0.093747466800181214 3.3289643620784046 -2.4450087679492523 0.91006984618606712 8.5546306309885924 -4.8809356010233165 1.2201493529668368 359.55370914363669 10.678780832318049 61.036907123942406 -5.8121883342663319 2.1041635684526248 1.0979839830588694 50.673555072315452 0.45814692093838566 0.99352067137503697 3.2204595932373152 1.8698121382444639 1.7321174501770211 2.2504070759396351 0.84262705447784236 0.88178596766246986 -0.54646586306152922 -1.1081723295172046
decision_type=2 2 2 2 2 2 2 2 2 2 2 2 2 2 2 2 2 2 2 2 2 2 2 2 2 2 2 2 2 2
left_child=1 2 7 11 10 6 -6 8 -1 -7 -5 -4 13 14 15 17 -15 18 19 21 -20 -13 -18 24 -14 -21 -19 -28 29 -29
right_child=-2 -3 3 4 5 9 -8 -9 -10 -11 -12 12 23 16 -16 -17 22 26 20 25 -22 -23 -24 -25 -26 -27 27 28 -30 -31
leaf_value=0.014973642585635622 0.02124614996856088 0.009252396726987442 0.013512817322240255 -0.044359525032674305 -0.054886606191490099 -0.046316444547773415 0.0040190228201351192 0.017422607596480715 -0.050290539499035003 0.030153062921084665 0.036440341789408491 -0.002204624760280082 -0.0036554251952139092 -0.05591277101210268 -0.045304273135708735 -0.049758505196824621 -0.035801212132677132 0.04133761046212793 0.082185425825978736 -0.021990227416275727 -0.03741789800997717 0.035384901630867709 0.0069710417575323206 0.0050310720023653624 0.032905975260760542 0.086156548896000551 0.0040354037892805991 -0.011645027874213728 -0.048790247405959018 0.027711545917509222
leaf_weight=56.860022336244583 500.21718750149012 4963.6147563755512 779.14136559888721 102.21443989500403 24.947749380022287 85.156840886920691 744.86299915239215 880.11418490111828 41.613153025507927 14.881776124238966 12.191404014825819 214.87596463784575 137.21562532708049 85.959668459370732 69.242449201643467 51.325667902827263 107.85803527571261 73.790518444031477 9.9141802713274938 269.09577355161309 200.78662278130651 140.56683142483234 165.46682590991259 17959.138142360374 301.17948105558753 9.8454187363386136 13172.944678841159 297.67291966639459 98.156144328415394 112.20275413803756
leaf_count=85 388 6847 1031 618 121 491 2052 876 190 25 10 1104 757 436 263 244 659 98 4 2658 1638 384 350 39737 559 8 35821 1077 509 198
internal_value=0.00493164 0.00473348 0.00411419 0.00382854 -0.00605639 -0.00215107 0.00211003 0.0144009 -0.0126059 -0.0349408 -0.0357493 0.00411255 0.00389377 0.00202856 0.00258853 0.00281487 -0.0209144 0.00299969 -0.0085994 -0.000896945 -0.0317902 0.0126609 -0.00990752 0.00542262 0.0214624 -0.0181731 0.00371234 0.0035094 -0.0101296 -0.000871234
internal_weight=41683.1 41182.8 36219.2 35240.6 984.255 869.849 769.811 978.587 98.4732 100.039 114.406 34256.4 33477.2 15079.7 14720.4 14651.2 359.285 14599.9 845.085 634.384 210.701 355.443 273.325 18397.5 438.395 278.941 13754.8 13681 508.032 409.876
internal_count=99238 98850 92003 90852 3317 2689 2173 1151 275 516 628 87535 86504 45451 44006 43743 1445 43499 5796 4154 1642 1488 1009 41053 1316 2666 37703 37605 1784 1275
is_linear=0
shrinkage=0.03


Tree=85
num_leaves=31
num_cat=0
split_feature=15 9 0 8 10 8 16 14 14 13 13 11 15 16 9 15 0 10 14 18 18 18 11 10 1 3 8 18 14 0
split_gain=143.294 122.299 110.905 92.6293 103.561 80.6372 152.354 77.3253 154.273 146.105 186.17 122.458 153.794 112.105 109.787 113.722 105.224 163.933 94.6544 106.127 157.833 132.711 130.649 120.785 166.396 109.82 100.208 153.968 148.817 146.896
threshold=0.96105965272177774 6.5277307888950622 7.3776006052357053 0.84262705447784236 1.9503356915120407 3.343300372078454 -0.26273106573540522 77.468190426955729 81.378913305581989 0.49951490406489479 1.8527313809540191 0.66322991322388536 0.80402022380278282 -2.0949169381335211 1.6761926735397792 0.11928498282898224 6.4254045090824299 3.5625961157961763 71.984479744338401 51.282727899993553 56.107950183115769 48.104305393207049 0.84362159633815648 2.9441071488931598 3.7743373050559863 -0.17293851774485833 1.6222293304683604 42.983332087270142 42.237802824713022 0.20446606013096422
decision_type=2 2 2 2 2 2 2 2 2 2 2 2 2 2 2 2 2 2 2 2 2 2 2 2 2 2 2 2 2 2
left_child=1 2 3 4 -1 6 -3 11 9 -9 13 12 -5 -11 15 -10 -16 -18 26 21 25 23 -22 24 -20 -21 27 -13 -29 -30
right_child=-2 5 -4 7 -6 -7 -8 8 14 10 -12 18 -14 -15 16 -17 17 -19 19 20 22 -23 -24 -25 -26 -27 -28 28 29 -31
leaf_value=-0.036337103513291773 0.020833453312815844 -0.066433496869847578 0.018250868047845925 0.017311430329252388 0.029482554492448333 0.012413914759908041 0.011126345203018971 0.026778583706079301 0.032615188500372934 0.0083444120864472476 0.033300704795779859 -0.030879352025912701 -0.053838660285619282 -0.034770131085728975 0.0033558961918817398 -0.028444890873831744 0.0027096781259825448 -0.093587051557566164 -0.039156370349955484 -0.0049158479018867217 -0.050180779093663176 -0.048414262971043551 0.012608306543236268 0.018086350090898942 0.052606477896225558 0.043546318437114463 0.0047183517638862832 0.0074833252171063744 -0.04103828571403878 0.0016371733661900551
leaf_weight=23.954317869618535 494.90359740704298 34.241622254252434 498.45048621296883 988.95233669131994 211.21635342389345 2253.5413554310799 68.18091756105423 68.795741517096758 32.604127075523138 65.400526322424412 51.501299776136875 168.69846597872674 28.119543414562941 319.13078466802835 17756.55063566938 173.72134375292808 41.476127237081528 25.812307000160217 84.806200202554464 50.006903611123562 32.368526980280876 44.064620170742273 379.54051484912634 252.27780763059855 22.504427224397659 265.62653680890799 16210.778456727043 713.0075935088098 134.07235576212406 158.30910851433873
leaf_count=212 388 145 452 1657 266 2447 94 103 132 130 48 1347 135 1618 45741 2039 63 120 635 141 164 229 720 401 19 260 35816 2265 854 597
internal_value=0.004787 0.00459404 0.00419108 0.00400812 0.0227782 0.0112307 -0.0148032 0.00389216 0.00250416 -0.0138526 -0.0202633 0.00520924 0.0153443 -0.0274373 0.00296213 -0.018796 0.003214 -0.0342304 0.00465253 0.0130613 0.0199058 0.000724891 0.00767423 0.00674649 -0.0199125 0.0358683 0.00410539 -0.0043579 9.22504e-05 -0.0179318
internal_weight=41652.6 41157.7 38801.7 38303.3 235.171 2355.96 102.423 38068.1 18535 504.828 436.033 19533.1 1017.07 384.531 18030.2 206.325 17823.8 67.2884 18516.1 1131.2 727.542 403.653 411.909 359.588 107.311 315.633 17384.9 1174.09 1005.39 292.381
internal_count=99238 98850 96164 95712 478 2686 239 95234 49994 1899 1796 45240 1792 1748 48095 2171 45924 183 43448 2569 1285 1284 884 1055 654 401 40879 5063 3716 1451
is_linear=0
shrinkage=0.03


Tree=86
num_leaves=31
num_cat=0
split_feature=10 16 0 16 1 5 12 17 14 5 13 14 12 17 17 12 10 17 16 12 14 9 6 17 9 18 5 0 14 12
split_gain=138.377 103.138 153.695 184.612 145.102 192.045 159.013 140.32 148.821 132.469 130.128 134.301 163.413 133.819 130.268 124.656 159.427 129.423 123.532 120.379 163.313 177.598 164.704 132.983 119.168 118.936 161.116 118.453 111.624 110.905
threshold=4.9411512462865899 -2.2429226499946959 -1.1836153883925917 -0.32654775544817544 -3.2324619597131061 5.9942864035632839 1.9707273494138071 -5.3265539903322843 26.71745208254395 -5.5946021702124922 0.89594310318605352 186.05297791149235 0.92726135714451496 -22.463521665175591 -37.345984536951953 1.3475714891295685 3.2986816106133201 -1.1282563914635717 -2.0949169381335211 0.19751567635144465 72.671675991875006 2.2607134865494731 3.1165219545874003 -7.7457644850820104 3.2759460508983147 63.631661918999392 2.0754432920316597 -1.9198777191397467 36.463497932976402 1.7716225271966579
decision_type=2 2 2 2 2 2 2 2 2 2 2 2 2 2 2 2 2 2 2 2 2 2 2 2 2 2 2 2 2 2
left_child=1 15 3 4 7 6 25 10 -9 27 11 -3 -13 14 -12 17 29 -1 -4 -11 -21 22 -22 24 -23 -6 28 -5 -27 -17
right_child=-2 2 18 9 5 -7 -8 8 -10 19 13 12 -14 -15 -16 16 -18 -19 -20 20 21 23 -24 -25 -26 26 -28 -29 -30 -31
leaf_value=0.014009389155411292 0.0090491870983165409 0.021446306653645927 -0.033465091186757251 -0.013377797898869179 -0.0053728989810614388 0.014950611374223873 0.021358245655711709 0.030657431738441151 -0.051711335537603376 0.046967816826088582 0.0047923489611549413 -0.051804730981597998 0.028354245395907005 0.009654836179285628 -0.037790418030848774 -0.047774039741785804 0.0091664803236076661 -0.050324051253250637 0.0045257835849597406 -0.038028782061357187 -0.036712144318770908 -0.032257134254367471 0.055938536041642103 -0.047921091314305879 0.0089951429274828208 0.034769540034741364 -0.039689732341364463 0.022077348136484383 -0.025129172043276506 -0.0069802581060207777
leaf_weight=2133.4961659871042 5565.970239430666 848.28751260042191 77.249994099140167 176.3712596539408 1829.4865563418716 465.45138885080814 174.96133504807949 28.027293160557747 66.777666561305523 24.261660769581795 129.24460067600012 52.039650019258261 40.860812345519662 550.092459756881 129.38243142142892 78.861472558230162 608.23651863634586 28.519783806055784 27118.813577876426 300.92212587594986 24.123773775994778 104.46993601322174 60.766098167747259 100.58828470483422 158.86226243525743 55.34070598334074 221.38901782408357 163.35454290546477 56.677224539220333 250.51403901353478
leaf_count=3750 7020 1354 333 541 5593 718 299 32 300 20 234 235 55 1135 510 383 846 153 70447 1339 218 519 76 498 350 65 948 319 241 707
internal_value=0.00464656 0.00396696 0.00347491 -0.000975994 0.00165263 -0.00264721 -0.00615082 0.00818687 -0.0273606 -0.0119464 0.0101127 0.0176961 -0.0165481 0.00128725 -0.0165104 0.00919883 6.31437e-05 0.0131607 0.00441787 -0.018801 -0.0209293 -0.00946431 0.0296093 -0.0185788 -0.00737058 -0.00837609 -0.0248554 0.00367054 0.00446285 -0.0167474
internal_weight=41623.4 36057.4 32957.8 5761.74 4648.02 2803.31 2337.85 1844.71 94.805 1113.72 1749.91 941.188 92.9005 808.719 258.627 3099.63 937.612 2162.02 27196.1 773.994 749.732 448.81 84.8899 363.92 263.332 2162.89 333.407 339.726 112.018 329.376
internal_count=99238 92218 86379 15599 11719 7864 7146 3855 332 3880 3523 1644 290 1879 744 5839 1936 3903 70780 3020 3000 1661 294 1367 869 6847 1254 860 306 1090
is_linear=0
shrinkage=0.03


Tree=87
num_leaves=31
num_cat=0
split_feature=2 1 17 3 3 10 13 13 4 10 7 3 0 17 16 16 0 1 0 17 17 2 5 5 5 3 16 10 10 1
split_gain=134.407 106.44 98.1972 118.083 108.693 100.135 187.861 158.415 138.871 107.86 92.7293 107.479 124.518 194.26 238.978 166.446 113.697 218.051 158.037 117.067 128.744 153.822 148.056 148.043 147.052 122.946 138.591 149.724 130.451 137.589
threshold=9.7444500916364483 -8.94460775392856 -1.5493937468263295 18.653788412539608 3.3734246609842371 3.349753327375848 1.215892879475627 1.2093874630874053 5.1573149206103244 1.8224221939955305 -4.8809356010233165 2.2157568072429417 2.3782319642382039 -31.943064507510094 0.61588187304159359 3.1131644938638594 0.26871055906042829 -4.2526462144461528 0.22001167401274419 -45.432431373365922 -6.3275135911383424 7.4672736909025659 5.520016066749232 1.7841512904593879 10.048445791125017 3.8876122816337348 -0.30082626912369542 3.0486207121232121 4.5047971623409202 -0.53187833615245805
decision_type=2 2 2 2 2 2 2 2 2 2 2 2 2 2 2 2 2 2 2 2 2 2 2 2 2 2 2 2 2 2
left_child=1 -1 10 4 -4 6 7 9 -7 -6 -3 12 15 -14 -15 -12 18 -18 -13 -19 21 25 -23 -22 -24 26 -21 -28 -27 -30
right_child=-2 2 3 -5 5 8 -8 -9 -10 -11 11 16 13 14 -16 -17 17 19 -20 20 23 22 24 -25 -26 28 27 -29 29 -31
leaf_value=0.013741628808079559 0.010246916589517539 0.014137451079182718 -0.030429339454848076 -0.074322120618131871 0.057083183428187058 0.047864278412981298 -0.04233226267380355 0.083528807785083953 0.0024864375328154703 -0.0092934301611496371 0.0032173941429780402 0.0031985326234699072 0.011442932199032573 -0.055928417521531562 -0.0075425705824386851 -0.052503799225494634 -0.073171331408815668 0.025903160999677991 -0.037830600441114477 0.031934302332355488 -0.04754999857917671 -0.048533076412520977 0.0030119462240002187 0.013198504265185859 -0.053734591778228175 6.9670726992916905e-05 -0.0037341455270472924 0.017387021441650434 -0.020065731553315536 0.019326392406572787
leaf_weight=983.99334487318993 3376.441666956991 795.92646532505751 121.6483794413507 21.785573914647102 23.945724181830883 70.97039957344532 121.87456480041146 19.845546394586563 419.30030390620232 275.82146582379937 18311.254275820218 6361.8641668409109 459.22938008606434 99.562501560896635 1188.6760383825749 48.375036466866732 29.76065843552351 322.74798701703548 85.629544779658318 291.23861771821976 36.546732775866985 81.418677367269993 334.24598459154367 2982.1722005866468 46.861582539975643 2702.2581418901682 502.10121399722993 758.18958523124456 91.250328525900841 635.98200599849224
leaf_count=1166 4268 1019 822 95 43 40 724 11 801 1400 52539 14500 689 461 2876 231 132 293 364 429 183 315 613 4945 169 6555 1635 1074 208 638
internal_value=0.00450943 0.00400263 0.0037453 -0.00518912 -0.00375937 -0.0002774 -0.0106413 0.00144314 0.00905522 -0.0039912 0.00401092 0.00378304 0.00234223 -0.00531003 -0.0112821 0.00307058 0.00568121 0.00789571 0.00265362 0.00817033 0.00749401 0.00473843 -0.0118109 0.012463 -0.0039657 0.00627517 0.0132825 0.00897233 0.00310498 0.0143836
internal_weight=41600.9 38224.5 37240.5 1075.19 1053.41 931.758 441.487 319.613 490.271 299.767 36165.3 35369.4 20107.1 1747.47 1288.24 18359.6 15262.3 8814.77 6447.49 8785.01 8462.27 5443.55 462.526 3018.72 381.108 4981.02 1551.53 1260.29 3429.49 727.232
internal_count=99238 94970 93804 3936 3841 3019 2178 1454 841 1443 89868 88849 56796 4026 3337 52770 32053 17189 14864 17057 16764 11636 1097 5128 782 10539 3138 2709 7401 846
is_linear=0
shrinkage=0.03


Tree=88
num_leaves=31
num_cat=0
split_feature=15 5 1 18 2 2 1 4 16 16 18 10 17 2 16 1 15 17 2 0 9 17 5 17 18 13 3 3 18 17
split_gain=135.61 112.94 103.686 101.053 204.936 134.348 149.055 101.473 102.762 99.8756 85.4497 83.7116 170.301 80.6841 135.838 108.217 77.5484 130.133 74.9257 132.024 111.777 72.6364 365.313 172.983 123.011 165.857 103.828 144.189 213.582 147.379
threshold=0.96105965272177774 8.799553854255846 -8.94460775392856 71.001212591807658 -0.12185400576666393 5.4018861917613634 5.4471744440510852 9.4535259365458391 0.39018037417124135 -2.2429226499946959 76.253793381703062 3.3289643620784046 -41.158969618475048 2.2423204259365286 -0.063719049528781393 -2.4327779113175567 0.92360119774682148 -5.8074708558801982 -9.2163532094866465 -3.8524770464041218 4.5323427526194964 -2.0632505047762471 6.5252555217919284 -1.8624261468965944 64.736415736516747 0.92008960369794546 2.2157568072429417 2.0251324150407539 42.483385019552834 -2.3662315109913625
decision_type=2 2 2 2 2 2 2 2 2 2 2 2 2 2 2 2 2 2 2 2 2 2 2 2 2 2 2 2 2 2
left_child=1 2 11 21 -5 7 -7 9 13 -6 -10 12 -1 14 15 -9 -3 -18 -13 -20 -21 26 23 -23 25 -25 27 -4 -29 -30
right_child=-2 16 3 4 5 6 -8 8 10 -11 -12 18 -14 -15 -16 -17 17 -19 19 20 -22 22 -24 24 -26 -27 -28 28 29 -31
leaf_value=0.028787275109923127 0.020138594445170792 0.0089424164375126285 0.0028281107802749323 -0.052316317658117825 0.023816020154218628 -0.048682772922840893 0.0066934707669049189 0.026041713118390868 -0.046140654299359984 -0.041130214536020421 0.013044208314020212 0.020108443593249127 -0.050543470513582198 0.021073956846468025 0.030373233599481582 -0.047032059695493275 0.005100983363163376 -0.077590909472723721 0.015207401416154037 0.015305823781382162 -0.087782638772138502 -0.034981552582724201 -0.053836522045376256 0.010384045503540086 0.016904008824358857 -0.04564118288481616 0.0059716161986692849 0.035685495754648529 -0.038358097114180138 0.038884557517240695
leaf_weight=46.24368953704834 485.54904061555862 4832.326858766377 20343.443683453836 79.53224415704608 29.395095489919186 103.64657960832119 75.69507148116827 24.894227266311646 52.092766895890236 77.483976274728775 37.948677390813828 728.98904436826706 51.451153554022312 370.31750562414527 60.035851810127497 68.232876479625702 54.358131036162376 25.007573798298836 94.538271859288216 15.0579627007246 25.491342380642891 95.273805268108845 118.74684954434633 122.86276062205434 455.13378454744816 77.588212255388498 12728.225123053417 53.862477265298367 215.84753819555044 24.783834561705589
leaf_count=38 388 6649 56256 407 50 546 173 25 300 510 107 637 237 722 105 372 83 115 103 21 115 423 565 393 1279 435 27117 68 978 21
internal_value=0.004377 0.00419074 0.0036112 0.00334578 -0.00615631 -0.00207603 -0.02531 0.00370801 0.00840738 -0.023268 -0.0211967 0.0133296 -0.0129924 0.0134994 -0.00481423 -0.0274984 0.00845932 -0.0209546 0.0163056 -0.00421609 -0.0495008 0.00361757 -0.00494197 0.00279061 0.00827991 -0.0113015 0.00384065 0.00252641 -0.0183151 -0.0304025
internal_weight=41574.1 41088.5 36176.8 35215 979.275 899.743 179.342 720.401 613.522 106.879 90.0414 961.771 97.6948 523.48 153.163 93.1271 4911.69 79.3657 864.077 135.088 40.5493 34235.8 869.605 750.859 655.585 200.451 33366.2 20637.9 294.494 240.631
internal_count=99238 98850 92003 90852 3317 2910 719 2191 1631 560 407 1151 275 1224 502 397 6847 198 876 239 136 87535 3095 2530 2107 828 84440 57323 1067 999
is_linear=0
shrinkage=0.03


Tree=89
num_leaves=31
num_cat=0
split_feature=15 9 0 8 10 8 16 10 4 15 10 0 0 5 6 18 10 15 9 10 9 12 9 11 0 2 0 2 6 18
split_gain=129.686 108.509 102.83 86.6769 97.6089 75.9251 142.906 70.3166 127.396 116.408 122.93 139.41 129.553 131.793 110.096 154.407 128.034 162.752 120.447 117.911 109.111 186.914 111.296 115.837 106.965 144.531 137.061 114.724 106.649 100.883
threshold=0.96105965272177774 6.5277307888950622 7.3776006052357053 0.84262705447784236 1.9503356915120407 3.343300372078454 -0.26273106573540522 2.4154663029923915 13.522783747202595 0.92360119774682148 2.5874226360729398 -3.2730761314484855 -2.4450668674149534 -5.5946021702124922 0.8061046374009323 54.365954524466467 1.8909504238607842 0.1932659060629571 1.878342551960144 2.3758743229768049 1.7321174501770211 0.74249211182106267 1.5298583523867604 0.85282240575104817 -1.0275952813048714 -1.6396905204649423 -1.4587525879329903 3.634354125715356 6.2994945716882151 67.051324327362906
decision_type=2 2 2 2 2 2 2 2 2 2 2 2 2 2 2 2 2 2 2 2 2 2 2 2 2 2 2 2 2 2
left_child=1 2 3 4 -1 6 -3 8 14 10 11 -9 -13 -14 15 -5 20 29 19 -19 22 -22 23 -16 25 26 -15 -27 -23 -18
right_child=-2 5 -4 7 -6 -7 -8 9 -10 -11 -12 12 13 24 16 -17 17 18 -20 -21 21 28 -24 -25 -26 27 -28 -29 -30 -31
leaf_value=-0.036201112530615774 0.019743819178461592 -0.064862001853297505 0.017351731722743149 -0.002869011513164483 0.028298577450166965 0.011536148624749555 0.010336721842560978 -0.046859343244444691 -0.041585570806030911 -0.012357897615735773 0.0035320047777617977 0.037032379522925533 -0.041056122513451331 0.026853356506599955 -0.036129428077313612 -0.03893260703071167 0.024876980671557188 -0.03203727407327394 0.00019434055324695279 0.030649416680164441 -0.039427829437617537 0.03902195790166265 -0.037023205159377348 0.034086047153963711 0.012864257106005037 -0.043651018604757438 -0.042025376406269375 0.017336889936601863 -0.016025939434549712 -0.020000709024853236
leaf_weight=23.490369144827127 480.47737583518028 34.264853209257126 489.57538428902626 1730.908128532581 208.93089392408729 2216.1693042814732 67.646553710103035 37.818345293402672 65.770306333899498 393.04618871584535 30584.839291261509 163.15258886665106 45.692986465990543 131.42958034947515 29.009242597967386 113.87877163663507 327.72052675485611 195.5735448654741 1388.4529015049338 31.331300344318151 35.113172590732574 303.81691670790315 56.400674223899841 78.010761708021164 2049.9057139903307 107.49221920967102 32.413070470094681 37.42388042807579 35.361906491219997 52.271977066993713
leaf_count=212 388 145 452 10279 266 2447 94 177 426 1123 66479 194 289 265 250 752 779 1474 4602 72 218 443 431 220 5507 567 181 87 141 278
internal_value=0.00424834 0.00406704 0.00368987 0.00351505 0.0217797 0.0103719 -0.0149467 0.00340341 -0.00014307 0.00387267 0.00406488 0.0103204 0.0111627 0.00940724 0.000479539 -0.00509522 0.00453954 0.00103826 -0.00311728 -0.0233814 0.0175321 0.0264617 -0.00291972 0.0150532 0.0103848 -0.00607652 0.013227 -0.0279012 0.0332828 0.0187036
internal_weight=41547.4 41066.9 38748.8 38259.3 232.421 2318.08 101.911 38026.8 4443.62 33583.2 33190.2 2605.33 2567.51 2404.36 4377.85 1844.79 2533.06 1995.35 1615.36 226.905 537.713 374.292 163.421 107.02 2358.66 308.759 163.843 144.916 339.179 379.993
internal_count=99238 98850 96164 95712 478 2686 239 95234 20365 74869 73746 7267 7090 6896 19939 11031 8908 7205 6148 1546 1703 802 901 470 6607 1100 446 654 584 1057
is_linear=0
shrinkage=0.03


Tree=90
num_leaves=31
num_cat=0
split_feature=17 5 12 3 8 18 7 14 3 15 4 12 7 9 9 7 10 4 18 7 3 14 17 15 11 1 8 18 1 8
split_gain=125.336 117.794 98.479 91.9918 81.2149 79.5397 103.541 239.758 145.584 130.405 145.389 117.823 128.674 180.72 173.143 157.791 136.871 119.193 118.788 131.158 197.273 141.52 164.771 154.338 128.129 120.163 117.377 115.134 112.46 117.627
threshold=-67.752189672368871 8.799553854255846 5.1928842591216524 -12.076410618679548 2.4539111095223243 71.001212591807658 -0.042159205841119089 292.30198140812655 11.213182891868803 0.08142001239375958 -16.845303019375176 0.7996913805488014 -0.43219467738520029 4.064003132175384 2.9339085773985096 -0.1705445620561685 4.5047971623409202 -0.81237090833383141 26.864553586630354 -1.5186658777363746 -5.3609381570424208 120.23004156127088 -33.186754094491242 0.096608652233403966 1.3021469447258751 5.5950898756987009 1.4319793079765406 45.802111446103893 1.3730171711398012 4.9971122894629945
decision_type=2 2 2 2 2 2 2 2 2 2 2 2 2 2 2 2 2 2 2 2 2 2 2 2 2 2 2 2 2 2
left_child=4 2 3 -2 -1 6 7 8 9 10 -5 12 16 14 15 -14 18 -17 -11 28 -21 22 23 -22 -24 26 -23 -16 29 -20
right_child=1 -3 -4 5 -6 -7 -8 -9 -10 11 -12 -13 13 -15 27 17 -18 -19 19 20 21 25 24 -25 -26 -27 -28 -29 -30 -31
leaf_value=-0.023416050318825845 0.010389858687966115 0.0082649256969741375 0.017702677039292718 0.037210025467436861 0.025059822738742521 -0.0055576355530369452 0.0044712546416586325 -0.017750654625595313 -0.039460865384337747 0.028122581954107755 -0.02557194338520195 0.0052803767710542611 -0.039811552782765457 -0.058136593357578648 -0.028752535919548117 -0.041535164422098078 0.012407027887695151 0.012753124097149257 -0.0069586003261504084 -0.02192002691258171 0.045182557057100808 0.025096946772983682 0.013870725257681417 -0.044251278833420456 -0.044420491520798286 0.044847590222812816 -0.03426209961138469 0.01579963788192526 -0.023506416325911838 0.027939364216195407
leaf_weight=34.02188964933157 1529.194290459156 5024.960182890296 425.91085658222437 38.098339557647705 362.77099245786667 979.26414014212787 20073.939882293344 583.76055004168302 76.055244170129299 120.74901551380754 258.07161797583103 6777.4173540305346 199.44785276241601 68.963354676961899 63.63797564804554 49.360315160825849 817.54481673240662 138.60644252598286 1144.7362526208162 251.17930105887353 21.791636250913143 36.656147722154856 1395.4644724261016 85.520417869091034 34.783848349004984 26.199426904320717 164.65297932177782 290.56665770709515 352.84436087496579 94.069447219371796
leaf_count=124 2238 6970 491 36 267 3310 46551 2237 254 240 1083 17367 1452 298 265 308 1133 398 4483 1192 9 215 4339 477 201 32 1033 537 1592 106
internal_value=0.00412339 0.00396148 0.00336243 0.00319122 0.0209034 0.00286881 0.00311762 0.00104182 0.00191899 0.00217217 -0.0174959 0.00265223 -0.000672919 -0.0116843 -0.00736464 -0.0212249 0.00129039 -0.00150305 -0.00114705 -0.00212664 0.00295545 0.00649537 0.009763 -0.0260901 0.0124531 -0.0155881 -0.0234535 0.0077952 -0.00856446 -0.0043086
internal_weight=41520.2 41123.4 36098.5 35672.6 396.793 34143.4 33164.1 13090.2 12506.4 12430.4 296.17 12134.2 5356.77 810.583 741.619 387.415 4546.19 187.967 3728.65 3607.9 2016.25 1765.07 1537.56 107.312 1430.25 227.509 201.309 354.205 1591.65 1238.81
internal_count=99238 98847 91877 91386 391 89148 85838 39287 37050 36796 1119 35677 18310 3258 2960 2158 15052 706 13919 13679 7498 6306 5026 486 4540 1280 1248 802 6181 4589
is_linear=0
shrinkage=0.03


Tree=91
num_leaves=31
num_cat=0
split_feature=15 10 17 3 11 11 3 14 5 11 7 11 3 12 14 3 5 1 0 3 3 17 4 16 1 11 4 17 9 17
split_gain=122.434 103.571 99.6809 93.5627 128.192 167.175 89.9066 92.0586 114.42 145.468 120.994 109.376 138.966 108.698 127.682 174.262 157.374 126.848 167.305 172.734 130.462 122.928 153.275 129.35 128.758 112.153 159.338 120.187 138.152 187.695
threshold=0.96105965272177774 5.8959224165278892 -44.058325472366484 1.2897985907004308 0.89275649649782529 0.76350213937043721 18.653788412539608 135.43299021226588 13.309152497138575 1.2718399475406585 5.0781632702433974 1.1837830565463829 17.450356741717822 0.37165945045402227 42.906337563664714 4.7636746764169855 1.9278537364334225 -1.5228371265165184 -1.0056082705869971 -2.0660562126762643 8.8946415168235102 -12.633735550361509 -0.81237090833383141 -3.0547893189091115 -5.5087163230906784 0.65712571098354255 23.849920751568469 -9.1970198159516041 2.9000488625423291 -4.0664593325718927
decision_type=2 2 2 2 2 2 2 2 2 2 2 2 2 2 2 2 2 2 2 2 2 2 2 2 2 2 2 2 2 2
left_child=1 2 3 4 5 -1 7 8 10 11 13 12 -10 14 17 16 21 -4 -19 -20 -21 22 24 -23 -16 -15 27 -27 -29 -30
right_child=-2 -3 6 -5 -6 -7 -8 -9 9 -11 -12 -13 -14 25 15 -17 -18 18 19 20 -22 23 -24 -25 -26 26 -28 28 29 -31
leaf_value=0.0045374080565502442 0.019177037573996459 0.010473598307754246 0.015229472266450371 0.018514073362114705 0.010686955601468743 -0.043852254631668662 0.011229995995481089 0.00031279157446021749 -0.09006215447549884 -0.07204630624332968 0.017598698782297226 0.022276986495698339 0.015208795189733924 0.014640804825620777 0.033162276780546784 -0.051069391601770743 0.015311352402603043 -0.049429274959061541 0.019075049389865633 -0.023856584863843809 0.024115021775117672 0.055261195505054241 0.011753386766796171 -0.047875769316609418 -0.045903412236771288 0.0022975779526948257 -0.078665440203058115 0.0013820271372231663 0.013666235598614594 0.0012066225489698133
leaf_weight=179.14395339787006 473.08316464722157 2007.0867290198803 452.42235046997666 743.35621549189091 827.03292605280876 100.19179984182119 1198.6096047386527 9326.536894175224 23.54128110408783 39.365820184350014 569.5732836574316 59.616119831800461 21.678856462240219 884.33092974685133 22.626852378249168 94.729086969047785 191.35394392162561 69.654163498431444 241.09262104704976 260.51470193266869 63.448396019637585 11.901758410036562 177.16540629789233 136.00987498648465 102.55724081024528 15421.325602507219 21.090658977627754 2693.781057247892 3495.5511159896851 1579.9854486659169
leaf_count=379 388 2306 840 859 1249 405 1389 25521 108 153 643 46 22 1745 15 464 430 336 475 1176 74 9 397 784 695 40919 94 8795 5373 3149
internal_value=0.0040026 0.00382757 0.00348562 0.0102827 0.00475219 -0.0128189 0.00314726 0.00287785 0.00377609 -0.0228746 0.00392117 -0.0044107 -0.0395945 0.00362061 -0.00344161 -0.0130874 -0.00747966 0.00309173 -0.00556007 -0.000152335 -0.0144613 -0.0171655 -0.00620168 -0.0395768 -0.0316124 0.00415505 0.00375555 0.00383051 0.00687324 0.00978763
internal_weight=41488.4 41015.3 39008.2 1849.72 1106.37 279.336 37158.5 35959.9 26633.3 144.202 26489.1 104.836 45.2201 25919.5 1823.48 736.344 641.615 1087.13 634.71 565.056 323.963 450.261 302.349 147.912 125.184 24096.1 23211.7 23190.6 7769.32 5075.54
internal_count=99238 98850 96544 2892 2033 784 93652 92263 66742 329 66413 176 130 65770 5695 2794 2330 2901 2061 1725 1250 1900 1107 793 710 60075 58330 58236 17317 8522
is_linear=0
shrinkage=0.03


Tree=92
num_leaves=31
num_cat=0
split_feature=13 10 9 6 16 14 0 16 12 5 9 14 14 9 9 1 0 12 5 3 7 10 15 0 16 14 11 7 18 3
split_gain=121.942 105.853 106.572 125.369 101.48 158.93 147.658 183.984 143.203 139.461 147.883 135.511 167.98 133.948 135.513 132.77 221.278 150.441 177.273 143.247 132.093 128.202 120.058 114.26 112.838 114.12 144.363 111.08 107.573 107.432
threshold=2.4169426162521419 4.7188816225465233 2.8295684077353882 10.838667974190463 -2.2429226499946959 6.2231497709096537 -1.2320624040317156 -0.36688908640818069 1.3475714891295685 -5.5946021702124922 4.8440257337997856 72.671675991875006 75.051937719101574 2.0979955800029271 3.3396536389158205 -3.2324619597131061 -3.2730761314484855 1.9707273494138071 5.9942864035632839 -14.636261045844348 1.9204058591743014 3.2986816106133201 0.54514306078224428 -1.9198777191397467 -2.0949169381335211 13.071684843588868 1.5008386242823331 3.3213894754575928 62.223748741260074 5.4654856561838452
decision_type=2 2 2 2 2 2 2 2 2 2 2 2 2 2 2 2 2 2 2 2 2 2 2 2 2 2 2 2 2 2
left_child=1 4 3 -3 5 -1 7 15 -7 10 23 -11 -13 28 -15 19 -17 18 -18 -6 -16 -10 29 -9 -8 26 27 -26 -14 -21
right_child=-2 2 -4 -5 6 8 24 9 21 11 -12 12 13 14 20 16 17 -19 -20 22 -22 -23 -24 -25 25 -27 -28 -29 -30 -31
leaf_value=-0.056444839714816862 0.014353163161374222 -0.065203415648915852 0.0075535095972403066 0.010599949292550166 -0.04837847020479763 0.013516785546509516 -0.032626976643010022 -0.0099312579003347622 -0.016717308369323527 -0.036386097939747238 -0.068203907908142403 0.052229961750351377 -0.036146547058305632 -0.042297414184830046 0.0094718320212441795 -0.053776282158272667 -0.0079089032530151506 0.024227487300028609 0.015620831039863399 0.011016555439660519 -0.05263899832960315 0.0079850216813682692 -0.054655553398490306 0.026876217067230736 0.0085999998148170685 0.0028222759030582766 -0.055929839119938575 0.035196152846818068 0.059688882158300788 -0.033233408569191929
leaf_weight=33.596282705664635 978.02160035073757 39.586330115795135 6451.8446839004755 38.963368266820908 40.733889289200306 1983.2161268051714 78.045019634068012 151.2152282577008 307.54992209002376 295.05559293180704 24.41210600733757 35.836359664797783 15.185789477080105 161.31225702166557 138.55114584416151 77.066342875361443 1867.9223273713142 180.21457715332508 340.73828899860382 1561.4402443766594 39.631802096962929 490.9000391215086 26.587786048650742 152.40526060201228 2500.0651477240026 23179.305584063753 30.135725289583206 149.80052082240582 34.465634942054749 50.992659963667393
leaf_count=150 1170 163 8519 51 147 3577 343 472 1034 1320 103 32 150 913 310 336 5951 276 539 3138 172 710 119 269 5576 63275 133 88 30 172
internal_value=0.00388575 0.00363283 0.00713064 -0.0276023 0.00295994 0.00841442 0.00246668 -0.00215048 0.00919778 -0.0133803 0.00283301 -0.0207667 -0.00992252 -0.0156461 -0.0223772 0.000688527 -0.0037425 -0.00212839 -0.00427888 0.00719344 -0.00434298 -0.00152991 0.00857455 0.00854461 0.00339123 0.00349993 0.00936099 0.0101035 0.0303778 0.00961716
internal_weight=41454.8 40476.8 6530.39 78.5497 33946.4 2815.26 31131.1 5193.77 2781.67 1048.07 328.033 720.039 424.983 389.147 339.495 4145.7 2465.94 2388.88 2208.66 1679.75 178.183 798.45 1639.02 303.62 25937.4 25859.3 2680 2649.87 49.6514 1612.43
internal_count=99238 98068 8733 214 89335 5471 83864 14449 5321 3771 844 2927 1607 1575 1395 10678 7102 6766 6490 3576 482 1744 3429 741 69415 69072 5797 5664 180 3310
is_linear=0
shrinkage=0.03


Tree=93
num_leaves=31
num_cat=0
split_feature=17 5 8 8 14 5 14 5 11 12 8 5 11 1 13 13 10 15 6 14 17 15 11 17 14 11 1 10 11 1
split_gain=116.468 105.624 83.0836 77.1939 77.9777 113.235 186.884 134.622 109.054 140.758 190.543 149.258 144.408 163.058 140.997 162.659 139.005 132.711 173.104 146.252 197.878 123.785 123.239 225.657 239.872 162.301 146.77 209.476 153.351 190.565
threshold=-67.752189672368871 15.18416787330853 11.343058566326439 0.84262705447784236 104.36499883514894 13.309152497138575 58.989422471531839 8.0518345571577026 1.0631666040766838 1.0164813741449723 7.4766221143039351 11.547048757829721 1.1103900113245537 -6.6328981983414295 0.91671020344455501 0.97806763226586046 2.3648948738946376 0.72039327038269818 10.354302594672534 196.44432864243959 -3.372221875038766 0.85838662360827689 0.91438296086409954 -49.07469848051128 109.8486186922751 0.91016085157931192 -2.2394629430862785 3.9414058872571895 1.0029721506389573 -0.23948963873181014
decision_type=2 2 2 2 2 2 2 2 2 2 2 2 2 2 2 2 2 2 2 2 2 2 2 2 2 2 2 2 2 2
left_child=-1 2 3 -2 5 7 -7 -5 22 10 11 12 13 -10 -11 -16 -17 19 -19 20 -14 -20 23 -6 -25 -26 27 -24 -28 -30
right_child=1 -3 -4 4 8 6 -8 -9 9 14 -12 -13 17 -15 15 16 -18 18 21 -21 -22 -23 26 24 25 -27 28 -29 29 -31
leaf_value=0.020099908622091923 0.021261202274765745 0.011598410926132773 0.015192690933742694 0.0035816015640669366 -0.051748748683409063 -0.0042789508433092064 -0.088583909207011535 0.01168709120931687 0.033499802123740062 0.022264416454045938 -0.079769542561900941 -0.060468316475259375 0.013342640830736894 -0.031937740311851787 -0.055245820465239528 -0.02757666904551917 0.0026420045363386739 -0.038138161133865929 -0.03703905028498565 -0.011217741418534681 -0.045576295231731359 0.027810620237940845 -0.02187793697896535 -0.034135863889599702 0.0026533011741511521 -0.05066593333227154 0.014904454702640553 0.0097227830552577832 0.019766910924330045 -0.0086258187803772025
leaf_weight=389.45898215472698 211.06012579612434 1439.7619062662125 524.01200498640537 22352.523366833106 73.744653724133968 105.39088137447834 30.517801269888878 2009.9922493994236 38.909875214099884 278.83437244594097 33.07884094119072 46.209830567240715 781.26921335607767 287.479422705248 47.448602057993412 145.70287167653441 2293.8507497049868 186.94985059089959 38.464268125593662 486.2019455768168 54.906907130032778 85.101310461759567 341.63994841650128 168.99132898636162 5451.3781727012247 51.869204180315137 2074.8841902855784 421.97938096523285 313.29309172183275 662.94370441883802
leaf_count=391 459 1533 528 55130 295 176 140 2760 39 405 150 175 1888 1293 231 822 4499 977 145 1505 299 87 1440 856 15118 277 4410 606 683 1921
internal_value=0.00377155 0.00361659 0.00332638 0.00316725 0.00306898 0.004098 -0.0232093 0.00425033 0.00131409 -0.00237324 -0.00835444 -0.00717651 -0.00591962 -0.0241367 0.00203523 -0.000232799 0.000837188 -0.00227831 -0.0199278 0.00186607 0.00947377 0.00762381 0.00316703 0.000391802 0.00106968 0.00215076 0.00734725 -0.00441524 0.0102911 0.000485952
internal_weight=41427.8 41038.4 39598.6 39074.6 38863.6 24498.4 135.909 24362.5 14365.1 4804.41 2038.57 2005.49 1959.28 326.389 2765.84 2487 2439.55 1632.89 310.515 1322.38 836.176 123.566 9560.72 5745.98 5672.24 5503.25 3814.74 763.619 3051.12 976.237
internal_count=99238 98847 97314 96786 96327 58206 316 57890 38121 12515 6558 6408 6233 1332 5957 5552 5321 4901 1209 3692 2187 232 25606 16546 16251 15395 9060 2046 7014 2604
is_linear=0
shrinkage=0.03


Tree=94
num_leaves=31
num_cat=0
split_feature=13 10 9 6 16 14 0 16 12 14 13 13 9 16 3 17 16 16 12 0 16 17 16 14 11 7 7 11 8 11
split_gain=114.137 98.2827 100.176 116.658 95.3557 150.408 137.162 173.824 135.23 126.546 116.572 118.507 125.487 114.944 128.514 118.715 113.701 130.835 115.503 112.905 111.524 108.893 106.972 106.61 136.637 106.029 105.578 102.936 100.263 97.7019
threshold=2.4169426162521419 4.7188816225465233 2.8295684077353882 10.838667974190463 -2.2429226499946959 6.2231497709096537 -1.2320624040317156 -0.36688908640818069 1.2316658808691898 507.23379436708251 0.38670008005226258 0.44774135022356593 1.9338649173014917 -0.07773168954174052 -8.8307100176081548 -1.4494748349000661 -4.096811923891992 -2.3025744277261415 2.6343705450370165 -1.254370640645788 -3.0547893189091115 -1.7594867172366813 -2.0949169381335211 13.071684843588868 1.5008386242823331 5.5324046943683873 3.3213894754575928 0.83211328413604446 4.5048177395749311 0.68932230190294175
decision_type=2 2 2 2 2 2 2 2 2 2 2 2 2 2 2 2 2 2 2 2 2 2 2 2 2 2 2 2 2 2
left_child=1 4 3 -3 5 -1 7 9 21 10 -6 -12 -13 14 -9 -16 -10 18 20 25 27 -7 28 24 26 29 -24 -18 -8 -14
right_child=-2 2 -4 -5 6 8 22 13 16 -11 11 12 19 -15 15 -17 17 -19 -20 -21 -22 -23 23 -25 -26 -27 -28 -29 -30 -31
leaf_value=-0.055257566735116247 0.013831647281012629 -0.063044864338758222 0.0072083762485652195 0.010134563246219225 -0.049396317629100329 0.014731546281146429 -0.047545147402595883 0.010954817970631754 0.012455085658974005 -0.053338043677459486 0.028689130793855704 -0.038409454146488456 -0.035025150929394747 -0.0072336835187291199 -0.046535310705486894 0.04184473571503531 0.027152113585567465 0.035057364174123938 0.0085342861329077008 -0.048416710678630778 -0.011956540774566815 -0.028657728051342788 0.0082139434388056806 0.0026322345606090689 -0.054800072781932815 -0.065415670082805924 0.034272607457871022 -0.059625272062574119 0.043144595709031001 0.0029009390602645494
leaf_weight=33.363288722932339 969.70761832594872 39.696097746491432 6419.6510947644711 38.737967252731323 40.733183406293392 1804.1301379855722 64.156074665486813 54.915959633886814 363.82628126442432 38.791482107713819 140.40847258642316 72.695088479667902 62.151827082037926 773.09170593507588 199.69563993997872 14.684331484138964 14.132986988872288 54.442134656012058 146.24409832060337 40.552382353693247 246.37094685062766 53.603265218436718 2502.4472595825791 23182.022353992797 29.919418565928936 20.938911482691765 148.21884152293205 94.994142454117537 13.23487915098667 3726.0585974194109
leaf_count=150 1170 163 8519 51 192 3095 330 114 535 177 184 535 231 2611 1011 35 18 67 255 194 696 226 5576 63275 133 89 88 429 13 9076
internal_value=0.00366053 0.0034166 0.00679665 -0.0269021 0.00276938 0.00806089 0.00229147 -0.00216313 0.0088214 0.000592404 0.00110222 0.00160851 0.000639116 -0.0131133 -0.0299924 -0.0404816 -0.000584647 -0.00911455 -0.0139075 0.00137648 -0.0231395 0.0134796 0.00318182 0.00328721 0.00895148 0.00190658 0.00967108 -0.0483868 -0.032036 0.0022787
internal_weight=41403.6 40433.9 6498.09 78.4341 33935.8 2811.11 31124.7 5184.72 2777.74 4142.33 4103.54 4062.81 3922.4 1042.39 269.296 214.38 920.011 556.184 501.742 3849.7 355.498 1857.73 25940 25862.6 2680.59 3809.15 2650.67 109.127 77.391 3788.21
internal_count=99238 98068 8733 214 89335 5471 83864 14449 5321 10678 10501 10309 10125 3771 1160 1046 2000 1465 1398 9590 1143 3321 69415 69072 5797 9396 5664 447 343 9307
is_linear=0
shrinkage=0.03


Tree=95
num_leaves=31
num_cat=0
split_feature=15 0 13 6 15 13 10 12 15 7 10 3 14 0 18 3 11 3 1 11 14 15 12 13 4 18 15 15 13 3
split_gain=114.307 96.9038 87.1832 73.6789 141.952 121.753 140.465 124.394 104.586 126.193 114.067 105.687 100.95 276.356 110.899 154.116 92.8068 110.509 91.1824 90.0254 109.809 103.571 86.0203 108.536 159.438 83.977 172.552 137.548 91.8824 90.696
threshold=0.96105965272177774 -5.231183314645901 2.4169426162521419 13.787198230875118 0.92360119774682148 2.3014396993652197 2.70590274792217 6.5282051600374702 0.72440756950665663 1.3124395781785594 5.3615562965098365 -1.8827324320182857 613.70430364177605 1.3340001127752308 77.957130869423011 10.011090343746478 0.73799748147339927 8.7216406162770284 4.1764536642336827 1.691350157225324 166.80340958085651 0.41379312072791236 0.4467349315440004 0.6376647397904921 28.317439492496145 76.253793381703062 0.33667756287126593 0.20857340305933442 1.3306487531864191 10.458637278044117
decision_type=2 2 2 2 2 2 2 2 2 2 2 2 2 2 2 2 2 2 2 2 2 2 2 2 2 2 2 2 2 2
left_child=1 -1 3 5 8 7 -7 19 11 10 -10 -5 25 14 15 16 -14 -18 -6 -3 21 -21 -11 24 -24 29 27 28 -27 -13
right_child=-2 2 -4 4 18 6 -8 -9 9 22 -12 12 13 -15 -16 -17 17 -19 -20 20 -22 -23 23 -25 -26 26 -28 -29 -30 -31
leaf_value=0.012958042783111461 0.018385570531825622 0.0024883853859197845 0.012632656344609366 0.018818876098449861 -0.0063788947275208443 0.0165757524012023 -0.065418862756700349 0.028793083527781867 -0.086103412733259735 0.029671220299192957 0.014448538439474952 0.00038447917883992384 0.022702754366480428 -0.10005380029871855 0.019903092421440068 -0.068038742238850439 -0.077576319462502 0.0167658570857546 -0.081951767355054092 -0.058197165903002702 -0.062339346546716988 0.0067714698103354147 -0.069631548200185495 0.012554754160653289 0.01285820390451811 -0.047187717309358321 0.00467050990593414 -0.06974924855060749 0.0034968553407321531 0.011796373333032021
leaf_weight=930.06968454271555 462.37240686267614 32904.97102317214 856.17798253893852 370.50642608106136 31.703594252467155 30.166765913367271 49.919452980160713 161.16962261497974 22.160735324025154 249.21496117860079 18.739860728383064 1294.8363711163402 60.999462850391865 30.82453154027462 98.566992357373238 44.294852063059807 24.248134136199951 20.725895822048187 26.27922859787941 27.567275211215019 40.438010528683662 111.02160073816776 36.482302993535995 1608.3496035113931 49.97532419860363 49.110043078660965 403.8727804645896 55.181853413581848 93.432189807295799 1214.8351892083883
leaf_count=1173 388 86669 1087 366 70 50 220 116 101 212 18 2422 60 149 80 172 107 20 121 129 183 207 167 2080 53 195 714 265 150 1494
internal_value=0.00355282 0.0033852 0.00316254 0.00295532 0.00607458 0.00241204 -0.0345332 0.00250104 0.00654585 0.0121173 -0.0400325 0.00360578 0.00194353 -0.0153216 -0.00482534 -0.0210457 -0.00140354 -0.0340995 -0.0406304 0.00237295 -0.0188432 -0.0061517 0.0132145 0.0107946 -0.0219498 0.00349543 -0.0065713 -0.0295339 -0.0139655 0.00590854
internal_weight=41378.2 40915.8 39985.8 39129.6 5804.34 33325.3 80.0862 33245.2 5746.36 1984.92 40.9006 3761.43 3390.93 279.66 248.835 150.268 105.973 44.974 57.9828 33084 179.027 138.589 1944.02 1694.81 86.4576 3111.27 601.597 197.724 142.542 2509.67
internal_count=99238 98850 97677 96590 9016 87574 270 87304 8825 2631 119 6194 5828 588 439 359 187 127 191 87188 519 336 2512 2300 220 5240 1324 610 345 3916
is_linear=0
shrinkage=0.03


Tree=96
num_leaves=31
num_cat=0
split_feature=15 0 6 4 15 4 1 16 17 14 0 2 12 17 17 16 16 16 2 8 3 3 17 1 7 8 8 6 6 15
split_gain=109.166 91.7938 76.4053 136.661 132.219 116.314 114.573 109.872 233.586 171.711 132.263 107.404 106.074 105.779 151.252 120.675 276.856 120.049 105.75 94.9741 106.867 199.304 200.441 116.787 94.3763 94.0001 91.3326 182.34 203.051 104.677
threshold=0.96105965272177774 -5.231183314645901 11.976273316287733 0.6892389700065894 0.92360119774682148 -8.1389138483049273 4.8382553901968786 -0.18275088575455939 -5.5178335778827003 673.37412294520857 1.013536897787344 -2.5934215832206058 6.5282051600374702 -12.511344381877764 -14.781542510253765 1.0000000180025095e-35 0.092108007922280313 5.9009304216386864 -3.8354877726736123 7.0770996203445993 10.953362534944779 8.7216406162770284 -4.2507999479581651 5.4471744440510852 3.8280253457312234 0.84262705447784236 1.3603724119714258 -0.70730557138105421 -0.15781773278239078 0.8620702758924822
decision_type=2 2 2 2 2 2 2 2 2 2 2 2 2 2 2 2 2 2 2 2 2 2 2 2 2 2 2 2 2 2
left_child=1 -1 12 5 7 -4 -6 8 -5 10 11 -10 25 14 -9 -15 -17 18 -16 20 21 22 -13 -24 -21 -3 27 -27 -29 -30
right_child=-2 2 3 4 6 -7 -8 13 9 -11 -12 19 -14 15 17 16 -18 -19 -20 24 -22 -23 23 -25 -26 26 -28 28 29 -31
leaf_value=0.012621759729963293 0.018017781492259414 0.022449207748858575 0.0094707691702400083 0.010285874963673091 -0.0051326851915600635 -0.072651489222693016 -0.079375999143849366 0.0038052075330554935 -0.066715580343209485 -0.075479193415342691 -0.065434246414752206 -0.064494752071037262 0.023110513445908889 0.024414085669049693 -0.0020233706265201734 -0.063943462033972498 0.0098828626234630599 0.026822768934306067 -0.078736314404919891 -0.0010537425159624992 0.0076758508021870127 -0.059680237089504068 0.005815796344750641 -0.066533777030790664 -0.10355107656405525 -0.02636989862342062 0.0024445741543616135 0.038750703110971348 -0.0088307708045910118 0.041254838976949648
leaf_weight=926.26266900449991 457.72738731652498 206.7513637021184 26.842091411352158 1281.2207345850766 51.698166012763977 36.806877486407757 29.315034732222557 615.93743984401226 24.432928681373596 33.119893588125706 32.983391940593719 44.903323441743851 221.66533034294844 518.37110150232911 23.646708026528358 46.276833169162273 3776.2352248094976 20.90784615278244 51.169170297682285 15.720462113618849 548.80676508694887 66.723490580916405 399.8925884924829 21.141630284488201 16.646035179495811 299.26207865402102 30860.788976391777 111.38209404610097 550.04446267336607 40.307212341576815
leaf_count=1173 388 440 36 1741 119 159 133 974 105 148 153 194 198 520 37 216 5483 14 233 27 814 309 886 96 82 2670 78940 255 2616 79
internal_value=0.00344827 0.00328521 0.00306886 0.00575777 0.00612347 -0.0380188 -0.031998 0.00653316 0.00136931 -0.00811621 -0.00621136 -0.00449527 0.00242909 0.00907351 -0.00164705 0.0108311 0.00898909 -0.0367298 -0.05449 -0.00313041 -0.00161492 -0.0111873 -0.00424299 0.00218287 -0.0537679 0.00228614 0.0021553 -0.00676309 0.00159845 -0.0054111
internal_weight=41357 40899.3 39973 7682.8 7619.15 63.649 81.0132 7538.14 2485.59 1204.37 1171.25 1138.27 32290.2 5052.54 711.661 4340.88 3822.51 95.7237 74.8159 1113.83 1081.47 532.661 465.938 421.034 32.3665 32068.5 31861.8 1001 701.734 590.352
internal_count=99238 98850 97677 12479 12284 195 252 12032 4555 2814 2666 2513 85198 7477 1258 6219 5699 284 270 2408 2299 1485 1176 982 109 85000 84560 5620 2950 2695
is_linear=0
shrinkage=0.03


Tree=97
num_leaves=31
num_cat=0
split_feature=17 5 2 8 10 14 8 5 2 8 9 8 5 5 11 11 1 15 11 0 17 1 15 16 16 5 5 15 16 0
split_gain=108.458 90.7988 80.3376 77.0133 71.0843 68.834 140.621 129.771 172.471 132.273 129.256 192.693 120.484 119.235 115.441 101.113 90.301 178.991 157.995 175.377 156.27 124.185 220.764 151.907 115.341 194.104 145.509 144.134 141.163 211.808
threshold=-67.752189672368871 15.18416787330853 -14.484028047423328 2.4539111095223243 1.4372798548467185 122.59114015328946 1.2347856593571167 13.309152497138575 13.847800163817682 3.8336389149423171 2.1758855941665529 2.6169028243355332 7.7319139440292055 0.044172397825724401 0.65712571098354255 0.66322991322388536 -3.4971700486186301 0.76543819168554872 1.2341143548214297 -1.9594554500858938 -11.715886652973532 -4.8033302905289945 0.11928498282898224 1.7294094777760687 -0.18275088575455939 3.002669124666848 12.640929631338652 0.63075921323769735 -0.75990024024578162 -1.5179366362838993
decision_type=2 2 2 2 2 2 2 2 2 2 2 2 2 2 2 2 2 2 2 2 2 2 2 2 2 2 2 2 2 2
left_child=3 2 -2 -1 -4 7 14 12 9 -9 11 -8 15 -13 -7 -6 17 18 21 20 -20 -12 -23 -24 25 28 27 -27 29 -18
right_child=1 -3 4 -5 5 6 10 8 -10 -11 16 13 -14 -15 -16 -17 24 -19 19 -21 -22 22 23 -25 -26 26 -28 -29 -30 -31
leaf_value=-0.02393782704348912 0.016574205070416539 0.010675640283595002 -0.035862944528017977 0.023446439009661969 0.011383233431204622 -0.042627328040365661 -0.021987168115055383 -0.074758302455836256 -0.099734761140887432 0.002435146545707876 0.0079053781180248514 -0.038780103126430057 0.010092562544805173 0.023461199012860735 0.027182422877701135 0.0027417287274666851 -0.0064253190200265617 -0.048693875369510135 0.0095337111404355974 -0.056830249450866864 -0.046959595626064096 0.015757222085023025 -0.039027966666370609 0.027724863862267697 0.0049750966385659423 -0.0054611525985692553 -0.063361398905803709 -0.037390352923668026 -0.0091517828102016131 0.016235109984201281
leaf_weight=33.870069965720177 384.70622986555099 1411.3562103062868 42.756668096408248 348.54653108119965 1286.7096359673887 23.17115462012589 499.99077546223998 24.039468571543694 22.650505140423775 118.25176474452019 886.64778558909893 33.305588442832232 2518.1147689148784 164.59777921065688 266.7328175753355 23030.328081563115 574.67884409055114 80.936384778469801 147.74789958447218 92.739560786634684 62.798988118767738 157.62139954417944 215.62236739322543 35.771811414510012 5855.5636780038476 1204.7546240724623 45.533641189336777 142.26889136433601 569.01626544073224 1048.6478405669332
leaf_count=124 361 1533 388 267 2615 201 3634 104 109 169 1622 247 3635 370 741 58568 1516 340 258 457 246 290 904 37 12603 2978 172 561 1958 2230
internal_value=0.00334718 0.00319866 0.00293174 0.0192497 0.00279769 0.00283996 0.0009605 0.0036828 -0.0228458 -0.0106063 0.000454142 -0.0120696 0.00384585 0.0129865 0.0216027 0.00319898 0.00124011 -0.00516852 -0.00296533 -0.0224568 -0.00731632 0.0015972 -0.0120774 -0.0295295 0.0023805 -0.00185751 -0.0106164 -0.00883343 0.00370604 0.00821302
internal_weight=41329.5 40947.1 39535.7 382.417 39151 39108.2 12108.1 27000.1 164.942 142.291 11818.2 697.894 26835.2 197.903 289.904 24317 11120.3 1679.89 1598.95 303.286 210.547 1295.66 409.016 251.394 9440.46 3584.9 1392.56 1347.02 2192.34 1623.33
internal_count=99238 98847 97314 391 96953 96565 31365 65200 382 273 30423 4251 64818 617 942 61183 26172 4154 3814 961 504 2853 1231 941 22018 9415 3711 3539 5704 3746
is_linear=0
shrinkage=0.03


Tree=98
num_leaves=31
num_cat=0
split_feature=15 0 13 8 10 10 4 10 13 13 9 14 4 10 13 16 16 15 0 15 15 0 9 10 0 16 18 10 9 8
split_gain=102.707 86.5424 79.8929 71.8927 91.8557 67.5029 112.059 100.893 105.19 105.909 110.736 117.451 101.576 103.937 333.912 128.093 117.607 149.836 103.027 102.464 102.427 136.103 105.293 100.788 164.537 188.246 181.421 135.861 137.463 134.317
threshold=0.96105965272177774 -5.231183314645901 2.4169426162521419 0.84262705447784236 1.9503356915120407 2.4154663029923915 13.522783747202595 2.5874226360729398 0.49162174053363983 0.6376647397904921 2.0979955800029271 99.833406580572898 14.04502636724694 2.5156191142258009 0.85934364532349206 0.36251083980865656 -1.4654647560844609 0.14017114014741175 6.4254045090824299 0.75421778795110328 0.63496235767437759 1.2567552883327804 3.1415912270153954 3.0760711967543446 -2.3898113623304087 -0.7744027444904017 67.549573166410866 2.622181965333239 4.0186263757888963 2.4298605891812648
decision_type=2 2 2 2 2 2 2 2 2 2 2 2 2 2 2 2 2 2 2 2 2 2 2 2 2 2 2 2 2 2
left_child=1 -1 3 4 -3 6 -5 8 -7 10 -10 -12 13 14 18 19 -15 -18 -11 -16 -17 -22 -23 24 -9 26 27 -26 -29 -27
right_child=-2 2 -4 5 -6 7 -8 23 9 12 11 -13 -14 16 15 20 17 -19 -20 -21 21 22 -24 -25 25 29 -28 28 -30 -31
leaf_value=0.012186928092808422 0.017489632098640795 -0.036316915632172569 0.011994143436464105 -0.0003378173716468129 0.026053626326142911 -0.039805294642702861 -0.040871536709317473 -0.018901545186220489 0.036933686465823734 -0.041629475526161162 -0.043336533411720564 0.027944803468612212 0.02729319715915611 -0.021309673077783666 0.016709639878704313 -0.045158355352961727 0.043177172960663826 0.010014109270832688 0.054895140476540004 -0.042628097001742436 0.029169984609708981 -0.048914747239711023 0.0098231026877711458 0.0034725182668953604 -0.029376004390187047 -0.0090641185531050855 -0.02380897571625774 0.014197159833159358 -0.04628592560411085 0.0013014743050251652
leaf_weight=920.33435369282961 450.8250949382782 23.735603155568242 847.61045377701521 4342.7235422004014 203.05791119858623 39.614159801974893 62.26448567956686 415.45514259114861 224.6734679415822 187.16245878487825 37.094220519065857 47.372556123882532 205.82354343682528 85.99458197131753 589.07239196822047 60.993859317153692 146.45485845953226 753.32690570503473 10.511110305786131 27.409641614183784 80.506561405956745 60.153724927455187 50.547086384147406 24749.213442772627 71.139905273914337 1806.8657003547996 143.93530354648829 1643.1162895746529 34.529747195541859 2981.7058587484062
leaf_count=1173 388 212 1087 19853 262 286 416 1485 392 1110 201 115 310 323 1357 328 192 2008 1 155 170 294 94 46643 326 7432 570 4034 171 7850
internal_value=0.00324882 0.00309167 0.00288205 0.00268444 0.0195261 0.00258614 -0.000910761 0.00303324 0.00870765 0.00945628 0.0259245 -0.00335893 0.00720159 0.00518646 -0.00130499 0.00670312 0.0122085 0.015412 -0.0364969 0.0140714 -0.011308 -0.000509917 -0.0220945 0.00256877 -0.00058297 0.000556113 0.00856575 0.0112304 0.0129523 -0.00260976
internal_weight=41303.2 40852.4 39932.1 39084.5 226.794 38857.7 4404.99 34452.7 2606.71 2567.1 309.14 84.4668 2257.96 2052.13 1066.36 868.683 985.776 899.782 197.674 616.482 252.201 191.207 110.701 31846 7096.75 6681.29 1892.72 1748.79 1677.65 4788.57
internal_count=99238 98850 97677 96590 474 96116 20269 75847 7336 7050 708 316 6342 6032 3509 2398 2523 2200 1111 1512 886 558 388 68511 21868 20383 5101 4531 4205 15282
is_linear=0
shrinkage=0.03


Tree=99
num_leaves=31
num_cat=0
split_feature=17 8 7 14 16 18 15 4 9 9 8 5 17 9 11 4 16 14 7 17 17 18 7 3 14 15 14 8 13 13
split_gain=102.456 88.5668 73.4076 196.902 135.867 145.492 107.523 105.712 133.687 183.133 240.261 225.987 183.632 180.897 177.366 150.956 149.866 148.745 145.879 142.169 230.666 140.121 232.903 145.067 144.186 134.275 130.173 127.861 126.2 152.988
threshold=-67.752189672368871 11.343058566326439 -0.042159205841119089 372.12698679428291 1.7294094777760687 47.855646856622265 0.36666581804952098 -12.734739292349621 3.6438384161866568 2.9339085773985096 2.4420267258605861 0.044172397825724401 -13.136607942776068 2.6190010360476124 0.69365463389394499 4.1722330022924368 -0.1177377261039982 119.22830934857002 -0.12799096355904369 -7.2233843656629064 -2.7702860760746142 41.993103708885961 -0.9084183340391293 7.0207362328512994 6.7379461098311237 0.073714064778243063 199.03909848263973 1.5117282547808191 0.6338386065228202 1.0723584381759206
decision_type=2 2 2 2 2 2 2 2 2 2 2 2 2 2 2 2 2 2 2 2 2 2 2 2 2 2 2 2 2 2
left_child=-1 2 3 7 5 -5 -7 -2 9 13 11 12 -11 19 -15 -16 -13 -14 -10 21 -21 22 27 24 25 -23 -26 -9 -29 -30
right_child=1 -3 -4 4 -6 6 -8 8 18 10 -12 16 17 14 15 -17 -18 -19 -20 20 -22 23 -24 -25 26 -27 -28 28 29 -31
leaf_value=0.018715950698120119 0.0074944787869230369 0.013243200933790659 0.0037815853746810354 -0.050615252832001453 0.0075208267360689796 0.0075250953105097463 -0.051682959078154359 -0.027893768704929454 -0.0035320959893647042 -0.039935849433481725 0.011610331093875281 -0.027747380971543282 -0.026312878455458214 0.019622060431191603 -0.01772278154350827 0.033860609813070312 0.025240647928059561 0.041708284166700409 -0.04485591771310074 -0.034363086568027459 0.048076542576601169 0.069781953662083174 -0.037245802500135469 -0.04578087658556565 0.012406365100525302 -0.042841284605123153 -0.026330739828986524 0.02300019849183782 -0.013267686366867178 0.016638210057481794
leaf_weight=377.25351793318987 2364.779828408733 747.25616072118282 25693.412344291806 152.45345565117896 120.59191185235977 103.13545829243958 37.693548314273357 122.77484375331551 3295.7851907648146 236.48123287782073 2811.7656402848661 63.780288100242615 60.624785538762808 149.65912328660488 1042.2471627537161 53.68947970867157 194.63498482853174 55.348055575042963 78.720082633197308 187.3732803221792 36.495470471680164 10.902187667787073 168.15616615768522 43.872442252933979 2001.7816968038678 75.562030006200075 81.243231128901243 247.36108634062111 413.42793578840792 245.29548527672887
leaf_count=391 4170 766 56649 836 202 223 199 1304 7298 1236 5437 249 272 212 4269 56 288 115 297 1202 33 7 1537 227 6764 418 599 747 2365 870
internal_value=0.00315342 0.00300986 0.00281939 0.0011092 -0.0192849 -0.0303069 -0.00832222 0.0017103 0.000538912 0.00258537 0.00790551 -0.00914736 -0.0247715 -0.00114609 -0.0110124 -0.0151957 0.0121625 0.00615023 -0.00449609 0.00223546 -0.0209236 0.0037557 -0.0045132 0.00822763 0.00931982 -0.0286407 0.0108955 0.000836603 0.00472958 -0.00213133
internal_weight=41273.6 40896.3 40149 14455.6 413.874 293.282 140.829 14041.8 11677 8302.48 3422.63 610.869 352.454 4879.84 1245.6 1095.94 258.415 115.973 3374.51 3634.25 223.869 3410.38 1197.02 2213.36 2169.49 86.4642 2083.02 1028.86 906.085 658.723
internal_count=99238 98847 98081 41432 1460 1258 422 39972 35802 28207 7597 2160 1623 20610 4537 4325 537 387 7595 16073 1235 14838 6823 8015 7788 425 7363 5286 3982 3235
is_linear=0
shrinkage=0.03


Tree=100
num_leaves=31
num_cat=0
split_feature=15 10 12 1 16 14 8 15 1 15 6 18 7 7 9 14 1 18 18 16 6 8 7 8 6 15 7 14 2 15
split_gain=96.7541 82.9617 83.1383 127.951 171.188 112.43 136.62 162.369 128.613 212.658 163.067 185.228 121.834 162.181 154.625 209.967 143.235 159.816 130.088 167.71 127.368 134.68 116.008 147.828 115.468 176.348 122.74 116.835 115.027 125.231
threshold=0.96105965272177774 5.8959224165278892 0.96695414277254954 -5.2011724225373808 1.2259517638220065 46.968532348505029 4.9470685917916128 0.21159710117252331 -3.5719732063038019 0.073714064778243063 12.588450123100813 51.914527379193821 0.92749439392803013 0.45908939996888171 4.4967324738682484 36.463497932976402 2.4449412965763644 43.737311711260382 69.41296983460002 -1.5737260879913271 3.442203380240286 2.2659142995152615 0.020438025780711303 4.6656422437523828 -0.94374643158319382 0.087719169093273722 -1.0044724094902144 47.691279616250007 -2.8204367366438219 0.20000193853798157
decision_type=2 2 2 2 2 2 2 2 2 2 2 2 2 2 2 2 2 2 2 2 2 2 2 2 2 2 2 2 2 2
left_child=1 2 3 4 -1 6 12 -8 10 -10 11 24 13 14 22 -16 17 -15 -14 -20 -19 -22 23 -5 25 -7 -26 -27 -24 -30
right_child=-2 -3 -4 5 -6 8 7 -9 9 -11 -12 -13 18 16 15 -17 -18 20 19 -21 21 -23 28 -25 26 27 -28 -29 29 -31
leaf_value=0.011594040710143361 0.016983179669608005 0.0089444316046370393 0.0042099013885821658 0.00089884776631515579 -0.057862957226617141 0.025659261782015722 -0.06484115646034308 -0.0062755571307424162 -0.040482613187269978 0.00029413124754576529 0.015740837078663625 -0.045407961804859683 0.011554109189342599 0.031400923042644351 -0.041390018735060263 0.018821725773259745 0.015291705838250512 -0.044102577398885796 0.017964196836274961 -0.026787543406106829 -0.04860011757009694 0.010549763148025904 0.034654080365618872 0.037821608362841617 0.046040551503835916 0.063029908061570897 -0.0060157128122329939 -0.035670047402408665 -0.031974932011352986 0.013262812105765269
leaf_weight=1415.4933996740729 444.38606800884008 1951.6183396875858 16629.2539728228 2699.4082344826311 32.673409804701805 59.883681960403919 49.884047411382198 291.97841638326645 116.20177271589637 12208.274567323737 154.85599069297314 171.14851499348879 2590.0959229618311 44.376110136508942 148.98414592444897 80.171689122915268 116.23654665052891 211.26076936721802 125.59269598126411 188.46134670078754 51.138279169797897 107.41690281778574 204.07520665973425 101.25205461680889 55.642213813960552 11.280528977513312 152.45892024412751 250.251006456092 61.580145306885242 521.33517421409488
leaf_count=2323 388 2306 35340 8130 157 106 211 602 540 37092 187 715 4700 73 507 94 201 962 172 660 253 197 242 80 24 6 443 1166 245 1116
internal_value=0.00306048 0.00290884 0.00260565 0.00140512 0.010027 0.000804067 0.00371179 -0.0148214 -0.00087113 -9.03338e-05 -0.0121191 -0.0182766 0.00458553 0.0014072 0.00356732 -0.0203245 -0.0141364 -0.0223949 0.00934318 -0.00889097 -0.0288502 -0.00852765 0.00509338 0.00223371 -0.00950723 -0.0207796 0.00790312 -0.0314129 0.0152701 0.00848382
internal_weight=41246.7 40802.3 38850.7 22221.4 1448.17 20773.2 7593.25 341.862 13180 12324.5 855.521 700.665 7251.39 4347.24 3816.81 229.156 530.429 414.192 2904.15 314.054 369.816 158.555 3587.65 2800.66 529.516 321.415 208.101 261.532 786.991 582.915
internal_count=99238 98850 96544 61204 2480 58724 18445 813 40279 37632 2647 2460 17632 12100 10414 601 1686 1485 5532 832 1412 450 9813 8210 1745 1278 467 1172 1603 1361
is_linear=0
shrinkage=0.03


Tree=101
num_leaves=31
num_cat=0
split_feature=17 10 13 13 14 5 16 7 0 0 6 16 13 0 1 17 15 3 8 18 5 15 14 17 15 9 16 14 9 9
split_gain=96.7734 105.578 99.4797 135.094 105.304 144.55 85.2321 131.87 78.6023 86.0264 67.1563 132.507 128.798 110.445 126.276 89.0635 111.941 104.227 100.957 167.603 130.36 88.9536 87.7691 86.8497 75.8683 71.981 71.4345 70.3157 69.8602 117.483
threshold=-44.058325472366484 6.0589170291175574 0.73737214113476157 0.6877402852038772 69.696611799670208 0.17911828381253314 -0.89890815512277944 1.7206930537406853 0.39491254471740994 0.049555507029941652 21.042644842628292 -0.65618475726160852 0.82917049558943134 -0.86561364202771196 -0.53187833615245805 -1.5493937468263295 0.80070352440504988 3.3734246609842371 3.2738072690323294 69.71366835744044 6.1986648402129552 0.29598899402837647 372.12698679428291 -1.236616197946806 0.59188934621221712 5.8290862474013334 -1.2408381491031468 42.237802824713022 1.7321174501770211 1.558307653488221
decision_type=2 2 2 2 2 2 2 2 2 2 2 2 2 2 2 2 2 2 2 2 2 2 2 2 2 2 2 2 2 2
left_child=2 10 3 4 6 -6 -1 -8 9 -4 15 12 24 22 -15 28 17 -17 19 -19 21 25 -14 -21 -12 -20 -25 -28 29 -2
right_child=1 -3 8 -5 5 -7 7 -9 -10 -11 11 -13 13 14 -16 16 -18 18 20 23 -22 -23 -24 26 -26 -27 27 -29 -30 -31
leaf_value=0.034594777550704739 0.0035057101350511916 0.010201966153394715 0.0075157648973007227 -0.060438723603803986 -1.6146767365943572e-05 -0.063132745623030964 -0.051953106873639937 0.034799483579005315 0.018415499321348436 -0.041454683569398444 -0.074632923870461707 0.011105138147937309 0.013007508418469814 0.016356755876682887 -0.084813540509361865 -0.029885887867476372 -0.033631568058500053 -0.04281013565649975 -0.022877758963919907 -0.044027759641252391 -0.0029086695899650907 0.044082969746605111 -0.036907221797496143 -0.041175046006173215 0.0085956273148449971 0.044973384299281667 -0.047258891700092696 0.016814709022017128 0.0025037041504273471 -0.018267845020649674
leaf_weight=107.09059330075979 514.74443319626153 1593.1233381479979 711.54917532205582 35.10295145958662 143.71091036498547 42.259956389665604 32.118937574326992 30.980228334665298 915.52007969468832 33.819899328052998 37.928236842155457 1692.3742541223764 224.05013440549374 18.504810154438019 27.760803282260895 114.83575769886374 120.78989854827523 106.41772266477346 41.30038870126009 33.829944128170609 282.37526910007 124.27413376793265 36.930959671735764 24.929226782172918 13.318772405385969 21.343885987997055 16.596009738743305 216.56809267029166 33513.5025807973 393.5414309008047
leaf_count=85 2931 1805 1142 159 303 187 155 15 956 126 165 2005 246 17 125 779 584 673 152 215 574 113 103 165 19 6 96 683 81721 2933
internal_value=0.00297043 0.00263772 0.0093209 -0.00428788 0.00124631 -0.0143587 0.0182984 -0.0093596 0.0125268 0.00529381 0.00231701 0.00759549 -0.00897285 -0.00162898 -0.0443486 0.00201229 -0.00637809 -0.00302741 0.000527443 -0.01058 0.00995556 0.0293894 0.00594417 0.00116915 -0.0530024 0.000240189 0.0070934 0.0122541 0.00228121 -0.00592832
internal_weight=41221.2 39169 2052.15 391.264 356.161 185.971 170.19 63.0992 1660.89 745.369 37575.9 2050.87 358.494 307.247 46.2656 35525 1103.26 982.47 867.635 398.341 469.294 186.918 260.981 291.923 51.247 62.6443 258.093 233.164 34421.8 908.286
internal_count=99238 96110 3128 904 745 490 255 170 2224 1268 94305 2680 675 491 142 91625 4040 3456 2677 1832 845 271 349 1159 184 158 944 779 87585 5864
is_linear=0
shrinkage=0.03


Tree=102
num_leaves=31
num_cat=0
split_feature=17 8 8 7 14 12 7 14 8 11 13 8 17 1 1 17 7 0 2 13 2 17 9 9 12 11 9 12 13 9
split_gain=94.2967 81.3915 72.2353 76.105 211.154 111.751 161.08 132.798 164.883 144.772 136.723 146.178 135.306 128.061 154.081 143.7 131.928 136.654 127.902 127.759 125.114 121.728 120.616 176.378 149.028 115.778 112.24 124.857 112.158 108.741
threshold=-67.752189672368871 11.343058566326439 0.84262705447784236 -0.042159205841119089 372.12698679428291 0.79494585778280358 -0.43219467738520029 19.394859564998018 6.2108119864383697 1.3021469447258751 0.56043445203140052 4.7521753628295471 -19.608626284958039 -2.4327779113175567 -1.5917903245279916 -17.048573125437901 -0.61011224325064328 -0.11412200117661875 1.4275497619214208 0.74721937118645809 -2.8204367366438219 -9.8275484274612825 2.9339085773985096 3.8202187279097175 0.78632704342641735 0.98029892108023409 2.3900026700008943 0.56434165667550407 0.56603966462565491 2.1334337830336554
decision_type=2 2 2 2 2 2 2 2 2 2 2 2 2 2 2 2 2 2 2 2 2 2 2 2 2 2 2 2 2 2
left_child=-1 2 -2 4 5 6 7 9 10 26 11 21 -12 -14 -15 19 17 -17 -18 -16 -8 -9 24 -24 -22 -21 27 -4 -7 -29
right_child=1 -3 3 -5 -6 28 20 8 -10 -11 12 -13 13 14 15 16 18 -19 -20 25 22 -23 23 -25 -26 -27 -28 29 -30 -31
leaf_value=0.017938662592524902 0.019640246966052561 0.012624271533315782 -0.040178783639649329 0.003450855939845965 -0.020835325927827338 0.028634497630381287 -0.040274315634597227 0.013543672541684364 -0.072855284821098848 -0.050756492004428763 -0.011044422679774676 -0.068508478053406097 0.016723186784779843 -0.043749792205966045 -0.023092919280428149 -0.0010179834096173143 -0.024887979735590742 -0.030526990349296065 0.0320748946548918 0.040894105729359115 -0.027463386647572165 -0.043690185855806134 0.014316361860649999 -0.039053519050322671 0.048371866684101393 -0.0084526463112674539 0.015493927774217084 0.023118932887039777 0.0031245989886324204 -0.042986464685553026
leaf_weight=371.04576817899942 221.73721183277667 737.20080824196339 74.122300516813993 25551.174253862351 397.7040694784373 158.22043392807245 137.48364356160164 761.7119175568223 29.727119594812393 35.237832009792328 1554.6312497295439 21.352541372179985 377.03016420267522 79.548548351973295 54.624153677374125 315.60915027745068 49.818184915930033 255.6414128690958 123.23016112670302 165.07671005837619 309.12522226758301 34.980640972033143 275.78771015256643 69.84489880502224 25.225217580795288 57.764825824648142 914.76464750617743 101.79973913356662 7903.1175710000098 28.712142933160067
leaf_count=391 466 766 495 56433 1455 228 719 2013 130 178 5649 91 881 507 292 1282 279 1587 171 268 1845 239 525 258 29 228 1614 248 19813 158
internal_value=0.00288331 0.00274646 0.0025648 0.00246982 0.000718362 0.00133442 -0.00182086 0.000184431 -0.00247303 0.00911618 -0.00192973 0.00895456 -0.00486541 0.00163247 -0.00353377 -0.000402793 -0.00727198 -0.0142236 0.0156761 0.0180237 -0.0141729 0.0110307 -0.00889559 0.00353146 -0.021742 0.0281025 0.0110009 -0.0090839 0.00362528 0.00857598
internal_weight=41193.1 40822 40084.8 39863.1 14311.9 13914.2 5852.85 5035.38 3880.75 1154.64 3851.02 818.045 3032.97 1478.34 1101.31 1021.76 744.299 571.251 173.048 277.466 817.467 796.693 679.983 345.633 334.35 222.842 1119.4 204.634 8061.34 130.512
internal_count=99238 98847 98081 97615 41182 39727 19686 16310 13617 2693 13487 2343 11144 5495 4614 4107 3319 2869 450 788 3376 2252 2657 783 1874 496 2515 901 20041 406
is_linear=0
shrinkage=0.03


Tree=103
num_leaves=31
num_cat=0
split_feature=13 4 16 7 4 7 14 7 10 4 2 7 11 11 11 10 5 16 17 10 7 17 12 8 13 14 4 1 8 2
split_gain=91.0189 79.9309 96.9609 90.3068 200.328 168.62 140.166 123.957 237.364 141.433 185.728 157.437 119.43 112.2 110.357 109.335 106.053 133.753 123.433 110.842 108.18 102.952 128.221 172.048 167.515 170.373 161.958 172.812 152.71 120.826
threshold=2.4169426162521419 -12.734739292349621 1.692728419262522 -0.51982294752765934 -6.087728091577115 -0.49810903266433998 459.60048967212242 -0.88357378331486147 3.1407179927903361 -3.8381871215199865 0.67027871666467409 -0.61011224325064328 0.98909610639516476 0.94318604950995943 1.254889239161596 4.3365052061469234 -4.1427723089219652 0.63233359153509594 -7.7457644850820104 2.5257355431273365 0.48044911323904543 -23.282286262682344 0.85811415780382949 3.9358278117429371 0.56043445203140052 7.2898550395150759 -4.9557039697009522 0.47172346018814487 3.8589504581826017 -10.359376960445209
decision_type=2 2 2 2 2 2 2 2 2 2 2 2 2 2 2 2 2 2 2 2 2 2 2 2 2 2 2 2 2 2
left_child=1 2 -1 6 5 -5 7 21 9 10 11 -9 13 -10 -7 -16 17 18 19 -6 -19 22 24 -24 28 -26 27 29 -3 -27
right_child=-2 3 -4 4 16 14 -8 8 12 -11 -12 -13 -14 -15 15 -17 -18 20 -20 -21 -22 -23 23 -25 25 26 -28 -29 -30 -31
leaf_value=0.0050442683380135678 0.012027562498714438 0.022569005337293419 0.02037670148572697 0.031952882902906599 -0.039800191055048832 -0.05809864327351013 -0.033710412423433311 -0.039857479719436026 -0.0038242164809367957 -0.029998972312755778 0.033703064970911106 0.015590906451969505 0.012720552820397083 -0.056202056320999415 -0.056137491742218631 0.024960307239146478 0.0028607580128000324 -0.054741454183840722 -0.038773059530559879 0.017635460287257217 0.0035449207058254007 -0.0015697570328546211 0.017867409869670073 -0.00077408555464812451 0.023061971787296024 0.036488180644192944 0.0055800772729555663 -0.047768554957553673 -0.062727508047034489 -0.015666160440251816
leaf_weight=2251.8195949438959 939.72435861080885 321.31864477321506 444.47898556292057 36.361109372228384 31.048837473616004 104.95266783237457 112.07957950234413 123.52185589820147 421.16603743284941 467.52321961708367 85.84518164396286 73.514535930007696 504.05524607747793 40.332794383168221 25.03646432980895 37.181179612874985 26828.615774715319 46.1034812964499 38.015814375132322 1160.9820071272552 75.738875471055508 3917.3099871827289 1170.9337540511042 719.31271308660507 154.23871598020196 43.698882654309273 355.20276587642729 150.65604320727289 20.070580914616585 469.51004269532859
leaf_count=4179 1170 666 451 34 220 480 512 883 1020 2838 164 221 817 171 115 26 61947 233 149 1664 157 13114 2503 1382 263 30 1062 842 87 1838
internal_value=0.00279818 0.00258259 0.00757179 0.00222419 0.00305969 -0.0265964 -0.000367523 4.595e-05 -0.0072115 -0.0198681 -0.00312451 -0.0191696 0.00262486 -0.00840179 -0.0393314 -0.00767356 0.00327388 0.0114724 0.0144423 0.0161394 -0.0185098 0.00174672 0.00556226 0.0107736 -0.000941163 -0.00632268 -0.0107701 -0.0195183 0.0175543 -0.0112253
internal_weight=41170.3 40230.6 2696.3 37534.3 28384 203.531 9150.29 9038.21 1715.96 750.405 282.882 197.036 965.554 461.499 167.17 62.2176 28180.5 1351.89 1230.05 1192.03 121.842 7322.25 3404.94 1890.25 1514.7 1173.31 1019.07 663.865 341.389 513.209
internal_count=99238 98068 4630 93438 65025 655 28413 27901 6114 4106 1268 1104 2008 1191 621 141 64370 2423 2033 1884 390 21787 8673 3885 4788 4035 3772 2710 753 1868
is_linear=0
shrinkage=0.03


Tree=104
num_leaves=31
num_cat=0
split_feature=15 0 13 0 1 12 16 10 8 12 12 14 14 8 10 16 16 8 0 13 1 9 9 14 9 14 18 10 15 15
split_gain=90.352 77.5352 69.5054 69.4418 172.314 212.794 147.867 162.848 131.357 147.774 180.663 156.473 114.068 112.859 156.379 116.191 118.896 127.313 106.766 103.655 126.503 101.264 95.5115 93.2472 180.803 174.14 154.688 201.047 82.435 95.484
threshold=0.96105965272177774 -5.231183314645901 2.4169426162521419 -1.2084957511610643 -5.2011724225373808 1.2423792151698494 -4.096811923891992 4.3365052061469234 8.8599832140698567 2.0174339484476449 1.3595491704253244 17.631663437258304 12.00597473935593 7.7421944792098456 4.2194036362802168 -1.4952388492836743 -1.7571674171096079 4.3960200074914644 -4.9320255012881757 0.96293715604199948 5.4471744440510852 1.864544788763639 3.0252567862143747 300.11196189140094 3.9152053487530543 386.40211144374126 59.593688950518988 5.8959224165278892 0.077768819153539406 0.42187323048670861
decision_type=2 2 2 2 2 2 2 2 2 2 2 2 2 2 2 2 2 2 2 2 2 2 2 2 2 2 2 2 2 2
left_child=1 -1 3 4 5 12 -7 18 9 10 21 -11 -3 14 15 16 17 -12 -8 -19 -21 -6 -14 -23 -25 -26 -27 -28 -5 -30
right_child=-2 2 -4 28 8 6 7 -9 -10 11 13 -13 22 -15 -16 -17 -18 19 -20 20 -22 23 -24 24 25 26 27 -29 29 -31
leaf_value=0.011243593895199947 0.016311690921659874 -0.037423530720676022 0.010942923793030974 -0.019933042112290428 -0.037575584538361968 0.021669831719057418 0.011762929337495197 0.010666676539966315 -0.059072691605376211 -0.056123156706244681 -0.048611436291852078 0.018529584737162284 0.030045562894954594 0.022732523732179686 -0.081454158289266568 -0.040687521006609897 0.024635552625814447 0.030108356168000321 -0.044016015711110475 -0.056245023221364522 0.029882065382963761 -0.00016170369676259895 0.010679185129947795 -0.041129465555199168 -0.066934766872645324 0.023042439737180051 -0.06946859389924448 0.0084634635208774983 0.0052901854752494719 0.0017435179781402803
leaf_weight=906.9873888194561 435.25715433806181 39.105122976005077 833.85563172027469 142.04145634174347 70.300513070076704 96.65925869345665 36.952579945325851 103.14335231482983 36.633919581770897 26.817878820002079 82.386724941432476 437.57666463404894 285.55415136180818 49.674632325768471 40.127535805106163 151.25003599748015 73.750436320900917 55.138181142508984 188.06439210660756 42.941039644181728 23.88610765337944 5190.2725752070546 1161.2063612118363 151.19816599786282 33.324025698006153 181.8165393024683 46.886256486177444 81.718301191926003 10466.292086517438 19673.236721517518
leaf_count=1173 388 134 1087 545 565 97 55 125 134 118 413 707 377 51 176 726 121 63 782 186 18 12906 1745 726 144 184 199 96 26605 48592
internal_value=0.0027158 0.00257043 0.00237279 0.0021894 -0.00017514 0.00778178 -0.010942 -0.0205478 -0.00241892 -0.00211095 -0.00331951 0.0142185 0.0131351 -0.0202689 -0.0248188 -0.0195256 -0.00801643 -0.0198005 -0.0348559 -0.000338896 -0.0254605 -0.00179065 0.0145016 -0.00134815 -0.0137899 -0.00176451 0.00523158 -0.0199488 0.00286768 0.00297514
internal_weight=41144.1 40708.8 39801.8 38968 8686.38 1910.69 424.82 328.16 6775.7 6739.07 6274.67 464.395 1485.87 519.155 469.48 429.353 278.102 204.352 225.017 121.965 66.8271 5755.52 1446.76 5685.22 494.943 343.745 310.421 128.605 30281.6 30139.5
internal_count=99238 98850 97677 96590 20848 3315 1059 962 17533 17399 16574 825 2256 1754 1703 1527 801 680 837 267 204 14820 2122 14255 1349 623 479 295 75742 75197
is_linear=0
shrinkage=0.03


Tree=105
num_leaves=31
num_cat=0
split_feature=15 0 13 0 16 9 15 5 7 11 12 12 0 8 15 6 11 3 4 3 7 11 5 9 8 15 3 8 15 16
split_gain=86.1477 73.387 65.7923 65.2756 156.161 121.221 118.952 113.216 157.607 130.881 121.941 110.785 105.545 120.897 125.106 117.173 105.164 97.3428 163.131 160.325 325.36 193.941 125.268 120.453 112.613 110.69 178.317 103.237 100.303 161.303
threshold=0.96105965272177774 -5.231183314645901 2.4169426162521419 -1.2084957511610643 -0.38138691889298887 1.864544788763639 0.63075921323769735 -5.5946021702124922 0.040420185601919296 1.0291303700508412 0.99749940351451472 0.19751567635144465 -2.7951631102837933 3.9092666493013786 0.15657741867653721 0.63644855744940509 1.64148072040179 -3.2820439254320148 -3.9419349930607357 -6.6969170800193867 -1.6125969910782298 0.93878838328073544 -15.18812089508878 5.4693061610167382 8.3825030702243719 0.14017114014741175 -12.743830041586412 2.8162103999857595 0.14453970849501782 -2.5730160036387413
decision_type=2 2 2 2 2 2 2 2 2 2 2 2 2 2 2 2 2 2 2 2 2 2 2 2 2 2 2 2 2 2
left_child=1 -1 3 4 5 -3 17 -6 11 10 12 -9 -10 14 -14 -16 -13 18 19 20 21 22 -7 -22 28 26 -23 -21 -19 -30
right_child=-2 2 -4 -5 7 6 -8 8 9 -11 -12 16 13 -15 15 -17 -18 24 -20 27 23 25 -24 -25 -26 -27 -28 -29 29 -31
leaf_value=0.01094859855423869 0.015974813117771255 -0.039461059623363361 0.010656990772334429 0.0027813076648387221 0.0039739482022813121 0.023368681964061371 -0.034940450202725959 0.05307954873150926 0.030875416270618596 -0.026285283303855163 -0.050377302551454298 -0.044857779483338696 -0.045330450718281665 -0.062216813905434869 -0.045548279730955973 0.020671035714117023 0.046648228680312785 0.0054486569064602841 0.014411522326590999 -0.018540687282449515 -0.052861998100420429 0.010277335972349847 -0.048882129043329607 0.004619749631546286 -0.052572567508602598 0.016032495010516169 -0.055945874929556161 0.015923510040543921 -0.021864721033064943 -0.00074377743886471328
leaf_weight=903.53531797230244 431.16549772769213 64.405320905148983 830.59179078042507 30285.157371222042 380.66733218356967 27.825051486492157 78.133224785327911 12.015833241865037 114.68786985427141 228.02922844514251 36.970463864505291 226.15279957093298 40.230911694467068 28.156818270683289 27.544867362827063 189.49856112524867 11.898070402443407 1728.9420925229788 1301.8081626184285 90.3355947509408 163.56674465537071 104.19540430605412 96.49180817976594 41.042215183377266 37.17459599673748 449.80481634289026 56.404239270836115 583.45186825469136 382.77179639786482 2172.3986050095409
leaf_count=1173 388 506 1087 75742 901 20 273 11 96 864 186 1318 213 123 144 350 9 3730 2134 398 788 141 402 62 126 655 258 1033 1083 5024
internal_value=0.00263553 0.0024942 0.00230222 0.00212411 -0.000170345 0.00151648 0.0018773 -0.00977533 -0.0154943 -0.00786063 0.0017515 -0.035798 0.00656813 -0.00319868 0.00326043 0.0122672 -0.0402842 0.00227484 0.00651137 0.000135841 -0.00787432 0.00144309 -0.0327107 -0.0413318 -0.000582912 0.00839896 -0.0129809 0.0113028 -0.000131782 -0.00390775
internal_weight=41125.1 40693.9 39790.4 38959.8 8674.6 7378.75 7314.35 1295.85 915.185 665.119 437.089 250.067 400.119 285.431 257.274 217.043 238.051 7236.21 2914.93 1613.12 939.33 734.721 124.317 204.609 4321.29 610.404 160.6 673.787 4284.11 2555.17
internal_count=99238 98850 97677 96590 20848 16633 16127 4215 3314 1976 1112 1338 926 830 707 494 1327 15854 5891 3757 2326 1476 422 850 9963 1054 399 1431 9837 6107
is_linear=0
shrinkage=0.03


Tree=106
num_leaves=31
num_cat=0
split_feature=17 11 3 18 12 10 15 10 5 18 18 8 8 2 9 5 8 14 2 12 14 9 9 9 3 2 17 12 12 5
split_gain=85.8283 98.3769 112.001 108.462 110.516 96.8844 78.4298 107.917 89.2064 82.3194 105.392 108.804 72.0535 68.8839 95.675 81.937 68.0426 73.7935 99.0176 65.9048 86.0704 114.74 66.8721 129.651 118.973 150.426 101.511 103.823 123.885 114.114
threshold=-44.058325472366484 1.2663851707449572 1.2897985907004308 29.518223167229902 1.5360129130500575 5.8959224165278892 0.4430371434112354 2.7795096051248493 -7.4744123906831641 47.973169920972673 47.076251572320906 5.7180142636106321 1.8804741483585372 0.78513163171377587 4.8440257337997856 -1.6311359765186129 4.6656422437523828 125.00223219231951 10.969817502105352 2.2274192080771198 6.7379461098311237 3.0363257530565728 1.7869530464336427 1.558307653488221 -1.1562506040450502 -0.31594563639556478 -27.727723695970777 0.44308313216911765 0.71027779848080608 0.87244872546158747
decision_type=2 2 2 2 2 2 2 2 2 2 2 2 2 2 2 2 2 2 2 2 2 2 2 2 2 2 2 2 2 2
left_child=1 2 3 -1 6 19 7 12 -9 10 11 -10 -5 15 -15 -8 -4 18 -18 22 21 -21 23 26 25 -25 -2 -28 -29 -30
right_child=5 -3 16 4 -6 -7 13 8 9 -11 -12 -13 -14 14 -16 -17 17 -19 -20 20 -22 -23 -24 24 -26 -27 27 28 29 -31
leaf_value=0.014349961645092746 -0.037621224166671054 0.019356789669492142 0.019270077813377858 -0.040424274533101635 -0.071240694942502902 0.0089574537988949248 -0.0056236965019091003 -0.071670834141807971 -0.041120916379071407 -0.059515265491613387 0.03491021553282174 0.028326123935884632 0.024109741372324973 -0.056602226718569237 0.021297709179536488 0.031473630271478738 -0.091018057162680466 0.0093529260197860349 0.0073420500426734283 0.0024458407670006053 0.006460933985777571 -0.073796557505419177 0.0017498699267669332 -0.025678408356853522 -0.025753339587202589 0.024768118665362188 -0.035377815296959811 0.027078173700991023 0.011157762813423474 -0.037356291392862818
leaf_weight=244.89907848089933 46.215794049203396 553.7618263065815 492.95464654266834 19.820360906422138 24.857493489980698 1844.1884773075581 106.93489328026772 35.821198791265488 83.644062384963036 37.603473082184792 35.891500696539879 26.812268048524857 72.631065681576729 33.730242691934109 24.493182435631752 107.40327414125204 18.167910203337669 88.75752580165863 18.684177666902542 48.012228526175022 3513.8411319665611 28.198708355426788 32514.018765583634 95.985655853524804 370.94708226341754 119.34320225194097 43.536844136193395 252.6722919344902 134.70269983261824 64.545221421867609
leaf_count=284 422 517 585 119 108 2159 237 154 334 164 27 15 106 151 18 95 84 108 22 101 5645 121 80903 895 2746 510 497 872 732 507
internal_value=0.00255774 0.00857699 0.00452471 -0.00251317 -0.00928723 0.00224552 -0.00665378 -0.0169189 -0.0283583 -0.0199239 -0.0097511 -0.0242633 0.0102745 0.00510506 -0.0238316 0.0129655 0.0142475 -0.00546364 -0.041149 0.00191306 0.00577684 -0.0257645 0.00150075 -0.0056804 -0.0154568 0.00228092 0.00490108 0.00886752 0.01313 -0.00455809
internal_weight=41103.1 2026.87 1473.11 854.542 609.643 39076.2 584.786 312.224 219.773 183.951 146.348 110.456 92.4514 272.562 58.2234 214.338 618.564 125.61 36.8521 37232 3590.05 76.2109 33642 1127.95 586.276 215.329 541.673 495.457 451.92 199.248
internal_count=99238 3128 2611 1812 1528 96110 1420 919 694 540 376 349 225 501 169 332 799 214 106 93951 5867 222 88084 7181 4151 1405 3030 2608 2111 1239
is_linear=0
shrinkage=0.03


Tree=107
num_leaves=31
num_cat=0
split_feature=17 4 17 15 7 10 15 11 10 12 8 18 1 1 0 1 10 13 16 11 4 11 12 12 0 0 2 11 10 12
split_gain=83.5256 75.6941 79.7738 105.598 141.04 116.174 92.4796 88.4786 82.1855 80.4017 156.277 269.932 148.962 136.88 143.519 140.352 177.389 127.701 123.856 114.273 136.449 120.54 109.721 171.678 144.566 129.909 110.974 106.77 103.239 125.157
threshold=-67.752189672368871 19.283816091389131 -1.0164294987258724 0.49056500563759137 1.8333625204406292 3.2986816106133201 0.25081729552215642 0.85282240575104817 3.575103206866832 0.96695414277254954 7.7421944792098456 65.942757714388932 -5.2011724225373808 -3.5719732063038019 -4.2634728820993866 6.4328179649628572 4.4479789266628176 1.0055601990486858 1.2259517638220065 0.83211328413604446 7.3313611747025451 0.85487983633590503 0.38701279135027689 0.46353800731845896 -0.49730636990654503 -1.4587525879329903 -8.377688175513347 0.80012522197795655 3.1899102353629218 0.94993459176155925
decision_type=2 2 2 2 2 2 2 2 2 2 2 2 2 2 2 2 2 2 2 2 2 2 2 2 2 2 2 2 2 2
left_child=-1 2 9 6 5 -5 8 -8 -4 10 12 -12 18 22 -15 28 -17 -11 -2 20 -19 -21 25 -24 -25 26 -14 -22 29 -16
right_child=1 -3 3 4 -6 -7 7 -9 -10 17 11 -13 13 14 15 16 -18 19 -20 21 27 -23 23 24 -26 -27 -28 -29 -30 -31
leaf_value=0.016846404151200575 0.011693355721564779 0.0063785250246171758 -0.040657265881261825 -0.041738740964422087 -0.049570914404429976 0.02870039390694035 -0.042704599774303159 0.021027870565174238 0.0062363731660317542 0.0075925748581996636 -0.07034102626091146 0.027503412619783996 0.025565061066688006 -0.067152864230256348 -0.0005581426790683124 -0.039582603314424231 0.00035714086512889662 0.018943753909562055 -0.04169254561614244 -0.033356093073242034 -0.059134217558637465 0.0012675338285500258 -0.054724511239087545 -0.003582274631840127 -0.03137217308523628 0.019400452457137375 -0.05822095615754163 0.0081760556766625921 0.0035807960677054608 -0.032227689694131381
leaf_weight=361.15268272161484 1448.0364742875099 3814.3601758517325 70.804838981479406 34.51288228482008 110.13888232037425 54.113001182675362 22.084150519222021 174.61374795809388 64.076428577303886 5189.7393340244889 69.855218075215816 39.853650718927383 21.600160583853722 27.698442563414574 7602.1415851190686 170.22029424458742 242.89556059241295 584.42810263112187 40.197532016783953 91.394322942942381 37.958343848586082 9207.8764988929033 82.763331223279238 762.01454924419522 216.2955561503768 210.43994965218008 41.681155227124691 48.06745220720768 10120.350265219808 113.99296036735177
leaf_count=391 2298 5387 501 252 678 45 156 419 112 11113 286 28 17 118 29970 647 386 1003 162 368 171 19937 382 2026 869 323 181 77 20332 603
internal_value=0.00248265 0.00235524 0.00193935 -0.0096119 -0.0269019 0.00126983 0.000752562 0.0138723 -0.0183801 0.00210779 0.000915297 -0.0347973 0.00110098 0.000406616 0.00108392 0.00118748 -0.0160996 0.00377624 0.0102514 0.00178965 0.0137513 0.000927249 -0.00886763 -0.0132362 -0.00972637 0.00806705 -0.0296218 -0.0215242 0.00158787 -0.00102601
internal_weight=41075.4 40714.2 36899.8 530.344 198.765 88.6259 331.579 196.698 134.881 36369.5 21210 109.709 21100.3 19612.1 18277.3 18249.6 413.116 15159.5 1488.23 9969.72 670.454 9299.27 1334.79 1061.07 978.31 273.721 63.2813 86.0258 17836.5 7716.13
internal_count=99238 98847 93460 2163 975 297 1188 575 613 91297 58628 314 58314 55854 52056 51938 1033 32669 2460 21556 1251 20305 3798 3277 2895 521 198 248 50905 30573
is_linear=0
shrinkage=0.03


Tree=108
num_leaves=31
num_cat=0
split_feature=15 15 2 12 2 7 16 0 0 14 16 12 8 7 1 0 14 0 12 15 13 13 7 0 15 16 16 7 0 3
split_gain=81.1616 121.293 134.395 133.175 73.9842 73.3766 82.568 78.6441 176.602 102.89 102.847 72.7599 117.982 217.768 137.54 135.621 131.424 162.856 134.534 132.631 129.878 138.608 175.408 185.392 143.87 137.455 147.418 156.965 134.473 193.016
threshold=0.94405621028507603 0.92857095674807089 -0.39373135079873162 2.6343705450370165 -0.86333598339515805 5.0781632702433974 -0.80483499524826241 -2.7951631102837933 -2.2779600129042836 225.93486328275839 -1.2841554083249354 0.96695414277254954 7.7421944792098456 2.9463002599775527 -5.2011724225373808 -1.3523693269663468 46.968532348505029 -0.80877826023105504 0.90492931281716371 0.11702343520226267 0.56043445203140052 0.85586041469489771 0.52042787254420475 -0.88438789969095988 0.81481464575557705 -0.9979280286639346 -0.35432406745127348 1.3852975918834389 1.6893222195131243 2.7720189750564566
decision_type=2 2 2 2 2 2 2 2 2 2 2 2 2 2 2 2 2 2 2 2 2 2 2 2 2 2 2 2 2 2
left_child=1 5 4 -4 -3 11 7 -7 -9 -10 -11 12 14 -14 -1 -16 17 18 19 -17 25 22 -22 -24 -25 -18 27 -27 -28 -30
right_child=-2 2 3 -5 -6 6 -8 8 9 10 -12 -13 13 -15 15 16 20 -19 -20 -21 21 -23 23 24 -26 26 28 -29 29 -31
leaf_value=0.0099333604543740735 0.013122147998963546 -0.012835024333660969 -0.054303529654792827 0.0085970521880057733 0.046269587216493699 0.0092199358864502919 0.010767883601694271 -0.087658438004652783 0.0047854407919571988 -0.065268845719842691 -0.0046686160291634559 0.0035735256379891625 -0.074483979246487239 0.01092607872402343 -0.0049629368187984286 -0.027835585814218237 0.020610108295787223 0.0026587246621954759 -0.050230856786014966 0.019021344675431002 -0.013927490647772621 0.001369746260043029 -0.030452207828682173 0.0045101941159663124 -0.020376635269706966 -0.0027604948611447688 0.010679803746680252 -0.053031790311073114 -0.048777155273680393 0.0091214027007583826
leaf_weight=1465.5886665172875 626.80330881848931 44.922217821702361 106.2838418520987 42.370712786912918 33.108998168259859 350.42075362056494 1801.7284958511591 24.894180327653885 265.22670851647854 43.983773499727249 59.034571871161461 15931.541415777057 52.095290564000607 55.479108795523643 3489.6604812648147 57.245592337101698 466.5454272441566 5140.2771968375891 27.714983642101288 1081.3488541282713 1607.09328306932 4545.1555882338434 176.0625159367919 1807.1208357810974 236.41114681959152 177.02840357273817 1039.9532549344003 81.695699699223042 90.268033483996987 121.6648930683732
leaf_count=2438 776 144 540 62 30 416 2186 115 398 171 109 34210 227 68 9526 231 850 12919 129 1905 7440 13653 730 4719 923 661 2652 407 384 219
internal_value=0.00240968 0.00224357 -0.0196394 -0.0363751 0.0122433 0.00236698 0.00729675 -0.00111421 -0.0103254 -0.00509757 -0.0305419 0.0020337 0.000904169 -0.0304356 0.00106017 0.000414638 0.00154134 0.00495509 0.0150758 0.0166655 -0.000538963 -0.0021722 -0.00637916 -0.000913811 0.0016311 0.00637665 0.00198071 -0.0186343 0.00624117 -0.0155392
internal_weight=41048.7 40421.9 226.686 148.655 78.0312 40195.2 2545.29 743.56 393.139 368.245 103.018 37650 21718.4 107.574 21610.8 20145.2 16655.6 6306.59 1166.31 1138.59 10349 8371.84 3826.69 2219.59 2043.53 1977.16 1510.61 258.724 1251.89 211.933
internal_count=99238 98462 776 602 174 97686 3395 1209 793 678 280 94291 60081 295 59786 57348 47822 15184 2265 2136 32638 27465 13812 6372 5642 5173 4323 1068 3255 603
is_linear=0
shrinkage=0.03


Tree=109
num_leaves=31
num_cat=0
split_feature=8 7 7 14 0 0 4 0 5 16 16 9 13 9 11 4 10 2 11 4 6 18 13 0 8 1 6 0 9 0
split_gain=78.7135 72.9811 75.9148 210.854 113.15 149.884 154.015 131.623 110.225 111.49 139.001 133.569 135.494 127.94 141.994 105.804 96.9263 102.333 92.3828 87.1714 86.7349 118.679 78.523 78.1812 134.408 132.089 213.739 126.055 124.083 111.461
threshold=11.343058566326439 -4.8809356010233165 -0.042159205841119089 292.30198140812655 -0.61302517544315716 -1.3523693269663468 -7.3789331816287982 4.1019210902327474 -2.2914235956144196 0.21110606275025168 0.039862632330683913 2.7373105290997062 0.72022641734131099 3.0141005380510628 1.243885662219973 -6.087728091577115 3.3941726829387155 -3.9941002194251394 1.691350157225324 -12.327479569177667 5.142266124319919 28.734143937644195 2.4169426162521419 0.45991706549453987 8.8599832140698567 -3.8134665183799261 -3.8192237260622699 0.44272066194646792 4.6043692278362895 0.68183884562303454
decision_type=2 2 2 2 2 2 2 2 2 2 2 2 2 2 2 2 2 2 2 2 2 2 2 2 2 2 2 2 2 2
left_child=1 -1 3 18 5 20 -7 -6 9 10 11 12 16 -11 -15 19 17 -4 -3 -13 21 -5 23 24 27 26 -25 -10 -26 -28
right_child=-2 2 8 4 7 6 -8 -9 22 13 -12 15 -14 14 -16 -17 -18 -19 -20 -21 -22 -23 -24 25 28 -27 29 -29 -30 -31
leaf_value=0.01075136313360681 0.012013699864064717 0.0011454650831054141 -0.045041471071105607 0.031361089959059736 -0.040178659523929086 0.036829151832802873 -0.044652432238586517 0.0062001156356645184 0.00071685549342651793 -0.043673008566789476 0.037947530420980757 0.028966459323399828 -0.042642148946852872 0.0086837828184870014 -0.053867758196297202 0.014109845384287462 -0.03743145884906264 0.028267324175378309 -0.030386401290637036 -0.049008796782746625 0.023870371511398147 -0.053461629308433581 0.013129971663883456 0.041537114909951683 0.017764685120195516 0.0042420498020697269 0.0022669744795826459 -0.051293783190101604 -0.088447598482763679 -0.067936929251170938
leaf_weight=870.70194080471992 743.12119925022125 13097.210878429934 20.311000917106867 18.064976185560226 244.04472624696791 101.61064195260406 26.277052083984017 71.122620388865471 11808.253749173135 65.781048405915499 168.13833751901984 18.342213466763496 81.694263521581888 305.96300386637449 36.564824178814888 1576.2972316667438 38.405967533588409 109.67891959473491 84.162003129720688 43.515928529202938 25.176869258284569 83.296117447316647 586.5887314453721 31.882854178547859 15.063587903976439 10582.230679258704 28.574658036231995 42.088339000940323 28.875335201621056 70.746540874242783
leaf_count=1149 778 38017 109 11 1347 127 191 105 29301 398 192 10 464 527 176 2331 134 223 283 160 26 441 692 12 21 21292 52 216 133 320
internal_value=0.0023388 0.00216031 0.00197051 0.000171906 -0.0176989 -0.00281704 0.0200872 -0.0297125 0.0029344 0.00896626 0.0118094 0.00948194 -0.0109389 -0.00535282 0.00200641 0.0125995 0.00444132 0.0168128 0.000944137 -0.0258875 -0.0259655 -0.0383442 0.00229343 0.00201227 0.000337943 0.00387113 -0.0260449 0.000532132 -0.0520348 -0.0477393
internal_weight=41023.8 40280.7 39410 13751 569.593 254.426 127.888 315.167 25659 2464.69 2056.38 1888.25 250.09 408.309 342.528 1638.16 168.396 129.99 13181.4 61.8581 126.538 101.361 23194.3 22607.7 11894.3 10713.4 131.204 11850.3 43.9389 99.3212
internal_count=99238 98460 97311 40548 2248 796 318 1452 56763 4724 3623 3431 930 1101 703 2501 466 332 38300 170 478 452 52039 51347 29671 21676 384 29517 154 372
is_linear=0
shrinkage=0.03


Tree=110
num_leaves=31
num_cat=0
split_feature=15 10 0 0 16 16 1 12 15 14 6 10 16 9 14 12 12 14 13 0 15 3 14 0 15 13 12 9 6 1
split_gain=76.444 67.0204 65.6597 57.5682 155.3 119.338 113.234 154.525 135.829 129.933 178.701 120.156 182.377 110.268 102.408 148.515 126.334 137.495 133.965 112.451 167.662 100.948 99.7412 97.642 197.166 143.83 156.018 91.4627 88.7329 86.1462
threshold=0.96105965272177774 1.4372798548467185 -5.231183314645901 -1.1836153883925917 -0.28827872735543764 -0.1177377261039982 -5.2011724225373808 1.2423792151698494 0.65988771562493809 570.41412361904952 33.758671171923389 4.3365052061469234 -4.096811923891992 1.9338649173014917 23.233881537538561 1.0440219745159462 2.0174339484476449 27.219540827146002 1.9304483389965197 -4.2634728820993866 0.057631841385425889 -12.743830041586412 151.41153458346562 -2.0451149062857543 0.4009233445043982 0.73391766568929306 0.53797891433985423 3.0252567862143747 -14.869054759517267 2.8420972427136264
decision_type=2 2 2 2 2 2 2 2 2 2 2 2 2 2 2 2 2 2 2 2 2 2 2 2 2 2 2 2 2 2
left_child=1 -1 -3 4 6 13 7 27 9 14 -11 12 -9 -6 15 23 17 -16 19 20 -19 -15 -14 -8 25 26 -25 -4 -5 -21
right_child=-2 2 3 28 5 -7 8 11 -10 10 -12 -13 22 21 16 -17 -18 18 -20 29 -22 -23 -24 24 -26 -27 -28 -29 -30 -31
leaf_value=-0.035798930573362371 0.015017478396760927 0.010221755188697857 0.029488766046795185 0.013162117836133398 0.045290467926749706 -0.0064240676321179416 0.0088572661617887915 0.022223265053625985 -0.054719608362105168 -0.055689975636397444 0.019641342371848551 0.01460313625984843 -0.049778089397501085 0.037328362032328179 0.020969446980663872 -0.032678179059290942 0.017956252440246259 0.015693477139148086 0.01848808155508418 -0.0029302606639801765 -0.064399273661558343 -0.049149760652203382 -0.0027240759537139041 -0.050880567179535319 0.027439188987989974 -0.051875986690833029 0.020070921573310606 0.00935371274411851 0.0023687021196305371 0.010142764017055616
leaf_weight=41.866830496117473 419.05552884936333 893.08569072186947 251.5895115211606 701.56396082416177 14.431101543828843 1002.842070966959 335.01575507223606 67.182300493121147 41.286183312535286 83.749488353729248 42.83765672147274 135.90845075249672 131.56262668967247 13.325483523309229 283.27587605267763 188.16965487226844 415.8191835694015 38.260199725627899 308.24410905316472 3502.1872480139136 61.068845555186272 137.55244478210807 58.603684406727552 43.287014946341515 76.552302792668343 115.70468350872397 78.433023348450661 1052.1673326417804 29943.675127409399 521.16461860388517
leaf_count=390 388 1173 304 927 40 3130 603 72 190 339 33 142 561 14 413 666 634 47 381 9456 265 691 145 200 83 527 130 1557 74877 860
internal_value=0.00226994 0.0021383 0.00217748 0.00199627 -0.000113189 -0.0103171 0.00140873 0.00826738 -0.000488438 -0.000121014 -0.0301975 -0.00821569 -0.0202665 -0.0339344 0.000517025 -0.00921174 0.00210465 0.000706452 -0.000588993 -0.00201535 -0.0335486 -0.041512 -0.0352774 -0.00240786 -0.0144278 -0.0279269 -0.00516139 0.0132392 0.0026158 -0.00123685
internal_weight=40999.5 40580.4 40538.5 39645.5 9000.22 1168.15 7832.07 1697.01 6135.06 6093.77 126.587 393.257 257.349 165.309 5967.18 837.162 5130.02 4714.2 4430.93 4122.68 99.329 150.878 190.166 648.993 313.977 237.425 121.72 1303.76 30645.2 4023.35
internal_count=99238 98850 98460 97287 21483 3875 17608 2781 14827 14637 372 920 778 745 14265 2209 12056 11422 11009 10628 312 705 706 1543 940 857 330 1861 75804 10316
is_linear=0
shrinkage=0.03


Tree=111
num_leaves=31
num_cat=0
split_feature=17 11 3 17 7 4 15 0 16 15 8 3 2 16 2 6 1 12 0 16 3 9 3 15 9 17 2 2 8 17
split_gain=76.8325 92.8398 107.518 91.834 158.258 80.1994 96.087 135.351 159.693 134.336 157.309 160.68 135.329 135.254 193.405 197.534 131.625 187.496 171.928 129.009 134.345 152.592 176.856 141.781 141.047 123.576 149.874 118.644 117.49 115.707
threshold=-44.058325472366484 1.2663851707449572 1.2897985907004308 -49.07469848051128 -3.1887561854065378 19.283816091389131 0.38582543036709172 -1.8464617479504828 -4.096811923891992 0.32692277784154739 3.4163319191596351 0.066671718698807517 -4.9085475519331947 0.29217878984053758 5.0264453973415177 -6.7254884202054042 -5.2011724225373808 1.3346911663723771 -1.137883428847642 -1.6000869506901998 -3.9899709385374069 2.2607134865494731 -0.40219008457487154 0.30630384935047356 1.9199620098920767 -16.651249492972592 -14.484028047423328 1.0000000180025095e-35 4.8509222948214861 -19.095385597450178
decision_type=2 2 2 2 2 2 2 2 2 2 2 2 2 2 2 2 2 2 2 2 2 2 2 2 2 2 2 2 2 2
left_child=1 2 3 -1 -5 6 9 8 -8 16 12 -12 -11 14 15 -14 17 -2 19 -18 27 22 -22 29 -24 26 -19 -21 -27 -23
right_child=5 -3 -4 4 -6 -7 7 -9 -10 10 11 -13 13 -15 -16 -17 18 25 -20 20 21 23 24 -25 -26 28 -28 -29 -30 -31
leaf_value=0.0028760673285357424 0.013763992552538344 0.01852599357824973 0.013551367699829418 -0.072411375151453503 -0.0073113273502734564 0.006084605471513225 0.020659894864919065 0.00041526490033688809 -0.025214298835118321 -0.037087948722100778 0.0031831289069755428 0.027841490855886542 -0.045876413537079344 -0.01357098379141561 -0.038204172349611501 0.015669053565953047 0.0014915292625869215 0.010881090062220355 0.0040545366209209718 -0.0035254888990303001 -0.027579728151795959 -0.036792905467729765 -0.038533376767715517 0.014550500611953286 0.030174425240035978 -0.051639744385920922 -0.045303732809302645 0.025308766142614045 0.011923495420937668 -0.01509592234570707
leaf_weight=628.1759742051363 1615.0237376261503 542.86608033627272 613.91358858346939 41.537084713578224 176.06283626705408 3741.6107725426555 84.513894252479076 18692.114546131343 355.88481146842241 70.854941617697477 379.33382935635746 637.59789334982634 49.129717634990811 274.62937848642468 70.89411623775959 1050.3948020469397 2545.7306201756001 64.457377925515175 6313.1766609065235 701.2077742703259 98.540078734979033 280.39272314310074 31.231021845713258 118.65980891883373 193.46691897884011 29.32423609495163 126.7620590031147 157.22833978384733 243.43489753454924 1048.0017271079123
leaf_count=1162 2378 517 799 187 463 5302 93 49119 1144 323 744 614 294 985 280 2490 5752 73 17042 2183 645 1176 229 226 418 146 511 235 349 3359
internal_value=0.00220307 0.00793395 0.00399471 -0.00294207 -0.0197381 0.0019086 0.00146511 2.79546e-05 -0.0164109 0.00317302 0.00951528 0.0186435 0.0033917 0.00537654 0.00982242 0.012919 0.00198895 0.00893508 0.00073186 -0.00332202 -0.00798359 -0.0127063 0.0059294 -0.0168691 0.0206246 -0.00787349 -0.0263646 0.0017557 0.00508983 -0.0196756
internal_weight=40976.2 2002.56 1459.69 845.776 217.6 38973.6 35232 19132.5 440.399 16099.5 2532.83 1016.93 1515.9 1445.05 1170.42 1099.52 13566.6 2079 11487.6 5174.46 2628.73 1770.29 323.238 1447.05 224.698 463.979 191.219 858.436 272.759 1328.39
internal_count=99238 3128 2611 1812 650 96110 90808 50356 1237 40452 5730 1358 4372 4049 3064 2784 34722 3457 31265 14223 8471 6053 1292 4761 647 1079 584 2418 495 4535
is_linear=0
shrinkage=0.03


Tree=112
num_leaves=31
num_cat=0
split_feature=17 8 10 8 8 7 14 12 7 5 0 14 16 13 16 11 10 10 7 5 18 18 16 5 5 0 7 16 16 0
split_gain=73.8119 66.2636 82.9972 66.4325 65.4109 60.166 188.028 93.6984 150.544 121.124 121.627 115.943 152.644 196.98 159.235 134.642 133.024 227.371 129.267 110.524 111.915 110.453 108.966 175.525 197.044 129.88 109.804 108.65 148.665 155.073
threshold=-67.752189672368871 0.84262705447784236 1.9503356915120407 11.343058566326439 2.6169028243355332 -0.042159205841119089 372.12698679428291 0.79494585778280358 -0.43219467738520029 0.50136399468975068 -0.73537667932110484 19.394859564998018 0.2253101492430799 0.81909875408891475 2.102999481811278 1.3021469447258751 2.0775896752267768 3.4047371477357773 -0.61011224325064328 0.68101999821755055 52.050367878160422 49.353918415077409 0.61588187304159359 -7.4744123906831641 -3.0447192783622463 -0.86561364202771196 -0.63134637395692572 -0.1177377261039982 -0.7744027444904017 0.54253421998849283
decision_type=2 2 2 2 2 2 2 2 2 2 2 2 2 2 2 2 2 2 2 2 2 2 2 2 2 2 2 2 2 2
left_child=4 2 -2 5 -1 6 7 8 11 10 -10 15 27 16 -15 22 -14 -18 21 -11 -21 -19 23 -3 -25 -26 -27 28 29 -13
right_child=1 3 -4 -5 -6 -7 -8 -9 9 19 -12 12 13 14 -16 -17 17 18 -20 20 -22 -23 -24 24 25 26 -28 -29 -30 -31
leaf_value=-0.019344713498497802 -0.035969253298513908 0.033005486472058768 0.024773154478259674 0.011020469856942047 0.020548429402806972 0.0026417371726349722 -0.020296143814305171 0.0028879399966110593 -0.0088827672828513653 0.033756141930897036 -0.039736272631062573 0.0056545154492995565 0.04940427560827626 -0.039743053262236719 0.010507287272019081 -0.049995027784016009 -0.033478261010586333 0.0010886046961220684 0.033697320024307365 -0.046131270264522906 0.00050650203523519848 -0.056172383758139273 0.023823811949290698 -0.031469085560495269 0.026205665853322756 -0.018789057367457594 0.023922072091837793 0.012369738590413343 -0.01305501702133925 -0.047635256294611759
leaf_weight=41.987861230969429 22.578368796035647 147.67860621213913 195.91462134942412 710.85306476056576 310.82948898524046 25430.741951610893 391.52096137218177 8023.6098966542631 231.16528911888599 67.199132464826107 228.80978062748909 1343.6106369234622 40.816718572750688 294.56329797580838 70.29972380772233 34.702283959835768 200.20293031446636 389.84337873011827 105.92184951901436 58.184234507381916 226.86953013390303 32.874753624200821 351.71588141843677 164.91285117343068 184.40307689085603 189.42036808654666 75.870958141982555 607.87882817909122 723.35309744998813 51.012287758290768
leaf_count=137 209 120 257 766 254 56433 1455 20041 831 94 1470 3622 181 1684 144 178 1490 848 102 323 658 143 546 679 280 741 149 1850 3252 301
internal_value=0.00213835 0.00201961 0.0184962 0.00193045 0.0158009 0.00176755 0.00020599 0.000785771 -0.00211168 -0.0140924 -0.0242305 -0.000168996 -0.00265873 -0.0119055 -0.0300611 0.0081981 -0.00329875 -0.00625022 0.00406139 -0.000853987 -0.00901305 -0.00336458 0.0100109 0.00363763 -0.00341892 0.0068677 -0.00657405 0.00118986 -0.00201886 0.00370529
internal_weight=40949.3 40596.5 218.493 40378 352.817 39667.2 14236.4 13844.9 5821.31 812.228 459.975 5009.08 3860.38 1134.52 364.863 1148.7 769.66 728.843 528.64 352.253 285.054 422.718 1114 762.286 614.607 449.694 265.291 2725.85 2117.98 1394.62
internal_count=99238 98847 466 98381 391 97615 41182 39727 19686 3376 2301 16310 13617 4592 1828 2693 2764 2583 1093 1075 981 991 2515 1969 1849 1170 890 9025 7175 3923
is_linear=0
shrinkage=0.03


Tree=113
num_leaves=31
num_cat=0
split_feature=15 15 6 6 13 6 4 5 17 3 15 12 15 12 15 1 11 11 1 14 12 13 15 17 14 4 4 15 6 5
split_gain=72.2006 115.071 142.106 184.602 93.5032 68.759 127.749 104.049 86.412 95.6721 78.7314 92.7493 90.7856 121.059 83.7181 83.3654 118.042 101.616 83.2558 78.6299 116.564 87.0429 76.2431 164.664 174.701 147.244 138.434 135.167 158.211 155.014
threshold=0.94405621028507603 0.92857095674807089 7.8190424982011182 7.2419663905477281 1.3739014894132104 11.976273316287733 0.6892389700065894 -1.6837310656931848 -2.6718832257941454 2.1441177747288269 0.6756119531307766 1.6642702334010291 0.89848090258158553 0.71412148116652452 0.61344888051471436 7.3576677461439148 1.3379151743954081 1.2833912313415299 13.119564796951446 292.30198140812655 2.6343705450370165 2.1374058726648961 0.38582543036709172 -31.567628572342496 6.2231497709096537 -5.6240962207306673 20.557131148017508 0.32692277784154739 -6.7254884202054042 -6.6283174900739406
decision_type=2 2 2 2 2 2 2 2 2 2 2 2 2 2 2 2 2 2 2 2 2 2 2 2 2 2 2 2 2 2
left_child=1 5 3 4 -3 22 7 -7 -8 -10 11 14 -12 -14 15 16 17 -11 -17 20 -13 -22 26 -24 25 -25 27 -1 29 -29
right_child=-2 2 -4 -5 -6 6 8 -9 9 10 12 19 13 -15 -16 18 -18 -19 -20 -21 21 -23 23 24 -26 -27 -28 28 -30 -31
leaf_value=0.0018774070938810737 0.012278098309530239 -0.041792098651199282 -0.065690916966528359 0.047346773303355377 0.011350153338780701 0.0077155601515995756 0.0068869124228287037 -0.070640319974006507 -0.051896307948085481 -0.006110756698794839 0.01005321680821061 0.0088333642766278871 0.021617068634587198 -0.074085469962182668 -0.048178442788466072 -0.062970388609547789 -0.065283916628555996 0.031347449333643369 0.0042400022571556419 0.024230962045555512 -0.091395514105572659 -0.0074861025817287491 0.0066586783307692136 0.0051379191069334277 -0.00076311347842223797 -0.038063674533338865 -0.064325601801266785 0.005632757979505151 0.012472416933039047 -0.039823167709693394
leaf_weight=13026.809070318937 614.86069957911968 90.697869394905865 47.295843355357647 42.513774052262306 44.378305997699499 26.133253738284111 5549.4919712282717 36.632456883788109 31.938030429184437 586.23741763457656 770.59215628542006 138.20908536761999 21.107495099306107 27.257691726088524 48.950752463191748 45.552796371281147 27.589821927249432 73.333065941929817 26.086919039487839 155.58964125066996 20.988314770162106 23.679411262273788 2831.0984421372414 107.76866281032562 13868.829927572981 208.13037929311395 27.467754885554314 182.7189184948802 2112.9071170631796 107.09471003338695
leaf_count=33746 776 459 218 19 80 37 8063 157 160 1510 1283 194 27 137 204 180 128 53 33 115 101 41 5637 234 39199 832 118 332 4626 539
internal_value=0.00207538 0.00191975 -0.01948 -0.00717306 -0.0243326 0.00203981 0.00460663 -0.0380159 0.00496113 -0.000390153 0.000446925 -0.00462873 0.00755084 -0.032319 -0.0101528 -0.00769978 -0.00448909 -0.00194604 -0.0384964 0.00855457 -0.00478274 -0.0469132 0.00143833 5.28556e-05 -0.00126559 -0.0233255 0.00296352 0.00308331 0.00962135 -0.0111646
internal_weight=40921.9 40307.1 224.886 177.59 135.076 40082.2 7609.37 62.7657 7546.6 1997.11 1965.17 1146.22 818.957 48.3652 807.751 758.8 687.16 659.57 71.6397 338.466 182.877 44.6677 32472.8 17015.8 14184.7 315.899 15457 15429.5 2402.72 289.814
internal_count=99238 98462 776 558 539 97686 12423 194 12229 4166 4006 2559 1447 164 2108 1904 1691 1563 213 451 336 142 85263 45902 40265 1066 39361 39243 5497 871
is_linear=0
shrinkage=0.03


Tree=114
num_leaves=31
num_cat=0
split_feature=0 4 9 8 16 11 14 13 2 6 0 16 4 14 18 4 9 9 15 8 18 14 7 4 11 2 9 2 2 15
split_gain=69.7918 70.5908 60.3415 62.1696 127.636 61.4604 94.9029 129.315 102.354 132.489 89.5311 133.706 121.921 111.748 80.2912 103.709 93.8655 102.557 69.9393 69.5888 65.2838 181.67 144.305 124.572 131.426 114.606 111.748 103.415 113.056 93.2455
threshold=7.3776006052357053 -20.80294495528052 6.5277307888950622 3.343300372078454 -0.26273106573540522 0.66900044789525215 201.79943079885436 0.57621520612218513 1.1734527281737741 7.7102250356867614 -0.48037190934029145 0.10555731497948058 23.849920751568469 403.7915029219559 30.714654977134391 -6.5732879262706758 2.8096979376353763 1.9199620098920767 0.23128847484148271 1.9142453585672425 68.060200559069798 480.86816535306872 0.88222740096570729 16.910344725133225 0.71698827169484558 -0.15970042759045341 4.3760018439194193 8.75659614896718 -2.8819422882013721 0.25416728702174968
decision_type=2 2 2 2 2 2 2 2 2 2 2 2 2 2 2 2 2 2 2 2 2 2 2 2 2 2 2 2 2 2
left_child=1 -1 5 4 -4 6 14 10 9 -9 13 19 -13 -8 -3 16 17 18 -16 -12 23 22 -22 -7 29 26 -24 28 -23 -25
right_child=-2 2 3 -5 -6 20 7 8 -10 -11 11 12 -14 -15 15 -17 -18 -19 -20 -21 21 27 25 24 -26 -27 -28 -29 -30 -31
leaf_value=0.011570205862372509 0.011236585859042204 0.045196795125033863 -0.064332100772994463 0.0082901873449233113 0.0081548941860807144 0.0011442376439535697 -0.057875403496679474 -0.050706412583805073 -0.057983719853706872 0.017442823477681835 -0.014100342341448892 -0.043505128899713877 0.021502836225333825 0.0028396154524498412 0.022358597101755213 0.011073491344588335 0.01361262690909964 -0.051641320531269241 -0.039371953518522421 0.034842067036060693 -0.055623645750539422 0.010246003301152053 -0.036259338077006299 0.0049398274938441521 0.011697491887339989 0.001005021764425441 0.0041340198442814929 -0.0076312929709251671 -0.067011390393895989 -0.077487910571034296
leaf_weight=661.04528325796127 725.42676953226328 54.711377177387476 32.984482228755951 1745.0037288218737 64.835226565599442 29763.890827022493 40.742546197026968 42.12361491471529 60.252560596913099 65.747587565332651 30.874420562759042 57.99425601772964 47.013531714677811 82.585487496107817 44.806744122877717 1559.3506101556122 88.835541814565659 69.649108082056046 26.163572361692786 170.73708407580853 43.105061002075672 21.47020748257637 151.41914212331176 23.697874695062637 1437.2701983302832 3482.441780352965 103.96094579994678 93.430544823408127 82.753322653472424 25.797655165195465
leaf_count=777 772 29 141 2065 93 78335 201 231 299 89 140 236 38 151 95 3148 105 311 213 128 219 27 662 34 1899 7977 156 173 377 117
internal_value=0.00201425 0.00184773 0.00168508 0.00698557 -0.0162875 0.00142578 0.00602868 -0.00435549 -0.0266636 -0.0091694 0.00436772 0.01305 -0.0144001 -0.0172181 0.0093975 0.00830256 -0.0105283 -0.0257793 -0.000398688 0.0273471 0.00110677 -0.00251264 -0.00104692 0.00156757 0.0100423 -0.00041753 -0.0198159 -0.0305505 -0.0510962 -0.0380225
internal_weight=40900.1 40174.7 39513.6 1842.82 97.8197 37670.8 2441.59 598.071 168.124 107.871 429.947 306.619 105.008 123.328 1843.52 1788.81 229.455 140.619 70.9703 201.612 35229.2 3978.58 3780.93 31250.7 1486.77 3737.82 255.38 197.654 104.224 49.4955
internal_count=99238 98466 97689 2299 234 95390 5414 1513 619 320 894 542 274 352 3901 3872 724 619 308 268 89976 9591 9014 80385 2050 8795 818 577 404 151
is_linear=0
shrinkage=0.03


Tree=115
num_leaves=31
num_cat=0
split_feature=17 8 12 13 14 14 17 12 8 1 14 13 14 14 7 17 17 10 10 7 17 12 9 1 1 14 1 1 10 14
split_gain=68.4814 62.8312 62.6376 113.989 140.763 142.339 208.698 126.541 116.696 191.535 140.783 116.829 167.817 119.035 112.213 108.089 224.431 211.458 120.461 108.038 106.682 103.936 103.424 152.365 164.341 111.262 115.424 135.311 104.731 100.894
threshold=-67.752189672368871 0.84262705447784236 0.96695414277254954 1.0055601990486858 20.461871968848577 8.3571944123150654 -21.171118346867193 1.1292780618094473 3.2204595932373152 -1.7794378168888179 225.93486328275839 0.96655450466976023 265.24850341884172 115.03029888752793 0.58506711309069825 -4.6396850892162984 -14.902543802212287 3.1222571623563184 2.8305734932730302 -2.0134779570868284 -25.375257435613541 1.4021016633128995 5.7262610964313145 -6.3510620538957223 -8.2379209450383382 204.69633459927695 -4.926647245238307 3.1810668859315721 3.3289643620784046 149.72151987744755
decision_type=2 2 2 2 2 2 2 2 2 2 2 2 2 2 2 2 2 2 2 2 2 2 2 2 2 2 2 2 2 2
left_child=-1 -2 29 4 5 19 7 -7 9 10 -6 12 13 15 -13 16 17 18 20 -4 -11 -9 23 24 28 -25 -27 -28 -5 -3
right_child=1 2 3 22 8 6 -8 21 -10 11 -12 14 -14 -15 -16 -17 -18 -19 -20 -21 -22 -23 -24 25 -26 26 27 -29 -30 -31
leaf_value=0.015220201586975854 0.017964987425609799 0.0019000072816807809 -0.056889577321543948 -0.036124870085597796 -0.03839467864626047 -0.055916804579127545 -0.042562877316071612 0.026783957624773046 0.011338228596522492 0.022888048467715413 0.031130418724684566 0.035564022241964359 0.033487750653054468 -0.025712684533363839 -0.010482892466360768 0.023727512297516823 -0.030580468570225595 -0.055114458684381237 0.041139481573440988 0.014920813762104041 -0.020200547910436965 -0.032117938664493299 0.007608032378666434 0.0020675636750325643 -0.043205923922306336 0.029650199035248667 -0.027192088045030316 -0.0028576114741798025 0.0072887299567856757 -0.0026342812427215521
leaf_weight=347.28405380994081 216.35594596900046 17226.221077207476 20.367237143218517 66.83099465072155 158.27708088047802 27.662818998098373 174.94916272163391 121.39469722658396 3486.0665075667202 114.93903270177543 31.415343772619963 186.42238258197904 125.10269777663052 176.11979559063911 63.975846473127604 157.97704874351621 193.02961563318968 40.798564001917839 120.75812059640884 254.09039420634508 94.013635762035847 34.660045646131039 2013.9577274620533 8175.5511161014438 146.64001660048962 65.748022742569447 319.53864350356162 576.99925535544753 198.70679734647274 5939.4351958772168
leaf_count=391 466 45677 89 265 829 123 682 127 5538 245 74 318 195 862 230 307 896 172 134 436 468 114 2453 18148 601 91 1233 1174 266 16634
internal_value=0.00195505 0.00184138 0.00175484 0.0031294 0.0066501 -0.00666912 -0.0191123 0.0032191 0.00835406 0.00124249 -0.0268805 0.00543271 0.000936017 -0.00360069 0.0237992 0.00179678 -0.00435107 0.00931404 0.0172865 0.00959183 0.00350129 0.0137017 0.00142994 0.000127067 -0.0177148 0.000931856 -0.00871708 -0.0115308 -0.00363768 0.000737462
internal_weight=40875.3 40528 40311.6 17146 5582.02 633.124 358.667 183.718 4948.9 1462.83 189.692 1273.14 1022.74 897.636 250.398 721.516 563.539 370.509 329.711 274.458 208.953 156.055 11564 9550.01 412.178 9137.84 962.286 896.538 265.538 23165.7
internal_count=99238 98847 98381 36070 11839 1571 1046 364 10268 4730 903 3827 3279 3084 548 2222 1915 1019 847 525 713 241 24231 21778 1132 20646 2498 2407 531 62311
is_linear=0
shrinkage=0.03


Tree=116
num_leaves=31
num_cat=0
split_feature=15 15 6 6 13 6 7 12 18 16 13 18 0 6 15 2 16 5 15 1 17 9 15 2 16 16 12 13 10 10
split_gain=66.7328 109.159 133.493 174.702 89.0601 63.2936 120.705 158.449 94.7174 154.58 210.467 131.823 124.525 181.77 165.935 117.637 114.126 110.405 159.111 100.446 98.465 150.361 155.196 118.451 95.7773 196.799 104.055 91.2302 90.2579 91.978
threshold=0.94405621028507603 0.92857095674807089 7.8190424982011182 7.2419663905477281 1.3739014894132104 11.976273316287733 0.41459924455926617 2.8681418094803672 65.341095448953709 -0.17049549422479257 0.81605134970253779 69.132670416181156 -0.5152624269931646 17.907419667535603 0.22857090437518815 4.9292250887529869 -0.62843460306998833 6.412967598268648 0.087719169093273722 5.3148722568691529 -10.485935698894833 2.3699927087356625 0.78688671283977685 -0.55122693175399518 1.0000000180025095e-35 0.11874696176417208 0.4467349315440004 0.91671020344455501 2.4715377600265209 2.4981201737199243
decision_type=2 2 2 2 2 2 2 2 2 2 2 2 2 2 2 2 2 2 2 2 2 2 2 2 2 2 2 2 2 2
left_child=1 5 3 4 -3 -1 7 -7 -8 10 11 -10 17 15 -15 19 -17 18 -12 -14 21 -11 23 -23 -22 -26 -27 -20 -28 -30
right_child=-2 2 -4 -5 -6 6 8 -9 9 20 12 -13 13 14 -16 16 -18 -19 27 -21 24 22 -24 -25 25 26 28 -29 29 -31
leaf_value=0.001288675449349273 0.011760034323546702 -0.041111140343590168 -0.063982750641989661 0.046017563403898634 0.010886741454246165 -0.072751311798576399 0.0092325517273224873 0.010805807714578225 -0.057686858210500853 0.03465297638021831 0.025803672090941268 -0.014900592164328317 -0.053225693350065766 -0.0019616599441140041 -0.077898282190218229 0.023804356019758516 -0.035703997382253522 0.0090065285997668418 -0.00097892110673264161 0.042367638957695818 0.022115412356195706 0.0097448288931820982 0.004956914332032423 -0.05698050795334695 -0.06090672850739328 0.024515580218467475 -0.041936730265174957 -0.060400400744477278 0.042478884601439983 0.0044174939526469845
leaf_weight=32448.53032428585 608.24152822233737 89.754366976208985 47.17754415795207 42.262040339410305 44.26589048281312 41.801329582929611 2693.3614554293454 39.941757634282112 89.527724124491215 56.717686697840691 49.148082599043846 234.70806765928864 53.240800615400076 42.913304969668388 65.320447772741318 141.35616112500429 36.492869064211845 925.52387714385986 35.567687451839447 12.150505609810351 379.10553774237633 31.139115273952484 123.86245431005955 103.62776601314545 39.065274000167847 269.48191485926509 36.705825634300709 67.166956886649132 58.87089429795742 1946.0269312672317
leaf_count=85263 776 459 218 19 80 182 3601 45 364 81 54 682 261 70 296 168 129 1253 77 9 387 37 192 396 191 290 248 307 42 3061
internal_value=0.00189734 0.00174828 -0.0191611 -0.00716576 -0.0239366 0.00186503 0.00433461 -0.0319232 0.00473026 0.00220274 -0.00489369 -0.0267147 5.78481e-05 -0.015448 -0.0477904 -0.00105673 0.0115938 0.0051162 -0.0185902 -0.0354633 0.00628895 -0.00958279 -0.0192837 -0.041563 0.00812282 0.00586566 0.00699434 -0.0398281 0.00468162 0.00553511
internal_weight=40853.1 40244.8 223.46 176.282 134.02 40021.4 7572.82 81.7431 7491.08 4797.72 1753.12 324.236 1428.88 351.474 108.234 243.24 177.849 1077.41 151.883 65.3913 3044.6 315.347 258.629 134.767 2729.26 2350.15 2311.09 102.735 2041.6 2004.9
internal_count=99238 98462 776 558 539 97686 12423 227 12196 8595 3670 1046 2624 933 366 567 297 1691 438 270 4925 706 625 433 4219 3832 3641 384 3351 3103
is_linear=0
shrinkage=0.03


Tree=117
num_leaves=31
num_cat=0
split_feature=17 11 3 18 12 7 16 16 8 10 11 8 14 10 14 17 18 17 1 12 1 16 18 16 7 14 11 14 17 6
split_gain=65.1666 87.4832 102.527 97.8359 102.381 86.5404 147.587 115.896 88.6606 76.7626 74.0317 65.4253 69.6411 60.8551 58.0248 55.2077 60.0359 54.1741 85.126 52.8416 127.224 112.798 128.281 153.018 125.457 108.197 112.601 172.44 144.14 106.078
threshold=-44.058325472366484 1.2663851707449572 1.2897985907004308 29.518223167229902 1.5360129130500575 -1.7416309158327645 -1.5199305172338191 3.4173308263923832 3.5982746093356144 6.0589170291175574 0.95812680773408221 4.6656422437523828 125.00223219231951 1.4372798548467185 28.698756884066167 -54.7886904489635 25.66123696397695 -54.7886904489635 -5.2011724225373808 0.37165945045402227 -2.9877740095451792 -0.1177377261039982 65.727429794227533 -1.3948601217652961 -0.81081232654309765 13.071684843588868 0.98687878531866502 308.13688555628124 -9.1970198159516041 14.044638087596129
decision_type=2 2 2 2 2 2 2 2 2 2 2 2 2 2 2 2 2 2 2 2 2 2 2 2 2 2 2 2 2 2
left_child=1 2 3 15 5 6 -5 -8 14 13 -10 -4 -13 -2 -7 -1 -17 18 -16 20 -15 22 23 -22 -25 -26 27 -27 -28 -23
right_child=9 -3 11 4 -6 8 7 -9 10 -11 -12 12 -14 19 17 16 -18 -19 -20 -21 21 29 -24 24 25 26 28 -29 -30 -31
leaf_value=0.023385573892141808 -0.03550843693697326 0.017574900132847366 0.017691084776386461 0.011405876609467382 -0.069443270548955105 0.035525328293899573 -0.056160634856915567 0.020390146669606944 -0.065739614567357232 0.0081622302293936772 -0.0056328577142598125 -0.041541373718868478 0.0078610081151533062 0.0107009295629816 0.02959617424228838 0.010976221981265471 -0.043466219214164145 0.011332637858611076 -0.040817257257554085 0.0016680848069085634 0.0074308052138841053 -0.003667075349966182 -0.039379235270275204 -0.045300359783818009 0.017407978055526737 -0.036332665964047592 -0.047406605107404326 0.013771568221473286 0.023052308794065175 0.01837346759723989
leaf_weight=155.10335870832205 40.377782141789794 530.54111251980066 483.93001537024975 69.730417907238007 24.910588786005974 57.64215711504221 103.86627368628979 21.480920106172562 28.598211601376534 1527.7618296816945 51.931447878479958 36.531545355916023 86.463097155094147 531.06901350431144 22.151806771755219 55.219075724482536 27.213871732354164 170.28406822681427 51.092970684170723 34405.631641410291 363.55093569681048 876.77808026224375 135.6961929500103 114.09982124716043 100.57580963522196 285.66597019694746 34.489682991057634 78.893383454531431 107.81977414339781 253.30652303248644
leaf_count=131 388 517 585 103 108 40 475 16 121 1805 96 106 108 932 15 63 90 348 206 85587 836 2903 580 738 211 1331 189 142 187 281
internal_value=0.00184145 0.00715505 0.00333238 -0.00346062 -0.00989653 -0.00732476 -0.0235796 -0.043042 0.000982708 0.00157113 -0.0269784 0.0127254 -0.00681236 0.00130137 0.00845917 0.0128418 -0.00699705 0.00205274 -0.0195217 0.00134123 -0.00256088 -0.00555675 -0.0118793 -0.0084403 -0.016437 -0.0110154 -0.0166553 -0.0254897 0.0059761 0.00127327
internal_weight=40832.4 1976.69 1446.15 839.225 601.689 576.778 195.078 125.347 381.701 38855.7 80.5297 606.925 122.995 37328 301.171 237.536 82.4329 243.529 73.2448 37287.6 2881.95 2350.88 1220.79 1085.1 721.544 607.445 506.869 364.559 142.309 1130.08
internal_count=99238 3128 2611 1812 1528 1420 594 491 826 96110 217 799 214 94305 609 284 153 569 221 93917 8330 7398 4214 3634 2798 2060 1849 1473 376 3184
is_linear=0
shrinkage=0.03


Tree=118
num_leaves=31
num_cat=0
split_feature=13 13 18 15 10 12 12 2 0 10 17 0 7 4 1 1 12 1 18 18 18 13 13 0 10 1 1 16 1 13
split_gain=63.5753 75.3696 164.842 130.385 70.576 70.1977 65.2194 65.6261 65.2028 60.3245 59.1164 139.021 114.451 180.451 141.064 107.579 107.065 130.125 100.075 153.489 147.148 117.305 164.215 131.173 105.398 115.481 173.914 116.348 119.914 109.439
threshold=2.4169426162521419 2.3014396993652197 80.202575314077549 0.28315977160521216 2.7795096051248493 6.5282051600374702 0.51124931236813975 13.847800163817682 -5.231183314645901 1.4372798548467185 -31.943064507510094 0.59203481247414014 2.8179168533009729 7.8120378528301009 1.6256151358091777 2.8880674558093848 0.54510446221309128 2.0536748010872579 36.35081800406342 35.844881489404656 36.603023859147939 0.5063889665439244 0.81909875408891475 -2.3334730098029719 3.6730062407603534 -5.0622753343161007 -4.4595033194281699 -1.4952388492836743 -2.6949493826649902 0.82244546876565017
decision_type=2 2 2 2 2 2 2 2 2 2 2 2 2 2 2 2 2 2 2 2 2 2 2 2 2 2 2 2 2 2
left_child=1 5 3 4 -3 8 7 -2 -1 -10 11 12 13 14 -11 -16 17 -14 19 21 -20 -12 23 -23 25 29 -27 28 -28 -24
right_child=6 2 -4 -5 -6 -7 -8 -9 9 10 18 -13 16 -15 15 -17 -18 -19 20 -21 -22 22 24 -25 -26 26 27 -29 -30 -31
leaf_value=0.0099800287901639761 -0.057936363353203742 0.03092993014556869 0.02544662788945326 -0.073579964587462826 -0.039557254110583764 0.019449034460424647 0.011437671877442613 0.020036426055151709 -0.035472088215909234 0.0018439578851198435 0.027610215798138601 0.009845840914079888 -0.065811170262761051 -0.045798560789650944 -0.051385894334364177 -0.008788856219007329 0.026871400668821505 0.031630113466257513 0.030234302131241304 -0.0414513170377643 0.0012429124099638527 0.016291641663638279 0.057138637350983054 -0.039764154518673843 0.010111795742546155 0.034115998453656059 -0.045449449543097868 -0.015249832765005047 0.035130171333980685 -0.042469400078052701
leaf_weight=818.60345858335495 24.802547130733728 24.012954391539097 50.132817253470421 53.300083734095097 27.340083353221416 199.33488164097071 858.26000576466322 15.969965815544127 39.840257242321968 2117.9042316582054 100.50391987711191 2340.8039875943214 27.246829859912395 82.517465610057116 77.395190145820379 171.81607429683208 227.44080691039562 22.536488890647888 158.35088168270886 103.56048820354044 31754.432750269771 46.76438008621335 10.841154664754866 191.10025703068823 448.83721104264259 97.115074247121811 20.651589630171657 495.45902469754219 85.166803376749158 117.74531173147261
leaf_count=1080 116 21 31 246 92 189 1042 12 390 5156 195 3888 124 325 376 426 213 18 286 582 78841 87 2 1287 652 150 121 2546 159 585
internal_value=0.00178718 0.00160947 -0.019284 -0.0407116 -0.00659707 0.00169081 0.00967652 -0.0273956 0.00160133 0.00142427 0.00146225 0.00448285 -0.000120873 -0.00218847 -0.000668223 -0.0220178 0.018149 -0.0217003 0.00100709 -0.00604665 0.00138677 -0.00377521 -0.0058591 -0.0287435 -0.0015925 -0.00794493 -0.00313458 -0.00915109 0.0194042 -0.0340714
internal_weight=40809.8 39910.8 154.786 104.653 51.353 39756 899.033 40.7725 39556.6 38738 38698.2 5067.66 2726.86 2449.63 2367.12 249.211 277.224 49.7833 33630.5 1717.75 31912.8 1614.18 1513.68 237.865 1275.82 826.979 698.392 601.277 105.818 128.586
internal_count=99238 98068 390 359 113 97678 1170 128 97489 96409 96019 10526 6638 6283 5958 802 355 142 85493 6366 79127 5784 5589 1374 4215 3563 2976 2826 280 587
is_linear=0
shrinkage=0.03


Tree=119
num_leaves=31
num_cat=0
split_feature=15 10 8 0 0 2 4 10 7 14 10 5 12 7 4 4 12 14 0 7 10 8 4 5 5 10 8 12 17 10
split_gain=62.1547 58.8825 58.5702 56.1752 54.2723 74.608 51.9328 54.9308 51.1459 137.295 216.228 115.8 111.524 156.354 117.4 104.774 170.601 196.466 101.151 176.485 96.9958 131.257 119.709 99.6059 134.443 95.6899 105.307 171.966 91.4005 102.295
threshold=0.96105965272177774 1.4372798548467185 0.84262705447784236 -5.231183314645901 0.74221011789386637 0.28175574208328952 -5.9705367154326217 3.9606593766680054 -0.042159205841119089 201.79943079885436 3.7012769739433322 -4.4080994597168681 0.60141470264236296 -0.47668375899717058 6.3995137127013333 -2.2332272072198394 0.39746958368323765 59.826887068735196 -0.12936742120884889 1.2195633277983011 3.7459103112756815 3.3076385495645546 -7.3789331816287982 -3.9821715435229312 -0.42176222466130014 4.6783965076585234 3.8336389149423171 1.3346911663723771 -5.9093821118971119 2.9872975930684018
decision_type=2 2 2 2 2 2 2 2 2 2 2 2 2 2 2 2 2 2 2 2 2 2 2 2 2 2 2 2 2 2
left_child=1 -1 4 -4 5 -3 -2 -8 9 12 -11 15 13 -5 -15 16 -10 -18 -17 -20 -12 23 -23 -22 -25 -24 -27 -28 -14 -30
right_child=6 2 3 8 -6 -7 7 -9 11 10 20 -13 28 14 -16 18 17 -19 19 -21 21 22 25 24 -26 26 27 -29 29 -31
leaf_value=-0.035296762792252079 0.028088269496501155 0.015778852921213886 0.0090965129195072769 -0.0012209333171249888 0.034604262477242832 -0.043596047558145938 -0.024906219083676011 0.011783996793223582 0.031921454403174926 -0.027518063179182765 0.036610620883426696 0.0018113394974889857 0.0018767621217362065 -0.023901228365878529 0.044337179645648685 0.02433263208346859 0.010185561060938935 -0.049237785607252255 -0.064494050868132244 0.019917404391374186 -0.051903550887691191 0.012035956989349223 -0.043390770980560496 0.0064161359413946991 -0.05049952328033358 0.031562781375525574 -0.072131024599620716 0.010312043393734581 -0.0014542393206808195 0.028486740430829761
leaf_weight=38.851940052583814 141.7802485153079 96.382535919547081 873.12070301175117 2536.7556896433234 92.647930106148124 23.737792300060391 44.319446533918381 214.30752235651016 90.021505020558834 402.92218300048262 56.833121687173843 24273.708836436272 9243.1821644771844 431.43529305979609 23.950530037283897 547.6992179453373 106.43054623901844 94.567680217325687 33.607899829745293 66.206396967172623 72.497682973742485 451.61032270640135 71.580380454659462 127.44505979120731 52.838191106915474 55.641335070133209 36.105469346046448 61.654238194227219 174.90120202302933 248.77627538144588
leaf_count=390 70 227 1168 8452 46 160 111 207 67 2721 78 54569 24715 2020 14 606 179 409 151 64 330 608 272 266 239 40 152 72 586 249
internal_value=0.00173453 0.00161792 0.00165347 0.00157024 0.017352 0.00404538 0.0134961 0.0054966 0.00140286 -4.77326e-05 -0.00900071 0.00221112 0.000934717 -0.00412652 -0.0203123 0.0125509 -0.00240063 -0.0177725 0.0192708 -0.00850429 -0.0014353 -0.00376189 0.00312934 -0.0222069 -0.010265 -0.0147491 -0.00138427 -0.0201366 0.0025013 0.0161266
internal_weight=40785.5 40385.1 40346.3 40133.5 212.768 120.12 400.407 258.627 39260.4 14048.1 1389.13 25212.2 12659 2992.14 455.386 938.533 291.02 200.998 647.514 99.8143 986.206 929.373 676.592 252.781 180.283 224.981 153.401 97.7597 9666.86 423.677
internal_count=99238 98850 98460 98027 433 387 388 318 96859 40814 4778 56045 36036 10486 2034 1476 655 588 821 215 2057 1979 1144 835 505 536 264 224 25550 835
is_linear=0
shrinkage=0.03


Tree=120
num_leaves=31
num_cat=0
split_feature=17 8 3 8 6 8 9 12 10 15 8 2 17 13 13 15 3 1 17 8 4 3 3 14 15 10 17 6 3 12
split_gain=60.679 60.2723 71.9607 56.3773 57.7 111.902 110.817 93.66 139.101 83.0068 156.874 186.687 147.054 187.82 139.193 136.908 148.741 211.193 116.278 167.644 176.641 170.884 156.238 149.814 127.954 135.593 138.953 125.737 125.001 138.018
threshold=-67.752189672368871 2.6169028243355332 8.5546306309885924 0.84262705447784236 11.976273316287733 1.2572950333774329 2.3593839647541159 0.62368960331264967 2.796555673157497 0.38582543036709172 1.6469942428343982 4.3269546709559519 -9.2958668614693085 0.68396773051900384 1.0545705554030247 0.32692277784154739 -2.3302735847654126 0.26547740375181267 -31.567628572342496 3.9092666493013786 9.3052939475644649 9.224096893011227 11.213182891868803 6.2231497709096537 0.8620702758924822 3.3400821022369542 -9.1970198159516041 6.2014010358088258 3.3734246609842371 0.44308313216911765
decision_type=2 2 2 2 2 2 2 2 2 2 2 2 2 2 2 2 2 2 2 2 2 2 2 2 2 2 2 2 2 2
left_child=1 2 -1 -2 9 -6 7 8 -7 15 11 12 -11 -14 -15 -5 17 -17 -12 20 22 -21 23 -20 28 26 -26 -28 -25 -30
right_child=3 -3 -4 4 5 6 -8 -9 -10 10 18 -13 13 14 -16 16 -18 -19 19 21 -22 -23 -24 24 25 -27 27 -29 29 -31
leaf_value=-0.05118794573846347 0.016998225427775647 0.0190376271185125 0.030190479672559809 0.0013272075938832988 0.032665855214496393 0.025226840107551957 0.0039458517415245668 -0.043936514821784546 -0.04737166628752832 -0.02293477722187081 0.0061577779405011888 0.014332276898583221 -0.041129575172523664 0.016670685109120596 -0.027582787504206448 0.0030227101706012836 0.013781817325497594 -0.051042195838179184 -0.024965685279097344 -0.0087694673754525002 -0.0096795449291186258 0.0079260087049102413 -0.034255440713591295 0.0026919085988795586 -0.030116634915416562 0.0093747065494611433 0.0124523182734993 -0.043598721750363875 -0.017968801432777085 0.013333601161289012
leaf_weight=25.25297262519598 212.25446591153741 297.52876653522253 15.960459515452383 12867.822488937527 119.23269645497203 66.370015690103173 7414.1905302852392 80.34840352833271 36.991702616214752 746.89495191909373 2619.8652238212526 239.46856460347772 88.045175384730101 305.95045759156346 80.878226352855563 594.41320725902915 1728.6741169001907 73.014244629070163 163.38238532468677 3267.4882196560502 1126.659289252013 663.85598987340927 100.0581860691309 4868.3046359028667 291.67649037949741 283.31152018904686 180.24139035027474 45.015262611210346 135.25893645361066 2020.3270177915692
leaf_count=129 466 254 8 33569 137 188 11735 485 188 4809 4982 590 646 992 447 1546 3523 396 566 7394 3271 962 347 14081 1737 548 526 252 442 4022
internal_value=0.00168358 0.0143279 -0.019673 0.00157762 0.00149621 0.00382809 0.00337554 -0.0196412 -0.000755142 0.000942347 -0.000485006 -0.0098885 -0.0146358 -0.00158295 0.00741816 0.00255324 0.00913743 -0.0028918 0.000386567 -0.000763614 0.00144931 -0.00595023 0.00299964 0.00346633 0.00406004 -0.00730594 -0.016448 0.00125109 0.00535498 0.0113694
internal_weight=40758.7 338.742 41.2134 40420 40207.7 7717.13 7597.9 183.71 103.362 32490.6 17226.7 1461.24 1221.77 474.874 386.829 15263.9 2396.1 667.427 15765.4 13145.6 9214.24 3931.34 8087.58 7987.52 7824.14 800.245 516.933 225.257 7023.89 2155.59
internal_count=99238 391 137 98847 98381 12733 12596 861 376 85648 46614 7484 6894 2085 1439 39034 5465 1942 39130 34148 25792 8356 22521 22174 21608 3063 2515 778 18545 4464
is_linear=0
shrinkage=0.03


Tree=121
num_leaves=31
num_cat=0
split_feature=13 13 6 10 12 12 2 10 1 16 13 7 7 5 14 10 12 17 10 12 12 9 13 12 8 12 9 3 12 12
split_gain=59.0763 71.1368 159.764 139.07 66.4359 61.2765 61.8413 56.1997 52.7675 79.6936 97.9472 119.073 58.6286 60.0887 87.1151 200.812 168.01 83.7638 126.024 143.967 62.6608 90.6743 96.5898 144.277 81.0922 71.4386 90.9875 209.707 128.116 110.845
threshold=2.4169426162521419 2.3014396993652197 22.992679466970397 2.70590274792217 6.5282051600374702 0.51124931236813975 13.847800163817682 1.4372798548467185 -8.94460775392856 -0.75990024024578162 0.81909875408891475 -2.5046070429164451 -4.8809356010233165 8.799553854255846 459.60048967212242 4.8948596858888811 2.4444790774847855 -7.2233843656629064 5.4284627053287098 1.0657134126437871 0.62719398901552015 2.6785253291205966 0.9131047397330837 0.69010631829883684 5.1549731567656343 1.6421630334721689 4.0417847369618238 12.112602945755492 1.5566321234599261 1.4987054606507746
decision_type=2 2 2 2 2 2 2 2 2 2 2 2 2 2 2 2 2 2 2 2 2 2 2 2 2 2 2 2 2 2
left_child=1 4 3 -3 7 6 -2 -1 9 -9 -11 -12 -10 -14 20 16 -16 18 -17 -20 -15 24 -23 -24 -22 26 27 -25 -29 -28
right_child=5 2 -4 -5 -6 -7 -8 8 12 10 11 -13 13 14 15 17 -18 -19 19 -21 21 22 23 25 -26 -27 29 28 -30 -31
leaf_value=-0.035110559960489257 -0.056592422775508883 0.0087983259673388037 0.020296390659952059 -0.068048660412586517 0.018907355622835319 0.010984474422405355 0.019561347492347329 0.012822287295188773 0.009698417802270912 0.021474609095794895 0.0010253706065827531 -0.074082589262142826 0.00074444599548736598 0.013519959343476577 -0.062480143819482609 0.021551246300795218 0.013399312433368301 0.011277202474088043 -0.11564729074073463 -0.011782853741865626 -0.048895227983867806 0.017158636681525442 -0.054180970192124131 0.006290614739547673 0.03793098037703832 0.0083054936808077528 0.0054414629805670904 -0.060654249838430631 0.015620128622651164 -0.046344813803551259
leaf_weight=37.792936000972986 24.582893915474415 31.632259458303452 58.272154435515404 64.230741370469332 197.29375264048576 851.02369806170464 15.743113681674002 708.75567528605461 738.94706743955612 45.298262223601341 40.484102912247181 35.792367234826088 33687.011584608816 810.74847467988729 88.513153754174709 34.55708834528923 37.341309145092964 295.93989966064692 19.875354520976543 30.353553920984268 49.553292267024517 477.70503906160593 39.930261746048927 156.26368107646704 12.03154134750366 1221.4895734488964 757.29367430508137 101.30614870041609 24.639789044857025 39.12059374153614
leaf_count=390 116 59 44 287 189 1042 12 803 1019 37 64 170 88749 977 359 25 38 311 104 54 244 493 149 296 8 1554 1058 439 29 119
internal_value=0.00163388 0.001463 -0.0188782 -0.0426912 0.001542 0.00927223 -0.0268623 0.00145524 0.00149027 0.008973 -0.0134676 -0.0342187 0.0013294 0.00116615 0.00455125 -0.00711442 -0.0399665 0.00374532 -0.0225442 -0.0528815 0.00615273 0.00407831 0.00486536 0.00235576 -0.0319324 0.00333725 -0.00228905 -0.0169263 -0.0457321 0.00289767
internal_weight=40733.5 39842.2 154.135 95.863 39688 891.35 40.326 39490.7 39453 830.33 121.575 76.2765 38622.6 37883.7 4196.66 506.58 125.854 380.726 84.786 50.2289 3690.08 2879.33 2817.75 2340.04 61.5848 2300.11 1078.62 282.21 125.946 796.414
internal_count=99238 98068 390 346 97678 1170 128 97489 97099 1074 271 234 96025 95006 6257 891 397 494 183 158 5366 4389 4137 3644 252 3495 1941 764 468 1177
is_linear=0
shrinkage=0.03


Tree=122
num_leaves=31
num_cat=0
split_feature=15 15 2 12 2 3 10 8 7 7 0 0 18 11 14 12 8 18 14 17 8 7 17 8 15 0 8 9 7 18
split_gain=58.0774 101.373 119.575 114.717 67.4966 57.9078 53.769 52.5573 54.9002 82.4395 70.4418 108.077 185.654 124.503 86.4729 60.0122 113.788 304.908 112.49 246.626 132.974 129.041 113.245 229.721 130.792 109.576 104.228 95.8874 93.4539 101.738
threshold=0.94405621028507603 0.92857095674807089 -0.39373135079873162 2.6343705450370165 -0.86333598339515805 1.9611024240305144 1.4372798548467185 0.84262705447784236 5.0781632702433974 5.3003887123473161 2.0383580433702471 1.3340001127752308 57.847189781417178 1.4836323315273492 570.41412361904952 0.96695414277254954 7.7421944792098456 65.942757714388932 46.968532348505029 -2.0632505047762471 5.7180142636106321 -2.6877231242403816 -9.0954496715023776 4.9470685917916128 0.84858988628571064 2.4371677536804328 1.2572950333774329 1.3678285804395287 1.8042997013560049 32.990505655838
decision_type=2 2 2 2 2 2 2 2 2 2 2 2 2 2 2 2 2 2 2 2 2 2 2 2 2 2 2 2 2 2
left_child=1 6 4 -4 5 -3 -1 -8 15 -10 11 -11 -13 -14 -12 16 18 -18 19 20 22 -22 26 24 -24 -23 -9 -28 29 -29
right_child=-2 2 3 -5 -6 -7 7 8 9 10 14 12 13 -15 -16 -17 17 -19 -20 -21 21 25 23 -25 -26 -27 27 28 -30 -31
leaf_value=-0.034933319440880982 0.010895460106967264 -0.050928992926838702 -0.05190804469356429 0.0072312473250898636 0.043694957758416517 0.018442451812140045 0.016580754563320071 -0.025098182149343985 0.01913310453762351 0.0019188377874457476 0.014999718053861993 0.033685007837741067 -0.088347996034104676 0.0048005064440113446 -0.021217804590276571 0.0026327565820053068 -0.075035190637321558 0.027561470208943305 -0.0013234134836771455 -0.042475883697339463 0.01265328471110356 -0.069451064571904822 0.0089856846441776737 -0.069686071634265559 0.034441510930408523 -0.0017208620863442545 0.044245583192237571 0.014726276915185698 0.011068599286931016 -0.00094898849299003107
leaf_weight=36.303057251498103 594.31601925007999 19.848579816520214 102.77115671988577 41.416801422834396 33.147943519055843 23.834035634994507 209.48299768380821 124.21908257901669 359.23152531683445 1335.2544398531318 616.27359007298946 26.820190981030464 43.649967044591904 18.340605497360229 65.652118623256683 15751.835356593132 60.426083706319332 45.853011578321457 13424.629040643573 105.02924365922809 53.915539234876633 60.92111411690712 1911.491174697876 31.916291803121567 200.73147350922227 33.220484629273415 49.531941823661327 410.84866222366691 909.51303691416979 4007.4222899749875
leaf_count=386 776 112 540 62 30 32 432 780 382 2032 588 10 205 23 138 34017 265 30 40435 485 69 260 3860 134 192 62 60 773 1530 10538
internal_value=0.00158604 0.00144812 -0.0188132 -0.0349208 0.0114159 -0.0130787 0.00156037 0.00159361 0.00151442 0.00584993 0.00358414 -0.000212608 -0.0322585 -0.060789 0.0115129 0.00122697 0.000193647 -0.0307709 0.000347979 0.00318866 0.00380404 -0.0243554 0.00434934 0.0101978 0.0114048 -0.0455506 0.00207001 0.00269761 0.00231134 0.000508632
internal_weight=40707.8 40113.5 221.019 144.188 76.8306 43.6826 39892.5 39856.2 39646.7 2465.22 2105.99 1424.07 88.8108 61.9906 681.926 37181.5 21429.7 106.279 21323.4 7898.76 7793.73 148.057 7645.67 2144.14 2112.22 94.1416 5501.54 5377.32 5327.78 4418.27
internal_count=99238 98462 776 602 174 144 97686 97300 96868 3378 2996 2270 238 228 726 93490 59473 295 59178 18743 18258 391 17867 4186 4052 322 13681 12901 12841 11311
is_linear=0
shrinkage=0.03


Tree=123
num_leaves=31
num_cat=0
split_feature=17 8 3 10 8 12 13 9 9 10 3 5 6 8 13 17 12 3 2 2 7 8 13 11 8 17 2 2 1 8
split_gain=56.5598 57.3511 68.3228 51.4476 55.7888 50.8411 110.535 121.459 104.946 128.809 136.17 261.358 134.25 102.114 102.105 331.762 114.831 99.7439 147.591 184.91 143.515 128.14 111.304 100.622 90.8538 217.798 122.323 183.181 106.431 131.15
threshold=-67.752189672368871 2.6169028243355332 8.5546306309885924 1.4372798548467185 0.84262705447784236 0.96695414277254954 1.0055601990486858 1.8039646178034126 1.8039646178034126 2.1041635684526248 1.7749449887245585 3.5842155961341908 1.2201493529668368 1.2119452360168876 1.0859265278929933 -29.906819273322601 0.98499871374385362 10.011090343746478 1.4275497619214208 0.3982739214515974 1.5651777988245132 7.0770996203445993 1.0376387628559565 1.1136400145835028 6.5821679313769321 -25.153198925366677 -3.8354877726736123 5.7342570727027207 -5.2011724225373808 2.1518508519788604
decision_type=2 2 2 2 2 2 2 2 2 2 2 2 2 2 2 2 2 2 2 2 2 2 2 2 2 2 2 2 2 2
left_child=1 2 -1 -2 -5 24 7 -7 -8 10 -10 12 -12 -11 15 -15 -17 18 19 22 -19 -22 -18 -21 28 -26 -27 -28 29 -6
right_child=3 -3 -4 4 5 6 8 -9 9 13 11 -13 -14 14 -16 16 17 20 -20 23 21 -23 -24 -25 25 26 27 -29 -30 -31
leaf_value=-0.050491444738154978 -0.034671818932179695 0.01847687840701254 0.029552578183390504 0.017025235324715657 -0.048946397132267318 -0.019610536149126476 0.02046547310786288 0.0068746839577974667 -0.039397370591306893 0.040881384061336637 -0.043315567743408064 -0.041481973377419747 0.028818292233030902 0.018301122982145365 0.0020122227794915201 0.023728392779219756 -0.053552885003898709 0.027680512297057654 -0.043194415770754647 -0.014002416622855439 -0.06986575213233355 0.014681810948560296 -0.014818740055976732 0.039194078649756985 -0.080803049587085715 0.0077522946520892531 -0.056703459782803209 0.0036468782746605982 0.00020134629940199496 0.010023443092009235
leaf_weight=24.877039849758148 35.479916121810675 292.74973161518574 15.625496610999106 206.43167582154274 34.778060711920261 160.47515361383557 242.81177241913974 5389.5466482620686 143.69872058369219 57.969989567995071 27.30480782687664 104.39745737612247 155.25451831519604 335.82056303322315 9511.0660372450948 59.26752083003521 95.458898037672043 87.131168186664581 242.10274922847748 56.743696846067905 35.295048646628857 29.716889813542366 222.14476142823696 73.392527788877487 38.761577114462852 236.48224860429764 86.136103086173534 95.397138863801956 21177.10778651759 1413.5129872597754
leaf_count=129 388 254 8 422 185 1051 752 10739 1030 67 147 493 213 462 18334 84 453 71 944 176 157 30 654 55 174 326 322 127 58761 2230
internal_value=0.00153933 0.0138478 -0.0196112 0.00143768 0.00146945 0.0013894 0.00263285 0.00610888 0.000952297 0.000530643 -0.0155589 -0.00362133 0.0180295 0.00117186 0.000957685 -0.00714998 -0.0166334 -0.0194745 -0.0243236 -0.0141198 0.00251223 -0.0312191 -0.0264607 0.0159986 0.000472003 -0.0127745 -0.00646635 -0.0249889 0.000739432 0.00860739
internal_weight=40686.9 333.252 40.5025 40353.7 40318.2 40111.8 17029.6 5550.02 11479.6 11236.8 430.656 286.957 182.559 10806.1 10748.1 1237.07 901.253 841.986 689.843 447.74 152.143 65.0119 317.604 130.136 23082.2 456.777 418.015 181.533 22625.4 1448.29
internal_count=99238 391 137 98847 98459 98037 35912 11790 24122 23370 1883 853 360 21487 21420 3086 2624 2540 2282 1338 258 187 1107 231 62125 949 775 449 61176 2415
is_linear=0
shrinkage=0.03


Tree=124
num_leaves=31
num_cat=0
split_feature=0 4 11 14 13 2 6 17 0 14 5 14 5 14 7 6 2 14 4 13 7 4 3 5 7 17 14 14 15 4
split_gain=56.0779 54.9665 54.3905 86.9141 120.334 95.5339 124.476 86.0427 85.9093 101.383 78.3004 111.539 62.7791 85.093 58.1385 112.046 105.578 97.7851 161.719 99.3511 99.1773 93.4018 93.1564 180.283 108.654 139.182 132.12 137.122 204.307 176.093
threshold=7.3776006052357053 -20.80294495528052 0.66900044789525215 201.79943079885436 0.57621520612218513 1.1734527281737741 7.7102250356867614 -37.345984536951953 -0.48037190934029145 403.7915029219559 -0.14843311857626837 317.11562239986091 5.7067523829471627 403.7915029219559 -0.042159205841119089 -3.5472929756120339 2.0003411480692517 201.79943079885436 -5.857201659526722 1.2629064802187315 -1.4007102103305966 -6.087728091577115 10.011090343746478 3.2824890442643944 -0.88357378331486147 -26.061979717740027 6.2231497709096537 33.370784775816048 0.18786311106833525 -0.36059494943493914
decision_type=2 2 2 2 2 2 2 2 2 2 2 2 2 2 2 2 2 2 2 2 2 2 2 2 2 2 2 2 2 2
left_child=1 -1 3 7 8 6 -6 -3 9 -5 -10 -12 13 -13 17 16 -16 22 -19 20 -20 -17 23 24 -4 -26 -27 29 -29 -28
right_child=-2 2 14 4 5 -7 -8 -9 10 -11 11 12 -14 -15 15 21 -18 18 19 -21 -22 -23 -24 -25 25 26 27 28 -30 -31
leaf_value=0.010075692868644648 0.0098991207099523686 0.026677463458307848 0.0013312478629989171 -0.056267387534318078 -0.049816228342629269 -0.056556280276768303 0.016747659163199424 0.0064227362598566614 0.027035573014285368 0.0019734997796552458 -0.057553451940516039 0.014840562418326497 0.028199008189341932 -0.066820960890187062 0.014067551708145217 -0.041717652160151164 -0.030054464522229016 -0.0001867858012559267 -0.053675877335396173 -0.055232977215372216 -0.010456575311176405 0.0014560448266968842 -0.02156792403238093 0.012938659438161535 -0.019399572135762332 -0.045809449771434446 -0.0028586061241492023 0.0098521050344625577 -0.013931543258420746 0.022231536883088446
leaf_weight=638.79936634004116 702.05043084919453 213.68422999233007 7419.0828866902739 40.196114050224423 41.328928703442216 59.500241328030825 65.128750920295715 1618.1062862109393 159.44278837926686 81.322943810373545 27.72928237169981 29.851342722773552 67.247821167111397 18.664833053946495 925.98553004488349 45.187119625508785 51.525819309055805 723.62966202571988 56.169485347345471 72.621828652918339 320.15932000335306 22923.676978264004 175.55992149561644 954.73910930380225 524.7219514772296 61.998654268682003 651.36492382921278 456.31969276629388 1130.1148884706199 410.3622164092958
leaf_count=777 772 251 20956 201 231 299 89 3650 208 151 146 48 46 94 1644 160 169 2002 332 384 1417 51824 467 1540 2122 344 1987 1316 4954 657
internal_value=0.00149385 0.0013462 0.0012044 0.00555924 -0.00445046 -0.0261103 -0.00909373 0.00878552 0.00401833 -0.0172914 0.0125665 -0.00351086 0.00943411 -0.0165757 0.000918558 0.00179445 0.0117418 -0.000700235 -0.00896229 -0.0231069 -0.0169073 0.00137111 0.000121871 0.000449889 -0.000669273 -0.00525739 -0.00251929 -0.00150578 -0.00709045 0.00683884
internal_weight=40666.3 39964.2 39325.4 2422.2 590.413 165.958 106.458 1831.79 424.455 121.519 302.936 143.493 115.764 48.5162 36903.2 23946.4 977.511 12956.8 1172.58 448.951 376.329 22968.9 11784.3 11608.7 10654 3234.88 2710.16 2648.16 1586.43 1061.73
internal_count=99238 98466 97689 5414 1513 619 320 3901 894 352 542 334 188 142 92275 53797 1813 38478 4135 2133 1749 51984 34343 33876 32336 11380 9258 8914 6270 2644
is_linear=0
shrinkage=0.03


Tree=125
num_leaves=31
num_cat=0
split_feature=13 13 6 10 12 12 0 0 16 10 12 14 15 14 0 13 3 3 14 16 6 14 18 5 7 11 12 9 15 7
split_gain=54.6191 67.6464 150.236 129.49 61.3842 57.1801 55.3806 56.8153 136.723 115.135 110.913 110.214 124.886 106.919 139.42 183.204 121.903 155.176 272.298 119.232 117.186 113.432 139.81 105.029 171.093 171.908 110.867 98.8604 96.1451 95.3479
threshold=2.4169426162521419 2.3014396993652197 22.992679466970397 2.70590274792217 6.5282051600374702 0.51124931236813975 -5.231183314645901 -1.2084957511610643 -0.38138691889298887 2.0184596685626515 0.99749940351451472 119.22830934857002 0.29954612312030648 20.911405000927129 -1.9594554500858938 0.73391766568929306 -3.2820439254320148 -7.1371938733695339 183.58748678601526 -0.60068528513058406 -4.7029377188101575 570.41412361904952 77.957130869423011 -5.5946021702124922 0.040420185601919296 1.132896740819276 0.19751567635144465 2.7373105290997062 0.63075921323769735 0.73169043814022017
decision_type=2 2 2 2 2 2 2 2 2 2 2 2 2 2 2 2 2 2 2 2 2 2 2 2 2 2 2 2 2 2
left_child=1 4 3 -3 6 -2 -1 8 9 -8 23 -12 -13 14 27 20 17 19 -19 29 -16 28 -23 -10 26 -26 -25 -11 -18 -15
right_child=5 2 -4 -5 -6 -7 7 -9 10 13 11 12 -14 16 15 -17 21 18 -20 -21 -22 22 -24 24 25 -27 -28 -29 -30 -31
leaf_value=0.0090581570835795346 -0.026289980005298648 0.0082012186194925247 0.019757964513573693 -0.066064677413911227 0.018174765742226172 0.010490810814130409 -0.037088962107523077 0.0017295866967960624 0.011379042644020003 -0.045413445130944252 -0.040925636591903083 -0.048191183148621815 0.015099505544120179 -0.0043621211123247164 0.028361019804813533 -0.047165118677121608 0.0001076848726696249 0.018260957843244715 -0.024362027566160748 -0.055980925621930182 -0.030886266699630054 -0.05634235541525081 0.01765038767957262 0.05037524323364366 0.0035453961930891429 -0.049663278396367187 -0.043813313573266233 0.0033651011465941618 -0.054525524628696642 0.015834409568000259
leaf_weight=806.95293363183737 39.838402334600687 31.491622682660818 57.397782176733017 64.2203130684793 194.50275972485542 842.86444490402937 72.436779802665114 30089.635277473368 255.69816081598401 40.429286126047373 180.08504898846149 40.84904358536005 89.618522141128778 834.94219150207937 66.48792864382267 162.03757820278406 3629.8847438506782 1290.5770119205117 150.64188763871789 34.398019134998322 54.817379891872406 70.045312192291021 34.206307038664818 12.102853894233702 468.42701139673591 61.865103054791689 159.10535407625139 498.15812744945288 29.22395034879446 281.24139274656773
leaf_count=1080 128 59 44 287 189 1042 591 75665 516 201 862 228 163 1926 83 684 8310 2156 534 165 202 276 31 11 1151 314 962 924 132 322
internal_value=0.00144976 0.0012859 -0.0186165 -0.0416293 0.00136283 0.00883081 0.00127987 0.00111729 -0.00104582 0.000543648 -0.0101351 -0.0257137 -0.00471664 0.000923466 -0.00925826 -0.0262931 0.0022403 0.007247 0.0138058 -0.000968606 0.00158741 -0.00120779 -0.0320644 -0.00508078 -0.0110804 -0.00266205 -0.037155 -0.000296481 -0.00032865 0.000726737
internal_weight=40644.2 39761.5 153.11 95.7119 39608.4 882.703 39413.9 38606.9 8517.28 7249.53 1267.75 310.553 130.468 7177.09 821.93 283.343 6355.16 2591.8 1441.22 1150.58 121.305 3763.36 104.252 957.198 701.5 530.292 171.208 538.587 3659.11 1116.18
internal_count=99238 98068 390 346 97678 1170 97489 96409 20744 16537 4207 1253 391 15946 2094 969 13852 5103 2690 2413 285 8749 307 2954 2438 1465 973 1125 8442 2248
is_linear=0
shrinkage=0.03


Tree=126
num_leaves=31
num_cat=0
split_feature=15 15 6 6 13 6 7 12 15 3 5 11 12 9 13 8 8 10 12 14 6 9 9 5 13 5 11 1 1 13
split_gain=53.6547 96.6249 122.075 160.19 80.8241 49.6428 112.658 142.367 75.9492 162.349 140.467 146.833 109.221 123.25 83.0616 146.926 81.0364 111.353 204.95 121.228 156.32 105.492 129.997 125.119 102.641 148.344 99.6916 92.7315 87.8292 109.019
threshold=0.94405621028507603 0.92857095674807089 7.8190424982011182 7.2419663905477281 1.3739014894132104 11.976273316287733 0.41459924455926617 2.8681418094803672 0.72440756950665663 -1.7628066025851261 2.2214692203556492 0.63582205801862279 0.4467349315440004 2.6785253291205966 0.58148711069133896 9.3969282438620461 1.5273205484507981 3.6447159805960498 1.57786008653929 613.70430364177605 25.82587110735837 4.6796928621522262 4.0882582987947336 5.8061097382821814 0.73737214113476157 5.6129698848957892 0.90590616975488059 1.0412722917128694 0.4137364268722688 1.2905407085105869
decision_type=2 2 2 2 2 2 2 2 2 2 2 2 2 2 2 2 2 2 2 2 2 2 2 2 2 2 2 2 2 2
left_child=1 5 3 4 -3 -1 7 -7 10 -10 -8 -12 -11 -14 15 -15 27 18 21 -19 26 22 23 24 -18 -26 -21 -13 29 -25
right_child=-2 2 -4 -5 -6 6 8 -9 9 12 11 16 13 14 -16 -17 17 19 -20 20 -22 -23 -24 28 25 -27 -28 -29 -30 -31
leaf_value=0.00087452435675432747 0.010404649736270075 -0.040040107780478271 -0.061636596863899294 0.044280860825024498 0.01000150650004723 -0.069957873776460497 0.015217543723155145 0.0096306263037427477 -0.057225699461195989 0.027003815049196935 -0.037989482145417378 -0.023746391590526772 -0.025398917785951561 -0.080763077954103479 0.0094201339323230424 0.026338454171278704 0.014367374034201226 0.004502196992604548 0.0098249491365058166 -0.020736117917106275 -0.00041153241932836418 -0.070527999994439039 0.015446780766894208 -0.049203676087288831 -0.04782111307561053 0.035649537859400948 -0.081933733423192989 0.032419901934254022 -0.04899733475201655 0.019656525483384861
leaf_weight=32336.604322524741 587.8257126621902 86.793539391830564 46.67907052859664 41.656562127172947 43.660796578973532 41.968470141291618 616.74683272093534 39.048502951860428 33.592597901821136 274.4666395559907 90.07252686098218 33.018044754862785 101.27002331241965 24.907544985413551 2007.3823749050498 21.460400715470314 109.14616084098816 2834.2261891961098 328.46514198929071 56.666337504982948 200.67346088588238 34.556195616722107 95.171924754977226 37.921028181910515 78.077775806188583 25.39454410970211 41.503543078899384 133.10888025723398 175.90888610109687 45.544704616069794
leaf_count=85263 776 459 218 19 80 182 738 45 119 248 307 131 476 112 2637 11 240 4065 496 135 290 147 151 177 393 27 186 179 861 70
internal_value=0.00140687 0.00127476 -0.0186073 -0.00693716 -0.0232921 0.00138401 0.00358644 -0.0315979 0.00397169 0.00827443 0.00182469 -8.75863e-05 0.0091801 0.00691004 0.00850319 -0.0311935 0.000719605 -0.00012006 -0.00923462 0.00258599 -0.0155873 -0.0196388 -0.0165382 -0.0229876 -0.00592761 -0.0273354 -0.0466088 0.0212567 -0.0369723 -0.0116288
internal_weight=40623.5 40035.7 218.79 172.111 130.454 39816.9 7480.3 81.017 7399.28 2463.08 4936.2 4319.46 2429.49 2155.02 2053.75 46.3679 4229.38 4063.26 930.186 3133.07 298.843 601.721 567.165 471.993 212.618 103.472 98.1699 166.127 259.375 83.4657
internal_count=99238 98462 776 558 539 97686 12423 227 12196 3603 8593 7855 3484 3236 2760 123 7548 7238 2562 4676 611 2066 1919 1768 660 420 321 310 1108 247
is_linear=0
shrinkage=0.03


Tree=127
num_leaves=31
num_cat=0
split_feature=17 8 3 10 8 0 18 0 6 17 7 6 6 18 14 16 14 17 10 7 10 0 7 7 17 17 18 6 16 6
split_gain=52.6705 53.895 64.7692 49.1899 52.4398 50.6013 117.149 46.7893 55.3086 95.1156 107.576 169.666 52.8365 176.296 169.347 157.25 135.388 207.464 134.94 138.255 133.21 120.366 111.39 106.136 106.974 108.67 105.879 103.098 107.448 102.459
threshold=-67.752189672368871 2.6169028243355332 8.5546306309885924 1.4372798548467185 0.84262705447784236 0.74221011789386637 50.37905817046579 -5.231183314645901 19.020710223289026 -11.602287116730402 3.1422834931246983 -4.4977884497613267 1.2201493529668368 49.484209360353397 347.28070801576013 0.72032194186123055 8.8954970452015711 -41.158969618475048 1.9848821341253788 1.3852975918834389 1.8698121382444639 2.8218740847256947 2.0353691580135007 0.90481400856008432 -7.2233843656629064 -8.1532031064246251 54.88402567244281 1.8583488518219864 -0.7744027444904017 -6.0890086753872268
decision_type=2 2 2 2 2 2 2 2 2 2 2 2 2 2 2 2 2 2 2 2 2 2 2 2 2 2 2 2 2 2
left_child=1 2 -1 -2 5 6 -5 8 9 -6 11 -11 13 14 23 -16 17 -15 -18 21 27 29 -21 24 25 -9 -24 -14 -29 -20
right_child=3 -3 -4 4 7 -7 -8 12 -10 10 -12 -13 20 16 15 -17 18 -19 19 22 -22 -23 26 -25 -26 -27 -28 28 -30 -31
leaf_value=-0.049665403408592372 -0.034521244520895403 0.017874059814935211 0.029008787505963644 0.020252274415713045 0.011583207826574491 0.0335919773806602 -0.050270031604344095 0.0011168256764578241 0.025838209374905014 0.0063776430638328007 0.011221634031841831 -0.069347917214254817 0.042482115402977652 0.049818101977939212 -0.03712690407313271 0.0031512609523370208 -0.037264618051276739 -0.049422872361900204 -0.057065793277931508 -0.044495786995745974 0.0016491705731277611 -0.070587503903449644 0.0088031670733293137 0.013418461396413169 -0.029542286388053385 0.02413049123410484 -0.055233305016001197 -0.039340267720426335 0.015537481424812332 -0.00063614885400553579
leaf_weight=24.46656534075737 34.533426038920879 287.68562104552984 15.311454594135283 89.225087413564324 520.97648399323225 88.153519745916128 27.806426748633385 11113.660959072411 134.39036217331886 50.858286917209625 90.255955576896667 55.894963711500168 115.92378240078688 22.295750573277473 195.63306755758822 157.44119489938021 114.02411741763353 126.65930614992976 29.291693061590195 129.7353787869215 23167.300751699135 22.749926067888737 104.0650831758976 680.80364417284727 100.80712143518031 187.78389135561883 29.918820105493069 35.946194741874933 300.93538356199861 2546.4231663532555
leaf_count=129 388 254 8 219 649 45 158 32537 73 82 110 245 156 7 979 380 891 602 127 560 49597 100 195 1198 640 560 133 246 902 7068
internal_value=0.00136547 0.0133485 -0.0193819 0.00126804 0.00129875 0.0164263 0.00349633 0.00122122 0.00817475 0.00486856 -0.0128878 -0.0332715 0.00106995 -0.000287323 0.00131339 -0.0191663 -0.00665713 -0.0345684 -0.00526021 -0.00398521 0.00196414 -0.0018847 -0.0246819 0.00191182 0.00122478 0.00149922 -0.00549628 0.0180791 0.00968187 -0.00127788
internal_weight=40601 327.464 39.778 40273.5 40239 205.185 117.032 40033.8 852.376 717.986 197.009 106.753 39181.4 15561.3 12436.1 353.074 3125.16 148.955 2976.21 2862.18 23620.1 2598.46 263.719 12083.1 11402.3 11301.4 133.984 452.805 336.882 2575.71
internal_count=99238 391 137 98847 98459 422 377 98037 1159 1086 437 327 96878 45977 36294 1359 9683 609 9074 8183 50901 7295 888 34935 33737 33097 328 1304 1148 7195
is_linear=0
shrinkage=0.03


Tree=128
num_leaves=31
num_cat=0
split_feature=17 0 0 12 17 8 8 9 17 1 2 8 11 0 0 18 11 17 9 6 3 1 18 18 0 0 13 18 8 0
split_gain=50.9773 159.402 156.137 103.236 93.9258 103.921 98.1908 124.588 89.7252 98.1283 120.262 86.3476 84.8239 80.2193 93.7721 125.907 72.8076 71.7429 204.185 77.8381 76.9364 74.6475 63.3224 137.775 165.287 137.943 122.085 105.341 100.459 178.39
threshold=-35.646384779427379 0.45991706549453987 0.049555507029941652 0.9442753266447903 -38.47359993289875 4.228016203562027 2.2659142995152615 2.0979955800029271 -44.058325472366484 -1.6275398702509545 -0.94721445566409146 8.039765275224811 0.70199502985077944 -1.3523693269663468 -1.7738302407967053 26.864553586630354 1.4836323315273492 -34.580408721908505 2.4716229508468928 -11.59956706474185 -2.787288797712955 -0.61999545194353345 36.35081800406342 32.990505655838 1.2567552883327804 0.88747741487281406 0.42617576365062854 36.603023859147939 2.9478457849352901 -0.69885194591322752
decision_type=2 2 2 2 2 2 2 2 2 2 2 2 2 2 2 2 2 2 2 2 2 2 2 2 2 2 2 2 2 2
left_child=1 2 4 -4 8 6 7 -6 -1 10 13 -7 -11 14 15 -10 -14 18 21 20 -20 -2 23 28 25 26 -25 -24 29 -19
right_child=17 -3 3 -5 5 11 -8 -9 9 12 -12 -13 16 -15 -16 -17 -18 22 19 -21 -22 -23 27 24 -26 -27 -28 -29 -30 -31
leaf_value=0.0024145406214108002 0.03540179094530007 0.01053971776946692 -0.050113082136570578 -0.0017585317517816001 0.022952187636601996 -0.045792303322603894 0.024843146445531095 -0.046341228995408067 0.019894578557454353 0.010695300343581918 0.027022964343199892 0.021069656756034331 -0.050877221913426016 -0.051193183936318214 0.023121769017415247 -0.04849794080390999 0.020862367155591959 0.01396463621969179 -0.04061045881778922 -0.056372950527703754 0.031010275402615268 -0.018161922418007244 0.025318720872392043 0.039033980150358624 -0.038974864623530968 0.025194631458044809 -0.016537350918264675 0.0012749667366929575 0.0075162415295392838 -0.028518233969905816
leaf_weight=910.7706177085638 67.644915025681257 2001.5242052748799 93.528914507478476 69.092262271791697 49.473095417022705 46.58587671816349 347.90489584207535 44.230597171932459 38.302903652191162 32.93939932435751 83.430291056632996 27.731224209070206 117.72964868322015 44.715434469282627 62.469823122024536 65.916208066046238 14.276059150695799 150.99706849828362 32.49953443557024 86.382046699523926 23.088996365666389 35.813562907278538 164.79147564806044 38.318181145936251 179.98097700439394 103.95007073692977 497.85959909111261 34021.189517735504 911.45300952717662 216.51563107408583
leaf_count=1691 103 3096 493 159 137 164 478 218 35 74 104 22 577 221 78 254 20 455 114 395 18 152 319 52 859 231 2321 83059 1783 1556
internal_value=0.00132504 0.00451816 -0.00136359 -0.0295689 0.0010678 0.0119782 0.0175016 -0.00975612 -0.00303929 -0.0138427 -0.00347639 -0.0208429 -0.0323722 -0.0155129 -0.00594141 -0.0233621 -0.0431188 0.000970982 -0.0151943 -0.0385533 -0.0108624 0.01686 0.00108032 -0.0039773 -0.0135754 -0.006434 -0.0125659 0.00139087 0.00217729 -0.0110636
internal_weight=40581.1 4050.62 2049.1 162.621 1886.48 515.926 441.609 93.7037 1370.55 459.78 294.835 74.3171 164.945 211.404 166.689 104.219 132.006 36530.5 245.429 141.971 55.5885 103.458 36285.1 2099.07 820.109 640.128 536.178 34186 1278.97 367.513
internal_count=99238 7821 4725 652 4073 1019 833 355 3054 1363 692 186 671 588 367 289 597 91417 782 527 132 255 90635 7257 3463 2604 2373 83378 3794 2011
is_linear=0
shrinkage=0.03


Tree=129
num_leaves=31
num_cat=0
split_feature=13 13 6 8 12 12 2 0 0 16 9 12 2 14 14 0 13 3 3 14 16 6 14 18 9 1 6 13 8 8
split_gain=50.4881 63.8952 141.087 122.284 57.2086 53.3469 58.0134 50.1794 51.7867 128.981 107.068 104.56 123.31 104.89 97.8877 130.587 176.722 115.7 139.399 250.374 113.172 108.593 101.52 127.658 94.6685 93.5479 89.1809 88.854 102.41 121.94
threshold=2.4169426162521419 2.3014396993652197 22.992679466970397 2.6938666960376505 6.5282051600374702 0.51124931236813975 13.847800163817682 -5.231183314645901 -1.2084957511610643 -0.38138691889298887 1.864544788763639 0.99749940351451472 2.1930640962846142 119.22830934857002 20.911405000927129 -1.9594554500858938 0.73391766568929306 -3.2820439254320148 -7.1371938733695339 183.58748678601526 -0.60068528513058406 -4.7029377188101575 570.41412361904952 77.957130869423011 2.7373105290997062 -8.94460775392856 -12.039812159034822 0.69146943904216351 3.136669521160949 3.238199694235167
decision_type=2 2 2 2 2 2 2 2 2 2 2 2 2 2 2 2 2 2 2 2 2 2 2 2 2 2 2 2 2 2
left_child=1 4 3 -3 7 6 -2 -1 9 10 -9 12 27 25 15 24 21 18 20 -20 -16 -17 -19 -24 -12 -13 -26 28 -11 -30
right_child=5 2 -4 -5 -6 -7 -8 8 -10 11 14 13 -14 -15 17 16 -18 22 19 -21 -22 -23 23 -25 26 -27 -28 -29 29 -31
leaf_value=0.0085640123524584454 -0.054609781619489366 0.0039080253349636235 0.019266812867462128 -0.066431857897504498 0.017539914774042299 0.010034169726519724 0.019461054163674087 -0.039250538165883704 0.0015540009470616156 -0.044465584840139058 -0.044582480029513406 0.018330829170971046 -0.040713209280948535 -0.0046167273292287746 0.00075140175378392716 0.027863639036387874 -0.04609582688543911 -0.00048873585577053561 0.017363922658854728 -0.023599978863856983 -0.054776534456379498 -0.029886546482127727 -0.05361538066375534 0.017317816508486527 -0.045297458199703274 -0.048152315753380956 0.0065458535130219252 0.0044453172492502843 0.046404870457878389 -0.016064148260326573
leaf_weight=799.19883523136377 24.199075225740671 35.230732776224613 56.590490385890007 60.342801779508591 191.98342955857515 834.8675968721509 15.684540703892706 60.643436292186379 30049.016758271493 81.030698476359248 40.29161773249507 21.683854967355728 79.896184612065554 129.69851133413613 1110.9450213611126 65.838460370898247 160.97721018269658 3663.6868441477418 1294.7411643303931 149.82446549832821 34.046118061989546 52.811197809875011 70.196214001625776 33.843870773911476 31.905914381146431 156.71052292734385 466.31874614208937 613.62445970438421 35.005013789981604 143.042584778741
leaf_count=1080 116 85 44 261 189 1042 12 506 75665 481 207 26 338 391 2251 80 688 8485 2202 532 165 190 273 31 106 836 821 1669 35 431
internal_value=0.00128571 0.00112858 -0.0182743 -0.0405029 0.00120326 0.00841489 -0.0254809 0.00112354 0.000969274 -0.00109863 0.000444176 -0.00995396 -0.00504053 -0.0251459 0.000779657 -0.00898782 -0.0256207 0.00203667 0.00691847 0.0131153 -0.000899712 0.00215892 -0.00131859 -0.0305411 -0.000351155 -0.0400713 0.00322585 -0.00177469 -0.0165067 -0.00378244
internal_weight=40563.9 39689.1 152.164 95.5735 39537 874.751 39.8836 39345 38545.8 8496.76 7236.07 1260.69 952.599 308.093 7175.43 818.143 279.627 6357.28 2589.56 1444.57 1144.99 118.65 3767.73 104.04 538.516 178.394 498.225 872.703 259.078 178.048
internal_count=99238 98068 390 346 97678 1170 128 97489 96409 20744 16537 4207 2954 1253 16031 2092 958 13939 5150 2734 2416 270 8789 304 1134 862 927 2616 947 466
is_linear=0
shrinkage=0.03


Tree=130
num_leaves=31
num_cat=0
split_feature=4 4 9 16 0 10 4 3 10 15 17 1 0 13 17 7 8 3 6 8 7 3 17 3 1 16 16 0 6 1
split_gain=50.4054 84.4582 75.2903 74.8836 76.0742 78.2689 63.0283 75.0491 110.57 118.349 112.125 106.298 154.743 107.413 171.692 96.3874 81.8879 65.2732 76.4104 61.7702 150.16 105.192 69.682 57.257 122.813 167.083 155.646 142.414 132.073 174.18
threshold=-12.734739292349621 -12.327479569177667 4.4640716191556207 1.692728419262522 3.0587456807765725 3.777405244554819 -13.616096860590236 -11.51710616623892 3.6730062407603534 0.08142001239375958 -33.599353006826369 -3.8134665183799261 -1.6393431439161457 0.82917049558943134 -47.202009479057701 -3.1887561854065378 2.8023656206970733 -12.743830041586412 -22.994028992528083 3.9604858732018742 -3.1887561854065378 7.2622578472175361 -22.463521665175591 2.2157568072429417 0.38158955467785255 0.33349744739800724 -0.17049549422479257 -0.58081237536391395 3.6863784676602909 2.2198517106591824
decision_type=2 2 2 2 2 2 2 2 2 2 2 2 2 2 2 2 2 2 2 2 2 2 2 2 2 2 2 2 2 2
left_child=3 2 -2 4 6 -6 7 8 9 -1 17 12 13 15 -15 -9 -13 18 -11 -18 21 22 -21 24 25 -3 28 -27 29 -26
right_child=1 23 -4 -5 5 -7 -8 11 -10 10 -12 16 -14 14 -16 -17 19 -19 -20 20 -22 -23 -24 -25 26 27 -28 -29 -30 -31
leaf_value=0.022249962068249182 -0.048491619791139785 0.003370571441276849 0.0020333324928539765 0.016664001407065355 0.0026925464315106866 -0.08794019330066305 0.014102656203284401 -0.036458337539034373 0.013633238231429666 0.0096784916115826517 -0.054019264147683918 -0.014981914992935179 -0.06454140279368184 0.020725338772340347 -0.066402646466988652 0.027375470424585147 0.01621664597720468 0.028379000843460608 -0.063096905220666535 -0.072346794450016058 0.028831514085063861 0.021650309818383947 -0.0039544151660173199 0.0022188578713454345 -0.026824637728849899 -0.021387814757336868 -0.0002473434061048163 -0.0021372310370570673 -0.0011110666871542829 -0.0041170187641977008
leaf_weight=68.129448674619198 58.666236413642764 10007.14660864044 48.479162335395813 432.03978909179568 17.671403869986534 16.660503342747688 424.54531417228281 28.70379588752985 660.0589597672224 27.903346315026283 68.169959995895624 188.82615706510842 57.532076265662909 32.61232316493988 54.159032344818115 82.417431503534317 306.67384194582701 35.874944537878036 24.285520300269127 45.521362110972404 61.136365652084351 23.744733676314354 19.005113825201988 18739.852614963427 672.88682768959552 406.32822332717478 4221.133293540217 2324.2857902273536 837.1417925208807 554.58197134360671
leaf_count=74 308 26938 86 474 34 77 701 94 722 37 329 679 262 27 241 71 459 33 109 196 53 17 39 39412 3449 1868 11621 7111 2037 1680
internal_value=0.00124759 0.000966432 -0.025631 0.005227 0.00302467 -0.0412895 0.00371329 0.00124194 0.00744887 -0.0107451 -0.0251333 -0.0048553 -0.0212348 -0.00864448 -0.0336563 0.0108865 0.00163202 -0.00277281 -0.0241867 0.00851049 -0.00730715 -0.0323367 -0.052203 0.0010419 -0.000117516 0.00157577 -0.00354888 -0.00500181 -0.0102989 -0.0165651
internal_weight=40546.2 37870.5 107.145 2675.67 2243.63 34.3319 2209.3 1784.75 884.422 224.363 156.234 900.332 255.425 197.893 86.7714 111.121 644.908 88.0638 52.1889 456.081 149.408 88.2712 64.5265 37763.4 19023.5 12737.8 6285.74 2730.61 2064.61 1227.47
internal_count=99238 94510 394 4728 4254 111 4143 3442 1304 582 508 2138 695 433 268 165 1443 179 146 764 305 252 235 94116 54704 35917 18787 8979 7166 5129
is_linear=0
shrinkage=0.03


Tree=131
num_leaves=31
num_cat=0
split_feature=0 13 12 11 4 11 18 0 18 3 3 5 5 17 16 1 13 11 8 17 6 3 0 4 11 8 17 5 13 12
split_gain=48.732 52.4284 72.2491 89.5848 47.4807 51.3141 77.9954 53.0929 115.802 137.778 102.804 88.9366 86.9102 95.1223 77.7987 82.9447 77.238 84.8447 66.7474 69.9086 64.9476 56.9646 148.158 118.906 99.1663 76.4689 103.264 66.6753 93.1732 62.7978
threshold=7.3776006052357053 1.356835736008797 3.9543291698517464 1.4262323785573459 -20.80294495528052 0.66900044789525215 30.714654977134391 -1.0000000180025095e-35 39.48436104906704 -0.11626352948718165 11.502679161231057 3.9017145850668062 3.6446700030258774 -11.835207088895899 -0.80483499524826241 1.6641372458815809 0.90949529915518335 0.58347271338207396 4.0169990508865032 -6.927835245011881 19.020710223289026 2.6388350066741788 1.3077311181828624 23.849920751568469 0.542834091525915 1.6469942428343982 -10.485935698894833 0.36685024875698896 0.40152310267348917 0.93309955698510105
decision_type=2 2 2 2 2 2 2 2 2 2 2 2 2 2 2 2 2 2 2 2 2 2 2 2 2 2 2 2 2 2
left_child=4 -2 3 -3 -1 6 -6 8 -8 -10 11 12 13 14 -11 -16 18 -18 21 -20 -15 22 24 -24 -9 26 -26 -27 -29 -30
right_child=1 2 -4 -5 5 -7 7 16 9 10 -12 -13 -14 20 15 -17 17 -19 19 -21 -22 -23 23 -25 25 27 -28 28 29 -31
leaf_value=0.0092722782029520633 0.017810938112297052 -0.075602483706704984 0.0079648859041071517 -0.0033353241996452909 0.040488610619928242 0.00066527030859408099 -0.048395760552456833 -0.034249400638413113 0.010116155578681833 0.011176216815552583 0.019156953716318162 -0.057059047841355209 0.040681964874958405 -0.052344453458076833 -0.050504147513569166 0.034600705472588214 0.01935289948696655 -0.059193054947462367 -0.047700882633305935 0.016062210671858718 0.025918318717574201 0.018464472300337958 -0.058612695001515419 0.030298683123693437 -0.042059883445043439 0.028604266279457197 0.017714407703569399 0.026374653222294174 -0.058944373206421527 0.019137499700018674
leaf_weight=625.79625119268894 327.68411074578762 22.276432499289513 288.79561446607113 50.291203446686268 55.028182808309793 36797.790606906638 43.607588015496731 40.628834309056401 643.36238166876137 103.35253855958581 76.076918855309486 48.486441928893328 24.704311896115541 79.548057897016406 46.808891911059618 13.216993380337952 20.757850639522076 30.656297344714403 35.636722087860107 27.353135511279106 10.844188839197157 568.28958808071911 52.351602781563997 18.258749946951866 45.393430141732097 272.50025131553411 60.919849839061499 51.56081135571003 28.647711522877216 13.704954266548155
leaf_count=777 283 87 326 76 38 92275 263 177 1279 192 91 232 19 408 248 16 28 147 117 27 9 867 248 9 343 317 148 42 130 19
internal_value=0.00121078 0.00912085 0.00124067 -0.0255195 0.00107396 0.00094311 0.0051824 0.004358 -0.000496059 0.00150011 -0.0122535 -0.0195621 -0.0130333 -0.0182624 -0.00460058 -0.0317651 0.00853511 -0.0274811 0.0100589 -0.020012 -0.0429554 0.0117027 0.00512252 -0.0356216 0.0107267 0.0145922 -0.0078079 0.0210915 -0.000707506 -0.0336778
internal_weight=40524.3 689.047 361.363 72.5676 39835.3 39209.5 2411.7 2356.67 1090.01 1046.4 403.038 326.961 278.475 253.771 163.378 60.0259 1266.66 51.4141 1215.25 62.9899 90.3922 1152.26 583.966 70.6104 513.356 472.727 106.313 366.414 93.9135 42.3527
internal_count=99238 772 489 163 98466 97689 5414 5376 2757 2494 1215 1124 892 873 456 264 2619 175 2444 144 417 2300 1433 257 1176 999 491 508 191 149
is_linear=0
shrinkage=0.03


Tree=132
num_leaves=31
num_cat=0
split_feature=17 8 3 10 8 0 18 12 13 14 14 17 12 8 14 10 13 10 12 17 8 7 4 14 7 9 10 3 5 6
split_gain=47.4364 49.9876 61.5144 47.0321 49.0782 48.6533 110.832 44.3186 107.853 129.272 136.552 192.062 116.78 102.047 145.339 243.76 190.527 215.311 176.906 175.603 134.471 128.497 117.555 99.7764 99.7436 99.2738 119.578 127.812 247.748 124.078
threshold=-67.752189672368871 2.6169028243355332 8.5546306309885924 1.4372798548467185 0.84262705447784236 0.74221011789386637 50.37905817046579 0.96695414277254954 1.0055601990486858 20.461871968848577 8.3571944123150654 -21.171118346867193 1.1292780618094473 3.2204595932373152 265.24850341884172 3.1222571623563184 0.96293715604199948 2.7543720479400724 1.0039312801268994 -6.0123109757940787 2.9629144046098452 -1.3437613895250775 1.740105577375284 53.604006631394959 -2.0134779570868284 1.8039646178034126 2.1041635684526248 1.7749449887245585 3.5842155961341908 1.2201493529668368
decision_type=2 2 2 2 2 2 2 2 2 2 2 2 2 2 2 2 2 2 2 2 2 2 2 2 2 2 2 2 2 2
left_child=1 2 -1 -2 5 6 -5 -6 9 10 24 12 -12 14 15 16 17 18 -11 -17 -19 23 -18 -20 -9 -10 27 -27 29 -29
right_child=3 -3 -4 4 7 -7 -8 8 25 13 11 -13 -14 -15 -16 19 22 20 21 -21 -22 -23 -24 -25 -26 26 -28 28 -30 -31
leaf_value=-0.048944627324311894 -0.034382355764738463 0.017092516212102265 0.028526151907564253 0.019470921083135851 0.00018150871029757492 0.032943313874464905 -0.049599730018553806 -0.055437451609391702 0.019489011402041009 0.017168578240508672 -0.054969857611891292 -0.041959925671356757 0.012401373336612885 0.010097449983570777 0.028878933117045091 -0.047853543988083357 0.037497691993360213 0.022071289202593491 0.030824495548964704 0.0062908565859168307 -0.047101752650854339 -0.03495161622348654 -0.0091813849779997826 -0.037642732496056243 0.013936618713479416 -0.039057682512109136 0.00074064496722416745 -0.04274021819401979 -0.041048391836304231 0.027388753058719399
leaf_weight=23.992904007434845 33.624664250761271 281.11688078194857 14.986266791820524 88.632440598681569 23021.942495683208 86.107713837176561 27.363342862576246 20.144269458949566 243.43604285828769 112.31629894115031 27.279114626348019 173.90910967811942 153.19879139214754 3444.8305328339338 147.2585016451776 161.07509080320597 195.8164441101253 284.18265507370234 55.033920764923096 81.029097899794579 27.763978108763695 296.99949644878507 64.565780527889729 29.383803639560938 251.84642779827118 139.22724418900907 10737.642104513943 26.602632395923138 103.44410515576601 155.01831541210413
leaf_count=129 388 254 8 219 62125 45 158 89 752 326 122 682 239 5538 282 646 332 534 91 143 130 1718 236 246 436 1030 21487 147 493 213
internal_value=0.0011749 0.012678 -0.0191595 0.00108328 0.00111298 0.0158593 0.00317719 0.00103838 0.00220345 0.00564305 -0.00719011 -0.0194614 0.00221826 0.00728346 0.000623054 -0.00255767 0.00361368 -0.00359628 -0.0159236 -0.0297321 0.0159147 -0.0256682 0.0259229 0.00699268 0.00879861 0.000536743 0.000123404 -0.0154972 -0.00399017 0.0171167
internal_weight=40509.8 320.096 38.9792 40189.7 40156 202.103 115.996 39953.9 16932 5526.63 626.378 354.387 180.478 4900.26 1455.43 1308.17 1066.06 805.68 493.734 242.104 311.947 381.417 260.382 84.4177 271.991 11405.4 11161.9 424.292 285.065 181.621
internal_count=99238 391 137 98847 98459 422 377 98037 35912 11790 1568 1043 361 10222 4684 4402 3613 3045 2381 789 664 2055 568 337 525 24122 23370 1883 853 360
is_linear=0
shrinkage=0.03


Tree=133
num_leaves=31
num_cat=0
split_feature=15 15 2 10 2 14 10 0 14 4 1 4 7 7 0 0 18 11 14 14 18 13 0 0 11 15 0 12 4 13
split_gain=47.8277 92.562 110.332 104.03 62.4379 52.7658 45.666 43.2703 79.0992 58.3839 84.348 47.0071 43.17 77.7286 68.0814 101.808 132.897 153.564 84.9166 58.1114 55.2273 63.5365 149.299 115.354 173.613 81.3549 144.898 165.583 163.399 62.5822
threshold=0.94405621028507603 0.92857095674807089 -0.39373135079873162 2.2256775888713309 -0.86333598339515805 175.68512292830511 1.4372798548467185 4.9072240140324475 178.2087692976921 6.5052314758558225 -1.8610784771147524 9.0160869919652349 5.0781632702433974 5.3003887123473161 2.0383580433702471 1.1288141269380256 57.303700485679805 1.2494110882543963 570.41412361904952 1109.1662680754564 66.376995363313981 1.1205016524410034 0.76260048615689502 -0.46445994772364735 1.0548518625252206 0.14453970849501782 -0.44734634720421934 0.48752690791234904 16.910344725133225 1.3133132721471803
decision_type=2 2 2 2 2 2 2 2 2 2 2 2 2 2 2 2 2 2 2 2 2 2 2 2 2 2 2 2 2 2
left_child=1 6 4 -4 5 -3 -1 8 9 10 -2 -11 -8 -14 15 20 -17 -18 -16 -20 -15 22 25 -23 -25 -22 28 -28 -27 -26
right_child=7 2 3 -5 -6 -7 12 -9 -10 11 -12 -13 13 14 18 16 17 -19 19 -21 21 23 -24 24 29 26 27 -29 -30 -31
leaf_value=-0.034326390193082215 0.029129267763243923 -0.051579129068206213 0.012701330443936291 -0.048375828273697949 0.041611985999535382 0.015777208742432328 0.00089854224197742931 0.015785233973998506 -0.047869055923777507 0.037735737578260611 -0.039918645582493514 -0.0022845433178736879 0.018010755884902079 0.011109932725203333 0.014145040621784531 0.031488624116948284 -0.082447449035960782 -0.0032103573625060838 -0.051564654118491579 0.0050314613832440043 0.0019433473771287937 0.011069275147058452 0.022549922094543595 0.0089671060665701598 -0.021737642303552528 0.016776676793673364 0.010855113194216278 -0.072329238502160345 -0.078307073230748023 -0.10143996061832458
leaf_weight=32.678851074539125 24.732413813471794 18.42423845268786 32.667184092104435 108.32339692674577 33.066537218168378 24.237440181896091 37220.802288765088 373.36430280655622 28.369217643514276 59.599881254136562 44.70122379809618 47.440255701541901 354.23100669682026 378.05491615831852 608.72677472233772 26.065915912389755 47.317935198545456 41.161294490098953 31.054767027497292 34.430953592061996 94.078899279236794 424.49824340641499 89.928330034017563 54.360669955611229 13.555883020162581 20.574850171804428 89.829511024057865 28.328170411288738 77.669407963752747 25.630753368139267
leaf_count=386 17 104 97 505 30 40 93905 327 116 31 188 97 384 431 592 11 217 64 97 42 147 478 82 70 31 20 124 127 351 127
internal_value=0.00114008 0.00101597 -0.0185367 -0.0342244 0.0106705 -0.0133119 0.00112272 0.00970643 -0.00137333 0.00610114 -0.0153236 0.0199987 0.00115193 0.00501807 0.00281096 -0.000936022 -0.0280466 -0.0455857 0.010653 -0.0218077 0.00145917 -0.00251328 -0.0114883 0.00442372 -0.0257324 -0.0213472 -0.0314726 -0.00908824 -0.0583941 -0.0738684
internal_weight=40487.9 39909.7 216.719 140.991 75.7282 42.6617 39693 578.207 204.843 176.474 69.4336 107.04 39660.3 2439.5 2085.27 1411.05 114.545 88.4792 674.212 65.4857 1296.51 918.455 400.409 518.046 93.5473 310.481 216.402 118.158 98.2443 39.1866
internal_count=99238 98462 776 602 174 144 97686 776 449 333 205 128 97300 3395 3011 2280 292 281 731 139 1988 1557 851 706 228 769 622 251 371 158
is_linear=0
shrinkage=0.03


Tree=134
num_leaves=31
num_cat=0
split_feature=13 13 18 15 12 12 2 4 4 9 16 16 13 4 14 15 0 15 5 13 13 18 1 12 17 0 0 2 16 12
split_gain=47.0415 60.6372 134.108 108.861 53.4068 50.3207 58.0964 47.8864 75.2047 74.5183 68.1296 83.3988 65.8524 62.0782 60.1765 62.9462 64.7355 131.211 55.231 72.4165 164.864 100.988 96.3429 105.448 103.52 93.196 121.854 63.573 199.415 68.3695
threshold=2.4169426162521419 2.3014396993652197 80.202575314077549 0.28315977160521216 6.5282051600374702 0.51124931236813975 15.216048403382223 -12.734739292349621 -12.327479569177667 4.4640716191556207 1.692728419262522 1.3339329856290345 1.5061881706553535 -13.616096860590236 18.833371257928469 0.093747466800181214 -0.68171095926076264 0.72440756950665663 -11.663062864011986 0.8791414235747036 1.0633942294800571 42.320686710023345 -5.3465881016545858 1.5161898599744819 -54.7886904489635 -1.8464617479504828 0.76260048615689502 -5.1158783400768062 -1.1807863381137882 0.65316360361724424
decision_type=2 2 2 2 2 2 2 2 2 2 2 2 2 2 2 2 2 2 2 2 2 2 2 2 2 2 2 2 2 2
left_child=1 4 3 -3 7 6 -2 10 9 -9 11 13 -13 18 -15 -16 -17 -18 -1 27 21 -21 24 25 -22 -24 -27 28 -20 -29
right_child=5 2 -4 -5 -6 -7 -8 8 -10 -11 -12 12 -14 14 15 16 17 -19 19 20 22 -23 23 -25 -26 26 -28 29 -30 -31
leaf_value=0.0083378076515506078 -0.054038691369201169 -0.0054411963302019566 0.023825835258766581 -0.066897885698107618 0.016917750579860637 0.0095978846902999189 0.020713187667722663 -0.047787384418950474 0.00074771848410376876 0.0028820547431204296 0.016404425305566669 -0.062975074993041211 0.016951782798056102 0.033530208815411959 -0.054406977772934996 0.019770111535639207 -0.052959140730440134 0.020352684379482729 0.011193139981725275 -0.056890459933012547 0.027227548676634687 0.0038505659598795537 -0.063484330856570848 0.027425237286527376 -0.062376510344127882 0.01005436080273223 -0.063008410972147294 -0.0018477205170473524 -0.061644035512798637 0.021821203890509608
leaf_weight=614.40107187628746 24.162063550204039 50.379567310214043 47.369780451059341 53.474639039486647 189.4542006701231 827.3948657810688 15.271365597844122 57.19270059838891 36607.66832398437 48.084906205534935 393.52796954661608 30.051334969699383 13.420692220330237 106.57488306611776 14.163633637130259 202.17358031496406 38.233825186267495 51.658155877143145 104.41059089452028 93.437748026102781 16.187758728861809 33.454943865537643 24.209984749555588 119.83769714832306 40.981478914618492 142.38768107444048 24.008199363946915 219.99930239655077 50.043764784932137 219.34860648214817
leaf_count=813 117 113 31 246 189 1042 11 305 92514 84 440 142 19 83 63 260 193 77 143 432 9 49 105 112 187 272 109 554 220 304
internal_value=0.00110646 0.000955146 -0.0180054 -0.0370853 0.00102782 0.0080199 -0.0250896 0.00095115 0.000674904 -0.0246444 0.00492442 0.0028319 -0.0383 0.00367713 0.0141143 0.00735706 0.0103523 -0.0108291 0.00114676 -0.00291293 -0.011393 -0.0408762 -0.00121597 0.00537464 -0.0370047 -0.00848902 -0.0004874 0.00414909 -0.0124064 0.00996921
internal_weight=40473 39606.1 151.224 103.854 39454.9 866.828 39.4334 39265.5 36712.9 105.278 2552.51 2158.98 43.472 2115.51 412.804 306.229 292.066 89.892 1702.71 1088.31 494.505 126.893 367.613 310.444 57.1692 190.606 166.396 593.802 154.454 439.348
internal_count=99238 98068 390 359 97678 1170 128 97489 92903 389 4586 4146 161 3985 676 593 530 270 3309 2496 1275 481 794 598 196 486 381 1221 363 858
is_linear=0
shrinkage=0.03


Tree=135
num_leaves=31
num_cat=0
split_feature=15 15 6 6 18 17 11 11 14 9 2 9 17 2 14 17 11 2 9 8 8 17 6 12 16 16 16 2 13 15
split_gain=44.8999 87.522 110.67 148.638 74.4301 94.1033 64.2381 42.9221 83.494 88.3193 80.0746 110.373 95.1231 81.8803 135.219 62.1951 59.9413 148.167 54.3045 109.019 111.856 118.316 127.496 130.603 152.413 104.699 207.556 151.77 146.497 156.123
threshold=0.94405621028507603 0.92857095674807089 7.8190424982011182 7.2419663905477281 44.216794271138809 -9.725561306616374 1.64148072040179 0.66900044789525215 201.79943079885436 2.2801969758683969 2.1449863252644534 4.182080450536394 -1.236616197946806 -2.0559358728835293 438.87681388242748 -36.753904033693509 0.61889076349291794 -0.90692197820963483 2.9339085773985096 1.2347856593571167 1.7387333977754256 -17.58722926014131 -1.6631786027072717 0.30982144341595752 0.96896474924705334 0.61588187304159359 0.90545002426706322 -1.6853072109431819 0.86913376706778178 0.62586828013365425
decision_type=2 2 2 2 2 2 2 2 2 2 2 2 2 2 2 2 2 2 2 2 2 2 2 2 2 2 2 2 2 2
left_child=1 7 3 4 5 6 -3 8 15 -10 13 12 -12 14 -11 -1 17 -15 25 -20 21 -21 -23 -24 -25 -9 -27 -28 -29 -30
right_child=-2 2 -4 -5 -6 -7 -8 18 9 10 11 -13 -14 16 -16 -17 -18 -19 19 20 -22 22 23 24 -26 26 27 28 29 -31
leaf_value=0.022354838717567684 0.009415787906282478 -0.048490720768439424 -0.059200411145257564 0.042627495912730691 -0.048445208595347115 0.049815441756758221 0.025074784426726775 0.00075795890950736209 -0.030804500095622311 -0.063682548847403264 -0.064097080994192437 0.019377879342599484 0.025393436183614299 0.026018802542883784 0.0063011006071937489 0.0059481536708200361 0.027330681407871059 -0.045086294915914808 0.024443889355224058 -0.038546828748475516 0.0017094229366316997 0.030363920107131258 0.020374883033286949 -0.042735098976280687 0.023283312262458136 -0.021503098281604526 -0.026491297284959327 0.0084289664476863164 -0.027528076851082335 -0.0010040263482639018
leaf_weight=239.14524255692959 572.46599371824414 33.775028108619153 46.321182567626238 41.284452348947525 56.800204643979669 21.626061625778675 15.624890401959417 9232.1160917449743 98.50149595271796 35.112339377403259 53.232370465993881 35.484663501381874 13.376046463847159 68.617701202630997 84.997277691960335 1594.1112352386117 160.35752087831497 42.842768400907516 186.74759199842811 122.52561094239354 24348.966706695035 74.96292120218277 70.491877246648073 139.15021457895637 40.671644181013107 598.03356929216534 204.73006407544017 1079.6636624075472 257.73985927551985 887.2752125095576
leaf_count=306 776 210 218 19 306 12 11 32758 623 150 227 29 16 62 121 3608 153 153 222 582 46746 166 102 606 52 3151 1180 3001 1107 2565
internal_value=0.00107371 0.000953972 -0.0181159 -0.00686248 -0.0228464 -0.00237481 -0.0252224 0.00105754 0.00492418 -0.00486582 0.000306028 -0.0233587 -0.0461259 0.00647044 -0.0141576 0.00808838 0.0155855 -0.00131232 0.000805688 0.00160815 0.00143618 -0.0134215 -0.00395723 -0.0142356 -0.0278032 -0.000829643 -0.005671 -0.0017737 0.00050098 -0.00697452
internal_weight=40456.8 39884.3 215.432 169.111 127.826 71.026 49.3999 39668.9 2425.78 592.522 494.021 102.093 66.6084 391.928 120.11 1833.26 271.818 111.46 37243.1 24983.5 24796.8 447.802 325.277 250.314 179.822 12259.6 3027.44 2429.41 2224.68 1145.02
internal_count=99238 98462 776 558 539 233 221 97686 5448 1534 911 272 243 639 271 3914 368 215 92238 48476 48254 1508 926 760 658 43762 11004 7853 6673 3672
is_linear=0
shrinkage=0.03


Tree=136
num_leaves=31
num_cat=0
split_feature=17 8 9 10 8 0 18 14 8 10 11 14 10 2 12 12 9 0 12 0 9 17 17 10 0 1 16 2 2 4
split_gain=43.51 47.1211 45.7752 43.579 45.2554 46.4157 105.158 41.9257 118.537 146.852 99.2939 81.5853 170.702 183.186 105.481 197.599 125.065 119.702 128.188 144.608 118.954 116.99 113.661 104.075 100.244 98.0752 80.5302 78.7651 121.106 112.685
threshold=-67.752189672368871 2.6169028243355332 4.1342477038777448 1.4372798548467185 0.84262705447784236 0.74221011789386637 50.37905817046579 60.631206367636189 1.2995671611564503 3.4755090435737417 0.68460410507035163 66.644444855334498 4.1959121092904041 9.064079664373617 0.43492659663884187 0.37165945045402227 3.563706009045736 1.3894104209301816 1.0299349743151647 0.92673168991619714 2.451491582919898 -4.9311236737959705 -14.205773382982549 2.7543720479400724 -1.9594554500858938 4.7337533831035126 2.2891089220898917 -1.3742862508366425 -1.2872001272469789 -0.18027949709761845
decision_type=2 2 2 2 2 2 2 2 2 2 2 2 2 2 2 2 2 2 2 2 2 2 2 2 2 2 2 2 2 2
left_child=1 2 -1 -2 5 6 -5 8 9 26 -10 12 14 -14 15 -9 17 18 20 22 21 24 23 -20 -16 -18 -6 29 -29 -12
right_child=3 -3 -4 4 7 -7 -8 11 10 -11 27 -13 13 -15 16 -17 25 -19 19 -21 -22 -23 -24 -25 -26 -27 -28 28 -30 -31
leaf_value=-0.047027967619118566 -0.034102202686787243 0.016485061119930977 0.019525849183984405 0.018734401934704482 -0.030012339388314498 0.032279191629665027 -0.04901586406104684 -0.045715267867573441 0.011566598330165771 0.024250734762703806 0.0013669876892526466 0.00047515399076693092 -0.067768646644376693 0.011520167635738638 0.04929999046954045 0.041428979753373472 0.013845104850701676 -0.051540874321680412 -0.04245163377722528 0.045259130710170889 -0.048619175078776042 0.033122109628308978 -0.046531033183094712 0.034657349083703388 -0.040454504137102665 -0.042054227873121838 0.052915117332874226 -0.040799490353740579 0.00051124260119009388 0.010378472327368219
leaf_weight=22.143774479627609 31.887572359293699 275.96537488698959 16.036821752786636 88.290541086345911 241.9626614395529 83.589732803404331 26.900926198810339 30.51288396678865 1001.9471691846848 64.689801141619682 3310.1992606148124 22242.533676354215 80.331253111362457 38.93557995557785 13.24192803353071 100.71277074888349 259.69748577475548 76.318181745707989 22.252423383295536 62.128784000873566 107.95488711819053 44.972916588187218 48.725639551877975 53.940648525953293 72.599296860396862 31.695694759488106 11.019087649881838 64.282651454210281 9901.1917621828616 2005.5053176060319
leaf_count=123 388 254 14 219 1674 45 158 174 1703 69 7957 57545 319 42 21 107 376 365 133 54 514 79 257 56 478 104 4 289 22095 3622
internal_value=0.00104201 0.0121633 -0.0190737 0.000954926 0.000982813 0.0152615 0.00291253 0.000911654 0.0020636 -0.0160858 0.00241768 9.04409e-05 -0.00810575 -0.0418842 -0.0037493 0.021166 -0.00786954 -0.0169423 -0.0107412 0.00785591 -0.0253099 -0.00607384 -0.0107467 0.0121374 -0.0266089 0.00776477 -0.0264003 0.00181781 0.000244766 0.00476683
internal_weight=40432.2 314.146 38.1806 40118 40086.1 198.781 115.191 39887.4 16600.8 317.672 16283.1 23286.6 1044.02 119.267 924.754 131.226 793.528 502.135 425.817 187.047 238.769 130.814 124.919 76.1931 85.8412 291.393 252.982 15281.2 9965.47 5315.7
internal_count=99238 391 137 98847 98459 422 377 98037 37413 1747 35666 60624 3079 361 2718 281 2437 1957 1592 500 1092 578 446 189 499 480 1678 33963 22384 11579
is_linear=0
shrinkage=0.03


Tree=137
num_leaves=31
num_cat=0
split_feature=0 11 1 2 18 10 14 12 8 1 8 15 10 0 4 3 1 16 16 18 0 18 8 1 11 16 11 0 8 2
split_gain=43.0969 51.8411 49.7202 104.879 42.944 79.7147 128.39 80.2438 108.384 105.221 85.1191 89.3976 127.764 76.5434 71.2636 114.014 154.941 83.2598 132.987 70.6236 121.161 90.244 106.948 82.2276 80.4383 77.8338 73.2754 107.617 96.646 128.785
threshold=7.3776006052357053 1.1532452517357294 8.7675114108531478 4.7299046296998224 31.227826645556174 3.7459103112756815 50.673555072315452 1.414722926132278 3.4163319191596351 -8.94460775392856 3.2738072690323294 0.12843329873800977 3.4282465209159532 3.3323169266206834 -24.227008588308614 -9.3427724632093838 -1.2783284163287609 -0.96309612817497803 1.3617742139382991 36.35081800406342 5.0426882192907216 35.844881489404656 1.7003123410292302 4.7337533831035126 0.83878362208194945 0.053084447023450519 0.99809724035078429 2.0863043635840115 3.3972031797735078 -1.9102901058342334
decision_type=2 2 2 2 2 2 2 2 2 2 2 2 2 2 2 2 2 2 2 2 2 2 2 2 2 2 2 2 2 2
left_child=4 -2 3 -3 5 6 7 8 10 -10 11 -1 13 -13 -8 -16 17 -17 -19 20 21 22 -6 26 25 -23 27 28 29 -24
right_child=1 2 -4 -5 19 -7 14 -9 9 -11 -12 12 -14 -15 15 16 -18 18 -20 -21 -22 24 23 -25 -26 -27 -28 -29 -30 -31
leaf_value=0.035028448474102421 0.019141329783892599 0.00077399155436501616 0.0080205173899297409 -0.069561278998410608 -0.03725216236459214 0.013469358760102017 0.015089932377174896 0.021791631380614521 0.026284031582242878 -0.055469744480140505 0.046027836479049955 -0.043529088455399635 0.02761815835163986 0.043521024095559427 -0.036746581858257181 0.034662734757239709 -0.044037020789804586 -0.041616801964291357 0.031297193475702464 0.00095442576357816474 -0.077693366870131564 -0.047787571806525736 -0.038595716667777127 -0.064658195430585902 -0.039354657845947383 0.029724368616056693 0.005735488983220371 -0.05561300326034356 0.010276350124148192 0.00285374597745471
leaf_weight=48.737160872668028 256.59236981719732 81.50787079334259 315.70036517083645 24.911932282149792 74.068155526183546 683.72978369891644 75.42135052382946 266.04721118509769 19.498318135738373 51.835301898419857 45.353428676724434 78.702956181019545 47.126381129026413 10.278247162699698 154.24114643223584 76.522788701578975 61.602407831698656 48.604613944888115 41.937584184110165 36317.543460868299 20.548213377594948 17.092164818197489 126.36267315596342 17.644448593258858 115.13909574784338 36.681277480907738 896.74192002601922 40.043716724961996 220.58370399475098 144.7370318165049
leaf_count=48 199 124 355 94 833 761 84 368 13 227 24 466 44 3 720 139 506 371 74 88798 90 106 708 84 590 71 2246 208 377 507
internal_value=0.00101106 0.00850696 0.00204269 -0.0156909 0.000883032 0.00553429 0.00024587 0.0097828 -0.000812828 -0.0331232 0.00919948 0.000163288 -0.0123212 -0.0334739 -0.0115643 -0.0168144 -0.00336969 0.0116257 -0.0078443 0.000673919 -0.00528482 -0.00440396 -0.0020925 -0.000291662 -0.0252067 0.0050868 0.000503394 -0.00832038 -0.00446877 -0.0164663
internal_weight=40415.5 678.713 422.12 106.42 39736.8 1709.64 1025.91 567.579 301.532 71.3336 230.198 184.845 136.108 88.9812 458.33 382.909 228.667 167.065 90.5422 38027.2 1709.64 1689.09 1520.18 1446.11 168.913 53.7734 1428.47 531.727 491.683 271.1
internal_count=99238 772 573 218 98466 3848 3087 1193 825 240 585 561 513 469 1894 1810 1090 584 445 94618 5820 5730 4963 4130 767 177 4046 1800 1592 1215
is_linear=0
shrinkage=0.03


Tree=138
num_leaves=31
num_cat=0
split_feature=13 13 6 14 11 4 12 12 2 0 0 9 16 12 2 14 15 15 1 14 0 13 14 12 6 9 5 6 3 4
split_gain=43.8473 57.2401 125.996 89.3192 53.8206 101.742 51.1461 47.2792 55.0543 45.7887 49.4079 118.542 114.957 99.543 118.998 101.953 118.427 98.1653 86.3212 86.0166 117.465 162.674 102.91 114.966 98.747 89.9422 88.4661 226.617 158.524 146.588
threshold=2.4169426162521419 2.3014396993652197 22.992679466970397 25.169433183378299 1.876760586005052 -4.9557039697009522 6.5282051600374702 0.51124931236813975 15.216048403382223 -5.231183314645901 -1.2084957511610643 1.864544788763639 -0.38138691889298887 0.99749940351451472 2.1930640962846142 119.22830934857002 0.29954612312030648 0.63075921323769735 -8.94460775392856 20.911405000927129 -1.9594554500858938 0.73391766568929306 123.75238406139756 2.6343705450370165 -4.7029377188101575 2.7373105290997062 -1.3882917031081423 2.7775271543027462 -7.2989429771560967 0.18588537074498704
decision_type=2 2 2 2 2 2 2 2 2 2 2 2 2 2 2 2 2 2 2 2 2 2 2 2 2 2 2 2 2 2
left_child=1 4 3 -3 6 -6 9 8 -2 -1 11 -11 17 14 -14 18 -17 19 -15 20 25 24 26 -24 -22 -13 28 -28 -21 -29
right_child=7 2 -4 -5 5 -7 -8 -9 -10 10 -12 12 13 15 -16 16 -18 -19 -20 22 21 -23 23 -25 -26 -27 27 29 -30 -31
leaf_value=0.0080333935275285154 -0.052938316238013761 -0.00092428110806561494 0.018420358013635497 -0.061005065740723424 0.0082429156746687444 -0.072982493146696095 0.016616578592271256 0.0092149145543954855 0.020298611174802941 -0.038325799393488048 0.0012986863876337498 -0.044063730085286211 -0.0013483048354652302 0.017021276088879014 -0.039808059857759343 -0.047599352839548893 0.014991170950019152 -0.033452879064052442 -0.047763485693937499 -0.003888374301633038 0.026682652102051372 -0.044810065763671351 -0.0047634578339450602 0.028584229743124214 -0.028737928557674368 0.0032851045691091743 -0.017473946636568011 -0.05670136652090825 0.013770308554835515 0.0078348231765026713
leaf_weight=787.59992107748985 23.884943947196007 35.554901674389839 55.191753134131432 59.600536469370127 30.702039301395416 25.329184673726559 186.60205255448818 821.00672266632318 15.064242720603941 77.106477122753859 29898.139783139341 38.966253831982613 855.07498830370605 21.134181674569845 79.103289313614368 39.293007951229811 88.449042797088623 75.820981651544571 149.09437128156424 636.39463700726628 65.304590083658695 153.38162836804986 2060.4970308355987 97.442565243691206 51.955350458621979 492.01237758994102 492.22265428304672 32.452938698232174 1627.9091659262776 1323.7005554288626
leaf_count=1072 117 71 44 275 46 120 187 1042 11 683 75545 204 2490 26 336 219 160 271 792 1423 80 661 5184 101 187 907 1557 140 2944 2343
internal_value=0.000981134 0.000835365 -0.0176401 -0.0385558 0.000905892 -0.0284754 0.00094775 0.00768279 -0.0246127 0.000873054 0.000726022 -0.00129845 -0.000957761 -0.00942074 -0.00460496 -0.0245189 -0.00426146 0.000501047 -0.0397203 0.000865065 -0.00838841 -0.0244738 0.00204801 -0.00325763 0.00212699 -0.000189624 0.00483189 -3.80002e-05 0.00880724 0.00629046
internal_weight=40396 39536 150.347 95.1554 39385.7 56.0312 39329.7 859.956 38.9492 39143.1 38355.5 8457.32 8380.21 1232.15 934.178 297.971 127.742 7148.06 170.229 7072.24 801.62 270.642 6270.62 2157.94 117.26 530.979 4112.68 1848.38 2264.3 1356.15
internal_count=99238 98068 390 346 97678 166 97512 1170 128 97325 96253 20708 20025 4023 2826 1197 379 16002 818 15731 2039 928 13692 5285 267 1111 8407 4040 4367 2483
is_linear=0
shrinkage=0.03


Tree=139
num_leaves=31
num_cat=0
split_feature=15 15 2 12 2 14 10 2 7 13 17 13 11 7 7 18 17 5 10 14 7 12 2 11 7 1 9 1 9 11
split_gain=41.8798 83.1142 100.542 95.1622 57.0213 48.0047 42.1229 40.7292 109.031 53.8228 46.0163 84.1557 41.3732 39.7914 74.4255 52.3369 132.708 112.191 149.032 113.387 104.195 98.1573 91.6978 85.9544 125.891 85.2203 79.7298 78.459 127.016 142.563
threshold=0.94405621028507603 0.92857095674807089 -0.39373135079873162 2.6343705450370165 -0.86333598339515805 175.68512292830511 1.4372798548467185 3.903806680328215 -1.5504071136847428 0.77696536048279385 -5.6167671629929199 0.99749005878481767 0.99352067137503697 5.0781632702433974 5.3003887123473161 71.001212591807658 -5.0255016361987996 8.799553854255846 3.8404469132400592 42.237802824713022 3.3213894754575928 1.6421630334721689 3.0303038580010049 1.0803475897117594 4.4354231376119939 0.73822002210802717 2.7373105290997062 6.4328179649628572 5.4693061610167382 1.2196884595946282
decision_type=2 2 2 2 2 2 2 2 2 2 2 2 2 2 2 2 2 2 2 2 2 2 2 2 2 2 2 2 2 2
left_child=1 6 4 -4 5 -3 -1 8 -2 -10 -9 -12 -13 15 -15 -8 20 18 19 -18 21 22 26 24 -19 -21 -17 -25 29 -29
right_child=7 2 3 -5 -6 -7 13 10 9 -11 11 12 -14 14 -16 16 17 23 -20 25 -22 -23 -24 27 -26 -27 -28 28 -30 -31
leaf_value=-0.034047353926596274 0.018722063423016137 -0.050145732262851996 -0.048975446585623368 0.0058251426579224554 0.039841981211597058 0.014859716609186472 0.00098333604529891091 0.020320181304260894 -0.0059410406664320648 -0.055432957009443805 0.017150303201254623 -0.00504141493262171 -0.070661244867121123 0.017457124950872618 0.002523890905853541 -0.040174605668369806 -0.037215387095860558 -0.00063501185550603266 -0.063304262276173362 -0.020418103896922959 -0.036979443160061604 0.010580521757281695 -0.042166954853010426 0.020811129352911718 -0.069040567488141219 0.0095423137072333172 0.028247453890798146 0.01060138769486382 0.015440993388106901 -0.056414350737215242
leaf_weight=30.950626236386597 94.626223456114531 17.908249419182539 97.923734493553638 40.237990692257881 32.767754536122084 23.827935513108969 35240.153673067689 294.92499778419733 42.56405533105135 36.9383534360677 63.722179628908634 15.860791735351084 19.014408767223358 351.35054219514132 2070.1041445657611 23.941430501639843 84.976375125348568 162.3143617361784 43.896874248981476 120.49570341780782 166.75944763794541 143.49408963322639 96.287462946027517 390.20139256864786 28.458666913211346 293.74663108959794 42.600880153477192 54.583248898386955 192.0839074999094 59.943856425583363
leaf_count=386 91 104 540 62 30 40 88894 262 98 166 57 25 77 384 3011 153 383 335 185 601 593 208 433 446 127 993 59 78 173 244
internal_value=0.000952057 0.000836683 -0.0178679 -0.0330154 0.0102221 -0.013033 0.000937142 0.00904317 -0.00303729 -0.0289359 0.0143886 -0.00335392 -0.0408182 0.000964509 0.00469069 0.000721595 -0.00412338 0.000431278 -0.0103082 -0.00564823 -0.0178976 -0.00750963 -0.0234516 0.00700281 -0.0108394 0.000827363 0.0036297 0.0118877 0.000531392 -0.0244749
internal_weight=40376.7 39809 212.666 138.162 74.5039 41.7362 39596.3 567.651 174.129 79.5024 393.522 98.5974 34.8752 39565.4 2421.45 37143.9 1903.78 1430.7 543.116 499.219 473.083 306.324 162.83 887.585 190.773 414.242 66.5423 696.812 306.611 114.527
internal_count=99238 98462 776 602 174 144 97686 776 355 264 421 159 102 97300 3395 93905 5011 3565 2162 1977 1446 853 645 1403 462 1594 212 941 495 322
is_linear=0
shrinkage=0.03


Tree=140
num_leaves=31
num_cat=0
split_feature=13 13 18 16 10 11 8 11 2 9 3 4 4 9 16 16 13 3 5 10 1 6 17 8 1 11 11 11 7 11
split_gain=40.9968 54.3662 119.94 98.1892 61.9895 50.7732 95.5515 44.329 63.0141 107.171 112.048 43.86 71.1566 71.088 67.9066 78.0858 62.0084 58.1038 114.732 87.6287 84.9641 84.8371 84.7822 140.507 107.488 108.87 82.3356 93.6888 72.5467 70.393
threshold=2.4169426162521419 2.3014396993652197 80.202575314077549 -0.98067900611502157 2.70590274792217 1.876760586005052 13.811529858943468 0.79475369495875181 2.5508404535692479 6.3473120202005022 6.7848882091904326 -12.734739292349621 -12.327479569177667 4.4640716191556207 1.692728419262522 1.3339329856290345 1.5061881706553535 -10.674196920478028 -4.23157063527219 3.6730062407603534 -2.5863169008805085 -0.24112204403731333 -28.224613102258207 5.1549731567656343 -3.428089677178741 0.97331211285739327 0.87070710155752062 0.84820047832166223 -2.0513477639368722 0.99352067137503697
decision_type=2 2 2 2 2 2 2 2 2 2 2 2 2 2 2 2 2 2 2 2 2 2 2 2 2 2 2 2 2 2
left_child=1 5 3 4 -3 11 -7 -2 9 10 -9 14 13 -13 15 17 -17 19 21 20 -1 22 24 26 25 -19 27 28 -24 -27
right_child=7 2 -4 -5 -6 6 -8 8 -10 -11 -12 12 -14 -15 -16 16 -18 18 -20 -21 -22 -23 23 -25 -26 29 -28 -29 -30 -31
leaf_value=0.00048658240417680926 0.042037530815453424 0.031910430479376424 0.022996330062016266 -0.06301457618949656 -0.03584059345413125 -0.05604798890012188 0.026567131459522917 -0.0608940342111952 0.0098677241424231007 0.011197603083907602 0.040120936547042747 -0.047077150044828119 0.00069908159127126963 0.0027471535227708305 0.016132216892488033 -0.061360760879994924 0.016450135507469734 -0.063560627541863784 0.014718791170786248 0.01391769010395727 -0.049432184829486012 0.029604273274070312 -0.050659135039904636 0.008186498906397343 0.0081979013624298245 0.040116788480262518 -0.05321619560004956 0.030374204286487919 0.028237010234129004 -0.021560462120360762
leaf_weight=250.6578788459301 32.050835367292166 22.677069813013077 45.995793595910072 54.310295956209302 26.192996196448803 36.739310286939144 19.176184862852097 50.821260476484895 680.73343711346388 78.932317830622196 12.268370077013968 56.07779560610652 36655.026698041707 47.690087363123894 395.16888090595603 29.849499544128776 13.335432969033716 42.899342581629753 288.15699096210301 745.50101376324892 34.967603255063295 52.013575967401266 52.575784277170897 93.976773381233215 303.4844055660069 22.83786416053772 113.57085610181093 28.301492474973202 13.103642821311949 61.507200829684734
leaf_count=539 14 18 31 253 88 154 12 250 816 82 8 305 92533 83 441 142 19 191 461 838 185 33 281 136 553 13 544 40 14 161
internal_value=0.000923881 0.000783237 -0.0172933 -0.0352536 -0.00440223 0.000851754 -0.0277152 0.00742389 0.0060755 -0.0121012 -0.0412507 0.000892398 0.000628853 -0.0241787 0.00470355 0.00259977 -0.0373329 0.00341957 -0.00146941 0.00850438 -0.00562471 -0.00741728 -0.010047 -0.0222475 -0.00150609 -0.0246506 -0.0360277 -0.0152563 -0.0349186 -0.0048603
internal_weight=40360.6 39505.8 149.176 103.18 48.8701 39356.6 55.9155 854.806 822.755 142.022 63.0896 39300.7 36758.8 103.768 2541.91 2146.74 43.1849 2103.55 1072.43 1031.13 285.625 784.271 732.257 301.529 430.729 127.244 207.552 93.9809 65.6794 84.3451
internal_count=99238 98068 390 359 106 97678 166 1170 1156 340 258 97512 92921 388 4591 4150 161 3989 2427 1562 724 1966 1933 1015 918 365 879 335 295 174
is_linear=0
shrinkage=0.03


Tree=141
num_leaves=31
num_cat=0
split_feature=10 12 1 5 8 3 11 5 0 16 14 11 12 16 4 9 4 5 5 8 5 0 1 1 11 7 18 15 16 9
split_gain=39.5778 53.3164 119.901 119.766 126.981 127.047 135.002 130.853 112.092 112.738 115.54 110.23 102.222 95.0099 91.4201 90.0872 90.2247 113.28 89.1059 122.208 76.799 76.4183 94.9402 99.0223 123.385 120.446 123.025 148.505 133.135 126.647
threshold=6.0589170291175574 0.37165945045402227 -2.9877740095451792 -1.932731948777088 3.6904596400573917 0.066671718698807517 0.68460410507035163 0.726541204846337 0.093924762680531973 -1.3948601217652961 31.448848193054204 0.58347271338207396 0.34373323612386814 -0.31403267156008335 19.283816091389131 4.4333122771883948 1.8252655320512681 -3.8172023715393029 1.1125518106373049 3.4749366242110735 -1.1044077410253046 2.176268998201444 -2.2843552298637824 1.7778188184034096 1.0773925397221487 0.90481400856008432 60.873785880740186 0.45557670677345047 0.2253101492430799 4.8440257337997856
decision_type=2 2 2 2 2 2 2 2 2 2 2 2 2 2 2 2 2 2 2 2 2 2 2 2 2 2 2 2 2 2
left_child=1 2 15 8 5 6 7 11 9 -4 13 -5 -10 -11 -6 16 17 -1 20 -20 -18 22 -7 24 25 -24 -27 29 -29 -28
right_child=-2 -3 3 4 14 21 -8 -9 12 10 -12 -13 -14 -15 -16 -17 18 -19 19 -21 -22 -23 23 -25 -26 26 27 28 -30 -31
leaf_value=0.013088726381344415 0.0055926578079923276 0.0010291482837427445 0.015445111720487535 -0.050800872944356229 -0.063687799923477173 -0.054934271905885929 -0.033374733092156203 -0.05733624325275552 0.022867252305113751 -0.048318151099396744 -0.040662535680259224 0.022390527294739129 -0.034751539255151974 0.01860250374526522 -0.0058479153175582275 -0.021011186163262481 0.0039576151094393398 -0.038850688458927779 -0.059935893173532102 0.027166068068086295 0.04186125476956265 0.024226779016456194 -0.026124132283283193 -0.022812188599990783 0.025948481403978287 0.017605403984558017 -0.050322710553315192 0.020842525628051872 -0.054435336101683066 0.033196014356302608
leaf_weight=122.42559354566038 1552.9894828051329 35814.563104040921 126.92446092888713 21.771432004868984 66.030876018106937 33.18863533064723 301.19488590210676 30.008179977536201 293.07789319194853 25.037703670561314 116.09644918516278 123.97595507465303 30.605379408225417 80.428543984889984 39.191262140870094 76.031447187066078 65.341946177184582 54.667974628508091 24.769271031022072 34.958013728260994 182.43002925813198 87.141647256910801 171.00670211203396 192.5756926164031 147.57459910586476 259.16284453123808 98.822032367810607 126.79281356185675 25.376492191106081 19.577961027622223
leaf_count=212 1950 88685 245 123 283 153 1521 148 494 133 665 209 158 171 69 183 119 227 108 29 105 73 912 689 246 455 505 225 134 9
internal_value=0.00089654 0.00070853 -0.00314969 -0.00605057 -0.0101984 -0.00814644 -0.0211824 -0.000288338 0.00470756 -0.00709931 -0.0200141 0.0114574 0.0174192 0.00271553 -0.0421446 0.00934931 0.0141128 -0.00294473 0.0239365 -0.00895565 0.0318654 -0.00279213 -0.00498422 -0.00339157 0.00101711 -0.00423341 0.0028333 -0.0113161 0.00828882 -0.0365125
internal_weight=40343.7 38790.7 2976.19 2415.56 1743.39 1638.17 476.95 175.756 672.17 348.487 221.563 145.747 323.683 105.466 105.222 560.624 484.593 177.094 307.499 59.7273 247.772 1161.22 1074.08 1040.89 848.313 700.739 529.732 270.569 152.169 118.4
internal_count=99238 97288 8603 7620 5754 5402 2001 480 1866 1214 969 332 652 304 352 983 800 439 361 137 224 3401 3328 3175 2486 2240 1328 873 359 514
is_linear=0
shrinkage=0.03


Tree=142
num_leaves=31
num_cat=0
split_feature=17 0 0 12 17 15 7 8 6 15 0 17 0 17 3 5 15 12 2 8 2 8 8 13 8 3 9 9 5 7
split_gain=39.5357 144.135 143.534 96.542 90.9591 97.2905 125.624 152.088 124.719 84.4102 145.965 139.221 152.829 144.029 199.625 149.57 136.662 135.248 153.042 135.172 204.094 132.441 129.541 128.297 127.11 114.128 164.136 158.267 138.463 112.999
threshold=-35.646384779427379 0.45991706549453987 0.049555507029941652 0.9442753266447903 -38.47359993289875 0.61344888051471436 -0.34430015195408553 2.2659142995152615 -10.897490599220065 0.38582543036709172 -2.0000346763656967 -6.5223048180446161 0.55888422074572441 -2.7702860760746142 2.3404721562776403 -0.23473650769126514 0.32692277784154739 2.6343705450370165 -7.0438801370713167 1.6222293304683604 4.3269546709559519 0.93475996843735587 2.1411699102714299 1.9705860807015561 2.4298605891812648 0.066671718698807517 2.0538949426892348 2.1089064823002497 0.13370037595643602 -0.29913427415014232
decision_type=2 2 2 2 2 2 2 2 2 2 2 2 2 2 2 2 2 2 2 2 2 2 2 2 2 2 2 2 2 2
left_child=1 2 4 -4 -1 6 8 -8 -6 16 17 19 13 14 23 -15 -2 18 -11 20 21 -12 -16 -13 -24 27 -27 -18 -29 -22
right_child=9 -3 3 -5 5 -7 7 -9 -10 10 11 12 -14 15 22 -17 25 -19 -20 -21 29 -23 24 -25 -26 26 -28 28 -30 -31
leaf_value=-0.0036598762940202151 0.00095778724414775939 0.0094913783785499327 -0.049288215306020247 -0.0022081095475136249 0.0039892781464398426 0.040070560030767026 -0.04462095190600255 0.028184652035319453 -0.048702399589265179 -0.0022395314885925669 0.013355861711038195 -0.019809724137092571 0.0063412794183639425 0.059484996331816344 0.023602736147416401 -0.020058237231576032 0.02738962271936736 0.013275239319736421 -0.048145875275516378 -0.0012567739449331789 0.037886631253322998 -0.023728979333664919 -0.052785508135631556 0.053336069822237882 0.0043412095820098643 -0.028142285550947214 0.015074477661437468 -0.0015388463038633164 -0.044267113004793954 -0.0095462474393327411
leaf_weight=1348.8228417932987 13662.871067253873 1965.1149449311197 91.728852704167366 68.452711068093777 121.21151209995151 87.127518754452467 29.374090306460857 213.61240044236183 60.66231331974268 108.09062678366899 98.697393773123622 378.99818622879684 4388.0948369726539 22.16925747320056 360.97671442478895 527.72227031178772 155.66432392969728 85.278428569436073 165.32865359634161 12546.291130854748 97.782886037603021 711.24107549153268 38.297357767820358 22.884624376893044 413.98369849473238 83.117556277662516 1633.7612752728164 679.43163693137467 75.879734925925732 84.060409337282181
leaf_count=3054 34482 3096 493 159 232 75 153 241 318 211 379 1512 8123 14 594 2124 554 135 690 31304 127 4749 169 12 771 485 2575 1840 302 265
internal_value=0.00086992 0.00370615 -0.00191913 -0.0291688 0.000426567 0.0111922 0.00527006 0.0193833 -0.0135855 0.000558821 -0.000744455 -0.000398979 0.00334271 -0.00411212 0.00165282 -0.0168514 0.00216284 -0.0197098 -0.0299978 -0.0020996 -0.0127615 -0.0192099 0.0102006 -0.0156445 -0.000496053 0.00842819 0.0129823 -0.000154703 -0.00583139 0.0159599
internal_weight=40326.7 3986.11 2020.99 160.182 1860.81 511.988 424.86 242.986 181.874 36340.6 20049.9 19691.2 6153.13 1765.03 1215.14 549.892 16290.7 358.698 273.419 13538.1 991.782 809.938 813.258 401.883 452.281 2627.85 1716.88 910.976 755.311 181.843
internal_count=99238 7821 4725 652 4073 1019 944 394 550 91417 51179 50143 13319 5196 3058 2138 40238 1036 901 36824 5520 5128 1534 1524 940 5756 3060 2696 2142 392
is_linear=0
shrinkage=0.03


Tree=143
num_leaves=31
num_cat=0
split_feature=17 15 15 10 10 6 10 8 15 15 3 1 9 8 11 6 17 1 16 9 10 17 8 2 3 3 16 16 16 8
split_gain=39.2835 45.7981 66.9807 53.7891 43.7751 53.9 40.0794 41.1774 41.8529 138.702 130.679 205.397 106.373 115.197 123.336 101.988 96.5851 133.28 141.63 150.576 141.49 110.353 192.505 187.106 162.044 200.534 172.909 171.971 156.538 142.856
threshold=-67.752189672368871 0.5272719258009787 0.27304706750358332 2.7299616573705197 3.9966068129964265 -22.994028992528083 1.4372798548467185 0.84262705447784236 0.38582543036709172 0.32692277784154739 -2.3302735847654126 0.26547740375181267 2.075975711555452 3.7609285410184086 0.74833335749394758 -6.7254884202054042 -35.646384779427379 -4.0649352606138214 1.0000000180025095e-35 3.3928954799963189 3.7614263421292935 -6.5223048180446161 1.6222293304683604 4.3269546709559519 2.1441177747288269 1.5945764732613223 -0.36688908640818069 -0.54437695448444823 1.692728419262522 5.2139872027011176
decision_type=2 2 2 2 2 2 2 2 2 2 2 2 2 2 2 2 2 2 2 2 2 2 2 2 2 2 2 2 2 2
left_child=1 2 4 -4 5 -1 -2 -8 9 -9 11 12 -11 14 -14 -12 -10 18 20 -20 -18 22 23 28 25 -23 27 29 -19 -26
right_child=6 -3 3 -5 -6 -7 7 8 16 10 15 -13 13 -15 -16 -17 17 21 19 -21 -22 24 -24 -25 26 -27 -28 -29 -30 -31
leaf_value=0.021233387217926246 -0.033837972170364307 0.022643218805922932 -0.0025209056834036218 -0.084205691981680722 0.020972181749261881 -0.055401039299152466 0.014536953330179547 0.00064520525805063841 0.0059315039879961739 0.035699851435429732 -0.032483692811807019 -0.051004030785873684 0.014084058551528583 0.01052389301539405 -0.03171926971975484 0.012415673970987225 -0.02232449145466197 -0.025782494839609881 0.0067001185438046755 -0.040144805915954734 0.0077747891042149186 -0.0037680886101684099 -0.00084833012824992121 0.013797347446190225 -0.0011823386386676424 -0.050125013380138979 0.0073258007795433591 -0.054224841880930581 0.029773264738761396 -0.079966202545917464
leaf_weight=15.470675632357596 30.107893087901175 159.96523043513298 15.274449877440931 13.819439485669134 84.558252170681953 17.722296804189682 195.09773327596486 14913.717177608982 2121.2597428485751 74.44840738736093 46.527937941253185 73.462989075109363 76.65211296081543 281.56715250015259 170.82350147143006 2126.2812229599804 222.98314174078405 667.11528647691011 83.364366827532649 238.24037443473935 380.24903471767902 877.26836657524109 11938.151283581741 161.15154702961445 611.92459279671311 92.876188345253468 4473.0190955344588 67.488567404448986 48.998686922714114 21.439818531274796
leaf_count=11 388 111 37 66 66 100 422 37259 3943 210 202 405 125 443 789 3998 802 4665 277 845 537 2767 29767 381 1502 468 8124 336 96 96
internal_value=0.000844213 0.011538 -0.000559424 -0.0413207 0.00951185 -0.019683 0.000762177 0.000788244 0.000720796 0.00180401 0.00786839 -0.00364094 0.00212456 -0.00260025 -0.0175323 0.0114542 -0.000153603 -0.000802764 -0.0119234 -0.028002 -0.00335133 -0.000260303 -0.00184505 -0.0154088 0.00304522 -0.00820604 0.00515493 -0.00870014 -0.0219812 -0.00384923
internal_weight=40301 306.81 146.845 29.0939 117.751 33.193 39994.2 39964.1 39769 17763.5 2849.76 676.954 603.491 529.043 247.476 2172.81 22005.5 19884.3 924.837 321.605 603.232 18959.4 12815.4 877.266 6144.02 970.145 5173.87 700.853 716.114 633.364
internal_count=99238 391 280 103 177 111 98847 98459 98037 43431 6172 1972 1567 1357 914 4200 54606 50663 2461 1122 1339 48202 34909 5142 13293 3235 10058 1934 4761 1598
is_linear=0
shrinkage=0.03


Tree=144
num_leaves=31
num_cat=0
split_feature=18 10 3 5 1 9 1 13 8 8 1 18 2 18 8 13 13 13 13 1 18 8 7 10 18 16 15 13 3 10
split_gain=38.9142 73.6082 107.862 157.33 77.4745 120.941 69.5268 81.5152 84.3375 69.1149 67.5616 66.5331 94.0143 84.8136 100.473 75.3652 66.4846 90.1589 120.686 107.827 101.003 97.5164 78.5853 74.9058 73.8511 191.088 93.4758 122.292 72.8689 98.7047
threshold=31.227826645556174 3.7459103112756815 -13.557131357595241 -15.18812089508878 -5.0622753343161007 4.9335327434826555 -1.2455522857608423 0.89594310318605352 3.8833292383896736 7.4766221143039351 -0.063082012965004472 36.35081800406342 4.9292250887529869 35.844881489404656 1.7003123410292302 0.55491627407853705 0.5063889665439244 0.81909875408891475 0.89945350410320579 -6.6328981983414295 32.221334829393314 4.9971122894629945 -4.8809356010233165 3.5122662614418938 34.394431605986554 0.21110606275025168 0.74336444509260613 1.5061881706553535 -9.3427724632093838 2.9786707821026126
decision_type=2 2 2 2 2 2 2 2 2 2 2 2 2 2 2 2 2 2 2 2 2 2 2 2 2 2 2 2 2 2
left_child=1 2 3 -1 5 -4 -6 -8 10 -10 -9 12 13 14 -2 -15 -16 20 23 -20 -18 24 -22 -19 26 -26 27 -21 -23 -30
right_child=11 -3 4 -5 6 -7 7 8 9 -11 -12 -13 -14 15 16 -17 17 18 19 21 22 28 -24 -25 25 -27 -28 -29 29 -31
leaf_value=0.0053105068856130044 -0.037023686043766976 0.012551755317754095 -0.039639619573163663 -0.055383242289590406 0.01468830725567179 0.026118484446367801 -0.042380943227774463 -0.026045492293165176 -0.055569112119486209 0.011351043525990919 0.022063728146524745 0.00089154493790879357 -0.076739853820667919 0.024036066646526071 0.023023938342177801 -0.033111093766095598 0.011466188967796446 0.030467005792199599 -0.037203415897883577 -0.048174638113790545 0.015700444985240921 0.029892967313014444 -0.036320450536070747 -0.007068629822924331 0.019132904654676187 -0.046527598122981351 0.0040116852551029579 0.0054631055721996585 0.026553671102978946 -0.029489508990133764
leaf_weight=82.180035516619682 71.345802253112197 719.943878300488 78.932173833250999 72.216592773795128 471.23450536467135 36.958339422941208 42.727026082575321 32.250160063616931 34.574339002370834 23.217277258634567 141.71522654779255 36808.690939493477 16.3446444272995 24.31584557890892 100.17275022901595 142.40349422115833 78.894802523776889 176.65075198281556 78.492445457726717 121.76465077884495 30.763995468616486 136.35783514380455 173.70713762193918 65.624024495482445 182.89986956492066 51.017166510224342 108.59705951437354 55.781392361968756 54.261892721056938 59.0770503282547
leaf_count=119 832 813 377 354 1179 26 349 215 151 34 293 89463 79 58 162 706 174 310 283 701 45 90 893 141 408 292 309 149 71 162
internal_value=0.000819348 0.00521313 1.29709e-05 -0.023078 0.00415078 -0.0186689 0.00769713 -0.00430532 0.00271435 -0.0286845 0.0131451 0.000621425 -0.00513091 -0.0044473 -0.00225421 -0.0247762 -0.00057134 -0.00229171 0.00162576 -0.00370789 -0.017368 -0.000292342 -0.0284936 0.0202999 -0.00769117 0.00481239 -0.0179126 -0.0313227 0.0151177 -0.0026584
internal_weight=40273.1 1735.95 1016.01 154.397 861.609 115.891 745.719 274.484 231.757 57.7916 173.965 38537.2 1728.47 1712.13 1545.41 166.719 1474.06 1373.89 1090.52 848.249 283.366 769.757 204.471 242.275 520.06 233.917 286.143 177.546 249.697 113.339
internal_count=99238 3910 3097 473 2624 403 2221 1042 693 185 508 95328 5865 5786 5022 764 4190 4028 2916 2465 1112 2182 938 451 1859 700 1159 850 323 233
is_linear=0
shrinkage=0.03


Tree=145
num_leaves=31
num_cat=0
split_feature=17 0 0 17 13 16 6 4 3 15 7 3 14 8 1 16 9 0 16 13 4 17 6 12 0 12 4 14 14 4
split_gain=40.5949 67.3532 146.704 68.8937 134.651 68.1753 58.5999 66.2595 110.356 96.8941 90.464 107.89 162.308 208.017 151.298 159.926 107.042 106.214 231.636 127.664 102.55 143.022 109.387 101.953 100.778 143.367 118.877 108.849 142.977 99.1731
threshold=-2.0632505047762471 -4.2634728820993866 -3.0517693073183372 -1.8624261468965944 1.283447994924106 -2.9384063054935265 11.976273316287733 8.7569762644820646 18.653788412539608 0.077768819153539406 0.77527334955622706 9.0581666602738817 75.051937719101574 1.7387333977754256 -3.3599934085387022 2.0512323758192244 5.4693061610167382 0.9911630328786657 1.2259517638220065 1.2422980703683673 9.4535259365458391 -7.115352654133047 8.5340365284775928 0.62719398901552015 0.26871055906042829 1.0509359902509401 12.03526874907266 12.00597473935593 92.44623808673829 14.04502636724694
decision_type=2 2 2 2 2 2 2 2 2 2 2 2 2 2 2 2 2 2 2 2 2 2 2 2 2 2 2 2 2 2
left_child=6 -2 -3 4 -4 -5 7 -1 9 -9 -11 12 13 -12 -14 -16 17 20 -19 -20 21 -15 -22 -24 25 29 27 -26 -29 -13
right_child=1 2 3 5 -6 -7 -8 8 -10 10 11 24 14 16 15 -17 -18 18 19 -21 22 -23 23 -25 26 -27 -28 28 -30 -31
leaf_value=0.0010500172461914065 0.017614412929907598 -0.058530330979044032 -0.039349547371390792 -0.056452111927544818 0.0058120199593588977 -0.00074629847122708313 0.0037405295804012442 -0.058444166938303288 -0.065198504433885585 0.015406422669632654 -0.047473138188783771 0.0084256940928304682 -0.049625003075707455 -0.056649347046099356 -0.0078614424678500865 -0.046901915963523971 -0.048598228463330513 -0.047630014582707422 0.013414836432090009 -0.043287027832363899 0.020236819143551969 0.01212927409923681 0.010569918086546438 -0.031735472983477668 0.030842698932404926 -0.063721713960210827 0.018870320627294879 -0.063670728979164412 -0.00059565018496850208 -0.036585942526852037
leaf_weight=27660.522084346972 134.78378658741713 43.886789172887802 127.8569562472403 19.974072147160769 111.00153712183237 1962.5272065773606 6052.3415987044573 27.806013457477093 25.529117047786713 245.42754969373345 76.516520045697689 199.39052947238088 97.855097770690918 47.129287146031857 1196.6241474635899 102.52607951313257 34.798404291272163 100.90029738843441 246.30340151488781 41.802123919129372 614.81032796949148 64.38239424675703 147.04032825678587 78.71369943022728 47.117869302630424 38.345076806843281 510.06375705450773 48.513356037437916 97.04251567274332 56.548143289983273
leaf_count=73675 156 215 549 103 183 5491 9397 124 99 312 377 371 389 201 3387 363 114 391 337 138 822 106 246 251 35 165 634 211 193 203
internal_value=0.000794957 -0.00298861 -0.0042145 -0.0031414 -0.0183622 -0.00130754 0.00103482 0.000519946 -0.00301718 -0.00263185 -0.00225258 -0.00337934 -0.00635141 0.000670746 -0.013652 -0.0109424 0.00334816 0.00469607 -0.00851209 0.00518779 0.0100927 -0.0169393 0.0136789 -0.00418071 0.00511458 -0.00962431 0.0112868 -0.00878917 -0.0216184 -0.00151936
internal_weight=40258.1 2400.03 2265.25 2221.36 238.858 1982.5 37858 31805.7 4145.19 4119.66 4091.85 3846.42 2849.4 1452.4 1397.01 1299.15 1375.88 1341.08 389.006 288.106 952.076 111.512 840.564 225.754 997.021 294.284 702.737 192.674 145.556 255.939
internal_count=99238 6697 6541 6326 732 5594 92541 83144 9469 9370 9246 8934 7122 2983 4139 3750 2606 2492 866 475 1626 307 1319 497 1812 739 1073 439 404 574
is_linear=0
shrinkage=0.03


Tree=146
num_leaves=31
num_cat=0
split_feature=17 11 15 13 15 12 2 3 9 7 5 5 0 1 4 13 8 12 15 1 1 13 13 17 2 8 1 17 9 3
split_gain=38.2286 66.5506 123.773 110.092 186.498 115.094 103.54 89.3829 166.775 126.061 119.716 115.658 223.369 82.7138 82.1307 95.6348 70.5405 84.8393 70.1028 69.4841 81.903 69.1661 65.0546 60.1181 139.799 94.4071 104.663 53.1827 159.265 159.274
threshold=-2.0632505047762471 0.88402468747587315 0.48581936497685968 0.52603940552985418 0.89176761872120935 0.59423481173887416 -1.9581204522222615 4.3530691417730036 2.0650510125924355 0.66818146502173337 5.7067523829471627 8.799553854255846 -0.63024169692858001 9.2489692397598109 7.1000979867537737 1.3053013815984416 2.3354427337770978 1.0877134335730443 0.057631841385425889 1.267465932506129 0.94833319495514223 0.82917049558943134 1.9304483389965197 -1.0164294987258724 0.55414630634466067 2.3354427337770978 4.7337533831035126 -3.5702899083334416 2.3399220730618664 7.3987589358826442
decision_type=2 2 2 2 2 2 2 2 2 2 2 2 2 2 2 2 2 2 2 2 2 2 2 2 2 2 2 2 2 2
left_child=27 2 6 -3 5 19 -2 8 -7 21 14 12 16 -6 15 -9 -12 -18 -8 20 22 -10 -5 24 -4 26 -26 -1 -29 -30
right_child=1 3 23 4 13 7 18 10 9 -11 11 -13 -14 -15 -16 -17 17 -19 -20 -21 -22 -23 -24 -25 25 -27 -28 28 29 -31
leaf_value=0.00067965043868482703 0.050645664721511795 0.033795937233375678 0.033722082854741452 -0.04615565585024211 -0.034756398047704695 0.034373761455745153 0.03246771865343244 -0.045144933801305173 0.048745983034000281 -0.045786153077856398 0.044536314990507836 0.0058210978242024345 -0.047630995639908032 -0.11883769617122303 0.033543243738560741 0.020726079318802337 -0.050402853607444779 0.01245173882380278 -0.04238772451257692 -0.051921904214923001 0.032508314866809454 -0.022829788333288928 0.035728071035078746 0.011037874182428955 -0.041257318694322337 -0.064254708527372181 0.040899488035849418 0.01881596060092864 -0.0075609947737669469 0.0082906615354744473
leaf_weight=34937.03317592293 12.892705596983431 81.502538412809372 38.419788425788283 44.526334319263697 45.398545801639557 46.954807419329882 12.069691546261309 29.811366885900497 23.235811576247215 121.82033251971006 36.564284551888704 857.70425507426262 117.07873259484768 13.7096921056509 191.79899023845792 59.286313470453024 26.298544622957706 72.907427418977022 167.8039190787822 56.318693317472935 28.475690327584743 25.469684924930334 10.862527720630167 171.41915848106146 33.688406396657228 47.862179912626743 23.82526782900095 590.14728073775768 1013.677180763334 1304.7794576883316
leaf_count=86691 17 74 69 272 196 145 11 175 12 685 37 1292 655 76 305 108 129 121 953 304 54 98 9 416 232 235 17 1388 2557 1905
internal_value=0.000771404 -0.00290208 -0.012542 -0.000310747 -0.00184805 -7.69318e-05 -0.0314785 0.0021946 -0.015691 -0.0294765 0.00499008 0.000564534 -0.0172666 -0.0542584 0.0224869 -0.00131383 0.00891757 -0.00421041 -0.0373649 -0.0261481 -0.00883983 0.0113167 -0.0300971 -0.000961643 -0.0152663 -0.0331273 -0.00722354 0.00100414 0.00490176 0.00135999
internal_weight=40243.3 2397.71 507.981 1889.72 1808.22 1749.11 192.766 1608.93 217.481 170.526 1391.45 1110.55 252.849 59.1082 280.897 89.0977 135.77 99.206 179.874 140.183 83.8646 48.7055 55.3889 315.215 143.796 105.376 57.5137 37845.6 2908.6 2318.46
internal_count=99238 6697 1950 4747 4673 4401 981 3762 940 795 2822 2234 942 272 588 283 287 250 964 639 335 110 281 969 553 484 249 92541 5850 4462
is_linear=0
shrinkage=0.03


Tree=147
num_leaves=31
num_cat=0
split_feature=15 15 6 6 13 10 2 7 13 17 13 9 11 0 2 9 13 5 15 4 15 16 2 2 10 7 0 10 4 15
split_gain=37.9682 78.0114 100.788 136.688 67.2085 38.925 38.905 101.128 49.7801 44.4303 76.5515 61.4567 37.7765 46.5343 88.7348 85.4314 76.8483 78.5389 103.901 99.3679 102.895 154.852 87.9216 84.2261 66.2415 85.7185 80.2374 123.769 62.1837 123.39
threshold=0.94405621028507603 0.92857095674807089 7.8190424982011182 7.2419663905477281 1.3739014894132104 1.4372798548467185 3.903806680328215 -1.5504071136847428 0.77696536048279385 -5.6167671629929199 0.99749005878481767 3.563706009045736 0.66900044789525215 -1.0000000180025095e-35 4.0383434612040086 1.4988005530525181 1.0130773142120166 3.9017145850668062 0.4303327029178759 0.60534374289416004 0.27982864189844087 0.84597452388335559 -3.2103145903639048 -1.4599116138681087 3.2085530438683487 3.3777271842468486 -0.94745570240128363 4.537116203894449 -0.45492267094186517 0.73194622106679152
decision_type=2 2 2 2 2 2 2 2 2 2 2 2 2 2 2 2 2 2 2 2 2 2 2 2 2 2 2 2 2 2
left_child=1 5 3 4 -3 -1 7 -2 -9 -8 -11 -12 13 14 15 -7 17 19 -19 20 22 -22 -17 -24 25 -21 27 -26 29 -15
right_child=6 2 -4 -5 -6 12 9 8 -10 10 11 -13 -14 28 -16 16 -18 18 -20 24 21 -23 23 -25 26 -27 -28 -29 -30 -31
leaf_value=-0.033811939065834538 0.018007758919643926 -0.038180149394116451 -0.056998126878419549 0.041137154199572472 0.0084132631648275724 -0.040673144415480263 0.019687395858924435 -0.0060255427890936611 -0.053659041075745734 0.016368656713306912 0.0031328690387453575 -0.076057499975494963 0.00052523639386259824 0.021368341682649228 -0.063262097069556794 0.019966653142467396 0.029790544218623108 -0.059549089939288764 0.011432255033213649 -0.043561013324422242 -0.050634467777013512 0.032566430460120338 -0.050362204331333642 -0.00054162476160917773 -0.05200998436403554 0.049436796049685074 0.025237336949699644 0.011945058344372463 0.0026603762436039065 -0.022583156571297575
leaf_weight=29.329225273802876 92.109156021848321 81.679919941350818 45.703367810696363 40.597904659807682 42.287187933921814 42.414803593419492 289.44434675946832 42.420208282768726 36.940990624949336 61.974763974547386 16.608411230146885 18.808084189891815 37028.741958608851 475.21336481999606 19.634113848209381 127.21509056910872 86.82895827665925 43.134322892874479 32.576880875974894 37.337230589240789 90.322234638035297 25.907495215535164 41.29289123788476 117.28124869801104 34.090200439095497 11.72018165886402 279.8372171446681 135.40384377539158 738.34699517302215 65.399146748706698
leaf_count=386 91 459 218 19 80 345 262 98 166 57 26 76 91867 808 88 160 69 199 64 227 478 33 210 312 148 9 301 160 1544 278
internal_value=0.000748355 0.000639023 -0.0175856 -0.0066399 -0.0222864 0.000736131 0.00851727 -0.00337751 -0.0281979 0.0137898 -0.00373771 -0.0389215 0.000761827 0.00440609 -4.4288e-05 0.00107862 0.00274465 0.000338824 -0.0290074 0.00280641 -0.00829008 -0.0320891 0.00138891 -0.013515 0.0117573 -0.0213431 0.0153711 -0.000918168 0.00832074 0.0160514
internal_weight=40230.6 39672.3 210.268 164.565 123.967 39462 558.306 171.47 79.3612 386.836 97.3913 35.4165 39432.7 2403.96 1125 1105.36 1062.95 976.119 75.7112 900.408 402.019 116.23 285.789 158.574 498.389 49.0574 449.331 169.494 1278.96 540.613
internal_count=99238 98462 776 558 539 97686 776 355 264 421 159 102 97300 5433 2803 2715 2370 2301 263 2038 1193 511 682 522 845 236 609 308 2630 1086
is_linear=0
shrinkage=0.03


Tree=148
num_leaves=31
num_cat=0
split_feature=8 11 8 1 12 2 4 11 11 18 17 15 2 8 16 12 4 17 9 4 17 13 17 13 11 9 10 14 13 18
split_gain=37.9654 39.2502 102.644 155.671 133.811 133.024 151.96 120.274 115.8 175.806 113.375 152.749 202.184 169.569 134.932 126.955 113.393 112.102 104.708 101.844 102.838 97.0531 93.5475 98.338 88.3304 106.308 106.698 152.072 149.399 141.696
threshold=11.343058566326439 1.0631666040766838 2.5544363649996544 -3.0504154332510356 1.1048486379990194 -4.2489414209148419 14.88047051471162 1.4836323315273492 1.3532772280344736 52.820405493903912 -6.5223048180446161 0.30630384935047356 -3.1450572706556708 1.3202817494056083 -0.88341937378574553 1.0583433686097792 20.557131148017508 -0.47658234440609804 2.6376386705812203 7.2133894322727334 -32.767421142654854 0.88241058169718178 -12.754002246500201 0.80932639300616771 0.98909610639516476 1.878342551960144 3.68634339709098 29.237847543973391 0.7060138210089496 65.5318795378668
decision_type=2 2 2 2 2 2 2 2 2 2 2 2 2 2 2 2 2 2 2 2 2 2 2 2 2 2 2 2 2 2
left_child=1 24 3 18 7 -6 -7 8 10 -10 11 19 -13 -14 16 -15 -12 -4 21 20 -5 -3 -22 -24 -1 -26 27 29 -29 -27
right_child=-2 2 17 4 5 6 -8 -9 9 -11 14 12 13 15 -16 -17 -18 -19 -20 -21 22 -23 23 -25 25 26 -28 28 -30 -31
leaf_value=0.00041034988551333861 0.0078041305125053778 0.050601673283639702 0.00070178640612531711 -0.043530030421260031 0.027106448379665891 -0.036201495260089436 0.019929790349760213 -0.040960950063372692 -0.040036243966012387 0.030256422308364509 -0.046991247828214233 0.014503915889099727 0.014546355380833754 -0.040354805751941045 0.014471305262387824 0.020418831090689447 0.028377366037391018 -0.044611185555037562 -0.041277688941319432 -0.049710120783894619 0.022650559138169359 -0.036924658352513073 0.02797722538773352 -0.043121645699432679 0.027535485116784771 0.013538931797722044 0.0094070234275092039 -0.032037516017000098 -0.001682523717908096 -0.036797773074396189
leaf_weight=19916.593589091673 670.66834194213152 24.454949010163546 11865.163246933371 29.767602179199457 46.398286193609238 271.20381419733167 51.678756825625896 64.376611061394215 37.683584306389093 213.16475616395473 63.686466127634048 134.21750358399004 73.467545982450247 358.6788426944986 491.22187862731516 33.855777982622385 25.025631986558437 49.341524198651314 170.89551424048841 27.606810562312603 273.57173068262637 21.361274279654026 28.669472642242908 44.971717450767756 178.64336158521473 872.51980135962367 1984.382924452424 157.52352394349873 1981.7930677318946 53.411370657384396
leaf_count=53141 778 38 24168 173 100 1412 77 344 273 309 330 476 264 1964 1124 70 23 219 915 127 700 193 51 272 559 1557 2781 747 5856 197
internal_value=0.000726148 0.000606109 -0.000642801 -0.00618766 -0.00386771 -0.0203919 -0.0272174 -0.000656035 0.000757513 0.0196967 -0.00224037 -0.00833641 -0.0179397 -0.0272841 0.00832177 -0.0351131 -0.0257298 0.000514132 -0.0304804 0.00591039 0.00998356 0.00979355 0.0145714 -0.0154419 0.00132136 0.00479176 0.00398715 0.000478425 -0.00391764 0.0106353
internal_weight=40216 39545.3 14400.5 2485.96 2269.25 369.281 322.883 1899.97 1835.59 250.848 1584.74 1004.81 600.22 466.002 579.934 392.535 88.7121 11914.5 216.712 404.587 376.981 45.8162 347.213 73.6412 25144.9 5228.27 5049.63 3065.25 2139.32 925.931
internal_count=99238 98460 33622 9235 8089 1589 1489 6500 6156 582 5574 4097 2774 2298 1477 2034 353 24387 1146 1323 1196 231 1023 323 64838 11697 11138 8357 6603 1754
is_linear=0
shrinkage=0.03


Tree=149
num_leaves=31
num_cat=0
split_feature=17 15 15 3 3 2 11 11 14 17 8 3 16 2 1 2 12 12 17 12 11 7 5 1 15 5 1 7 1 12
split_gain=37.3309 42.4927 61.3706 39.6025 53.7526 39.4104 46.8331 40.1061 77.6853 125.938 104.862 84.112 96.5243 114.007 94.6698 67.4458 67.0894 109.7 61.0983 52.1221 84.1324 142.862 204.075 77.109 51.1742 132.569 48.5589 136.274 130.675 83.0783
threshold=-67.752189672368871 0.5272719258009787 0.27304706750358332 3.2376712538254808 -8.8307100176081548 -14.484028047423328 1.243885662219973 0.66900044789525215 201.79943079885436 -27.250611982730977 1.9142453585672425 -7.1371938733695339 -0.8198656711992417 -6.1372487246435785 -0.26864953927163698 -1.4599116138681087 0.27802954640900474 0.98499871374385362 -37.345984536951953 0.43021247179691668 0.63582205801862279 0.58506711309069825 2.1217489776801304 5.3148722568691529 0.36666581804952098 3.6446700030258774 -1.9385618392970592 -1.8109004850552055 -0.97928135158632512 2.0681655535204566
decision_type=2 2 2 2 2 2 2 2 2 2 2 2 2 2 2 2 2 2 2 2 2 2 2 2 2 2 2 2 2 2
left_child=1 2 3 4 -1 6 -2 8 18 -10 -11 -12 13 -13 15 -14 -16 -18 -7 20 21 23 -23 -20 -22 -26 -21 29 -29 -28
right_child=5 -3 -4 -5 -6 7 -8 -9 9 10 11 12 14 -15 16 -17 17 -19 19 26 24 22 -24 -25 25 -27 27 28 -30 -31
leaf_value=0.014105846997813568 0.021039278956432528 0.0220718552908508 -0.039213455905123505 0.029010811200638333 -0.042956068306816052 0.022681996664882118 -0.0016702061719239634 0.00029710306593417582 -0.04942021800086744 -0.033236856835171982 0.031534987795565114 0.025968198290994473 -0.013435962091579127 -0.059438729682836394 0.024970250406497054 0.032859248379636226 -0.047125790918754809 0.018976254760324291 -0.050342472103228647 0.021731621546986518 0.022449202910965603 0.015534529484083095 -0.056881228196709627 0.038404518275352621 -0.052799107355260388 0.024268651776070724 -0.049994610086651445 -0.034408814027017058 0.013086617174347464 0.041814538155350731
leaf_weight=41.612786911427975 183.68385188281536 156.36987063288689 29.350188061594963 51.366975724697113 23.108296185731888 207.40323399379849 147.24756641685963 37181.396151694469 52.907759277150035 76.576987688429654 85.377772405743599 20.036723628640175 37.215898066759109 47.209730826318264 32.296704664826393 118.5129914842546 66.639958441257477 34.187036212533712 90.433108401484787 223.01889819651842 146.85974288731813 179.73400911688805 43.500738643109798 9.7625191807746869 33.791402868926525 49.535968750715256 55.589644409716129 56.321445394307375 701.43554311059415 10.555016607046126
leaf_count=44 132 111 103 25 108 253 229 93075 251 449 65 14 95 216 27 91 264 37 533 281 205 266 218 3 194 47 317 224 1357 4
internal_value=0.000704486 0.0112157 -0.000456432 0.00934239 -0.00626779 0.000624961 0.0109347 0.000538717 0.00431506 -0.00533192 -0.000829269 0.00479204 -0.00161981 -0.0339909 0.00591635 0.0217957 -0.0126594 -0.0247128 0.00736165 0.00537638 -0.00206839 -0.0119345 0.0014232 -0.0416954 0.0117943 -0.00698432 0.00931322 0.00595172 0.00955645 -0.0353442
internal_weight=40193 301.808 145.438 116.088 64.7211 39891.2 330.931 39560.3 2378.9 570.962 518.054 441.477 356.099 67.2465 288.853 155.729 133.124 100.827 1807.94 1600.54 553.617 323.43 223.235 100.196 230.187 83.3274 1046.92 823.902 757.757 66.1447
internal_count=99238 391 280 177 152 98847 361 98486 5411 1509 1258 809 744 230 514 186 328 301 3902 3649 1466 1020 484 536 446 241 2183 1902 1581 321
is_linear=0
shrinkage=0.03


end of trees

feature_importances:
atr_20d=321
dist_52w_high=300
vol_surge_t=294
adv_20d_cr=292
true_range_pct=276
ret_1d=275
range_position=269
stock_vs_sector=268
vol_accel_feat=244
compression_ratio=238
ret_3d=223
atr_5d=219
ret_10d=218
sma20_trend=197
dist_sma20_feat=190
rsi_prev=180
ret_20d=167
ret_5d=165
dist_sma50_feat=164

parameters:
[boosting: gbdt]
[objective: binary]
[metric: binary_logloss]
[tree_learner: serial]
[device_type: cpu]
[data_sample_strategy: bagging]
[data: ]
[valid: ]
[num_iterations: 150]
[learning_rate: 0.03]
[num_leaves: 31]
[num_threads: 6]
[seed: 42]
[deterministic: 0]
[force_col_wise: 0]
[force_row_wise: 0]
[histogram_pool_size: -1]
[max_depth: -1]
[min_data_in_leaf: 50]
[min_sum_hessian_in_leaf: 0.001]
[bagging_fraction: 0.8]
[pos_bagging_fraction: 1]
[neg_bagging_fraction: 1]
[bagging_freq: 0]
[bagging_seed: 400]
[bagging_by_query: 0]
[feature_fraction: 0.8]
[feature_fraction_bynode: 1]
[feature_fraction_seed: 30056]
[extra_trees: 0]
[extra_seed: 12879]
[early_stopping_round: 0]
[early_stopping_min_delta: 0]
[first_metric_only: 0]
[max_delta_step: 0]
[lambda_l1: 0]
[lambda_l2: 0]
[linear_lambda: 0]
[min_gain_to_split: 0]
[drop_rate: 0.1]
[max_drop: 50]
[skip_drop: 0.5]
[xgboost_dart_mode: 0]
[uniform_drop: 0]
[drop_seed: 17869]
[top_rate: 0.2]
[other_rate: 0.1]
[min_data_per_group: 100]
[max_cat_threshold: 32]
[cat_l2: 10]
[cat_smooth: 10]
[max_cat_to_onehot: 4]
[top_k: 20]
[monotone_constraints: ]
[monotone_constraints_method: basic]
[monotone_penalty: 0]
[feature_contri: ]
[forcedsplits_filename: ]
[refit_decay_rate: 0.9]
[cegb_tradeoff: 1]
[cegb_penalty_split: 0]
[cegb_penalty_feature_lazy: ]
[cegb_penalty_feature_coupled: ]
[path_smooth: 0]
[interaction_constraints: ]
[verbosity: 1]
[saved_feature_importance_type: 0]
[use_quantized_grad: 0]
[num_grad_quant_bins: 4]
[quant_train_renew_leaf: 0]
[stochastic_rounding: 1]
[linear_tree: 0]
[max_bin: 255]
[max_bin_by_feature: ]
[min_data_in_bin: 3]
[bin_construct_sample_cnt: 200000]
[data_random_seed: 175]
[is_enable_sparse: 1]
[enable_bundle: 1]
[use_missing: 1]
[zero_as_missing: 0]
[feature_pre_filter: 1]
[pre_partition: 0]
[two_round: 0]
[header: 0]
[label_column: ]
[weight_column: ]
[group_column: ]
[ignore_column: ]
[categorical_feature: ]
[forcedbins_filename: ]
[precise_float_parser: 0]
[parser_config_file: ]
[objective_seed: 16083]
[num_class: 1]
[is_unbalance: 0]
[scale_pos_weight: 42.4112]
[sigmoid: 1]
[boost_from_average: 1]
[reg_sqrt: 0]
[alpha: 0.9]
[fair_c: 1]
[poisson_max_delta_step: 0.7]
[tweedie_variance_power: 1.5]
[lambdarank_truncation_level: 30]
[lambdarank_norm: 1]
[label_gain: ]
[lambdarank_position_bias_regularization: 0]
[eval_at: ]
[multi_error_top_k: 1]
[auc_mu_weights: ]
[num_machines: 1]
[local_listen_port: 12400]
[time_out: 120]
[machine_list_filename: ]
[machines: ]
[gpu_platform_id: -1]
[gpu_device_id: -1]
[gpu_device_id_list: ]
[gpu_use_dp: 0]
[num_gpu: 1]

end of parameters

pandas_categorical:[]
