tree
version=v4
num_class=1
num_tree_per_iteration=1
label_index=0
max_feature_idx=18
objective=lambdarank
feature_names=ret_1d ret_3d ret_5d ret_10d ret_20d dist_sma20_feat dist_sma50_feat sma20_trend true_range_pct atr_5d atr_20d compression_ratio vol_surge_t vol_accel_feat adv_20d_cr range_position stock_vs_sector dist_52w_high rsi_prev
feature_infos=[-74.613166909377554:28.691355995629259] [-74.969778780079935:58.224646717096284] [-75.299835180512019:64.915536203126962] [-75.782651548032405:118.29779267462199] [-78.595747414402268:119.09346250730141] [-73.388046646855301:77.5727396709445] [-73.683026974682136:88.728723762513866] [-35.402816260418092:24.676369870433135] [0:27.933851678272088] [0:15.302477638056619] [1.0931229463902636:10.388414644247224] [0:2.6473529317882116] [0:17.204831382082379] [0.06108995552189081:3.7153713626857918] [0.27045906250000001:3952.3753735037512] [0:1] [-72.751910192878697:26.321513490897448] [-86.735000588667816:0] [8.1330582185739928:96.590875288292978]
tree_sizes=3492 3482 3474 3475 3474 3482 3475 3485 3453 3477 3494 3468 3500 3484 3462 3494 3483 3489 3501 3468 3477 3477 3472 3470 3486 3488 3481 3487 3469 3475 3457 3483 3461 3473 3479 3459 3481 3477 3485 3487 3468 3460 3476 3475 3497 3487 3492 3483 3493 3487 3494 3501 3481 3476 3465 3475 3484 3486 3473 3506 3479 3462 3481 3464 3469 3473 3483 3489 3501 3480 3496 3492 3476 3497 3498 3473 3480 3456 3458 3497 3489 3482 3464 3494 3488 3478 3471 3506 3503 3487 3474 3472 3476 3494 3458 3478 3480 3494 3449 3496 3482 3483 3484 3472 3493 3498 3463 3514 3461 3471 3473 3477 3487 3487 3487 3495 3459 3484 3516 3473 3478 3488 3459 3504 3427 3491 3486 3443 3471 3471 3483 3491 3471 3470 3426 3486 3476 3427 3478 3494 3452 3429 3457 3491 3488 3436 3451 3466 3445 3494

Tree=0
num_leaves=31
num_cat=0
split_feature=9 9 9 11 17 6 6 6 17 11 0 12 12 14 11 0 17 12 2 18 16 17 16 16 6 18 8 14 17 18
split_gain=336.171 78.8439 45.3707 32.5307 22.0435 21.1055 19.5529 18.5375 18.3379 14.3883 13.7635 13.3107 13.1255 12.9983 12.8031 12.8675 12.5704 13.2404 13.696 11.7049 11.5944 10.4299 9.30907 9.02151 8.93628 8.05501 10.5305 7.29842 7.2479 7.50992
threshold=3.2387781643153351 4.7166773571457252 2.2801969758683969 1.1009599336666323 -36.217199168831122 21.896153137971268 11.577242714219214 19.633566365581895 -33.599353006826369 1.0604945839041429 3.6681778698672569 1.3595491704253244 1.193072779940372 19.920155967500005 0.65712571098354255 0.68183884562303454 -35.106964931212566 2.0681655535204566 2.3909925751414267 46.227968833746829 -0.64307346448493119 -36.753904033693509 -0.58645434087478832 -0.91308821142709962 6.7097752020974744 42.163177820476072 3.4749366242110735 230.25039141150651 -18.007645782790682 44.506000878482489
decision_type=2 2 2 2 2 2 2 2 2 2 2 2 2 2 2 2 2 2 2 2 2 2 2 2 2 2 2 2 2 2
left_child=2 3 10 6 -5 8 -2 14 -3 -10 16 -6 13 -11 -4 23 20 25 -19 21 -1 -17 -21 -16 -13 26 -18 -24 -25 -30
right_child=1 5 7 4 11 -7 -8 -9 9 12 -12 24 -14 -15 15 19 17 18 -20 22 -22 -23 27 28 -26 -27 -28 -29 29 -31
leaf_value=0.023482573583464974 0.0080637376575143031 0.043076832238409461 0.011769079782084812 0.030204705453057219 -0.017342319947950637 0.044110026532608211 0.026910281208301835 0.034024824888982182 0.035978946120650113 -0.028238335144549584 0.044826694371320149 -0.0078577001556471571 0.023735730869111779 0.0099227137758463695 -0.0097517187067761614 0.019266036314812218 -0.052241584088155275 -0.03736996067911319 0.036437717976832797 0.029946450070826046 -0.030674453427221967 -0.028972259211012468 -0.0061199320858264959 -0.013071521075916276 0.018657137181030348 -0.030676764900523013 0.026829851103522314 0.022812840023877894 -0.049790659586957435 -0.024069614655834112
leaf_weight=7.412951561389491 190.60614829455153 34.590728254464921 19.622024068696192 14.152813053027783 73.61519802638486 59.195030134811532 66.944915213971399 8.1346262644074141 33.569664676222601 9.774275117684736 2.2618336973682736 27.774066692581982 56.382974021842529 45.097985931504809 82.19001373681931 4.7908704152214368 27.887339188604532 4.1010891936384706 5.0478165054882993 8.5747483816667209 6.841213264880933 25.535005469975658 71.396346889683628 47.797196910629282 19.451936008154007 138.56788976130701 1.6029599320318073 8.8156528608305944 11.889869121514492 72.590128116105916
leaf_count=435 12693 1424 1307 841 7791 1982 3442 397 1559 417 65 2355 2797 3521 8015 410 4383 464 189 461 1014 3130 6255 5576 1370 16836 79 799 1398 7833
internal_value=4.02475e-10 0.0149769 -0.0170301 0.00671007 -0.00521875 0.0285768 0.0129625 -0.0107499 0.0234519 0.0187646 -0.0287441 -0.00936751 0.0135704 0.00312517 -0.0117811 -0.0131664 -0.0296132 -0.0317934 0.00335268 -0.00526017 -0.00250981 -0.0213516 0.000235987 -0.0175574 0.00306351 -0.0337067 -0.0479436 -0.00294009 -0.0224075 -0.0276896
internal_weight=1186.22 631.156 555.06 392.545 134.994 238.611 257.551 361.336 179.416 144.825 193.723 120.841 111.255 54.8723 353.202 333.58 191.461 177.207 9.14891 119.113 14.2542 30.3259 88.7867 214.467 47.226 168.058 29.4903 80.212 132.277 84.48
internal_count=99238 40192 59046 28492 12357 11700 16135 35581 9718 8294 23465 11516 6735 3938 35184 33877 23400 21951 653 11055 1449 3540 7515 22822 3725 21298 4462 7054 14807 9231
is_linear=0
shrinkage=0.03


Tree=1
num_leaves=31
num_cat=0
split_feature=10 0 0 8 9 3 9 10 12 15 17 10 15 8 17 6 9 17 15 15 12 0 12 7 11 15 17 2 12 17
split_gain=581.509 126.315 123.968 78.6697 72.2808 48.4007 51.5787 48.368 38.7162 29.5575 28.1023 27.7284 27.5336 28.5631 26.7739 24.0186 40.7681 23.0285 22.5783 22.4514 22.4404 21.6197 21.182 21.1323 20.9313 20.5873 21.6054 19.349 18.34 18.0459
threshold=3.2986816106133201 4.6684942264196714 3.4389079813604559 4.5048177395749311 2.9113777050881651 -11.088507789030304 7.8015585651198336 4.4764321294921663 1.1747069481346071 0.96105965272177774 -12.280183344396267 2.4347774809300904 0.49999805232996347 3.5150325938908979 -44.058325472366484 22.992679466970397 4.8882481146799597 -49.07469848051128 0.27659472448793049 0.91880700264265602 4.4208572847359964 -0.54852171796453442 2.0681655535204566 0.31049364759477843 1.0147680720764669 0.55346630718339951 -33.186754094491242 7.8420385359344715 1.7443246058426569 -47.202009479057701
decision_type=2 2 2 2 2 2 2 2 2 2 2 2 2 2 2 2 2 2 2 2 2 2 2 2 2 2 2 2 2 2
left_child=1 4 3 7 11 -5 25 12 24 10 17 14 13 -2 -1 -9 -17 -4 21 -12 -13 -18 -16 -14 -6 26 -7 -19 -15 -3
right_child=2 29 9 5 8 6 -8 15 -10 -11 19 20 23 28 22 16 18 27 -20 -21 -22 -23 -24 -25 -26 -27 -28 -29 -30 -31
leaf_value=0.015056952188160902 -0.018263112500452816 0.052039204458896607 0.031516038293890637 0.029823304509153676 0.00085357702733162297 -0.013486849353260397 0.02833497431682264 0.011718741729643949 -0.00029060641849238479 0.039479794732498498 0.026496649974357848 -0.022722363239429381 -0.010048283755047334 -0.0049215273521732291 -0.040023702516488929 0.020307667380860286 -0.026081604904769112 -0.0087731695492765053 -0.037146376935240921 -0.019514898762208591 0.041886638217486456 0.027685531373465508 -0.01538214641802175 0.0073547687649061144 -0.024897600606890551 -0.0061318656591985874 0.011045925621543416 0.017542741967110628 0.027766630048759514 0.014437321277282139
leaf_weight=9.3894432958913949 210.44415995903546 16.482711466960609 29.246866207337007 123.48419544572243 35.04886015719967 36.081385683966801 102.48653203976573 307.67082858381036 173.50417576619657 76.113973109168001 254.41790574009065 336.74169914412778 97.447220795264002 91.64636133791646 220.69110561691923 34.740550497139338 13.956474492326381 64.774275301897433 33.053158977068961 9.9165165871963818 4.9087570997071444 13.000154510140417 36.603205517574679 176.6047817147919 149.93648828627192 115.93749931658385 308.94223187712487 41.101619543973356 18.579227541806176 37.89869302889565
leaf_count=245 9114 28 164 1058 1588 519 516 5191 6011 295 1716 22083 4014 2887 18619 314 92 1498 237 152 72 35 1098 4431 9008 2296 4575 455 247 680
internal_value=3.60711e-10 -0.0186536 0.0088205 0.00500095 -0.0211559 0.012813 0.00908508 -0.000380782 -0.0104705 0.0223461 0.0190814 -0.0274528 -0.00581585 -0.0117832 -0.0347023 0.00765148 -0.00555562 0.00795206 -0.0205283 0.0247705 -0.0217941 -0.000151765 -0.0365181 0.0011666 -0.0200186 0.00480521 0.00848037 0.00144282 0.000588271 0.0258343
internal_weight=3180.85 1021.21 2159.65 1684.07 966.824 686.932 563.448 997.143 358.49 475.571 399.457 608.334 594.722 320.67 266.684 402.421 94.7503 135.123 60.0098 264.334 341.65 26.9566 257.294 274.052 184.985 460.961 345.024 105.876 110.226 54.3814
internal_count=99238 59432 39806 35526 58724 8964 7906 26562 16607 4280 3985 42117 20693 12248 19962 5869 678 2117 364 1868 22155 127 19717 8445 10596 7390 5094 1953 3134 708
is_linear=0
shrinkage=0.03


Tree=2
num_leaves=31
num_cat=0
split_feature=10 8 0 10 12 0 0 10 16 14 6 18 2 10 14 10 15 17 2 17 12 18 10 2 1 3 16 18 6 8
split_gain=644.945 142.286 101.342 72.3186 85.3279 56.3738 35.548 31.1621 33.9657 21.7223 20.7198 28.3285 20.3246 19.0161 18.6431 21.1064 18.5584 18.1948 17.9369 21.0102 17.881 18.4503 17.0857 16.9682 16.1102 20.2791 16.0682 15.74 15.5279 14.0373
threshold=3.5250867831165924 3.4749366242110735 4.1019210902327474 4.8022950532263176 1.6642702334010291 3.146731484279083 4.6684942264196714 2.2925810833517151 1.9481029927667022 44.214505347249492 12.179071206886716 31.740086473886389 -8.377688175513347 2.4347774809300904 65.192305245847791 4.5711396015147656 0.96105965272177774 -11.268089131419126 3.767566548112145 -2.9773437678837289 2.4444790774847855 21.622303992098171 3.7459103112756815 -1.9581204522222615 1.2357463130888593 7.7952177502028439 -1.305627233231953 68.855799529023571 21.042644842628292 4.3586451453638819
decision_type=2 2 2 2 2 2 2 2 2 2 2 2 2 2 2 2 2 2 2 2 2 2 2 2 2 2 2 2 2 2
left_child=1 5 3 4 10 7 13 8 -1 20 11 22 -5 -3 23 -16 17 -4 19 -14 21 -9 -2 26 25 27 -13 -12 -11 -20
right_child=2 6 16 12 -6 -7 -8 9 -10 28 24 14 18 -15 15 -17 -18 -19 29 -21 -22 -23 -24 -25 -26 -27 -28 -29 -30 -31
leaf_value=-0.041715308148255539 -0.030657116496290399 -0.03088666104230255 0.0097233326212000093 0.02645449873404172 0.020114273996825444 0.03187706569447616 0.015144128031661982 0.048835723115275766 0.014972677898173348 -0.028543003535669475 0.0050267557488793855 0.021267106983724322 0.0080563683766400329 -0.0053416114970748973 -0.019774550701188047 0.0033818748608404102 0.034548571451529127 0.025127872470817863 0.0066041702439508737 -0.050662054122760571 0.022239700189825434 -0.018829893624177564 0.024467969511998519 -0.0103317302146277 -0.0041193892471919321 0.025528477206278929 -0.0048448743244616293 -0.048708125018562108 0.012940597687619853 0.021720212364418106
leaf_weight=153.65098718536319 5.908545048790983 28.83339042289299 103.32245268661063 103.58943010435905 167.53098817687714 15.105999771156347 76.300452107563615 3.6998217988293609 10.140438012895173 365.23130245535867 32.345902018307243 39.738760495441966 296.36403249428258 290.14892940898426 185.25046225859842 43.801502226502635 105.95934201125056 207.77750346790708 76.390466336044483 5.5877289561904027 10.781574337161144 183.44882625018363 35.248295465193223 115.02195538388332 93.648760438663885 53.324295665777754 45.486597296054242 5.7832626163726664 8.3055429359083046 200.17108954413561
leaf_count=14422 238 1836 1403 712 1956 244 937 35 379 26314 670 770 3949 11200 8370 889 276 1111 1083 126 257 11470 447 4358 1927 643 1591 232 158 1235
internal_value=-3.78623e-11 -0.0178173 0.010619 0.00699309 0.00100689 -0.0254908 -0.00325065 -0.0266695 -0.0382057 -0.023363 -0.0038761 -0.00722155 0.0142166 -0.00765067 -0.00950092 -0.0153464 0.023705 0.0200117 0.0120253 0.00696976 -0.0153279 -0.0174922 0.0165541 -0.00281464 0.00462672 0.0135828 0.00733058 -0.00312351 -0.0276206 0.0175449
internal_weight=3067.9 1145.65 1922.25 1505.19 823.089 750.364 395.283 735.258 163.791 571.467 655.558 470.456 682.103 318.982 429.299 229.052 417.059 311.1 578.513 301.952 197.93 187.149 41.1568 200.247 185.102 91.4535 85.2254 38.1292 373.537 276.562
internal_count=99238 67252 31986 29196 22091 53279 13973 53035 14801 38234 20135 16663 7105 13036 15978 9259 2790 2514 6393 4075 11762 11505 685 6719 3472 1545 2361 902 26472 2318
is_linear=0
shrinkage=0.03


Tree=3
num_leaves=31
num_cat=0
split_feature=10 0 5 9 5 10 10 7 16 2 13 10 14 2 15 15 13 3 9 5 18 3 3 15 16 9 0 9 7 0
split_gain=609.562 134.897 94.219 63.1311 56.5088 57.1799 29.7626 27.0189 22.0375 21.9576 20.3392 20.3264 19.3462 19.3289 20.3001 19.1286 17.9208 17.3166 15.4797 14.9618 14.8391 19.5275 14.8239 14.5104 16.046 14.1449 16.7501 13.2605 13.6889 13.1426
threshold=3.5625961157961763 4.1019210902327474 9.7556388508183769 2.9339085773985096 -8.6857754587904186 4.5711396015147656 3.2279941779149093 -0.34430015195408553 1.854947896877134 12.89873301894028 0.81909875408891475 2.2009764479949303 127.63643820675044 -8.377688175513347 0.96105965272177774 0.96105965272177774 2.4169426162521419 -6.551174147138938 5.319852808131186 1.9748548435812678 21.622303992098171 1.2897985907004308 -8.5931111285959076 0.76543819168554872 2.0512323758192244 3.8582332830482948 5.8458775845701192 3.0832412111627261 4.8842968460353973 0.049555507029941652
decision_type=2 2 2 2 2 2 2 2 2 2 2 2 2 2 2 2 2 2 2 2 2 2 2 2 2 2 2 2 2 2
left_child=1 3 4 6 -2 7 8 -6 11 10 -3 -1 20 -7 -15 16 17 -9 27 22 -5 -22 -10 -21 -25 26 -12 28 -14 -8
right_child=2 9 -4 12 5 13 29 15 19 -11 25 -13 18 14 -16 -17 -18 -19 -20 23 21 -23 -24 24 -26 -27 -28 -29 -30 -31
leaf_value=-0.043016786374652644 0.020756888270340598 0.037783110551272932 0.020876061456762081 0.032270626458740168 -0.014280662830079966 0.025511665030686415 -0.024953196491925331 0.019711803021729559 0.050098507516249099 0.036215159970612192 -0.0074131788019298527 -0.028374409163257369 -0.017101507447303849 0.006395181601142678 0.029958923440848408 0.03656705138547061 0.036321028324101647 -0.0037979030617598785 0.016825800871007685 0.023906230561376078 -0.017603790893984249 -0.0028879629027454882 -0.048462140327232422 0.022963605427652939 -0.048563525356572643 -0.021487305910479541 0.029868878208857065 -0.032934192108700043 0.046658828168488618 0.0022003849500987754
leaf_weight=113.32742283571861 200.04473350651097 14.720134831499307 559.29928559157997 7.6913260542787603 151.99313276578323 65.556418988388032 26.956927340710536 30.864871145808138 1.5748211876489211 29.425055488012731 25.640700663381722 345.32345223805169 17.444926602765921 443.58859653357649 35.540615370497108 12.912641442846505 11.47559434105642 326.29222833729 7.832038010004907 14.826169627369383 154.80551555153215 170.58287448788178 10.738055311783681 4.6329530724906345 7.22427667590091 21.070223912131041 18.796563292387873 75.149532048235415 3.6675856271758667 39.621594509342685
leaf_count=11978 1886 131 3920 102 6562 492 1949 687 15 134 637 27561 1075 6974 98 33 94 10067 143 380 8753 6698 958 133 499 453 162 4895 19 1750
internal_value=-4.55075e-11 -0.0175418 0.0106064 -0.0210009 0.00611291 0.00339599 -0.0276313 -0.00358438 -0.0301515 0.0140481 0.00591795 -0.0319924 -0.0124436 0.0102335 0.00814308 0.000676613 -0.000580574 -0.00176624 -0.0237326 -0.00850087 -0.00891557 -0.00988911 -0.0358562 0.00412207 -0.0206159 -0.00124244 0.0083568 -0.0270324 -0.0060253 -0.00879381
internal_weight=2948.62 1111.05 1837.57 1001.4 1278.27 1078.22 564.226 533.538 497.647 109.653 80.2276 458.651 437.174 544.686 479.129 381.545 368.633 357.157 104.094 38.9963 333.08 325.388 12.3129 26.6834 11.8572 65.5075 44.4373 96.262 21.1125 66.5785
internal_count=99238 68425 30813 66908 26893 25007 45223 17443 41524 1517 1383 39539 21685 7564 7072 10881 10848 10754 6132 1985 15553 15451 973 1012 632 1252 799 5989 1094 3699
is_linear=0
shrinkage=0.03


Tree=4
num_leaves=31
num_cat=0
split_feature=10 16 9 9 15 10 0 8 12 10 10 14 6 5 6 10 12 13 14 16 12 0 9 16 12 13 6 10 8 12
split_gain=535.672 143.91 80.8648 69.0982 31.0302 27.6066 26.7501 32.0344 22.4563 20.7436 19.9047 22.6954 24.5358 21.087 19.4642 19.8863 18.8028 17.2591 18.7329 19.1864 16.3301 14.8602 19.031 14.4149 13.9562 21.2199 13.747 13.32 13.9066 17.313
threshold=3.5625961157961763 2.5111757616569252 4.40393657462928 2.9339085773985096 0.96105965272177774 3.2279941779149093 4.6684942264196714 4.3586451453638819 1.1747069481346071 3.9778447873439586 5.7605423068383379 79.818856407601331 16.003815969196069 -5.9783423035568015 -15.746440968775449 3.0396545611468633 4.4208572847359964 2.2070085098401102 40.852530043293157 -3.7795058596661422 1.8989757847384667 4.6684942264196714 3.7142117945902404 -1.1048907820537661 1.6888148325301844 0.87569649140615036 6.8151422347669852 4.9411512462865899 4.3586451453638819 3.9543291698517464
decision_type=2 2 2 2 2 2 2 2 2 2 2 2 2 2 2 2 2 2 2 2 2 2 2 2 2 2 2 2 2 2
left_child=1 3 4 5 10 16 7 9 14 -4 11 12 13 -2 -5 -16 -1 18 19 -9 -15 22 -3 -12 25 -13 -7 28 -8 -30
right_child=2 21 6 8 -6 26 27 17 -10 -11 23 24 -14 20 15 -17 -18 -19 -20 -21 -22 -23 -24 -25 -26 -27 -28 -29 29 -31
leaf_value=-0.032004892901622693 0.020056002788403415 0.0075041004646736915 -0.023364709254624687 0.031220549832323388 0.029359942874765888 -0.021002466493590399 0.041759197643255079 0.028841014123428755 -0.0040763196954627249 0.0058117157073851603 -0.017559185418937286 -0.0048218961120036225 0.023864879935833423 -0.0069427321371964557 -0.032349758067808793 -0.013260222956816411 0.023472544721685702 0.027891838088124669 0.016199161950646166 -0.0056767054639534215 0.018314034137213699 0.019506654285355057 -0.038474170118923894 0.02781133516630881 0.010577850497077372 -0.024705732359626396 0.0077467385456034847 0.027872200437414639 -0.00068101075015657619 0.025241844931348307
leaf_weight=441.9427227700362 41.064797962200828 46.823992945573991 24.322250077966601 6.8976680422201744 34.038346296176314 39.969549607892986 14.605622682720421 18.115793366450816 177.50501577294199 223.09435887116706 7.6797721297480157 189.57038296689279 48.593547154567204 172.0142407186795 75.76492460333975 139.62391196051612 5.567608577781356 89.526344022713602 443.05606722168159 72.466563656606013 26.60292675846722 82.489408349851146 9.7974334445898403 35.140251632314175 33.993833619402722 64.821187417779583 23.932242517068516 173.29299627942964 54.665462602046318 40.267319755628705
leaf_count=40700 744 1618 1051 122 101 2749 35 129 6871 3912 143 6279 475 6124 6156 7845 130 447 4444 1306 384 839 506 325 507 2865 889 719 630 193
internal_value=-3.31221e-10 -0.0170376 0.00990343 -0.0213765 0.00147216 -0.0286808 0.0146806 0.0120765 -0.0120329 0.00294353 -6.01829e-05 -0.00152556 0.00442713 0.000486285 -0.0183865 -0.0199751 -0.0313147 0.0157026 0.0136576 0.00122658 -0.00355982 0.0113831 -0.000451705 0.0196741 -0.00747597 -0.00988847 -0.0102354 0.0226961 0.0145074 0.0103146
internal_weight=2857.25 1050.31 1806.93 911.204 653.519 511.412 1153.41 870.581 399.792 247.417 619.481 576.661 288.276 239.682 222.287 215.389 447.51 623.165 533.638 90.5824 198.617 139.111 56.6214 42.82 288.385 254.392 63.9018 282.831 109.538 94.9328
internal_count=99238 68425 30813 65462 17947 44468 12866 11289 20994 4963 17846 17378 7727 7252 14123 14001 40830 6326 5879 1435 6508 2963 2124 468 9651 9144 3638 1577 858 823
is_linear=0
shrinkage=0.03


Tree=5
num_leaves=31
num_cat=0
split_feature=6 6 16 1 12 16 6 15 18 3 2 17 5 17 14 3 2 7 3 15 5 7 12 6 6 18 5 14 12 17
split_gain=300.184 168.796 102.893 87.6053 38.446 30.6677 31.4376 28.4351 26.274 25.6395 24.9593 24.9122 23.3934 35.6746 21.3891 18.4462 17.4666 16.9941 16.3108 16.1113 16.5238 15.8291 15.2468 16.1073 15.6546 20.217 16.2443 15.2315 20.3614 14.8753
threshold=13.029443947188627 -14.869054759517267 2.5949144825822663 -4.926647245238307 1.2316658808691898 -2.1425678013390255 2.8601233446813148 0.94405621028507603 39.283696878662433 1.4694787941934242 6.6412692932849806 -49.07469848051128 9.7556388508183769 -2.7702860760746142 60.631206367636189 -6.9774085294518882 -7.0438801370713167 4.3155514604709468 9.5915949239044149 0.12599853515625004 3.0563469623778508 -4.0546524766716603 3.6369396854232625 8.7818850902545247 4.2115156706844372 56.371855440432213 -4.5061869147136315 438.87681388242748 0.75877902352130733 -21.171118346867193
decision_type=2 2 2 2 2 2 2 2 2 2 2 2 2 2 2 2 2 2 2 2 2 2 2 2 2 2 2 2 2 2
left_child=1 11 3 8 5 -5 -7 9 21 29 22 -1 13 16 15 -8 -2 -17 -15 -10 -21 -3 23 24 26 -26 -6 -16 -29 -4
right_child=12 2 7 4 10 6 14 -9 19 -11 -12 -13 -14 18 27 17 -18 -19 -20 20 -22 -23 -24 -25 25 -27 -28 28 -30 -31
leaf_value=0.032977515013301602 0.031343500411277564 0.028714828532082241 -0.00075572678296946462 -0.0011552942193381751 0.0021262438626457551 -0.024897018545121372 0.037016098431264952 0.031415206842364998 -0.0074280604707116296 0.010791185059875254 0.0095326517142496035 0.010655621317142648 0.018076289481354545 -0.033850158059083056 -0.022034573930080546 -0.0098853450555708277 0.0090299325013170322 0.036536546402762625 0.0029779619264592347 0.017963489362872398 -0.046106384653369983 -0.024928667637233354 0.012857170238646461 -0.038472468381801461 0.021770764769204694 -0.012345466606682167 -0.021577871880662718 -0.023032378068102981 0.032218113840035832 -0.036258057845161271
leaf_weight=82.303811166551895 36.199859321583062 5.8686319806147358 25.149558337812778 86.207061178516597 34.01308841269929 498.57779560377821 8.8071002471260709 43.080418605357409 32.846761775843333 132.31129567837343 70.150688615161926 99.273938035068568 563.59100194426719 23.992615422292147 207.34067057160428 146.02296465664404 247.00437861954561 7.4599018529988816 19.718452232307754 125.13363918173127 3.7308124725241205 31.649916271213442 22.519524772302248 20.375310668256134 26.6631666184403 37.788592244673055 110.71051614492899 12.656099416431973 11.419912922545334 18.387490409077145
leaf_count=471 186 57 688 3356 1332 36875 83 213 1048 2310 1582 1499 4411 1369 13862 7469 4312 86 586 2480 122 1642 528 1183 615 1849 7298 613 215 898
internal_value=1.38702e-10 -0.00673486 -0.00964078 -0.012445 -0.0152825 -0.0182422 -0.0198931 0.00957149 0.00608022 0.00422008 -0.00629458 0.0207735 0.014373 0.00798871 -0.0135562 -0.00520626 0.0118821 -0.00762905 -0.0172367 0.0113278 0.0161086 -0.0165378 -0.0106993 -0.0130102 -0.01053 0.00176814 -0.0160069 -0.0194119 0.00317445 -0.0157498
internal_weight=2790.95 1900.45 1718.87 1499.94 1300.71 978.492 892.284 218.929 199.23 175.848 322.221 181.578 890.506 326.915 393.707 162.29 283.204 153.483 43.7111 161.711 128.864 37.5185 252.07 229.551 209.175 64.4518 144.724 231.417 24.076 43.537
internal_count=99238 88374 86404 82295 76946 62559 59203 4109 5349 3896 14387 1970 10864 6453 22328 7638 4498 7555 1955 3650 2602 1699 12805 12277 11094 2464 8630 14690 828 1586
is_linear=0
shrinkage=0.03


Tree=6
num_leaves=31
num_cat=0
split_feature=10 0 10 10 12 12 17 12 2 0 17 12 14 3 14 7 0 17 12 2 13 17 13 0 0 16 10 4 7 5
split_gain=504.764 128.659 68.7841 46.2312 46.5648 46.1496 29.2997 28.654 28.0165 27.2598 23.9993 17.7501 17.0112 16.4617 16.2555 15.539 14.7196 14.2804 13.8419 12.7599 27.3056 12.7141 12.5467 12.2051 11.9938 11.9878 14.4152 11.2835 13.2885 15.2704
threshold=3.7614263421292935 4.1019210902327474 3.0486207121232121 4.9411512462865899 1.619747122012231 1.113063952692001 -9.1970198159516041 1.4987054606507746 -12.365777054650438 3.3323169266206834 -35.646384779427379 0.97863850538536401 122.59114015328946 8.0857173616349165 77.468190426955729 -0.063025178114539657 5.3774417060707327 -1.659369793526811 0.33055917653623357 9.7444500916364483 1.1564852553189737 -51.640766791552799 0.32735517781035922 4.9072240140324475 -2.5757672861830643 0.14482394832878429 2.2367996495633551 -17.799580817619297 1.0159893327652438 11.547048757829721
decision_type=2 2 2 2 2 2 2 2 2 2 2 2 2 2 2 2 2 2 2 2 2 2 2 2 2 2 2 2 2 2
left_child=1 2 5 4 9 25 8 -8 -4 12 14 18 22 -10 -7 -12 -11 -13 23 20 -3 -6 -2 -5 -14 26 -1 -24 -29 -30
right_child=3 19 6 11 21 10 7 -9 13 16 15 17 24 -15 -16 -17 -18 -19 -20 -21 -22 -23 27 -25 -26 -27 -28 28 29 -31
leaf_value=-0.041878388540111472 -0.049031603424806107 0.019917395849889788 0.024401834391754456 0.017749231609783884 0.036808942803559119 0.024733327077877201 -0.0085580179127439926 0.01671366672819213 -0.01634307390184853 0.02028712729967122 -0.030044954728872919 0.023095433746884737 0.006931553625357181 -0.043391402784358019 -0.038311160866390644 -0.011901002583024862 -0.033226451292976952 -0.001928172267756435 0.0090293850822254929 0.02293468644877503 -0.016269415954900213 0.014696767856411382 0.023334791913023054 0.048285339330722488 -0.012904376772424713 -0.039758022923018693 -0.024081500778474152 -0.0053341932082118489 0.010778491753259418 -0.018861317481854403
leaf_weight=53.186393750016578 4.1368658160790792 43.766537187155336 14.336295814602634 81.883411888731644 26.106236493214965 20.231974731024824 137.00328973046271 57.253897315589711 232.22186759288888 80.090201958781108 64.935885923157912 324.80906905827578 34.409504705632571 22.185216102399863 4.4994529464165671 122.8542262086994 4.9096325177233657 21.909498907160014 298.75669512304012 59.307474839501083 32.855180724523962 225.9772190809017 23.980854111316148 13.759904973208902 135.33638043951942 123.15313210891327 178.20739884703653 127.44685236708028 145.61960010562325 17.526654596440494
leaf_count=6189 240 624 188 992 82 513 7000 1153 13872 947 5546 2022 730 1358 310 7303 173 174 3812 390 802 2277 238 20 5273 12968 15672 4812 3228 330
internal_value=-1.59942e-11 -0.0149455 -0.0185656 0.0111233 0.00624044 -0.0255705 -0.00998614 -0.00110963 -0.0164024 0.00151652 -0.0145165 0.0165624 -0.001212 -0.0187018 0.0132635 -0.018175 0.0171962 0.0215142 0.0122093 0.0124872 0.00440059 0.0169867 0.00287379 0.0221424 -0.0088834 -0.0321965 -0.0281722 0.00355638 0.00192419 0.00759431
internal_weight=2732.66 1166 1030.07 1566.66 825.54 567.068 463.001 194.257 268.743 573.457 212.522 741.119 488.457 254.407 24.7314 187.79 84.9998 346.719 394.4 135.929 76.6217 252.083 318.711 95.6433 169.746 354.547 231.394 314.574 290.593 163.146
internal_count=99238 73888 72072 25350 18330 48501 23571 8153 15418 15971 13672 7020 14851 15230 823 12849 1120 2196 4824 1816 1426 2359 8848 1012 6003 34829 21861 8608 8370 3558
is_linear=0
shrinkage=0.03


Tree=7
num_leaves=31
num_cat=0
split_feature=10 0 9 8 5 5 15 10 17 10 12 10 14 5 12 5 10 6 15 7 14 12 15 17 3 2 1 6 11 6
split_gain=454.927 119.468 62.7491 58.1808 27.6738 34.9157 21.9496 21.5164 20.8956 20.5654 19.8019 21.6546 18.8243 16.5756 13.4675 13.6808 13.3502 13.2849 17.1513 13.0103 12.7062 12.5746 21.6021 12.3747 19.4716 11.9178 13.7623 15.9652 16.2766 12.6999
threshold=3.5625961157961763 3.7988848812658165 3.9152053487530543 2.5038265275891445 8.0518345571577026 -6.4625336478732107 0.96105965272177774 4.1749569467077992 -47.202009479057701 2.2925810833517151 1.1747069481346071 3.319041985971571 52.145582622090309 8.4128421453145013 3.6369396854232625 7.7319139440292055 4.3894438969264309 4.9540926397266318 0.4055504035098893 5.0781632702433974 34.620052577822271 1.113063952692001 0.12599853515625004 -36.217199168831122 1.0540126186544321 -7.7559775743426087 8.7675114108531478 19.020710223289026 0.75761156655969109 13.787198230875118
decision_type=2 2 2 2 2 2 2 2 2 2 2 2 2 2 2 2 2 2 2 2 2 2 2 2 2 2 2 2 2 2
left_child=1 3 6 9 5 21 12 17 -3 -1 11 -5 13 -2 15 25 -14 -7 20 -11 -19 22 -4 -12 -25 29 27 28 -27 -9
right_child=2 8 4 10 -6 7 -8 14 -10 19 23 -13 16 -15 -16 -17 -18 18 -20 -21 -22 -23 -24 24 -26 26 -28 -29 -30 -31
leaf_value=-0.040528564603512826 0.0012847425855213534 0.040957539853287983 -0.028711483837322884 -0.025294441381585313 0.017440046286394711 -0.018876831198841124 0.028075949938371848 0.0048914079997928921 0.0062208873126086894 -0.025790617390810712 0.011690978946269434 -0.0050981173158350076 -0.014024946050362905 0.028823730476778622 0.030876741316860593 -0.048809629264934616 0.00054361532433708616 -0.042178128191448318 -0.017137143854696751 0.018063537385082564 0.021745240933678477 0.024339114665295977 0.015246803395309075 -0.021922819757668612 -0.0026938001027973094 0.025730902516026784 0.022745887903562335 -0.019709975058312446 0.0018541085546115769 0.032434355775430933
leaf_weight=102.17720551227103 123.290148198721 18.376978712156415 11.358559357875491 164.78435153595638 571.42621772078564 50.399022647819947 21.997527549043298 29.473352220375091 102.60534301144071 276.56374229880748 27.876711190969218 67.291852582653519 137.60231165657751 23.404584619216621 20.947315061464906 4.0307269886834538 96.179713222139981 3.07808272371767 24.164824610052165 6.2255403384915544 30.820401219825726 132.55864506139187 88.101509775733575 74.002026788948569 131.81707914359868 29.014287534751929 32.960479981265962 26.927186131477356 224.63229241466615 30.824235319159925
leaf_count=12324 3916 55 296 14467 4314 2324 63 411 1845 24377 785 3490 6654 174 121 132 2366 157 829 153 600 951 1218 5272 5657 298 335 505 5040 109
internal_value=1.10428e-10 -0.0163968 0.00930026 -0.0203636 0.0124818 0.00864937 -0.00106088 0.00424012 0.0114973 -0.0289931 -0.0132312 -0.0194384 -0.00274544 0.00567848 0.00746224 0.00616422 -0.00803133 -0.00760744 0.00217441 -0.0248252 0.0159408 0.0182895 0.0102267 -0.00706695 -0.00960757 0.00675696 0.00440793 0.00225368 0.00458534 0.0189714
internal_weight=2684.91 971.721 1713.19 850.739 1310.72 739.291 402.474 507.272 120.982 384.966 465.772 232.076 380.477 146.695 398.81 377.863 233.782 108.462 58.0633 282.789 33.8985 232.019 99.4601 233.696 205.819 373.832 313.534 280.574 253.647 60.2976
internal_count=99238 68425 30813 66525 17640 13326 13173 10861 1900 36854 29671 17957 13110 4090 6951 6830 9020 3910 1586 24530 757 2465 1514 11714 10929 6698 6178 5843 5338 520
is_linear=0
shrinkage=0.03


Tree=8
num_leaves=31
num_cat=0
split_feature=10 16 9 9 10 12 9 15 12 17 10 10 15 17 10 6 3 6 15 6 4 6 15 17 10 1 17 2 1 4
split_gain=430.503 110.465 58.5281 55.5265 23.6491 33.0073 22.3824 21.7631 21.4192 21.0685 20.9771 18.1271 17.5116 14.3677 13.3617 12.5495 12.4844 18.4786 18.5721 13.7748 18.836 18.6083 15.4729 22.0237 11.9913 11.5763 16.2644 15.75 14.3278 11.351
threshold=3.5625961157961763 2.4323951718981061 3.9152053487530543 2.9339085773985096 4.8022950532263176 1.6888148325301844 5.319852808131186 0.96105965272177774 1.1747069481346071 -35.646384779427379 3.7459103112756815 3.2186572881731812 0.048185187805724693 -37.345984536951953 4.3894438969264309 19.633566365581895 -13.557131357595241 12.588450123100813 0.13320001603963971 17.356436125343269 30.580882593334561 33.758671171923389 0.70836454403232962 -2.0632505047762471 3.0396545611468633 3.4324450627378549 -5.2261641315248619 3.5019489623998483 -4.926647245238307 3.1645039081981134
decision_type=2 2 2 2 2 2 2 2 2 2 2 2 2 2 2 2 2 2 2 2 2 2 2 2 2 2 2 2 2 2
left_child=1 3 7 11 5 10 8 14 24 -3 -4 -1 -6 -12 -2 -15 -14 18 -18 -19 21 -21 23 25 -5 27 -27 28 -22 -11
right_child=2 9 4 6 12 -7 -8 -9 -10 29 13 -13 16 15 -16 -17 17 19 -20 20 22 -23 -24 -25 -26 26 -28 -29 -30 -31
leaf_value=-0.029869267252995855 -0.0070946474050093159 0.029992776498287469 -0.024545875554563189 -0.031030437281348924 -0.038587058262107878 0.016192622831731326 0.021536728846533053 0.027799979147285468 -0.0050809301880136871 -0.017537905188828484 0.01783775951037788 -0.011932762303963628 0.027785542291773213 -0.00283565087249543 0.0048196330345875492 0.013923700534864008 -0.02764816046621172 0.027426954731472015 0.0096431105690302239 0.009013135680004768 0.028940406379632414 -0.048049657263659964 0.029566864914582529 -0.02889015691191275 -0.014766037474449874 -0.026905330405352288 0.017353272324925017 0.036209205681486049 -0.022131025981710878 0.0066242004677881791
leaf_weight=392.00283315731212 238.74439509236254 30.775519865041133 26.02484469715273 62.055556238745339 5.3422783729620269 226.12007591023576 17.401680631912313 22.068819653242826 152.56928639160469 21.64909040654311 52.210593796567991 58.244878128985874 72.129652673378587 199.8745359556051 131.31078602705384 50.339565776637755 12.769528528675435 108.22265114670154 204.66434715676587 139.84480554936454 9.9475186318159086 5.3397117443382731 98.974993630312383 10.177329028025268 119.09404994320357 10.74271556176245 24.550737503916025 40.579830499365926 9.828588089905681 91.275385230605025
leaf_count=40576 10096 248 1313 6139 94 2006 333 63 6602 1142 706 3796 369 6211 3014 597 356 741 2881 1284 44 72 326 122 7793 117 110 136 155 1796
internal_value=4.04337e-10 -0.0162321 0.00902481 -0.0205754 0.0120732 0.00737172 -0.011633 -0.00114103 -0.0133626 0.0079888 0.001299 -0.027549 0.0155351 0.00352305 -0.00286697 0.000536095 0.0159218 0.0146553 0.00745306 0.0180729 0.0151805 0.00691443 0.0210403 0.0130658 -0.0203377 0.01753 0.00388172 0.0255109 0.00355826 0.00199201
internal_weight=2644.88 945.068 1699.81 801.368 1307.68 554.57 351.121 392.124 333.719 143.7 328.45 450.248 753.115 302.425 370.055 250.214 747.772 675.643 217.434 458.209 349.986 145.185 204.802 105.827 181.15 95.6494 35.2935 60.3559 19.7761 112.924
internal_count=99238 68425 30813 65239 17640 10833 20867 13173 20534 3186 8827 44372 6807 7514 13110 6808 6713 6344 3237 3107 2366 1356 1010 684 13932 562 227 335 199 2938
is_linear=0
shrinkage=0.03


Tree=9
num_leaves=31
num_cat=0
split_feature=10 0 9 8 10 15 13 12 10 10 10 12 16 2 13 6 3 13 15 15 11 0 5 5 12 2 2 12 4 5
split_gain=394.843 102.835 56.9367 51.0602 24.8425 23.5325 21.7282 18.3671 17.4474 17.2158 16.948 21.5161 14.9181 14.7218 18.2536 14.6623 13.6263 14.5216 13.9499 12.628 12.5211 12.076 11.8571 11.5139 14.0667 11.1255 19.2363 10.8101 17.8694 11.7422
threshold=3.5625961157961763 4.1019210902327474 4.3462167610679012 2.5038265275891445 4.7620085050366248 0.96105965272177774 2.2070085098401102 1.113063952692001 3.2986816106133201 2.2925810833517151 5.7605423068383379 1.6642702334010291 -3.0547893189091115 12.89873301894028 0.81909875408891475 -19.084800283809027 11.794923407852322 0.96655450466976023 0.48581936497685968 0.11928498282898224 1.5008386242823331 -0.41370319791757476 2.0754432920316597 -0.14843311857626837 1.8989757847384667 3.5019489623998483 -10.359376960445209 4.4208572847359964 26.529317525086388 6.3019024980432974
decision_type=2 2 2 2 2 2 2 2 2 2 2 2 2 2 2 2 2 2 2 2 2 2 2 2 2 2 2 2 2 2
left_child=1 3 5 9 6 10 15 8 -5 -1 11 12 -2 14 -3 -4 -14 18 22 -8 -10 -9 -18 24 -11 26 -6 28 29 -17
right_child=2 13 4 7 25 -7 19 21 20 23 -12 -13 16 -15 -16 27 17 -19 -20 -21 -22 -23 -24 -25 -26 -27 -28 -29 -30 -31
leaf_value=-0.038802151674729869 0.019407203438025565 0.031931326358501967 0.023315135242297991 -0.025638929446702003 0.023801532423761526 0.026046983720376539 0.044075259396440199 -0.01665618499681297 -0.011054335742102617 -0.03405545352867341 0.017583190649315385 0.012755725619383568 -0.0081604822307535102 0.029196904011510115 -0.0032670951412731527 -0.0036941164425021863 0.047934529244021959 -0.019450399614841237 0.026327981990806899 0.014622003592079399 0.033709543452478688 -0.0027371321286025234 -0.034394655448748396 -0.0187969349213126 0.018099233257921468 0.019386503571631481 0.0071117923388677251 0.021833000794381194 -0.030760245553177121 0.0094345068493797927
leaf_weight=95.874827086488949 21.950816161523107 17.143797498545609 29.655665500089526 136.31061197782401 86.259033538401127 31.826099812984467 16.372840544208884 84.157907732704189 59.65094142378075 100.1423665570328 42.962437585694715 75.012849132646807 348.13347481150413 31.199129847809672 58.532086604391225 154.31155363598373 2.0297950096428377 13.053847485687582 31.586027282755822 65.564374102163129 6.2091700311284503 168.24828594760038 7.0174043403239921 156.870466018765 4.8810682381736106 392.93853318342008 222.4062974624685 21.167044361354783 16.42149502155371 101.73712394852191
leaf_count=12324 437 131 168 13277 449 99 48 5290 3533 10816 438 1115 14242 134 1252 4650 17 460 374 545 93 7860 255 13523 192 2612 3063 128 282 1431
internal_value=2.18418e-10 -0.0158079 0.00864731 -0.0194475 0.0126225 0.000976216 0.00670866 -0.012775 -0.019513 -0.0279255 -0.000496622 -0.00205391 -0.00467541 0.011856 0.00470684 0.00321143 -0.005991 0.00807699 0.0169204 0.0205074 -0.00683408 -0.00737806 -0.0159236 -0.0239438 -0.0316315 0.0160383 0.0117759 0.00118107 -0.000423292 0.00152235
internal_weight=2599.63 919.221 1680.41 812.346 1106.83 573.573 405.23 454.577 202.171 357.769 541.747 498.784 423.771 106.875 75.6759 323.293 401.821 53.6871 40.6332 81.9372 65.8601 252.406 9.0472 261.894 105.023 701.604 308.665 293.637 272.47 256.049
internal_count=99238 68425 30813 66908 13376 17437 7252 30053 16903 36855 17338 16900 15785 1517 1383 6659 15348 1106 646 593 3626 13150 272 24531 11008 6124 3512 6491 6363 6081
is_linear=0
shrinkage=0.03


Tree=10
num_leaves=31
num_cat=0
split_feature=10 0 6 5 8 15 8 17 3 15 14 10 10 0 15 17 5 7 12 15 12 12 4 10 17 16 0 10 7 17
split_gain=368.801 93.7238 53.0776 48.3326 47.1693 38.0391 24.4452 20.5138 22.1528 17.9929 17.8977 17.3565 15.3976 15.3331 17.6109 14.917 13.4668 12.3971 11.5444 11.4972 11.3738 11.3697 13.768 11.2937 14.037 14.9299 12.5245 11.2514 10.9722 10.6143
threshold=3.5625961157961763 4.1019210902327474 14.044638087596129 -8.6857754587904186 2.5038265275891445 0.96105965272177774 3.5150325938908979 -35.646384779427379 1.5323860555676141 0.74739417300938571 65.192305245847791 4.6783965076585234 2.2925810833517151 2.6108560859301106 0.13538108533102278 -51.640766791552799 -1.7801337274615874 5.0781632702433974 1.113063952692001 0.8077260591663652 1.072647547450476 2.8681418094803672 4.640617313181151 4.8948596858888811 -9.1970198159516041 -3.5373262929677258 -0.17433641491503274 4.0318054013092022 1.1720712653370604 -42.010975804050013
decision_type=2 2 2 2 2 2 2 2 2 2 2 2 2 2 2 2 2 2 2 2 2 2 2 2 2 2 2 2 2 2
left_child=1 4 3 18 12 6 10 -6 -9 23 11 29 -1 14 -4 -3 -16 -14 -2 -11 -21 22 -18 24 25 -8 -25 -12 -29 -5
right_child=2 15 13 5 7 -7 9 8 -10 19 27 -13 17 -15 16 -17 21 -19 -20 20 -22 -23 -24 26 -26 -27 -28 28 -30 -31
leaf_value=-0.037840695563814294 0.0079125390596482773 0.039080388476506085 0.023375289435356848 0.0281758239831339 0.0049722565934790259 0.029135964195434225 0.02228287665372583 -0.022659357157423156 -0.0083805448457875166 -0.027555635153662893 -0.028244435777510919 0.018158707012274431 -0.024568196429633603 0.019388243814833315 0.037086748334049131 0.0064308051510328836 -0.049856715098825298 0.018786998648670932 0.023095488586445143 -0.018810798440579413 0.0056417228104151552 -0.038607192093063881 0.0075256482093759387 0.0041237908733509259 0.010311867969437767 -0.0086883587587318397 0.021818064030797672 -0.0023416054920953702 -0.024777657038084898 -0.010328158435352763
leaf_weight=92.262932653015014 73.165326817717869 14.580268445424734 76.832651426491793 6.9978330093435934 52.793420262518339 39.242642095312476 16.010452365269884 180.94387395723606 212.78343542997027 22.208048573927954 46.021251068916172 33.221455043531023 247.56940532743465 325.26540567132179 13.088176452554761 92.454712798004039 3.8136416324414304 6.0816358418087466 117.37961361766793 26.445483587682247 48.548775343748275 5.0574210919439784 284.52734944992699 76.464488159981556 97.067579971218947 112.01465281151468 68.038373879273422 58.028000082937069 29.636642237572232 81.342626160185318
leaf_count=12324 1131 31 598 116 2146 129 199 15822 12085 800 3328 525 24378 1920 63 1486 135 153 752 1110 942 68 3902 1232 2132 3990 732 2079 1296 3634
internal_value=-1.28481e-10 -0.0154711 0.00838091 0.00375302 -0.0190302 0.000370931 -0.00119243 -0.012588 -0.0149426 0.00288937 -0.00865724 -0.00032651 -0.027346 0.0145975 0.0105323 0.0108783 0.00731276 -0.0235287 0.0172655 -0.00859567 -0.00298105 0.00598457 0.0067667 0.0059099 0.00170811 -0.00481518 0.012455 -0.0162324 -0.00992652 -0.00727809
internal_weight=2559.89 899.47 1660.42 951.833 792.435 761.288 722.046 446.521 393.727 466.798 255.248 121.562 345.914 708.585 383.319 107.035 306.487 253.651 190.545 97.2023 74.9943 293.398 288.341 369.596 225.093 128.025 144.503 133.686 87.6646 88.3405
internal_count=99238 68425 30813 24127 66908 22244 22115 30053 27907 11137 10978 4275 36855 6686 4766 1517 4168 24531 1883 2852 2052 4105 4037 8285 6321 4189 1964 6703 3375 3750
is_linear=0
shrinkage=0.03


Tree=11
num_leaves=31
num_cat=0
split_feature=10 16 9 9 17 10 15 12 8 16 12 10 5 18 17 10 16 3 10 6 14 14 4 1 17 14 12 15 4 14
split_gain=344.692 84.8479 49.9474 40.3645 27.5639 21.5469 21.4476 20.1184 15.7092 15.4692 15.2893 18.1367 15.1174 14.1989 14.7904 13.557 13.1983 14.4562 12.7943 11.9451 11.351 11.0429 11.4537 11.8144 10.8395 12.743 17.9118 10.3876 10.2796 21.9891
threshold=3.5625961157961763 1.692728419262522 4.3462167610679012 2.9339085773985096 -44.058325472366484 4.7620085050366248 0.96105965272177774 1.414722926132278 3.6202354382575677 3.4173308263923832 1.6642702334010291 5.7605423068383379 2.8364169587644277 78.957647374468351 -51.640766791552799 2.3033747434933338 -3.0547893189091115 11.794923407852322 3.7305144954190799 3.1165219545874003 756.25402281124286 18.23407757110558 14.04502636724694 3.0020880840920032 -8.453233063481651 234.3579463467255 0.31653261403262783 0.063984132553330839 8.7569762644820646 50.673555072315452
decision_type=2 2 2 2 2 2 2 2 2 2 2 2 2 2 2 2 2 2 2 2 2 2 2 2 2 2 2 2 2 2
left_child=1 3 6 15 -3 7 10 9 21 -4 11 16 -6 14 -9 -1 19 -18 -19 -2 -17 -5 -23 -24 -20 -26 -27 -7 29 -13
right_child=2 4 5 8 12 27 -8 13 -10 -11 -12 28 -14 -15 -16 20 17 18 24 -21 -22 22 23 -25 25 26 -28 -29 -30 -31
leaf_value=-0.03522718939664353 0.027049524125308814 0.032251232445913068 -0.004386708941403113 -0.0012009242785457983 -0.017585318399224104 -0.024071855304704168 0.024841645390704232 0.031390878321328711 -0.0037489963807273039 0.023809230663826775 0.011842840438084878 0.036345870014938712 0.0030581253006167872 0.032831583262849157 0.0062335560306581049 -0.023470662171602812 -0.0083646653176092396 -0.05375309002852198 -0.016461132211215136 -0.027887412657722269 0.040243827058032533 -0.025008788805662922 0.015984441779229967 -0.034356398814859551 0.026474263735460357 0.045456953272209659 -0.052263167995131608 0.015365823861374951 0.027312113048584306 -0.036510625266188493
leaf_weight=112.41431920928881 19.4641237006872 24.112151484470814 157.51906328974292 29.58777164312778 42.256986173626501 6.0636206218041471 31.513217801228166 24.159191457554698 126.7701065162837 19.702411533275153 75.58128729427699 6.7830051481723777 130.59897478483617 26.823509279638529 162.52432386012515 277.23944115676568 329.87142493762076 2.820919241057708 9.7970408420078439 4.359976689098402 2.5395755801000623 115.68436166175525 13.166209948889447 6.1582781384349792 33.649464293615893 2.6342991776764384 4.7003038973198272 690.14713205955923 26.621514481026679 8.278867010958491
leaf_count=14824 265 152 4895 1742 3042 141 99 74 6402 202 1121 33 3397 106 1975 27631 14242 177 342 172 53 10243 506 433 359 14 214 5983 193 206
internal_value=-1.85807e-10 -0.0151454 0.00811675 -0.0201443 0.00220306 0.011858 0.0008038 0.00621979 -0.0116864 -0.00125205 -0.000640281 -0.00274168 -0.00198844 0.0124218 0.00948923 -0.0264279 -0.00467059 -0.00601666 0.00843318 0.0169957 -0.0228923 -0.0177998 -0.0214375 -5.80478e-05 0.0118877 0.0186643 -0.017166 0.0150223 0.0161061 -0.00370023
internal_weight=2523.54 880.528 1643.01 683.56 196.968 1086.94 556.075 390.728 291.367 177.221 524.562 448.981 172.856 213.507 186.684 392.193 407.298 383.473 53.602 23.8241 279.779 164.597 135.009 19.3245 50.7811 40.9841 7.3346 696.211 41.6834 15.0619
internal_count=99238 68425 30813 61834 6591 13376 17437 7252 19326 5097 17338 16217 6439 2155 2049 42508 15785 15348 1106 437 27684 12924 11182 939 929 587 228 6124 432 239
is_linear=0
shrinkage=0.03


Tree=12
num_leaves=31
num_cat=0
split_feature=9 0 9 7 11 17 16 9 9 15 15 14 11 15 16 15 11 8 14 8 14 14 13 17 18 16 0 7 9 3
split_gain=318.765 60.3654 52.6644 36.4906 34.917 34.2869 25.9897 24.2948 19.7146 18.9078 17.8451 17.6428 17.5461 17.508 16.8798 17.9344 15.9313 15.5472 15.0955 13.5728 13.8013 13.4128 12.6233 13.1545 12.6115 15.3212 36.4555 14.9846 16.3555 14.7981
threshold=3.2510649598502512 4.1019210902327474 5.7262610964313145 5.0781632702433974 1.057828162404409 -35.646384779427379 2.4323951718981061 3.9152053487530543 2.2801969758683969 0.96105965272177774 0.45557670677345047 12.516414942062076 0.67990226368794271 0.50923187977326745 1.0000000180025095e-35 0.86852492374145951 0.78367756805093092 3.4749366242110735 359.55370914363669 4.3586451453638819 419.67788282937505 65.192305245847791 1.0958149297483539 -5.3265539903322843 54.239045353815861 0.19810514576851501 -0.42982565755393015 -3.6988538231876809 5.2542211155698917 2.5135626924233994
decision_type=2 2 2 2 2 2 2 2 2 2 2 2 2 2 2 2 2 2 2 2 2 2 2 2 2 2 2 2 2 2
left_child=3 2 4 6 7 -6 8 16 -1 14 -5 -4 -10 -8 -3 -16 18 -7 -2 20 -13 -18 23 -21 27 26 -26 -9 29 -29
right_child=1 9 11 10 5 17 13 24 12 -11 -12 19 -14 -15 15 -17 21 -19 -20 22 -22 -23 -24 -25 25 -27 -28 28 -30 -31
leaf_value=-0.02820775226947814 0.013605159981151749 0.037397146468439717 -0.038805211521634589 -0.037357655676849337 0.013093982724769773 -0.020682787841781673 0.033955691722650859 0.018107141612878366 0.00056440822909860572 0.027459579049052298 0.028170767204586736 0.0068603850257069488 -0.018849603987111246 -0.0074843436300308895 0.015038547477618472 -0.0018915712195103735 -0.00032539125296276739 -0.0065792877399798279 -0.033680690965241615 0.0087028227595119072 -0.033157442083000324 -0.017740782754552695 0.019355822181205639 -0.038395609234541946 0.013572940474327066 0.021807973423681341 -0.031827428666462411 0.00355817468381012 -0.047804823835063598 -0.03623823402222582
leaf_weight=195.19437301688595 61.785828811116517 23.494332332164049 5.8285927530960171 4.4940031128935543 62.898185860540252 103.76330889080418 11.422064469254108 37.075467422488146 47.190716779092327 105.13445698656142 22.300204407947604 55.767497155058663 373.55549801248708 46.655700901173986 237.64870678074658 73.800670048454776 86.612534968240652 218.43279533210443 6.738845304818823 54.995003175805323 9.0093949470901844 73.642093050119001 251.19038328755414 5.9106992813758543 96.990379355032928 108.39115510683041 19.043307343381457 76.768468648951966 7.2205892438068977 9.4437759098364022
leaf_count=23078 1185 92 169 235 1349 7575 190 456 1736 298 253 1039 32337 1608 2101 1177 3081 8590 290 650 248 4145 1815 119 1383 1084 590 1801 172 392
internal_value=-3.87539e-11 0.00671011 0.00356778 -0.017154 -0.000154267 -0.00716619 -0.0185189 0.00447173 -0.0203278 0.0163604 0.0171801 0.0129901 -0.0166721 0.000665604 0.0128765 0.0110268 -0.00315157 -0.0111213 0.00895498 0.0137912 0.00129457 -0.00832832 0.0163849 0.00413207 0.00938548 0.0136978 0.00612189 0.00196985 -0.00443366 -0.000801164
internal_weight=2492.4 1791.59 1351.51 700.813 968.807 385.094 674.018 583.712 615.941 440.078 26.7942 382.702 420.746 58.0778 334.944 311.449 228.779 322.196 68.5247 376.873 64.7769 160.255 312.096 60.9057 354.933 224.425 116.034 130.508 93.4328 86.2122
internal_count=99238 39801 36133 59437 32093 17514 58949 14579 57151 3668 488 4040 34073 1798 3370 3278 8701 16165 1475 3871 1287 7226 2584 769 5878 3057 1973 2821 2365 2193
is_linear=0
shrinkage=0.03


Tree=13
num_leaves=31
num_cat=0
split_feature=10 0 10 12 9 0 8 12 12 2 13 1 3 4 16 16 7 2 9 13 13 16 7 16 14 1 0 8 15 0
split_gain=313.659 82.6314 45.6805 40.2468 36.3091 22.4641 19.458 17.5611 15.4965 13.7021 17.6022 13.4755 16.6991 13.1188 15.5167 13.5315 12.7403 17.4158 14.1372 12.5524 13.8627 11.6775 12.949 11.6338 11.5987 11.4457 13.6804 12.9207 12.3928 11.1762
threshold=3.5250867831165924 3.7988848812658165 4.7620085050366248 1.414722926132278 2.9339085773985096 3.7988848812658165 5.9843226825166349 1.1747069481346071 2.0174339484476449 12.89873301894028 0.9131047397330837 4.7337533831035126 -13.557131357595241 16.141455250126175 -1.1807863381137882 -0.31403267156008335 1.0611899130942184 -0.044364287099574178 6.2004131154891011 0.85241514140613117 2.2070085098401102 -1.6924454372175071 5.0781632702433974 -0.1442399303128202 13.5918412079776 0.062269273385373587 -1.254370640645788 5.1549731567656343 0.12599853515625004 5.8458775845701192
decision_type=2 2 2 2 2 2 2 2 2 2 2 2 2 2 2 2 2 2 2 2 2 2 2 2 2 2 2 2 2 2
left_child=1 4 3 5 8 13 -7 21 -1 10 -3 12 23 14 25 24 17 -14 -19 -15 -21 -6 -23 -4 -16 26 27 -2 -29 -12
right_child=2 9 11 -5 7 6 -8 -9 -10 -11 29 -13 16 19 15 -17 -18 18 -20 20 -22 22 -24 -25 -26 -27 -28 28 -30 -31
leaf_value=-0.026123169297956009 -0.013261349974254629 0.024001706579075285 0.028428869123104258 0.011187931265781555 -8.5403273969289714e-05 0.024350834520161062 -0.023676884682209503 -0.0035815452939480402 -0.0040809091067299267 0.02675720808717311 -0.018360419481352717 0.017542576182906666 0.0063962587927938299 0.016018001714306798 0.0098315837181078627 -0.0072309467917538311 0.010543021634712027 -0.030790553785180103 0.01167269721524386 -0.014160356549850393 0.027909404494678852 -0.02341951539204563 0.024393763451973159 -0.0029259811416463334 -0.027726817238924374 -0.015763436584727605 0.022903664117960791 -0.024253578568102903 0.023512550389330592 0.0095412942314829011
leaf_weight=382.05211757510551 36.741098569880705 24.366971625480801 60.178982810117304 307.6542937567574 27.659926200023619 43.614154686743859 9.1921023855102231 151.47990561893675 31.037444841174874 30.003997908439487 31.142179633607157 311.35250259982422 84.440878771536518 48.189912578556687 8.4569625834701565 174.61522449139738 315.33997559477575 25.014747136621736 9.8290116159478185 36.355010436964221 8.745057450141756 127.64198327067425 5.3098685638396992 12.940168223343788 59.214239290624391 27.235342040657997 30.428713668836281 6.1959715873235863 23.164776992169209 22.081691198283806
leaf_count=42855 1573 312 288 3983 1721 474 267 6944 1963 137 1058 2136 1438 996 279 8287 3611 840 143 1099 67 11847 92 124 3633 1348 810 234 356 323
internal_value=1.52355e-10 -0.0149922 0.00761803 0.00261165 -0.0186322 -0.00254023 0.0159905 -0.0109092 -0.024467 0.00954113 0.00288376 0.0126287 0.00961551 -0.00467054 -0.00722998 -0.0116445 0.00738397 -0.000967276 -0.0188122 0.00537223 -0.00600289 -0.0178203 -0.0215099 0.0228799 -0.0230331 0.00141201 0.00625792 -0.00140462 0.0134325 -0.00678447
internal_weight=2471.68 832.776 1638.9 819.803 725.181 512.149 52.8063 312.092 413.09 107.595 77.5908 819.096 507.744 459.342 366.052 242.286 434.625 119.285 34.8438 93.29 45.1001 160.612 132.952 73.1192 67.6712 123.766 96.5306 66.1018 29.3607 53.2239
internal_count=99238 67252 31986 23406 65422 19423 741 20604 44818 1830 1693 8580 6444 18682 16520 12199 6032 2421 983 2162 1166 13660 11939 412 3912 4321 2973 2163 590 1381
is_linear=0
shrinkage=0.03


Tree=14
num_leaves=31
num_cat=0
split_feature=10 0 10 12 8 3 12 18 3 13 1 0 0 8 11 8 10 10 2 13 18 18 1 3 15 18 12 5 3 0
split_gain=298.002 75.6121 40.3616 33.2725 32.4548 22.427 15.5005 14.2185 13.461 13.1027 11.7338 11.7036 12.9465 13.6398 21.9376 13.4403 11.0413 10.6342 10.4831 19.2758 10.2539 13.5366 9.63811 9.51372 9.33281 9.12433 9.09845 9.75026 8.72122 8.49637
threshold=3.5250867831165924 3.7988848812658165 4.8022950532263176 1.5360129130500575 2.2887317139589824 8.5546306309885924 1.1747069481346071 31.227826645556174 16.530690302907484 1.0633942294800571 10.668728378950433 4.6684942264196714 -5.8962458316841024 8.3825030702243719 1.876760586005052 11.343058566326439 3.2279941779149093 3.8907909043034761 11.484609426069495 0.81909875408891475 65.128275890698191 80.202575314077549 1.5116918271002702 -10.674196920478028 0.11202164709119145 21.622303992098171 1.2224057094273617 -3.7413583447107555 0.88076246119456203 -1.114934064276111
decision_type=2 2 2 2 2 2 2 2 2 2 2 2 2 2 2 2 2 2 2 2 2 2 2 2 2 2 2 2 2 2
left_child=1 4 3 5 8 7 16 -2 28 17 -9 12 -4 -14 15 -15 -6 -7 19 -3 -20 -22 26 -18 -5 -8 27 -13 -1 -27
right_child=2 18 11 24 6 9 25 10 -10 -11 -12 22 13 14 -16 -17 23 -19 20 -21 21 -23 -24 -25 -26 29 -28 -29 -30 -31
leaf_value=-0.032801759283522976 0.013748290536289265 0.027262696298662303 0.025924122133049642 0.026328133644513346 -0.023351746902362587 -0.0087948858282065508 0.031984724679289124 -0.0075955890579924284 0.030259453768701823 -0.0017170311802639231 0.033188003210664722 0.011592886264286218 0.010190945658064469 -0.042318415584138347 0.031434263796101938 0.0059341034007813357 0.026307164796841961 0.021097293452623719 0.0332639984114644 -0.0077396432524030612 -0.028161741583796283 0.034722938282591646 0.021109673465563274 -0.012531751600928665 0.0091593671162494839 -0.018947405314972153 0.018723510998459623 -0.057265936162435319 -0.021817558863588493 -0.0050725710796794563
leaf_weight=134.02847691689385 32.747867022699211 19.59543837653473 44.22494937852025 32.082291637372691 155.65989913677913 12.66857875237474 5.1129389581619753 361.74527796570328 3.6866031050740267 62.979335065872874 6.4625118800904593 3.2778372012544423 538.52441618242301 14.840909831225874 8.3358917757868785 7.9936098204925647 6.1925558910879763 69.319213883893099 23.963302168063819 51.047698205569759 6.9456514026969653 5.5365979890339077 164.74843812338077 68.07576524009346 254.88239395665005 53.135172821203014 7.9563384111970663 4.2507559715304506 126.41527084962581 157.3395979104389
leaf_count=17074 647 191 234 235 16741 554 97 16429 74 1600 70 32 6703 271 27 72 202 1085 98 1427 96 18 716 4905 3176 3860 58 77 13952 8517
internal_value=1.25064e-10 -0.0147863 0.00742236 0.00280849 -0.0183322 -0.00153881 -0.0133923 -0.005195 -0.0266644 0.00857361 -0.00687979 0.0122613 0.010288 0.00907415 -0.0102205 -0.0254268 -0.0188108 0.0164784 0.00871142 0.00196953 0.0217794 -0.000268757 0.0189828 -0.00929333 0.0110788 -0.00761339 -0.00364569 -0.0272858 -0.0274702 -0.00857533
internal_weight=2443.78 816.735 1627.04 832.887 709.646 545.923 445.516 400.956 264.13 144.967 368.208 794.153 613.92 569.695 31.1704 22.8345 229.928 81.9878 107.089 70.6431 36.4456 12.4822 180.233 74.2683 286.965 215.588 15.4849 7.52859 260.444 210.475
internal_count=99238 67252 31986 23796 65422 20385 34322 17146 31100 3239 16499 8190 7307 7073 370 343 21848 1639 1830 1618 212 114 883 5107 3411 12474 167 109 31026 12377
is_linear=0
shrinkage=0.03


Tree=15
num_leaves=31
num_cat=0
split_feature=10 0 10 15 10 12 6 12 17 3 14 14 18 12 12 17 18 6 4 12 15 13 7 15 15 15 14 13 18 18
split_gain=270.363 79.8632 39.7587 32.7282 27.7798 22.4424 21.2094 18.1943 15.4178 15.3771 14.8483 13.0001 12.793 12.7584 12.5636 12.0216 12.0061 16.4073 11.8095 10.8055 15.7186 13.6827 13.0416 14.1745 15.2764 10.4906 10.1105 9.92612 9.71364 16.3097
threshold=3.7614263421292935 4.1019210902327474 2.9872975930684018 0.96105965272177774 4.7620085050366248 1.0509359902509401 19.633566365581895 1.113063952692001 -35.646384779427379 11.794923407852322 15.254622621107485 77.468190426955729 57.429292541046408 1.1652112576061042 0.80918090339374837 -3.8647058577413138 31.227826645556174 19.633566365581895 22.776771773249795 0.73025495142195307 0.8783993229867707 0.97402114956419228 3.9121552536035558 0.64285762057831031 0.10989006689551975 0.29268313862915529 75.864704375712293 0.56043445203140052 57.429292541046408 59.430691870751055
decision_type=2 2 2 2 2 2 2 2 2 2 2 2 2 2 2 2 2 2 2 2 2 2 2 2 2 2 2 2 2 2
left_child=1 2 7 4 5 9 13 -1 11 10 12 -9 -2 26 -11 -8 -7 18 -18 22 -21 -22 23 24 -6 -15 -4 -27 -24 -30
right_child=3 -3 6 -5 19 16 15 8 -10 14 -12 -13 -14 25 -16 -17 17 -19 -20 20 21 -23 28 -25 -26 27 -28 -29 29 -31
leaf_value=-0.026818255331700507 0.020033331727034143 0.010395155995862755 -0.0092123170488527632 0.025585148462832712 -0.045092418320197412 0.023000404117944143 -0.037093878187960991 0.019710667809814029 -0.017665828954898381 0.018963516213476802 -0.0091409858056296055 -0.045004972639657637 -0.053352549856649584 0.0065966250463007203 -0.020008429845438287 0.027946677427137179 0.0016426798640299097 0.017338213343305028 -0.056726506463706444 0.014795891584818918 -0.060228306241557873 0.0001906080258038222 0.028638576589491267 -0.020822020052181887 0.0063731656881486354 0.04843379274075725 -0.021394063063853955 -0.011859808854128481 -0.040313700550535521 0.011390702453776507
leaf_weight=265.58483144082129 25.838902145507749 121.86547110654647 137.22842593229143 90.972109916619956 5.4283158672042182 41.524857970303856 2.9432527786120799 17.998472709557976 144.95681607455481 40.160145389992977 225.25846626551356 3.3069234900758593 2.3307638400001442 56.875684236700181 9.1389208481414226 19.52016613696469 173.30488256725948 75.047219718107954 3.1768478965386739 451.42337420902913 4.1266158759826821 18.482213015668094 27.604615640826523 24.565692722331733 118.61310992925428 2.5331157029140732 110.85290590234217 82.237100696074776 5.7695557577535501 113.63782599128899
leaf_count=32875 674 1816 9584 273 214 295 130 489 12184 637 10059 290 131 1962 284 292 3884 578 99 3661 102 161 173 740 2092 15 10224 4027 109 1184
internal_value=-2.15409e-10 -0.0123071 -0.0155849 0.00816218 0.00700137 0.00213782 -0.00892034 -0.0219461 -0.0141635 -0.00359094 -0.00657306 0.00966581 0.0139614 -0.0105541 0.011739 0.0194248 0.00805567 0.00558845 0.000591976 0.0107662 0.0135733 -0.0108372 0.00626494 -2.30294e-06 0.00412092 -0.00337066 -0.0146556 -0.0100581 0.0126002 0.00889244
internal_weight=2422.31 965.903 844.038 1456.4 1365.43 595.781 412.191 431.847 166.262 302.727 253.428 21.3054 28.1697 389.727 49.2991 22.4634 293.054 251.529 176.482 769.651 474.032 22.6088 295.619 148.607 124.041 141.646 248.081 84.7702 147.012 119.407
internal_count=99238 73888 72072 25350 25077 16641 26234 45838 12963 11785 10864 779 805 25812 921 422 4856 4561 3983 8436 3924 263 4512 3046 2306 6004 19808 4042 1466 1293
is_linear=0
shrinkage=0.03


Tree=16
num_leaves=31
num_cat=0
split_feature=10 0 10 8 5 18 16 17 15 3 11 17 3 13 13 18 0 7 4 0 17 13 13 8 8 13 16 4 10 13
split_gain=261.214 71.7821 38.2856 30.9226 25.9407 33.0861 18.462 17.1776 17.0581 16.275 14.6045 13.358 12.5594 12.5362 12.8902 12.1924 12.1726 12.0969 10.819 10.5105 12.3761 10.7274 17.7681 12.2377 13.7669 10.2839 10.2373 9.91919 9.84996 9.73001
threshold=3.5625961157961763 3.9466817552517655 4.9411512462865899 2.2887317139589824 8.4128421453145013 31.740086473886389 -2.364629539971943 -35.646384779427379 0.96105965272177774 1.0000000180025095e-35 1.215023714351499 -47.202009479057701 16.530690302907484 0.81909875408891475 1.9705860807015561 63.631661918999392 4.6684942264196714 -0.34430015195408553 -16.845303019375176 -5.8962458316841024 -1.7594867172366813 2.2070085098401102 2.0225170520343876 8.3825030702243719 11.343058566326439 0.32735517781035922 -0.51829275617401682 -5.9705367154326217 4.6049527786427484 1.1793744516736224
decision_type=2 2 2 2 2 2 2 2 2 2 2 2 2 2 2 2 2 2 2 2 2 2 2 2 2 2 2 2 2 2
left_child=1 3 4 12 5 -2 18 10 17 -9 -5 -3 -1 -13 15 -15 19 28 -7 -4 21 22 23 -21 -25 -19 -22 -20 -8 -6
right_child=2 11 16 7 29 6 8 9 -10 -11 -12 13 -14 14 -16 -17 -18 25 27 20 26 -23 -24 24 -26 -27 -28 -29 -30 -31
leaf_value=-0.026359944191053874 0.017373056869223077 0.033467073521377524 0.024618362571430751 -0.010684687575013299 0.017820689945576566 0.032640291956795617 -0.018454427613125646 -0.022495563743661226 0.0217625831458855 -0.0099845409894367149 0.020771821036473147 0.026127108225854526 0.028928054006042453 -0.003616370389400941 0.017264465439127786 -0.045252868178744569 0.019323665130968681 -0.048158111434874293 -0.01691176899098339 0.0099923347237563624 -0.051675461994237233 0.02497701167989368 -0.048802585588012676 -0.043530281411134686 0.013934578433138913 -0.0026225998242708679 -0.00031185485291236289 0.010288598674634181 0.00019797704901938442 0.0060495825950142379
leaf_weight=252.97418566350825 81.275050137366634 17.143493445590138 41.345654744654894 29.653068156389054 105.93106462503783 14.941999831236897 108.32229019582155 149.45987556054024 19.544674189761281 250.28529695942416 24.062437574088108 19.043634007917717 3.7527208909159517 39.745383518806193 22.681204386404715 7.528676481684669 168.02032504987437 4.5357180427527046 15.236332005704751 426.39977660553996 5.2101173596456656 38.26179859507829 4.8299538348801425 8.2691708761849423 6.8687699735164633 281.29961636682856 10.592552077374418 57.991773612331599 33.317731720977463 156.6776619583834
leaf_count=31285 956 54 211 1947 1282 90 6300 15235 72 17620 556 160 75 1019 214 260 787 329 467 5261 120 172 81 208 53 10326 127 1320 876 1775
internal_value=-1.69947e-10 -0.0137929 0.00708651 -0.0172321 0.00290195 -0.000461611 -0.00317002 -0.0125219 -0.00564461 -0.0146623 0.00340659 0.00921826 -0.0255518 0.00454731 -0.00132727 -0.0102472 0.012269 -0.0068977 0.0093761 0.0100812 0.00888012 0.00973204 0.00842527 0.00905128 -0.0174559 -0.00334517 -0.0172464 0.00462911 -0.0140669 0.0107978
internal_weight=2405.2 816.33 1588.87 710.188 879.074 616.465 535.19 453.461 447.02 399.745 53.7155 106.142 256.727 88.9989 69.9553 47.2741 709.798 427.475 88.1701 541.778 500.432 484.629 446.368 441.538 15.1379 285.835 15.8027 73.2281 141.64 262.609
internal_count=99238 68425 30813 66718 23793 20736 19780 35358 17903 32855 2503 1707 31360 1653 1493 1279 7020 17831 1877 6233 6022 5775 5603 5522 261 10655 247 1787 7176 3057
is_linear=0
shrinkage=0.03


Tree=17
num_leaves=31
num_cat=0
split_feature=9 10 6 17 6 10 15 5 2 18 0 0 17 17 14 9 1 2 0 4 9 14 0 10 7 14 5 18 18 7
split_gain=248.87 53.5661 44.0329 35.0049 31.8167 22.148 21.5448 19.5855 28.5793 20.3368 16.2274 14.1252 13.8285 12.8679 11.6711 11.6761 10.9733 11.5381 10.7614 11.1632 10.2497 11.7244 9.87773 9.7828 9.31337 15.3681 10.2288 11.8892 13.0838 11.0681
threshold=3.2510649598502512 3.9606593766680054 19.020710223289026 -37.345984536951953 4.6728671772505139 3.1796946261150851 0.96105965272177774 8.4128421453145013 -7.7559775743426087 66.158941732160613 5.3774417060707327 4.6684942264196714 -45.432431373365922 -1.0164294987258724 58.989422471531839 2.7997553325013351 -1.8610784771147524 -2.7668788395472705 -3.8524770464041218 14.88047051471162 5.319852808131186 156.95991728571207 -3.5218086645601172 4.0318054013092022 0.14678188302611475 419.67788282937505 -2.4534560157446763 51.914527379193821 47.203992986154816 1.8333625204406292
decision_type=2 2 2 2 2 2 2 2 2 2 2 2 2 2 2 2 2 2 2 2 2 2 2 2 2 2 2 2 2 2
left_child=2 3 5 -2 18 11 7 8 -3 12 13 14 16 20 15 -1 17 -10 -5 -20 21 -6 -7 -14 25 -25 -26 28 -28 -29
right_child=1 6 -4 4 10 22 -8 -9 9 -11 -12 -13 23 -15 -16 -17 -18 -19 19 -21 -22 -23 -24 24 26 -27 27 29 -30 -31
leaf_value=-0.021452151772716442 0.01645696647464839 0.015652159054841845 0.018742768140976432 0.002982219321065942 0.00049369846558548866 0.020574470391190317 0.024543898799748078 0.013069223958031157 -0.054380104546428797 -0.022552179470511177 0.016415423497529179 0.0090236382783681415 -0.022748003196142265 -0.033867709980725337 -0.02697665378870498 -0.0041016531979372935 0.023434146886765424 0.010644230735995753 -0.019201838338882806 0.046129912084464889 0.016036758119509775 -0.019590633339859765 -0.010883353513104016 -0.0017032292231736459 0.019211455812940568 -0.046508560340945013 0.014691723341976277 0.014377590012536105 -0.04150840422543222 -0.00036017002379128751
leaf_weight=127.28079192695441 76.363390661950689 172.26827508327551 31.567266151541844 25.121650003653485 128.05550004992983 9.4241873812861723 78.418457258492708 461.57784799311776 3.5410285345278671 29.72701504197903 51.016777190496214 13.194853621535001 14.875015666999387 11.142134759633334 229.11174603458494 48.098746846080758 45.797676076064818 8.0150600890628976 151.99554186439491 2.3908891235478213 28.069631664897315 32.874232551839668 192.08451319672167 147.76179603929631 41.223942202457692 7.226705149980261 5.7571317167021361 71.449515325366519 10.579026409308424 128.06280546728522
leaf_count=14503 1446 1657 556 890 4858 231 231 3775 119 893 479 204 801 590 28217 3427 480 120 11192 22 403 1944 12299 4213 638 362 124 1369 514 2681
internal_value=-1.37598e-10 0.0059391 -0.0158188 -0.00226265 -0.00558191 -0.0175808 0.00933027 0.00829092 0.00507715 0.00153303 0.0013117 -0.0215217 0.00301145 -0.0025383 -0.0225182 -0.0166937 0.0168425 -0.00928059 -0.0152271 -0.0181901 -0.000691327 -0.00360907 -0.00941213 0.00115341 0.00201622 -0.00379238 0.00551822 0.00290301 -0.0217026 0.00491773
internal_weight=2384.07 1733.31 650.762 507.03 430.666 619.195 1226.28 1147.86 686.285 514.017 251.158 417.686 484.29 200.141 404.491 175.38 57.3538 11.5561 179.508 154.386 188.999 160.93 201.509 426.936 412.061 154.989 257.072 215.848 16.3362 199.512
internal_count=99238 39801 59437 21824 20378 58881 17977 17746 13971 12314 8274 46351 11421 7795 46147 17930 719 239 12104 11214 7205 6802 12530 10702 9901 4575 5326 4688 638 4050
is_linear=0
shrinkage=0.03


Tree=18
num_leaves=31
num_cat=0
split_feature=9 0 6 9 11 18 9 16 15 12 11 15 17 14 16 15 9 11 14 17 9 14 16 6 17 9 9 2 16 17
split_gain=236.543 42.1453 40.6558 38.4205 34.0184 26.5265 23.1198 17.8063 16.5967 16.552 15.1782 14.7995 15.2037 14.1898 13.1092 20.058 12.7212 12.5811 11.8741 11.7586 16.8221 11.7108 11.3078 11.2282 11.0529 10.8826 15.2288 10.7871 10.7423 17.9767
threshold=3.2510649598502512 4.1019210902327474 19.020710223289026 6.5277307888950622 1.0631666040766838 30.120640071617185 3.9152053487530543 2.4323951718981061 0.50923187977326745 1.3093159272900385 0.67990226368794271 0.96105965272177774 -11.045460447400986 110.79886817574958 0.079546845801179308 0.88178596766246986 2.8295684077353882 0.78367756805093092 359.55370914363669 -47.202009479057701 3.6116831555404576 74.283678486217369 1.1738735593614673 4.1193704559659716 -59.403588857471597 6.073615599337562 5.7262610964313145 -2.8819422882013721 0.025816383872746321 -6.1217050368290913
decision_type=2 2 2 2 2 2 2 2 2 2 2 2 2 2 2 2 2 2 2 2 2 2 2 2 2 2 2 2 2 2
left_child=2 3 7 4 6 -6 17 10 -9 13 -1 12 19 22 -14 -16 -12 18 -2 -3 -21 -19 -7 -11 -15 26 -25 -23 -5 -30
right_child=1 11 -4 28 5 9 -8 8 -10 23 16 -13 14 24 15 -17 -18 21 -20 20 -22 27 -24 25 -26 -27 -28 -29 29 -31
leaf_value=-0.0066709816025133711 0.011687366815285333 0.019213148424461982 0.017404311057331878 0.018021938213308632 0.014846972517395226 -0.0049616550974188487 0.0094947241157251668 0.032007170338181151 -0.0093956796816318244 -0.01174464966881162 -0.024294542974241735 0.024203548116248488 0.039895372615661999 0.028911463966903202 0.017305181894887108 -0.012378412068191558 -0.013964938185862905 -0.00047709737470667427 -0.032001789500629874 0.025118256180587408 -0.008335649735147603 -0.042623951250878006 -0.029351019344507522 0.00072776774292246708 -0.027130360831380991 -0.029827438393034963 0.028585286493426468 -0.011207245132142685 -0.011012976636131638 0.021049885605451794
leaf_weight=79.601874624640914 64.873412125336472 29.339080806821585 32.035598690592451 170.74616450455505 49.964901247061789 122.18070006428752 400.57323809195077 11.208801850269081 39.144928740221076 61.382423208793625 318.52501612729975 98.143041206523776 18.702805235981941 3.3167640157043925 161.51820927858353 23.464204041520134 161.80858707532752 90.994011685688747 6.1276253549731328 16.367071622633375 77.98377988464199 12.214858803228706 19.894576521182898 80.601416364312172 70.299293968389975 7.8416157746687523 22.617122736759484 50.510014337167377 34.609097510227002 28.862812236184254
leaf_count=5359 1185 159 556 1389 1075 6469 6375 192 1572 2736 38766 298 40 40 1017 401 12992 3481 290 208 1545 1058 1270 2180 4755 143 143 2839 521 184
internal_value=7.52725e-11 0.00579212 -0.0155382 0.00310539 0.000682717 -0.00572771 0.00517405 -0.0172674 -0.000179355 -0.00837631 -0.0188041 0.0139853 0.0109219 -0.0139157 0.01596 0.0135399 -0.0208148 -0.00252773 0.00791685 0.00262562 -0.00253239 -0.00735197 -0.00837686 -0.00144764 -0.0246054 0.00424347 0.00683187 -0.0173252 0.0141047 0.00356709
internal_weight=2365.45 1723.13 642.325 1297.61 1063.39 438.099 625.293 610.289 50.3537 388.134 559.935 425.518 327.375 215.691 203.685 184.982 480.334 224.72 71.001 123.69 94.3509 153.719 142.075 172.443 73.6161 111.06 103.219 62.7249 234.218 63.4719
internal_count=99238 39801 59437 36133 34039 18811 15228 58881 1764 17736 57117 3668 3370 12534 1458 1418 51758 8853 1475 1912 1753 7378 7739 5202 4795 2466 2323 3897 2094 705
is_linear=0
shrinkage=0.03


Tree=19
num_leaves=31
num_cat=0
split_feature=9 10 6 16 6 10 0 1 13 10 16 12 14 15 9 4 16 3 15 14 9 0 4 3 14 13 16 15 4 1
split_gain=226.386 45.3972 37.5805 31.3187 24.166 20.405 19.8777 20.7953 20.4033 22.938 19.7495 15.9763 15.6575 14.5052 14.2428 13.5452 13.1765 12.8096 12.433 11.8828 11.5448 10.9588 10.0066 13.8427 13.6886 9.397 9.38907 9.3622 8.77074 12.3905
threshold=3.2510649598502512 3.9606593766680054 19.020710223289026 3.7888317641275391 -19.084800283809027 3.1796946261150851 2.6108560859301106 -3.428089677178741 2.2070085098401102 5.8959224165278892 2.4323951718981061 1.9707273494138071 98.981234957352925 0.47296101921131012 2.5705390946082094 -12.734739292349621 2.4323951718981061 -12.076410618679548 0.6756119531307766 507.23379436708251 3.0606691383913494 -3.5218086645601172 -13.616096860590236 -12.743830041586412 116.05531809121219 1.8527313809540191 2.6759027823429342 0.96105965272177774 30.580882593334561 9.8884046061766941
decision_type=2 2 2 2 2 2 2 2 2 2 2 2 2 2 2 2 2 2 2 2 2 2 2 2 2 2 2 2 2 2
left_child=2 3 5 4 -2 10 8 -8 9 15 -1 12 -6 -12 -4 22 -13 -17 -5 -18 -16 -7 23 -3 -25 26 -19 28 -9 -30
right_child=1 6 14 18 11 21 7 27 -10 -11 13 16 -14 -15 20 17 19 25 -20 -21 -22 -23 -24 24 -26 -27 -28 -29 29 -31
leaf_value=-0.022899984696230228 0.025947121814122315 0.017628725190447517 -0.04677591975431087 -0.026460134717668973 -0.0056974968942786995 0.021734897666280759 -0.031735235578607482 0.0097252280654160205 0.020941233605143755 0.01348807044032208 0.034280762456706214 0.009130836796035522 -0.020368747760227547 -0.010381524821086273 0.02979589057849855 -0.034169739417742678 -0.029525011328892938 0.0012213031805075618 0.017428941947206452 0.044573016247332994 -0.022213908161229687 -0.010692353041172407 0.033831745023073991 -0.030896356330295211 0.01020954843905955 -0.022467632573250962 -0.044557175147408867 0.024699006108378468 0.028562450003536383 0.0072068938725841159
leaf_weight=370.6969491680793 20.964786618540529 45.805322314845398 2.9783870073442804 6.2542426821310064 199.36097174847964 9.8801554209785518 8.7332699506077898 234.70601559599163 74.589511975296773 187.23691066517495 8.6670569401467201 75.689703508862294 97.480043675750494 26.725341447861865 25.606935671123214 10.16924337169621 15.021520660899116 410.88103134572157 81.607493080373388 2.2380157122388473 4.5190115395234889 185.15063065916183 15.452521418977993 13.542415772913957 15.79481501074042 16.273377265082672 4.072165139252319 74.142802696675062 62.697512518614531 40.084295509383082
leaf_count=45029 176 367 174 187 10652 231 236 2816 478 1703 130 1958 7535 1192 253 295 512 9969 796 8 129 12299 165 432 319 382 173 210 230 202
internal_value=-4.42405e-11 0.00566965 -0.0153116 -0.00195186 -0.00542921 -0.0170253 0.0087995 0.0140743 0.00600622 0.00445735 -0.0208557 -0.00711678 -0.0105154 0.000555586 0.015807 0.00127894 0.00373704 -0.000889765 0.0143048 -0.0199168 0.0219942 -0.00904961 0.0118453 0.00732389 -0.00876543 -0.000104952 0.000772054 0.0150463 0.0129256 0.0202339
internal_weight=2347.02 1712.8 634.224 498.617 410.755 601.12 1214.18 420.364 793.817 719.228 406.089 389.79 296.841 35.3924 33.1043 531.991 92.9492 441.396 87.8617 17.2595 30.1259 195.031 90.5951 75.1426 29.3372 431.227 414.953 411.631 337.488 102.782
internal_count=99238 39801 59437 21824 20841 58881 17977 3694 14283 13805 46351 20665 18187 1322 556 12102 2478 10819 983 520 382 12530 1283 1118 751 10524 10142 3458 3248 432
is_linear=0
shrinkage=0.03


Tree=20
num_leaves=31
num_cat=0
split_feature=9 10 6 0 10 15 12 2 3 15 8 18 10 7 13 13 12 0 14 11 1 14 9 0 1 14 6 9 14 14
split_gain=213.352 45.1358 37.3152 28.9052 19.9358 17.7017 17.367 16.536 16.0682 15.0464 14.8612 14.527 14.3148 12.8663 11.5164 17.0524 15.5609 10.8586 11.788 10.6616 10.3225 9.87555 14.2772 9.7375 11.4362 10.7596 14.3283 9.96759 9.72432 8.83777
threshold=3.2510649598502512 3.9606593766680054 19.020710223289026 4.6684942264196714 3.1796946261150851 0.84192827669573489 1.9707273494138071 -14.484028047423328 7.6614251142517302 0.85838662360827689 2.5038265275891445 21.622303992098171 4.7620085050366248 3.5874653186811383 2.2070085098401102 1.8875746932871398 2.8681418094803672 1.4451634066349575 153.2563809244144 1.0979839830588694 -5.8918489897903035 46.274154371263897 2.7997553325013351 2.6108560859301106 -8.2379209450383382 98.981234957352925 13.787198230875118 5.4693061610167382 98.981234957352925 372.12698679428291
decision_type=2 2 2 2 2 2 2 2 2 2 2 2 2 2 2 2 2 2 2 2 2 2 2 2 2 2 2 2 2 2
left_child=2 3 4 6 10 7 11 -3 9 -7 -1 -2 14 17 15 23 -16 18 -8 -19 -6 22 -12 24 -9 -26 29 -25 -13 -27
right_child=1 5 -4 -5 20 8 13 12 -10 -11 21 28 -14 -15 16 -17 -18 19 -20 -21 -22 -23 -24 27 25 26 -28 -29 -30 -31
leaf_value=-0.02573371739081352 0.031014423986125434 0.024518754085920903 0.01598985622084317 0.012211994945798166 0.02227404662360789 -0.043929148180205602 0.01418983031700464 0.019804957524616626 0.022134135692059378 0.0085949245463506786 -0.019124994963509327 -0.0065109672688371404 0.0087655662545964835 0.029555628716464992 0.025485746955309946 -0.040627587682759397 -0.021430958202208455 0.0096747928258357364 -0.031278596295555565 -0.028583507477883203 -0.010369511572622531 -0.019741117805745296 0.0082064988652210766 0.015907615763276668 0.00069757229446139519 -0.030557113126451579 0.0026926478280950568 -0.020548616611899252 -0.018103382326690197 0.0022148392826848505
leaf_weight=221.8943974206486 7.8473957847163538 45.945939123164862 33.12402640588698 101.03651714336593 9.1516535568225645 5.3176620919257394 43.648192849883344 18.671476778108627 144.83921222266508 63.809650243201759 33.748032047500601 196.97313927966752 620.93908873805776 16.489144345920067 31.89092217705911 9.4914917699061316 7.9481229381635776 10.379317718499808 5.8154287231154731 17.794805945799453 184.10486184724141 107.75676958277472 35.082600013993215 51.113627136684954 124.14480567336432 37.181717929255683 29.554417242528871 7.7767199629452071 97.2948470620031 9.2479835196572804
leaf_count=30126 114 208 556 1145 214 212 1062 249 808 1012 3402 10626 7102 145 236 294 86 220 256 759 12316 10989 1834 735 3713 2075 677 182 7497 388
internal_value=2.41198e-10 0.00549542 -0.0149961 -0.00211154 -0.0167306 0.00862718 -0.00576385 0.00694211 0.0164546 0.00455448 -0.0205654 -0.00926953 0.00609021 0.00548822 0.0010103 -0.00108655 0.0161256 0.000376644 0.00884412 -0.0144892 -0.00882368 -0.014071 -0.00519428 0.000264969 -0.00264952 -0.00474446 -0.0136358 0.0110934 -0.0103438 -0.0240295
internal_weight=2330.01 1705.15 624.862 497.279 591.738 1207.87 396.242 993.906 213.967 69.1273 398.482 302.115 947.96 94.1269 327.021 287.182 39.839 77.6377 49.4636 28.1741 193.257 176.587 68.8306 277.691 218.8 200.129 75.9841 58.8903 294.268 46.4297
internal_count=99238 39801 59437 21824 58881 17977 20679 15945 2032 1224 46351 18237 15737 2442 8635 8313 322 2297 1318 979 12530 16225 5236 8019 7102 6853 3140 917 18123 2463
is_linear=0
shrinkage=0.03


Tree=21
num_leaves=31
num_cat=0
split_feature=9 9 5 11 14 17 0 15 8 17 8 14 3 16 9 4 15 14 5 7 14 16 11 16 9 5 17 12 12 14
split_gain=201.983 39.1947 25.6443 24.518 18.1399 17.3453 17.05 16.5361 21.8357 18.1212 14.9794 14.551 14.4047 13.8314 13.2385 12.9571 13.0877 14.2405 12.2709 16.9479 11.7115 11.1901 11.1863 10.8151 10.2352 10.1501 24.8825 12.5852 10.137 9.90479
threshold=3.2510649598502512 4.7577966047837297 10.048445791125017 1.1360986621818039 570.41412361904952 -37.345984536951953 1.8739987328800563 0.96105965272177774 4.2620357501020276 -67.752189672368871 3.3789098730734946 54.346600610470588 10.233267557781835 1.9481029927667022 3.9152053487530543 30.580882593334561 0.4009233445043982 14.116641021523437 -7.4744123906831641 -2.5046070429164451 536.99966135897159 1.3085048721248151 0.68460410507035163 0.26381973223619859 2.7997553325013351 10.048445791125017 -33.599353006826369 1.9707273494138071 0.19751567635144465 48.401644802091987
decision_type=2 2 2 2 2 2 2 2 2 2 2 2 2 2 2 2 2 2 2 2 2 2 2 2 2 2 2 2 2 2
left_child=2 3 4 6 10 -5 14 8 9 -3 11 13 -7 22 29 16 17 -10 -8 -20 -11 -16 -1 -6 -4 26 -18 -28 -13 -2
right_child=1 7 24 5 23 12 18 -9 15 20 -12 28 -14 -15 21 -17 25 -19 19 -21 -22 -23 -24 -25 -26 -27 27 -29 -30 -31
leaf_value=0.0026109924460937647 0.0021784541513563981 0.039920353151365849 -0.028040338036236991 0.011309854903815142 0.026428460769918206 -0.017879168308880422 0.039800794697693154 0.024840621825562677 -0.034370385964585713 -0.0018685198245835147 -0.0081020708936199812 0.011726901272231697 0.002846465618609505 0.018208737082537296 0.0069117647641500244 0.018166222935764559 0.015109281757863864 0.01452938044801444 -0.033727542613742681 0.010411325770785797 -0.036012176504705805 -0.022987679192939363 -0.018551710388196464 -0.046659028073905741 0.022226851556343796 0.01029839398674956 -0.0056549942819204869 -0.034164907602495874 -0.025074945621805504 -0.01149154471919412
leaf_weight=26.692489136985387 82.532475921150763 8.9144684318453056 4.355003782548013 32.396076837845612 13.136570812581338 121.68849375419086 12.03558770380914 60.441599863581359 5.4808248411864033 135.60340323514538 134.67731087491848 6.920935326605103 40.13509991535102 11.93144806838245 193.99646283808397 166.91642955504358 51.001705402042717 242.89160714135505 8.1619935039780085 192.00761341635371 9.6873246013419685 11.96004379284568 142.42785284906859 2.1156138084479599 22.380313912406564 118.07958281680476 72.612214612949174 17.244618815660942 252.3522272004484 113.04098660813179
leaf_count=1695 3074 32 207 641 361 8906 75 163 168 3498 8871 349 1229 488 4368 824 474 2660 399 3322 336 399 15647 191 324 860 1813 482 31304 6078
internal_value=1.18887e-10 0.00534483 -0.0146992 0.000562466 -0.0160009 -0.00872749 0.00350232 0.00969183 0.00858659 -0.00159768 -0.0168574 -0.0195353 -0.0127388 -0.0130091 -0.000132737 0.0109159 0.00853034 0.0134503 0.0103805 0.00861155 -0.00414506 0.00517548 -0.0152116 0.0162906 0.0140387 0.00381113 -0.00162705 -0.0111264 -0.0240926 -0.00572277
internal_weight=2313.82 1696.83 616.99 807.955 590.254 194.22 613.735 888.874 828.432 154.205 575.002 440.325 161.824 181.052 401.53 674.227 507.311 248.372 212.205 200.17 145.291 205.957 169.12 15.2522 26.7353 258.938 140.859 89.8568 259.273 195.573
internal_count=99238 39801 59437 28491 58906 10776 17715 11310 11147 3866 58354 49483 10135 17830 13919 7281 6457 2828 3796 3721 3834 4767 17342 552 531 3629 2769 2295 31653 9152
is_linear=0
shrinkage=0.03


Tree=22
num_leaves=31
num_cat=0
split_feature=9 9 6 6 4 16 16 3 17 8 11 5 2 6 0 17 8 18 14 6 2 11 11 17 14 9 18 11 17 17
split_gain=192.164 37.5602 34.1346 20.7445 23.5501 17.9417 16.8346 14.5141 14.2758 17.1102 13.2333 13.1608 19.2419 19.8263 13.0419 12.48 12.4092 12.3433 13.3154 11.5554 11.4647 10.9482 10.839 14.5426 13.1053 11.1058 10.6943 11.9716 14.3685 10.6024
threshold=3.2510649598502512 4.7577966047837297 19.020710223289026 6.6173709218417409 -17.799580817619297 -0.8198656711992417 2.4323951718981061 18.653788412539608 -49.07469848051128 4.2620357501020276 0.67990226368794271 9.7556388508183769 -9.2163532094866465 17.907419667535603 1.3615121066006166 -40.392174176758374 3.1851778729938127 74.415888109280502 8.8954970452015711 19.020710223289026 -3.8354877726736123 1.4262323785573459 0.78367756805093092 -31.943064507510094 75.864704375712293 4.064003132175384 63.09828948890938 1.164169663649522 -40.392174176758374 -14.902543802212287
decision_type=2 2 2 2 2 2 2 2 2 2 2 2 2 2 2 2 2 2 2 2 2 2 2 2 2 2 2 2 2 2
left_child=2 3 6 4 -2 20 10 22 -3 14 -1 12 -11 26 -10 -7 -16 18 -15 -18 -5 -17 25 24 -24 -6 27 -14 -29 -13
right_child=1 8 -4 5 7 15 -8 -9 9 11 -12 29 13 17 16 21 19 -19 -20 -21 -22 -23 23 -25 -26 -27 -28 28 -30 -31
leaf_value=-0.0061092079111713504 0.016858585655893162 0.020923898711992038 0.014659666286538791 0.013697207690987563 0.011446635284458894 0.03307503179678413 0.00099522715760634161 0.040051002204539457 -0.0072943864580754803 0.016972365015628269 -0.019652586550237525 -0.0026191857009189635 0.0083611767462187497 0.030434934271353846 0.026514496714793973 0.0077943767301040818 0.0074779522995148092 0.023491057668835798 -0.042213745939596675 -0.042910993150483974 -0.014762293301380156 -0.025786670029112242 0.012340209588155366 -0.013235703010927509 -0.014181617903740732 -0.039511364797199154 0.017516349174920103 0.023465345718091595 -0.014259830260831727 0.016167277157211266
leaf_weight=75.81776399561204 42.099069079733454 88.260045118629932 34.237463215424214 16.500552801997401 38.943163738440489 17.209349899785593 47.182752625434659 5.8355114244623101 98.598417607252486 98.300485993851908 452.21990645593905 29.699173231609166 81.355833804584108 2.5881615532562199 24.829557814169675 309.69647447561147 18.067658407962885 4.1165444210637352 18.506236245622858 5.2967796786688259 55.890805893170182 8.9913554736122006 44.056568492320366 235.10338361721369 27.071608338388614 4.2713752023410043 42.679472383111715 10.714426071383057 59.800500779878348 301.59440378472209
leaf_count=5359 660 519 556 297 795 134 1764 34 2898 832 51758 247 1190 16 274 6614 449 37 406 130 2326 436 1176 14528 1365 126 567 108 1895 1742
internal_value=1.75403e-11 0.00520782 -0.0144417 0.00052206 -0.00435744 0.0052712 -0.0161738 -0.00687143 0.0094764 0.00820734 -0.017708 0.0102984 0.00593954 0.00100448 -0.00104265 0.0081907 0.0117476 -0.0240271 -0.0333002 -0.00394535 -0.00827537 0.00684693 -0.007655 -0.0096398 0.00224592 0.00640989 0.00424822 0.000519542 -0.00852766 0.0144831
internal_weight=2299.53 1690.08 609.458 805.669 397.381 408.289 575.22 355.282 884.408 796.148 528.038 649.355 318.062 219.761 146.792 335.897 48.194 25.2109 21.0944 23.3644 72.3914 318.688 349.446 306.232 71.1282 43.2145 194.55 151.871 70.5149 331.294
internal_count=99238 39801 59437 28491 18684 9807 58881 18024 11310 10791 57117 7040 5051 4219 3751 7184 853 459 422 579 2623 7050 17990 17069 2541 921 3760 3193 2003 1989
is_linear=0
shrinkage=0.03


Tree=23
num_leaves=31
num_cat=0
split_feature=9 10 6 17 8 10 0 6 0 13 13 16 10 8 4 15 8 3 17 14 12 16 7 11 9 4 14 7 4 16
split_gain=183.63 41.5642 31.8844 24.0925 28.4168 18.5063 17.1676 16.7899 16.5031 17.4195 19.9085 16.0762 14.546 13.1116 12.8676 12.8419 12.5901 16.0436 17.6636 12.425 12.4546 12.3545 10.7994 13.7687 10.1489 16.7071 11.4755 9.45849 14.7504 16.4223
threshold=3.2510649598502512 3.9606593766680054 19.020710223289026 -37.345984536951953 4.2936167039222024 3.1796946261150851 2.6108560859301106 5.3164466025181278 -5.231183314645901 2.2070085098401102 1.8875746932871398 2.4323951718981061 5.525100435651038 3.6202354382575677 16.910344725133225 0.47296101921131012 3.8078240160900854 7.2622578472175361 -32.767421142654854 102.54756923314623 1.8625861522776466 1.3085048721248151 -1.7416309158327645 1.3714120671022496 5.8290862474013334 16.491373519467682 159.13370557913515 4.3155514604709468 37.759335321162155 -2.3025744277261415
decision_type=2 2 2 2 2 2 2 2 2 2 2 2 2 2 2 2 2 2 2 2 2 2 2 2 2 2 2 2 2 2
left_child=2 3 5 -2 14 11 8 22 -3 10 12 -1 19 -4 -5 -13 -8 18 -18 -10 -21 -19 23 -6 25 26 -9 -11 29 -29
right_child=1 6 13 4 7 -7 16 24 9 27 -12 15 -14 -15 -16 -17 17 21 -20 20 -22 -23 -24 -25 -26 -27 -28 28 -30 -31
leaf_value=-0.021569477420624424 0.012845925723654669 0.018550239240560176 0.020004755934355061 -0.016494629066669014 0.016434463436153939 -0.0081077895742817357 0.027023106183032847 0.014387505151027127 0.0044606424442449871 0.026877544667013389 -0.032350453550363444 0.031719750339423487 0.0097301484073988448 -0.040843837126245529 0.0065984932918426069 -0.010760213801337465 0.017432364077110317 0.031231321881657698 -0.0081943405645235768 -0.008818235299184362 0.018216192891625314 0.012441561069518882 -0.017291691135127692 -0.038137605010230183 0.025133139804765465 -0.018911456063301746 -0.01651816944696986 0.014926775881323294 0.027497723846913111 -0.057830409030801055
leaf_weight=349.97120048271609 79.682153421686962 78.423615032341331 31.033639350847807 169.00174230366247 22.162450073577933 184.56079749923083 51.006136813492049 79.317884157586377 238.41137963082292 43.492856749275234 14.403333595371803 8.6303359402809274 210.81535776413511 3.5518874195404342 24.917474181391299 24.836198713979684 38.171703276690096 36.758517740759999 66.166947050776798 154.28344183895388 17.029791090986691 219.88976489694323 49.815363918343792 5.1227429602295151 26.579065334051847 22.039159091014881 12.519515311840221 5.579746425151825 10.969783790409563 5.5885020624846238
leaf_count=45029 1446 592 446 12840 735 12530 401 1491 5571 297 388 130 2281 110 819 1192 329 142 1443 4840 174 1379 2970 310 160 513 540 30 30 80
internal_value=5.8671e-11 0.00509041 -0.0142102 -0.00225291 -0.0051768 -0.015913 0.00811875 0.00226643 0.00549936 0.00403842 0.00251753 -0.0196699 0.00332685 0.0137557 -0.0135273 0.000194502 0.0130715 0.0111002 0.00118104 3.21635e-05 -0.00613081 0.0151327 -0.00898221 0.00618866 0.00844117 0.00454522 0.0101744 0.0187523 0.00278915 -0.0214803
internal_weight=2284.73 1682.15 602.584 491.158 411.475 567.999 1190.99 217.556 778.998 700.574 634.943 383.438 620.54 34.5855 193.919 33.4665 411.993 360.987 104.339 409.725 171.313 256.648 77.1006 27.2852 140.456 113.877 91.8374 65.6309 22.138 11.1682
internal_count=99238 39801 59437 21824 20378 58881 17977 6719 14283 13691 13254 46351 12866 556 13659 1322 3694 3293 1772 10585 5014 1521 4015 1045 2704 2544 2031 437 140 110
is_linear=0
shrinkage=0.03


Tree=24
num_leaves=31
num_cat=0
split_feature=10 0 10 12 6 17 12 17 4 17 10 15 15 2 14 14 3 18 14 16 3 10 0 11 6 17 3 6 17 11
split_gain=173.685 59.9549 32.2536 21.926 23.8303 17.1408 16.1604 15.918 22.2966 12.9481 13.0374 13.1715 12.2031 12.7226 10.5638 10.4748 16.3976 12.2714 10.197 13.8579 9.70897 9.37348 13.4329 16.6353 14.2617 9.46745 9.1876 11.1083 9.03104 8.85558
threshold=3.8086426045280222 4.1019210902327474 2.9872975930684018 1.0509359902509401 12.588450123100813 -33.599353006826369 1.9707273494138071 -3.9675326398202189 -20.80294495528052 -67.752189672368871 4.6783965076585234 0.13320001603963971 0.64285762057831031 -4.2489414209148419 88.364047907600408 673.37412294520857 10.011090343746478 81.755197877237848 15.254622621107485 -0.55667926439561766 0.18237512974197403 5.7605423068383379 1.9149965069117962 0.90590616975488059 30.130821208867481 -0.92083297984973267 5.2915000329559208 4.0318950912608109 -6.3275135911383424 0.69799139285430811
decision_type=2 2 2 2 2 2 2 2 2 2 2 2 2 2 2 2 2 2 2 2 2 2 2 2 2 2 2 2 2 2
left_child=1 2 5 4 9 14 -4 8 -8 -2 18 -12 -13 -14 -1 21 -17 -18 19 -11 -7 22 24 28 25 -6 27 29 -24 -10
right_child=3 -3 6 -5 15 20 7 -9 26 10 11 12 13 -15 -16 16 17 -19 -20 -21 -22 -23 23 -25 -26 -27 -28 -29 -30 -31
leaf_value=0.0059341743837861855 0.026752082768531849 0.0095316972502266992 -0.0097192264869361191 0.010984176069461594 0.004903105163348645 -0.027547829609875434 0.039579456938490049 0.026362835144940699 0.047702404109923317 0.024880154110206516 -0.022969330246549412 0.0085136256832855535 -0.051874884543735275 -0.003239448150814582 -0.027342214985263721 0.0083625941589803836 -0.057712392637662771 0.0072384714665638056 -0.011417545659844881 -0.025647786721557986 -0.017284054760677136 0.017719722662527439 -0.054184558680005268 0.025576803245033131 -0.041012235535956953 -0.049307169297741642 -0.043654619316504835 0.020307822307579056 0.0028446405305815993 -0.031313132494337502
leaf_weight=35.13969739570166 13.982141457498072 121.8894650961156 348.73375200203736 620.14654445883934 110.22828657762147 143.51899296868942 8.0215079486952146 23.490563501371071 1.4225254319608271 16.419799974421043 16.881543544237502 152.78157038945938 5.6466692289104676 33.917196227470413 11.362255831365472 22.763928283937275 7.633984971791504 3.9843619223684072 154.06749348860467 6.9540581242763428 196.53512368729571 115.99567041080445 3.4814540590159586 50.949641160201281 6.8789294774178407 2.9777544736862174 8.255412132595664 8.5297612985013966 8.8569553245324624 12.439060470380353
leaf_count=2208 95 1889 25577 6999 2148 20199 36 313 17 330 510 2544 219 830 1336 332 192 30 7871 378 22095 830 105 343 164 134 399 168 126 821
internal_value=8.02306e-11 -0.0100642 -0.0130594 0.00683059 0.0033232 -0.0192798 -0.00720741 0.00688479 -0.00494791 -0.00160907 -0.00263463 0.00243838 0.00466833 -0.0101808 -0.00219656 0.00924414 -0.00643847 -0.0354383 -0.00861638 0.00984737 -0.0216159 0.0110453 0.00682324 0.0180079 0.000928642 0.00347717 -0.0166025 -0.00662877 -0.0132469 -0.0232043
internal_weight=2273.89 919.338 797.449 1354.55 734.401 386.556 410.893 62.1588 38.6683 400.65 386.668 209.227 192.345 39.5639 46.502 333.751 34.3823 11.6183 177.441 23.3739 340.054 299.369 183.373 63.2881 120.085 113.206 30.6468 22.3913 12.3384 13.8616
internal_count=99238 75058 73169 24180 17181 45838 27331 1754 1441 12777 12682 4103 3593 1049 3544 4404 554 222 8579 708 42294 3850 3020 574 2446 2282 1405 1006 231 838
is_linear=0
shrinkage=0.03


Tree=25
num_leaves=31
num_cat=0
split_feature=9 10 12 10 17 12 7 7 1 15 14 13 13 12 4 0 5 7 12 17 10 0 17 4 0 18 15 12 17 18
split_gain=168.847 38.7887 30.8168 27.047 23.1086 19.9103 12.6256 12.2402 12.9876 12.5344 10.9675 9.81076 12.2526 12.0335 10.4353 9.67246 10.371 9.59238 12.4479 9.45271 12.2364 10.3712 9.95031 9.86182 9.28182 11.4654 9.22419 9.00588 9.4697 12.661
threshold=3.2510649598502512 4.7620085050366248 1.414722926132278 3.0486207121232121 -59.403588857471597 3.9543291698517464 3.259333486134786 4.8842968460353973 -5.6916707712982841 0.45557670677345047 97.320275472258928 2.4169426162521419 0.90949529915518335 1.7443246058426569 -20.80294495528052 3.7988848812658165 5.6129698848957892 -2.4450087679492523 1.0797997096117748 -31.943064507510094 2.9872975930684018 -2.511839161527373 -8.9889015852573255 -16.845303019375176 0.20446606013096422 45.951581434765245 0.84192827669573489 1.6642702334010291 -5.3265539903322843 70.336763887809553
decision_type=2 2 2 2 2 2 2 2 2 2 2 2 2 2 2 2 2 2 2 2 2 2 2 2 2 2 2 2 2 2
left_child=3 2 4 5 -2 15 10 8 -5 -9 19 12 13 -4 -14 -1 -17 18 -12 21 -21 -6 23 -22 -10 -26 -8 -16 29 -29
right_child=1 -3 11 7 6 -7 26 9 24 -11 17 -13 14 -15 27 16 -18 -19 -20 20 22 -23 -24 -25 25 -27 -28 28 -30 -31
leaf_value=-0.021560888630403858 0.028231820650466491 0.0098967811345867292 0.03033934965485122 0.024118086247055779 -0.041764601410453385 0.017732190207153158 -0.0018375595619149433 -0.030992852774726812 -0.016599040501786323 0.02256986086225872 -0.01800961215376146 0.017867197418584571 0.022848032707266753 -0.010396012544256591 -0.011283666874054634 -0.038304568150725353 0.020823417601688623 -0.020143664515078857 0.02227977138193005 -0.033331663760789734 0.020586742585511422 0.011732691155504432 0.0039238919824171751 -0.013390150460031012 -0.024350186233512663 0.00087270627547813889 0.01758327000824874 0.00046774308669757806 0.010917985975559003 -0.049547831331155152
leaf_weight=322.09666594021837 18.916428956668824 758.10648014699109 28.827563933387864 10.479817713698138 3.5331764006987205 12.707913874415679 91.341629736387404 4.786019736959136 101.39634265426139 22.037512788781896 15.588431724347176 61.259565553278662 21.988572683127131 8.4367452990263683 42.864416248805355 3.6884603063226669 9.6669623345369455 95.640826374175958 12.3852663685102 15.234114147024227 8.3168376768007857 42.401791916403454 65.805947836837731 101.73843547207071 20.001627560559427 85.781674957484938 28.998632636503316 146.55721940755029 97.104134442750365 4.7012361469096495
leaf_count=42324 180 8094 295 301 192 340 2837 216 8828 222 996 460 119 182 1750 231 183 7418 288 1727 179 1243 2433 5923 1930 4862 320 3628 1356 181
internal_value=-2.14462e-10 0.00488265 0.000712979 -0.0137567 -0.00429281 -0.0191272 -0.00557195 -0.00610864 -0.0084651 0.0130129 -0.00837963 0.00679061 0.00485456 0.0211167 0.00291979 -0.0205236 0.00449363 -0.015624 -0.000171615 -0.00460158 -0.00753885 0.00761784 -0.00530453 -0.0108225 -0.0101133 -0.00389647 0.00284232 0.00141515 0.00360681 -0.00108678
internal_weight=2262.39 1669.75 911.641 592.643 499.902 348.16 480.985 244.483 217.659 26.8235 360.645 411.739 350.48 37.2643 313.216 335.452 13.3554 123.615 27.9737 237.03 191.095 45.935 175.861 110.055 207.18 105.783 120.34 291.227 248.363 151.258
internal_count=99238 39801 31707 59437 23736 43078 23556 16359 15921 438 20399 7971 7511 477 7034 42738 414 8702 1284 11697 10262 1435 8535 6102 15620 6792 3157 6915 5165 3809
is_linear=0
shrinkage=0.03


Tree=26
num_leaves=31
num_cat=0
split_feature=9 10 12 10 16 17 7 7 1 14 0 8 16 0 16 17 17 11 7 13 13 1 12 9 16 0 14 11 3 16
split_gain=157.202 33.6041 29.7716 27.1489 22.4681 20.7539 14.1171 11.5685 12.392 11.042 9.0437 8.99003 13.0389 9.20092 8.84885 11.6707 12.3968 9.24248 8.94117 8.68133 11.8909 8.56055 8.41125 9.12975 8.15898 8.10118 8.04658 10.6858 14.2948 9.4575
threshold=3.2510649598502512 4.8022950532263176 1.414722926132278 3.0486207121232121 2.4323951718981061 -59.403588857471597 3.259333486134786 4.8842968460353973 -5.6916707712982841 97.320275472258928 0.20446606013096422 6.3319890495139708 2.4323951718981061 -4.9320255012881757 -3.0547893189091115 -31.943064507510094 -8.9889015852573255 1.0100949561859907 1.4610602008020448 0.90949529915518335 1.9705860807015561 10.668728378950433 1.7443246058426569 3.6438384161866568 1.6556167139816393 1.0605179265985272 41.556108615158699 1.1532452517357294 20.055109574488533 2.7726269822209946
decision_type=2 2 2 2 2 2 2 2 2 2 2 2 2 2 2 2 2 2 2 2 2 2 2 2 2 2 2 2 2 2
left_child=3 2 5 4 -1 -2 9 8 -5 14 -10 12 -8 -13 17 -16 21 -7 -18 22 26 -17 -4 -24 -11 -9 29 -28 -29 -21
right_child=1 -3 19 7 -6 6 11 25 10 24 -12 13 -14 -15 15 16 18 -19 -20 20 -22 -23 23 -25 -26 -27 27 28 -30 -31
leaf_value=-0.021308165946831013 0.0262987546998758 0.0094984034357198516 0.028202400785399144 0.02271558876866028 0.0046739107688881379 0.034952240811840431 0.00025886370279937124 0.021396564902576114 -0.016151638353408361 -0.019333186093391727 -0.0035554448580919287 0.023177179506601361 0.024533030269970325 -0.050969769820896772 0.0075148318236790803 -0.017179721114774719 0.01133066093728499 -0.0098924235345036193 -0.010610274992149296 -0.00082218556165180418 0.013233014907079461 0.034254100687387615 0.02154401812539386 -0.039717723827625812 0.00014215329962516808 -0.020220235772341041 0.012570859328078894 0.00075429487478600413 -0.053946216827226348 -0.027803160972437648
leaf_weight=309.75275337720814 19.591425180900842 735.95892800803995 29.38071293552639 11.230215990217401 33.161330740316771 9.9884225125424582 93.525961198174627 21.079477971594319 99.355140041530831 98.761058086354751 106.06020899440045 2.1392348725348711 25.303869209019467 5.0901359100826076 45.401357648486737 106.27341571621946 34.265425316058099 7.0597746135899788 32.637319300556555 46.997064560244326 120.85264664152055 2.9944315869361153 5.0391901631373894 3.871408864390105 24.08064918909804 5.2602306865155688 88.043515936413314 102.49292003124719 4.4879833720624438 15.56475135067012
leaf_count=41869 185 7753 298 301 1209 101 2872 319 8828 7755 6792 36 176 143 1406 7139 1369 319 1437 1415 1371 30 67 120 1055 119 1483 2752 87 432
internal_value=-4.966e-11 0.00471583 0.000905899 -0.0133595 -0.0187956 -0.00397611 -0.00519273 -0.00568789 -0.00797034 -0.0082075 -0.00964796 0.00345179 0.00542785 -0.029029 -0.00444537 -0.00604785 -0.00954312 0.0163818 0.000627164 0.00684675 0.00546941 -0.0157702 0.0204591 -0.00507251 -0.0155154 0.0130854 0.00182693 0.00483008 -0.00154046 -0.00753478
internal_weight=2245.7 1659.8 923.843 585.899 342.914 507.112 487.521 242.985 216.646 361.462 205.415 126.059 118.83 7.22937 238.62 221.572 176.171 17.0482 66.9027 416.73 378.439 109.268 38.2913 8.9106 122.842 26.3397 257.586 195.024 106.981 62.5618
internal_count=99238 39801 32048 59437 43078 24023 23838 16359 15921 20611 15620 3227 3048 179 11801 11381 9975 420 2806 8025 7540 7169 485 187 8810 438 6169 4322 2839 1847
is_linear=0
shrinkage=0.03


Tree=27
num_leaves=31
num_cat=0
split_feature=9 10 10 16 12 17 15 5 2 18 18 7 15 1 13 12 1 4 15 5 11 12 12 9 13 17 17 12 16 15
split_gain=148.696 32.8181 24.6839 21.79 21.2328 25.7262 14.4465 13.4131 22.6604 19.0006 11.9482 10.94 10.9525 10.5676 10.0041 10.1747 11.2251 13.4071 9.93524 9.50431 10.0012 8.95331 9.79239 10.7535 12.1396 10.2048 16.2361 8.73837 9.45514 8.46285
threshold=3.2510649598502512 3.9606593766680054 3.0486207121232121 2.4323951718981061 1.414722926132278 -33.186754094491242 0.96105965272177774 8.4128421453145013 -7.7559775743426087 66.158941732160613 30.714654977134391 4.8842968460353973 0.45557670677345047 -5.6916707712982841 0.82917049558943134 3.1804438441311573 -5.6916707712982841 -13.616096860590236 0.47296101921131012 5.0691772866785563 1.0519865222478268 2.294650494883764 1.6888148325301844 4.7166773571457252 1.5787410338358796 -5.1207993660892503 -6.927835245011881 1.2019093121880069 -0.27534816319406691 0.099504879737659271
decision_type=2 2 2 2 2 2 2 2 2 2 2 2 2 2 2 2 2 2 2 2 2 2 2 2 2 2 2 2 2 2
left_child=2 4 3 -1 5 -2 7 8 -3 10 27 13 -13 -4 -6 16 -16 -18 -5 -20 -21 22 25 24 -24 26 -12 28 -10 -11
right_child=1 6 11 18 14 -7 -8 -9 9 29 21 12 -14 -15 15 -17 17 -19 19 20 -22 -23 23 -25 -26 -27 -28 -29 -30 -31
leaf_value=-0.020904816563551198 0.010427051153228941 0.013367756038808448 0.019956124337905046 0.032390189630168112 0.028310054501939561 -0.013507053319492923 0.020421126010561057 0.010470781816204724 -0.05789616658796818 0.0087861868634976359 -0.00071533322136335209 -0.029841634621726086 0.021137950389916945 -0.0096218595567568819 -0.031766874643427132 0.010890762795199332 0.029134859476964196 -0.0030337995444048027 -0.028493927968612869 0.027399109988854656 -0.023316617713316768 0.015235966753303617 -0.024102298244006039 -0.046782673940964727 0.043154102537040329 -0.019438105256599648 0.018456498619760363 0.031431007803705745 0.012653874858444276 -0.032480493678772163
leaf_weight=302.78743300594215 51.481876134697814 164.91542292851955 11.487418321368748 8.5992196439765376 14.618958829436449 188.08858111186419 70.611315796151757 442.50526061397977 2.1911452915519494 5.6498925975756746 319.6316345067462 4.5817091992357772 22.028334827627987 202.68390595825622 10.716978089301845 85.029121883068001 12.954327602521515 116.73276569059817 9.5594618819013721 9.9740639006486145 5.3910483705112702 35.066768134012818 7.239939540158959 8.4537793821655196 3.6245297193527222 21.848686296900269 45.402585992589593 20.353625651914626 7.780812282289844 21.464250750897918
leaf_count=41869 1600 1657 301 121 134 14186 231 3775 68 94 8589 216 222 15620 554 1251 138 3961 708 157 223 438 199 275 18 827 780 104 123 799
internal_value=3.46313e-11 0.00456907 -0.0131141 -0.0183639 -0.00204534 -0.0083638 0.00726501 0.00642517 0.00372755 0.00053967 0.00194376 -0.00578136 0.0123603 -0.0080354 0.00426045 0.00270087 -0.00225895 0.000179499 0.0045855 -0.00500739 0.00960484 0.000691943 -0.000563621 -0.0214086 -0.00166468 0.000477231 0.00166924 0.020159 -0.00284814 -0.0238816
internal_weight=2233.45 1656.36 577.093 336.311 479.623 239.57 1176.74 1106.13 663.623 498.708 471.594 240.781 26.61 214.171 240.052 225.433 140.404 129.687 33.5238 24.9246 15.3651 441.268 406.201 19.3182 10.8645 386.883 365.034 30.3256 9.97196 27.1141
internal_count=99238 39801 59437 43078 21824 15786 17977 17746 13971 12314 11421 16359 438 15921 6038 5904 4653 4099 1209 1088 380 11126 10688 492 217 10196 9369 295 191 893
is_linear=0
shrinkage=0.03


Tree=28
num_leaves=31
num_cat=0
split_feature=9 10 10 17 8 16 17 0 13 10 1 16 1 8 8 2 4 5 9 0 16 17 9 0 5 14 1 8 14 9
split_gain=140.463 29.7859 24.8725 21.6552 23.9683 20.6995 15.2062 13.2181 18.0045 15.8774 14.148 13.1737 12.5617 12.2511 11.3775 13.0706 11.2404 10.6449 10.1336 11.7231 10.2622 10.0396 10.4068 13.824 9.53681 11.9658 11.3422 10.4666 9.60796 9.27223
threshold=3.2510649598502512 3.9606593766680054 3.0486207121232121 -37.345984536951953 4.3256966461926556 2.4323951718981061 -22.463521665175591 2.6108560859301106 2.2070085098401102 6.2398355768662155 -4.4595033194281699 -0.46353343280243836 -3.428089677178741 4.4314221807987311 3.8078240160900854 -2.2652443279702115 16.910344725133225 3.3415940677668563 4.6043692278362895 5.0426882192907216 5.9009304216386864 -1.7594867172366813 5.5479096842719562 5.3774417060707327 9.7556388508183769 570.41412361904952 -5.6916707712982841 1.9611026580569968 2.7089079694180587 5.8290862474013334
decision_type=2 2 2 2 2 2 2 2 2 2 2 2 2 2 2 2 2 2 2 2 2 2 2 2 2 2 2 2 2 2
left_child=2 3 5 -2 16 -1 13 8 9 10 17 -12 -9 -6 -14 -16 -5 -3 19 -17 -21 -20 -23 -24 25 26 -4 -26 -29 -8
right_child=1 7 24 4 6 -7 29 12 -10 -11 11 -13 14 -15 15 18 -18 -19 21 20 -22 22 23 -25 27 -27 -28 28 -30 -31
leaf_value=-0.02065799670020747 0.012472898715835732 0.010818317394903477 0.019425808161861156 -0.015419628368811644 0.027763306819068613 0.0044269621324026709 0.0027272138301656802 -0.026833489938947304 0.018805232667676846 0.012478229434970374 -0.0081628522653114828 0.0027450149196159646 0.025385949071020476 -0.025321876780381898 -0.01523288081498507 0.0064788526742931493 0.006013462853959959 -0.022492967246849793 0.015989155487229244 -0.049993622094079197 0.012080463049469423 0.016543254666780974 0.0069434290241422924 -0.051045406762447634 0.035944468096640612 0.019673597474688578 -0.010886769650412772 0.042481410092573543 -0.022626550827034391 0.021948576324214666
leaf_weight=297.73507360945223 78.969909002364147 142.16950505855493 11.785678506421389 162.36348476345302 4.6066830453928587 32.874580096598947 153.17805062115076 7.5946669579425352 73.532532751443796 133.65518732159398 174.93564878829056 231.54118629844743 50.741779069066979 25.970041009772103 17.309194230416324 50.970878556021489 25.477479902940104 9.191973897861315 241.35828302806476 6.8521821596077626 3.686577569693327 13.037539382465186 7.9100590134039503 6.9513048771768808 10.048575636930765 13.838085117109584 193.62320045017987 2.7131470441818228 8.2204292505630274 26.493616123916581
leaf_count=41869 1446 2065 294 12958 100 1209 4908 236 478 1137 4981 5399 381 1362 344 672 821 223 1657 185 34 67 49 69 65 383 15338 2 277 229
internal_value=1.06897e-10 0.00444124 -0.0128256 -0.00187788 -0.00472468 -0.0181636 0.00223323 0.00701465 0.00469195 0.00319117 0.000966033 -0.00194941 0.0113869 -0.0173241 0.0121147 0.01018 -0.0125126 0.00879537 0.0115099 0.000523544 -0.0282794 0.0140196 -0.00301897 -0.0201805 -0.00547931 -0.00732845 -0.00914753 0.0138427 -0.00647013 0.00556151
internal_weight=2219.34 1648.5 570.839 477.059 398.089 330.61 210.248 1171.44 765.026 691.494 557.838 406.477 406.412 30.5767 398.818 348.076 187.841 151.361 330.767 61.5096 10.5388 269.257 27.8989 14.8614 240.229 219.247 205.409 20.9822 10.9336 179.672
internal_count=99238 39801 59437 21824 20378 43078 6599 17977 14283 13805 12668 10380 3694 1462 3458 3077 13779 2288 2733 891 219 1842 185 118 16359 16015 15632 344 279 5137
is_linear=0
shrinkage=0.03


Tree=29
num_leaves=31
num_cat=0
split_feature=10 0 10 12 9 13 1 10 16 0 16 12 0 10 14 10 12 4 14 9 12 4 17 14 10 15 1 16 4 17
split_gain=133.786 49.2875 21.4816 23.6428 20.2874 11.9592 11.0876 11.0183 12.3147 10.1499 30.067 9.68232 9.41881 12.3862 9.50495 8.9995 11.5105 13.5168 11.1002 11.58 9.16199 8.71633 11.2374 12.7597 11.8906 12.0887 14.5223 8.66413 8.63597 8.47238
threshold=3.5250867831165924 3.7988848812658165 4.9411512462865899 1.6888148325301844 2.9339085773985096 0.81909875408891475 3.8486055750903141 3.0316596466268009 5.9009304216386864 2.1300850817886423 1.3617742139382991 1.1747069481346071 1.8739987328800563 3.9414058872571895 37.741128344999517 5.8959224165278892 0.57172234658169729 25.022450924812492 18.23407757110558 4.4333122771883948 0.45905877052939836 -20.80294495528052 -16.651249492972592 168.80764252357758 3.7614263421292935 0.89848090258158553 4.9489676335200086 -1.6924454372175071 19.874122760033135 -12.511344381877764
decision_type=2 2 2 2 2 2 2 2 2 2 2 2 2 2 2 2 2 2 2 2 2 2 2 2 2 2 2 2 2 2
left_child=1 4 3 12 -1 -3 -7 -8 -9 10 15 27 -2 -14 -15 16 20 18 -18 -20 -4 -5 23 24 -23 26 -26 -6 -29 -11
right_child=2 5 9 21 11 6 7 8 -10 29 -12 -13 13 14 -16 -17 17 -19 19 -21 -22 22 -24 -25 25 -27 -28 28 -30 -31
leaf_value=-0.018992544818277519 -0.0038006692208849341 0.029184733346188835 -0.00060512906962309108 0.026872218324154557 0.0025690002181587624 -0.027634851817203859 0.016722869491402895 -0.027978591645263146 0.014036394491469605 0.0062852943724806066 -0.031939237345432733 -0.0021645690043321912 -0.011901305146090719 -0.011716227693031151 0.012538871018335609 0.012512912712869122 -0.035621513536534914 -0.017456145916765912 -0.011667052938140713 0.017131674182708209 -0.026827743626822668 -0.034800424374339139 0.011314131943836306 -0.048163457804877012 0.0078482166406758716 0.033854437233726935 -0.044276541126626316 -0.019022259813257641 0.014981715919847521 0.017701344687101467
leaf_weight=331.41489647915296 426.40162339108065 20.629977095639333 51.45430004876107 23.539742391556501 24.983904999215156 9.0941955973394197 43.679709908436053 13.329219751118218 11.869389060884712 89.861644739867188 17.862915385398082 133.28082737440127 31.531579796894221 16.870810841384809 105.28133533845539 192.01530054281466 4.2733685853308989 16.015336283482611 14.320033544325268 102.60655849106843 15.635659710736943 7.2532831807620815 176.94224479258992 5.4043352240696541 22.631089277099822 10.914643746800719 6.1090608397498718 108.40722244296921 7.1662861132645039 167.68873496819288
leaf_count=44818 18132 194 1069 85 1721 429 662 456 89 940 418 6944 1496 525 1849 1601 104 217 365 986 453 251 1892 170 329 55 182 11747 192 867
internal_value=-7.6623e-11 -0.0107957 0.00505022 0.00183101 -0.0139999 0.00887284 0.00349872 0.00760937 -0.00818813 0.00904171 0.00613375 -0.00795761 -0.0015057 0.0048618 0.00918892 0.00784977 0.00346713 0.00844629 0.011869 0.0136047 -0.00671644 0.00948771 0.00770267 -0.00451277 0.000516273 0.00697607 -0.00323152 -0.0134508 -0.0169138 0.0137182
internal_weight=2208.47 703.856 1504.61 832.88 605.253 98.6025 77.9725 68.8783 25.1986 671.734 414.183 273.838 580.085 153.684 122.152 396.321 204.305 137.215 121.2 116.927 67.09 252.794 229.255 52.3124 46.9081 39.6548 28.7402 140.557 115.574 257.55
internal_count=99238 67252 31986 24966 65422 1830 1636 1207 545 7020 5213 20604 22002 3870 2374 4795 3194 1672 1455 1351 1522 2964 2879 987 817 566 511 13660 11939 1807
is_linear=0
shrinkage=0.03


Tree=30
num_leaves=31
num_cat=0
split_feature=10 16 12 10 9 18 2 17 4 18 2 6 16 13 2 17 1 16 14 14 12 14 10 18 2 13 18 16 8 18
split_gain=130.269 40.9184 22.654 24.6054 21.8885 14.5882 11.7499 11.4112 15.0319 10.8753 9.95555 14.2099 12.0732 9.59731 13.1602 9.66391 9.554 9.35681 11.3941 9.80236 9.1595 13.292 9.10016 9.04384 10.1907 10.741 8.71849 8.7081 21.8466 8.58571
threshold=3.5625961157961763 2.4323951718981061 1.0509359902509401 4.4764321294921663 2.9339085773985096 21.622303992098171 9.064079664373617 -6.927835245011881 26.529317525086388 31.227826645556174 -14.484028047423328 6.2994945716882151 -1.8909219565454205 0.81909875408891475 12.89873301894028 -19.776567892540559 9.8884046061766941 3.2503459181806345 77.468190426955729 372.12698679428291 0.93831138863109331 480.86816535306872 2.3964800623917482 55.836999431401644 -1.5913968657134401 2.0225170520343876 53.98070530091254 0.68526372411925507 4.5454511244887987 48.927705531539864
decision_type=2 2 2 2 2 2 2 2 2 2 2 2 2 2 2 2 2 2 2 2 2 2 2 2 2 2 2 2 2 2
left_child=1 4 3 17 22 -6 16 8 -8 -4 -11 12 -12 29 15 -15 20 18 -2 -20 -5 -22 -1 26 25 -25 -13 28 -9 -3
right_child=2 13 9 6 5 -7 7 27 -10 10 11 23 -14 14 -16 -17 -18 -19 19 -21 21 -23 -24 24 -26 -27 -28 -29 -30 -31
leaf_value=-0.02584792531650551 -0.0013888131730905283 -0.019814730048697826 0.019847255832384288 0.0036919728054704165 0.030333420741608084 -0.0088108873809226943 0.0080207290336597008 -0.047494907326554966 -0.055343450427139521 0.027794095728657164 0.010810517854565691 0.0084484695353063948 -0.0067902398816035671 0.0067103933202311422 0.019702531714358901 -0.015381027366332891 0.029726560880429125 0.016235395959063693 -0.01878149542621526 0.0022743419898619993 -0.031455715652780915 0.017918464761733251 -0.015273924747365162 -0.040192225159438849 0.0089391726022061638 0.037762212608005295 0.032451488690970309 0.030000605484326828 0.022402393462849203 0.029628765066829221
leaf_weight=114.39730706679984 143.61777327518212 3.7258893648977418 75.145088712277357 383.46070467605023 8.8483819332905096 270.93841716632596 22.54732818459161 5.1320647937245694 3.9615391036495557 21.533693613484502 53.380303495039698 25.614769356325269 102.28668201388791 32.490275249234401 25.421320744324476 39.474088581599062 12.026694504078476 16.573050681035966 88.97805218709982 25.630886902275961 15.578730847570116 7.1636789336334905 203.65548788174056 7.1954019817057979 373.10887264198391 2.0422603953629732 29.08186204941012 42.37287474097684 18.646973287221044 20.841604760207701
leaf_count=18373 5978 239 546 6944 143 20724 317 170 80 93 845 370 3118 841 156 1687 85 208 6061 1146 444 79 25999 216 3655 6 189 169 94 263
internal_value=5.30278e-11 -0.0104626 0.00510545 0.00162294 -0.0136932 -0.00757293 0.00551657 0.0151823 -0.00144854 0.00907443 0.00775651 0.00702853 -0.000754703 0.00537434 0.00114734 -0.00540725 0.00337508 -0.00561586 -0.00701827 -0.0140726 0.00259488 -0.0159032 -0.0190772 0.00980077 0.00816852 -0.0229581 0.0212107 0.0218467 0.00731694 0.0221302
internal_weight=2194.87 719.793 1475.08 785.69 597.84 279.787 510.891 92.6608 26.5089 689.389 614.244 592.71 155.667 121.953 97.3857 71.9644 418.23 274.8 258.227 114.609 406.203 22.7424 318.053 437.043 382.347 9.23766 54.6966 66.1519 23.779 24.5675
internal_count=99238 68425 30813 21775 65239 20867 8382 830 397 9038 8492 8399 3963 3186 2684 2528 7552 13393 13185 7207 7467 523 44372 4436 3877 222 559 433 264 502
is_linear=0
shrinkage=0.03


Tree=31
num_leaves=31
num_cat=0
split_feature=10 8 17 12 10 3 6 15 7 3 11 17 14 4 17 8 14 8 5 14 3 12 17 6 1 10 4 13 15 4
split_gain=123.977 34.924 22.864 22.8268 24.0876 20.0979 10.0854 15.2029 12.0866 9.63015 9.2685 9.0772 8.77783 10.6916 8.7462 9.91882 8.74161 10.6972 8.89748 10.8067 20.2032 10.6647 8.30066 9.01766 8.29064 8.28541 7.76807 7.75294 7.58916 14.2182
threshold=3.5625961157961763 2.4298605891812648 -35.646384779427379 1.0509359902509401 4.4764321294921663 1.4694787941934242 7.7102250356867614 0.10460245703410839 -3.5490193163139834 -0.517126578946142 1.4384145483137067 -30.224171058665124 308.13688555628124 10.891493180958479 -41.158969618475048 4.9470685917916128 300.11196189140094 5.417854636634531 -12.89569149678773 259.70616311571223 1.6570382390671881 3.9543291698517464 -2.7702860760746142 4.0318950912608109 -0.23948963873181014 2.2820489210000887 -15.280559898866306 1.9304483389965197 0.79032345393886694 21.973842039177317
decision_type=2 2 2 2 2 2 2 2 2 2 2 2 2 2 2 2 2 2 2 2 2 2 2 2 2 2 2 2 2 2
left_child=1 9 10 4 -2 -4 7 -6 14 -1 -3 -8 13 26 -9 -16 18 24 -5 21 -21 -20 23 -7 -18 -11 -10 -24 -19 -30
right_child=3 2 5 16 6 22 11 8 12 25 -12 -13 -14 -15 15 -17 17 28 19 20 -22 -23 27 -25 -26 -27 -28 -29 29 -31
leaf_value=-0.026939476386381854 -0.0057326017193832981 0.0027283349745477119 -0.01684908113432327 0.019018245240001654 -0.043143663974616359 -0.010884103298943066 0.026447428490216369 0.025052669687556414 -0.052363099689617047 -0.026403668555812023 0.025724864669314798 0.0071209730429500386 -0.025334012419838233 -0.042578351590297041 0.0076870646421068499 -0.051484507657378775 -0.045806382427590005 0.022918905001498426 0.0045490606688070659 0.019703808250504693 -0.05783531109307103 0.017246635322149383 -0.021962978517405005 0.0036123324318199073 0.0045057311123987585 -0.010633572608333707 0.0025917517932160386 0.0074605214622480405 -0.030883893772805666 0.01614593773185613
leaf_weight=93.513179715489969 272.51462400492164 49.581611720350338 151.07499742705841 50.377889628987759 7.1440085958456612 52.736339670693269 23.602608033048455 28.145325619261712 2.3661398016847661 40.590041801173356 23.132711151032709 298.31007961509749 14.549239483429117 5.2114673691103226 19.405605829088021 2.935280615114606 3.2792061094660303 99.017834103666246 388.73572947725188 5.6036218565423024 6.57023412064882 70.297244758345187 32.848489436262753 144.28005493589444 29.159478419402149 114.74887359654531 107.02444817585638 10.680244294839211 7.1880639037117353 29.65021722111851
leaf_count=14704 13393 2224 16867 276 322 4674 173 208 71 6872 204 3904 588 193 336 108 138 595 6575 80 203 462 2661 6478 413 13499 2479 242 155 141
internal_value=1.36788e-10 -0.0102649 -0.00540491 0.00497645 0.00146467 -0.00827344 0.00532035 -0.000225164 0.00148166 -0.0193332 0.0100443 0.00853799 -0.00338366 -0.000596964 0.0139279 -8.7254e-05 0.00895314 0.0148982 0.00703489 0.00575372 -0.0221441 0.00649359 -0.00288749 -0.000267999 -0.000580289 -0.0147543 0.00140307 -0.0147436 0.0185941 0.00696925
internal_weight=2184.27 713.187 464.334 1471.09 781.209 391.62 508.694 186.782 179.638 248.852 72.7143 321.913 129.151 114.602 50.4862 22.3409 689.88 168.295 521.585 471.207 12.1739 459.033 240.545 197.016 32.4387 155.339 109.391 43.5287 135.856 36.8383
internal_count=99238 68425 33350 30813 21775 30922 8382 4305 3983 35075 2428 4077 3331 2743 652 444 9038 1442 7596 7320 283 7037 14055 11152 551 20371 2550 2903 891 296
is_linear=0
shrinkage=0.03


Tree=32
num_leaves=31
num_cat=0
split_feature=9 10 6 17 6 8 0 13 1 10 16 15 16 1 10 16 3 9 16 17 3 17 1 16 11 18 10 1 11 11
split_gain=117.04 26.6088 26.3155 20.8864 20.426 14.9079 14.2323 16.9702 15.4662 13.1096 11.8112 11.6288 11.438 11.3818 10.8567 13.7223 11.4623 10.6652 9.98247 9.66276 9.69213 24.3256 8.50054 8.4064 12.1501 12.7615 13.4631 11.4801 8.86706 8.2233
threshold=3.2510649598502512 3.9606593766680054 19.020710223289026 -37.345984536951953 4.9540926397266318 3.4749366242110735 2.6108560859301106 2.2070085098401102 -4.6856858072230825 3.1796946261150851 2.4323951718981061 0.47296101921131012 0.025816383872746321 -3.428089677178741 4.5711396015147656 -3.7795058596661422 29.961131419020727 5.2542211155698917 7.4703864115313676 -59.403588857471597 3.8102467370135455 -23.497598420981845 -5.8918489897903035 3.7888317641275391 1.3615336023080198 60.548933284045781 5.3615562965098365 5.8958940689116233 1.0314367170800873 1.4134337795279042
decision_type=2 2 2 2 2 2 2 2 2 2 2 2 2 2 2 2 2 2 2 2 2 2 2 2 2 2 2 2 2 2
left_child=2 3 9 29 -5 -6 7 8 12 10 -1 -12 -3 18 17 16 -16 -10 -8 -15 21 -21 -11 -22 27 -26 -27 28 -25 -2
right_child=1 6 -4 4 5 -7 13 -9 14 22 11 -13 -14 19 15 -17 -18 -19 -20 20 23 -23 -24 24 25 26 -28 -29 -30 -31
leaf_value=-0.018803073977437138 0.0042232801569113427 0.012238046164682138 0.014008451848383358 -0.013163910667030702 -0.012674885780534176 0.0051712448598433816 -0.047599988386932836 0.01765189614813847 -0.0043809012939219263 0.018787187767433641 0.029543561563217521 -0.010707108564298622 -0.013568593561795045 0.028373481637097794 -0.051817589321963814 0.0035416540795797122 0.027070406855306112 -0.030729706597989199 0.036262315514995029 0.015625915075978766 0.017326803504418526 -0.019360783616215252 -0.0086171530415038305 0.0045478079553584521 0.016311018122899101 -0.062231968699923965 -0.0049373316338420315 0.015675966157764763 -0.043062916493612609 0.023909038279788325
leaf_weight=310.18896680588659 48.453919557709014 170.7449723847094 33.121850568568334 157.86974365907372 55.574237702123355 174.11577998986468 5.2239752828027113 74.623065195744857 122.40506705315784 10.853276750247458 8.833196286344899 24.044400232029147 16.995739659294486 29.088577671907842 7.1144903651438636 343.29970434645656 2.1611987743526697 15.586227616819086 1.690964166074991 41.730729510542005 164.84427323995624 31.300722492218483 165.96548428497044 9.8747729721944761 8.9532273001968878 6.3351159347221246 8.8442095816135389 88.715552760288119 5.4711471564369267 31.522080868075136
leaf_count=45029 1170 2006 556 12331 3705 4342 229 478 4704 214 130 1192 439 92 203 5713 10 730 7 480 1174 863 12316 99 48 91 53 471 87 276
internal_value=1.38907e-10 0.0040623 -0.0119189 -0.00197608 -0.0048565 0.000853316 0.00650659 0.00407303 0.00257917 -0.0135708 -0.0169908 0.000107005 0.00990183 0.0110637 -0.000223226 0.00256881 -0.033437 -0.00735702 -0.0270925 0.0117314 0.010409 0.000630883 -0.00693505 0.0128459 0.00708403 -0.0120948 -0.0288493 0.0115317 -0.0124264 0.0119823
internal_weight=2175.55 1622.54 553.007 467.536 387.56 229.69 1155 752.93 678.307 519.885 343.067 32.8776 187.741 402.073 490.567 352.575 9.27569 137.991 6.91494 395.158 366.07 73.0315 176.819 293.038 128.194 24.1326 15.1793 104.061 15.3459 79.976
internal_count=99238 39801 59437 21824 20378 8047 17977 14283 13805 58881 46351 1322 2445 3694 11360 5926 213 5434 236 3458 3366 1343 12530 2023 849 192 144 657 186 1446
is_linear=0
shrinkage=0.03


Tree=33
num_leaves=31
num_cat=0
split_feature=9 10 6 12 6 0 13 1 9 8 10 10 16 18 1 16 16 13 12 6 9 8 6 4 8 3 6 18 8 3
split_gain=112.555 25.736 24.2981 18.1903 21.0382 13.7452 16.099 14.9739 13.4777 13.4342 11.4173 11.0148 10.6444 9.84126 9.41915 9.29519 8.89257 8.6363 14.376 8.41453 15.9109 10.177 8.71439 8.05536 8.00217 14.7695 7.95253 8.5165 7.83131 10.4229
threshold=3.2510649598502512 3.9606593766680054 19.020710223289026 2.7473694856488069 -15.746440968775449 2.6108560859301106 2.2070085098401102 -4.5743163200282924 2.5705390946082094 4.5048177395749311 6.5369096556467978 3.0486207121232121 0.025816383872746321 68.060200559069798 -3.428089677178741 -0.46353343280243836 7.4703864115313676 0.83257636485460429 1.0509359902509401 7.5902484936038617 6.3473120202005022 5.417854636634531 -14.869054759517267 8.0616825438787814 6.3319890495139708 18.653788412539608 8.6562863533157479 55.298727485222081 3.8078240160900854 7.2622578472175361
decision_type=2 2 2 2 2 2 2 2 2 2 2 2 2 2 2 2 2 2 2 2 2 2 2 2 2 2 2 2 2 2
left_child=2 3 9 4 -2 6 7 12 -4 11 15 -1 -3 -13 16 -9 -7 18 -6 20 22 26 -17 -20 -12 -26 -21 -28 -16 -30
right_child=1 5 8 -5 17 14 -8 10 -10 -11 24 13 -14 -15 28 19 -18 -19 23 21 -22 -23 -24 -25 25 -27 27 -29 29 -31
leaf_value=-0.018695364241028904 0.019350456449236088 0.011789005098756175 -0.047170210275272295 0.0090746000227451742 -0.0076752898064746085 -0.04593956220609275 0.017116022557628598 -0.0073883210199480621 0.019209331187339362 0.0014104769073816953 0.016498898020961612 -0.0077803506553588402 -0.013261434494151328 -0.042463843415152462 0.022304945780723666 0.014439810668606992 0.034379602929726659 -0.0097686356858491027 -0.0023398651085756177 0.030102885075147159 0.024142161797871969 -0.011931261470179923 -0.015633462246744702 0.034435322829169487 -0.046711244101698433 0.013145121308781295 -0.039618136897574097 0.0081395915079386129 0.0013186551458236569 0.012996993481258852
leaf_weight=280.85232203027408 28.981996116752271 174.84219097683672 3.0300761447579125 104.00615216040751 45.331929393403698 4.7820478335488579 75.455120672704652 177.72841673289076 30.095139176002704 49.952668575628195 53.638774077873677 175.3313513592002 16.726847137964796 7.6856280255597076 51.770773106254637 10.086547245853579 1.6751917265355585 263.69009105471196 8.3391977845458332 14.736516676493919 13.442452192306517 23.97451158775948 61.835115112306084 15.008531515020875 5.6517886128276613 10.799276909790931 3.4688217767979941 107.71238309334149 94.783007792313583 250.72664848575369
leaf_count=41419 416 2068 174 1745 3210 229 478 5144 382 2423 455 14214 460 825 381 159 7 16017 342 188 169 445 2606 94 89 59 144 1819 1586 1491
internal_value=-2.03946e-11 0.00397451 -0.0117662 -0.00198103 -0.00516312 0.00637646 0.00397422 0.00250439 0.0131374 -0.0133717 -0.00031015 -0.0149636 0.00960173 -0.00923685 0.0108395 -0.00221016 -0.0251025 -0.00730066 0.00217496 0.00170177 -0.00581649 0.00598345 -0.0114159 0.0213002 0.0108851 -0.00741862 0.00939437 0.00664956 0.0114237 0.0097933
internal_weight=2166.14 1619.19 546.947 465.358 361.352 1153.84 750.099 674.644 33.1252 513.822 483.075 463.869 191.569 183.017 403.738 412.985 6.45724 332.37 68.6797 235.256 85.3641 149.892 71.9217 23.3477 70.0898 16.4511 125.918 111.181 397.28 345.51
internal_count=99238 39801 59437 21824 20079 17977 14283 13805 556 58881 11277 56458 2528 15039 3694 10674 236 19663 3646 5530 2934 2596 2765 436 603 148 2151 1963 3458 3077
is_linear=0
shrinkage=0.03


Tree=34
num_leaves=31
num_cat=0
split_feature=9 9 6 11 15 8 17 17 8 16 8 11 14 14 9 5 7 14 1 16 16 2 13 13 14 5 16 11 11 2
split_gain=107.423 24.9559 23.4391 15.03 13.5203 14.8753 14.0912 12.5421 12.0299 11.2262 12.8139 13.1947 10.8959 10.8108 10.3624 10.1353 10.0663 9.49183 9.36787 9.4255 9.33194 9.16473 9.09714 13.9084 9.06678 8.98547 10.539 8.81781 8.28368 9.94769
threshold=3.2510649598502512 4.7577966047837297 19.020710223289026 1.1360986621818039 0.96105965272177774 4.228016203562027 -67.752189672368871 -37.345984536951953 3.3789098730734946 2.359030494854387 3.7609285410184086 1.0445490420045844 193.95517703377567 54.346600610470588 3.9152053487530543 4.2440775220225273 3.3213894754575928 121.36630266108025 5.732407052798794 -0.32654775544817544 1.9481029927667022 0.82551752162621794 1.5464706062093179 1.4224454438032808 459.60048967212242 1.2559294030010582 -0.17049549422479257 0.78623282692134211 1.2101250434699569 3.570532751496525
decision_type=2 2 2 2 2 2 2 2 2 2 2 2 2 2 2 2 2 2 2 2 2 2 2 2 2 2 2 2 2 2
left_child=2 3 8 9 5 6 -3 -5 13 14 -11 24 22 20 17 -9 -10 27 19 21 -1 -8 23 -7 -12 26 -21 -2 29 -17
right_child=1 4 -4 7 -6 12 18 15 16 10 11 -13 -14 -15 -16 28 -18 -19 -20 25 -22 -23 -24 -25 -26 -27 -28 -29 -30 -31
leaf_value=-0.011738414934301401 0.011071888525964588 0.03349120665266743 0.01301133694425485 0.0091194677171221438 0.022003045554453662 0.0029881341880991694 -0.0011107057156947242 -0.019015823237638875 -0.0032024627953345618 0.02631297425128783 3.1436245149480951e-05 0.020995022372824561 0.012971260927085669 -0.019974493301327209 0.0045174039528989894 0.008999839645441092 -0.043946973747898632 -0.0144967022226331 -0.022867810535779996 0.0267524398385947 0.016929777248215885 -0.02755088223023288 0.010210725840502487 -0.027338553368508389 -0.04617531036883761 0.013878694893775979 -0.024647822408145025 -0.004876794203514296 0.0021041373918860751 -0.038037974406765124
leaf_weight=145.98283047259611 42.322204961848911 9.2786645554006082 32.812859416415449 33.366478947369615 53.76244727242738 189.45878536795499 31.852431178616825 75.004712731344625 119.28057661422645 32.742684229044244 63.649571222311351 30.596073777473066 271.67380638309987 226.6223798354913 233.2645347394573 6.2660687575698857 5.7188763495360027 62.036195109132677 21.533226522267796 4.880706685595217 10.988337559916543 18.740483084402513 169.60909499210538 14.663779751514083 4.0661041140556327 44.037004254787462 13.577347829530479 118.72119439818198 57.422223484958522 11.422999863163566
leaf_count=17355 716 31 556 641 163 2901 844 7044 8521 284 1016 402 2451 32021 5523 231 491 3719 746 76 493 739 1654 341 94 739 625 5961 2223 637
internal_value=2.46115e-10 0.00387907 -0.0115636 -2.21487e-05 0.00744626 0.00645474 -0.0022673 -0.00751724 -0.0131491 0.00231905 0.0100582 0.00464454 0.00839941 -0.015783 9.65013e-05 -0.0112151 -0.00506657 -0.00452624 -0.00473193 -0.00127866 -0.00973158 -0.0109046 0.00507603 0.000809522 -0.00274313 0.00651403 -0.0110565 -0.00068548 -0.00342545 -0.0213756
internal_weight=2155.35 1613.95 541.406 770.881 843.068 789.305 143.9 183.482 508.593 587.399 131.054 98.3117 645.405 383.594 456.344 150.116 124.999 223.08 134.621 113.088 156.971 50.5929 373.732 204.123 67.7157 62.4951 18.4581 161.043 75.1113 17.6891
internal_count=99238 39801 59437 28491 11310 11147 3800 10776 58881 17715 1796 1512 7347 49869 15919 10135 9012 10396 3769 3023 17848 1583 4896 3242 1110 1440 701 6677 3091 868
is_linear=0
shrinkage=0.03


Tree=35
num_leaves=31
num_cat=0
split_feature=10 0 10 12 12 6 13 7 9 4 8 5 3 4 6 12 18 10 5 5 9 8 6 7 7 13 11 8 5 10
split_gain=102.459 36.4658 22.1286 17.6185 15.6416 16.1128 12.0654 11.3423 10.3151 8.30216 13.1743 8.16985 9.48899 10.9188 9.00244 11.8921 9.11239 8.49384 8.15568 8.11971 10.924 8.18366 7.94454 8.69147 9.38335 7.7531 8.44629 8.02193 9.23552 7.06697
threshold=3.8086426045280222 4.1019210902327474 2.4347774809300904 1.9707273494138071 1.0509359902509401 13.787198230875118 1.1676895088834669 -4.0546524766716603 3.7142117945902404 -20.80294495528052 6.3319890495139708 -6.286164810743327 7.2622578472175361 10.069409711694556 6.4011340297048838 2.1730361564966336 55.570095595447484 4.0511303610086715 14.155959574842568 8.5996020906400066 6.3473120202005022 6.4537727266545852 10.515609008092207 0.73169043814022017 -0.56602266666529444 0.81909875408891475 0.96688247940317329 3.7118697699653054 1.7841512904593879 4.1749569467077992
decision_type=2 2 2 2 2 2 2 2 2 2 2 2 2 2 2 2 2 2 2 2 2 2 2 2 2 2 2 2 2 2
left_child=1 2 -1 -4 5 7 -5 8 -2 -8 18 -6 13 29 15 17 -16 -14 -11 20 21 -9 23 24 -22 -3 -27 -28 -29 -13
right_child=4 25 3 6 11 -7 9 19 -10 10 -12 12 14 -15 16 -17 -18 -19 -20 -21 22 -23 -24 -25 -26 26 27 28 -30 -31
leaf_value=-0.021506654788031907 -0.028053001979472563 0.024838449466613028 -0.010292919885362168 -0.026784902334579787 0.015904041307741566 0.0074985763405512754 0.036203801270844854 -0.0058656151124963007 0.015296419382766505 0.0058811631655786342 -0.02525076852724047 -0.0077268743943027379 0.012461140206929927 -0.014419438188841048 0.028764132198075418 0.017250947872357297 0.0095278975408352989 -0.05190504443478676 0.037825842133081801 0.013527604260295372 0.008428873336832985 -0.030383801276668725 -0.034400779856887366 0.028638817818241232 -0.054495809636599807 -0.036032858284238203 0.033763604351675885 -0.033596417984569513 0.0059167714608094057 0.0094592896000228934
leaf_weight=136.83759841014398 5.4904792537272433 19.431038439739496 501.66313610620273 10.010227491438853 117.55434421962127 297.29167521191994 8.4903599622193706 271.54113859514473 49.298898201843258 50.472270639409544 11.061118224635718 28.775399198930245 2.5427980192471313 33.154611126985401 23.935695599764585 7.1493058246560386 299.31183286101441 6.7252063236664981 8.3883746899664384 22.873820581240579 13.119930281420235 12.831127939192809 3.2635889263474374 18.308229102753103 2.5468718057964006 4.5086564312223336 8.5098246717825514 5.7222482288489109 76.451988164684735 85.564838193677133
leaf_count=21347 284 194 48431 779 960 3927 40 10816 664 2043 490 1026 64 700 99 67 2380 240 39 358 249 474 89 188 132 174 37 273 1211 1463
internal_value=-2.54402e-10 -0.00815736 -0.0106372 -0.0081166 0.00527543 0.00221084 0.00423074 -0.0017263 0.0109523 0.00819025 0.00478866 0.00880549 0.00709257 0.000738791 0.00985162 -0.0118201 0.0109523 -0.0342453 0.0104337 -0.0037428 -0.00497112 -0.0069719 0.0103078 0.0146024 -0.00180047 0.00756912 0.00404405 0.00603661 0.00316525 0.00513414
internal_weight=2142.83 841.547 726.923 590.085 1301.28 696.566 88.4224 399.274 54.7894 78.4121 69.9218 604.714 487.16 147.495 339.665 16.4173 323.248 9.268 58.8606 344.485 321.611 284.372 37.2386 33.975 15.6668 114.624 95.1927 90.6841 82.1742 114.34
internal_count=99238 75058 73169 51822 24180 17181 3391 13254 948 2612 2572 6999 6039 3189 2850 371 2479 304 2082 12306 11948 11290 658 569 381 1889 1695 1521 1484 2489
is_linear=0
shrinkage=0.03


Tree=36
num_leaves=31
num_cat=0
split_feature=10 8 17 9 2 10 10 17 17 14 4 6 8 1 2 1 14 6 10 11 16 4 10 16 17 17 6 4 10 15
split_gain=97.2707 31.8052 26.3699 14.0727 13.2251 10.5046 9.01496 11.0066 21.1756 11.4541 8.99318 10.2577 10.2474 8.87896 10.1439 9.86113 8.85186 9.80417 8.49251 10.2118 13.1473 11.8068 9.74123 8.34839 7.55888 7.52092 9.51248 11.0117 10.2872 7.51616
threshold=3.8086426045280222 3.4749366242110735 -44.058325472366484 3.6616522142943384 9.7444500916364483 2.2925810833517151 4.9411512462865899 -1.7594867172366813 -1.0000000180025095e-35 126.3033103757718 -17.799580817619297 19.633566365581895 7.7421944792098456 -0.79602577769886096 -5.5699074232544046 -0.2962173490135111 46.968532348505029 19.633566365581895 4.2638997879567198 1.0469686190863057 -3.5373262929677258 22.776771773249795 4.8022950532263176 1.2808555046986569 -3.474085980725746 -1.0164294987258724 4.0318950912608109 -20.80294495528052 2.6719205208004868 0.10181149490881376
decision_type=2 2 2 2 2 2 2 2 2 2 2 2 2 2 2 2 2 2 2 2 2 2 2 2 2 2 2 2 2 2
left_child=1 2 23 13 25 -4 10 -8 9 -9 12 -12 -5 14 -2 -15 -7 -18 -13 -20 -21 -22 -23 -1 -19 26 27 -3 -28 -29
right_child=3 4 5 6 -6 16 7 8 -10 -11 11 18 -14 15 -16 -17 17 24 19 20 21 22 -24 -25 -26 -27 28 29 -30 -31
leaf_value=0.001881223035673985 0.0061961877577177624 0.02026516150373895 -0.02444374506289116 0.020704444461260532 0.010603160035902878 -0.0066932113243797177 0.0096774334223460792 -0.063895462885154422 0.030294881118503793 -0.012613757620499566 -0.00061175405564125034 0.019042582129901033 -0.020984926914355839 0.022144589984164197 -0.021719934956982916 -0.0019159964122532115 -0.017821699798939442 -0.039056713324851826 0.015894248652163375 0.035242620397897932 0.0054286431295362154 -0.049414479780615028 -0.0053866545960587096 0.035720002375103775 0.020746684392778443 -0.041271329116190164 -0.021139153385294582 -0.033970030757290492 0.0048725448179528846 -0.008975381828017515
leaf_weight=16.202935516601432 17.127163514320273 10.823987416166345 83.153704463649774 43.102313197101466 68.467183430911973 139.62685432317085 591.60502109798836 5.1718110051006105 8.7885197671130317 16.194329035002738 336.66226903733332 50.04236854694318 6.0514739342033854 18.097772544075269 37.071957065316383 100.26100870763185 212.85955014629872 2.341204817115794 30.2274229102768 5.5849024457857004 14.837683932390062 10.534903623163702 7.9250473929569116 11.027495515969347 10.143436261481837 4.8042184882215215 15.33192246002727 11.882005503284743 127.2784898308455 122.05440064711729
leaf_count=1054 479 141 14682 368 971 13604 5984 100 26 195 9482 388 69 449 2228 3638 27950 124 298 19 162 219 76 89 220 400 1085 1265 4576 8897
internal_value=6.64762e-11 -0.00798242 -0.0130792 0.00513611 -0.00126444 -0.014821 0.00635796 0.00877628 -0.00890341 -0.0250268 0.00338031 0.0020656 0.0155719 -0.002842 -0.0128983 0.00176301 -0.0126286 -0.0163062 0.00963042 0.00281509 -0.00735269 -0.0144971 -0.0305129 0.0155849 0.00953194 -0.00404544 -0.00342311 -0.00884059 0.00207605 -0.0111928
internal_weight=2135.28 835.997 475.355 1299.29 360.642 448.125 1126.73 621.76 30.1547 21.3661 504.968 455.815 49.1538 172.558 54.1991 118.359 364.971 225.344 119.152 69.11 38.8825 33.2976 18.46 27.2304 12.4846 292.175 287.371 144.76 142.61 133.936
internal_count=99238 75058 57723 24180 17335 56580 17386 6305 321 295 11081 10644 437 6794 2707 4087 41898 28294 1162 774 476 457 295 1143 344 16364 15964 10303 5661 10162
is_linear=0
shrinkage=0.03


Tree=37
num_leaves=31
num_cat=0
split_feature=10 12 17 10 12 6 10 13 5 14 15 3 15 1 2 14 11 5 6 12 11 14 17 15 5 9 3 12 17 17
split_gain=93.5184 29.3335 20.1569 17.7126 16.3189 15.273 10.9633 10.8041 12.2307 10.7796 9.30132 8.96239 8.80457 8.19664 8.55413 11.9841 12.8074 8.89939 14.4938 14.8621 14.4133 8.08928 9.18078 14.9398 14.8385 13.847 12.6073 12.1837 11.3102 12.452
threshold=3.8086426045280222 1.9707273494138071 -44.058325472366484 2.4347774809300904 1.0509359902509401 13.787198230875118 4.6049527786427484 1.8875746932871398 12.640929631338652 15.254622621107485 0.099504879737659271 2.45656208745807 0.37450914016256442 8.2958090140567116 -7.0438801370713167 673.37412294520857 0.50786376191959726 8.4128421453145013 17.907419667535603 0.35516669193118655 0.98472077993604945 292.30198140812655 -4.0664593325718927 0.60885848535348563 14.155959574842568 6.073615599337562 7.2622578472175361 5.1928842591216524 -6.8349688678265048 -21.350301124282591
decision_type=2 2 2 2 2 2 2 2 2 2 2 2 2 2 2 2 2 2 2 2 2 2 2 2 2 2 2 2 2 2
left_child=1 2 12 -4 5 6 9 8 -3 -2 -8 -5 -1 14 -7 17 -17 18 20 -20 -16 22 27 24 26 -25 -24 28 29 -6
right_child=4 7 3 11 21 13 10 -9 -10 -11 -12 -13 -14 -15 15 16 -18 -19 19 -21 -22 -23 23 25 -26 -27 -28 -29 -30 -31
leaf_value=-0.010859450614828703 0.011656557407281901 -0.00095678603038019136 -0.022796526350292206 -0.013413379733169436 0.010093521074208561 0.020508241322615039 -0.031223509174138384 0.012439818243085408 -0.055850598261837081 -0.010919715855753864 0.0033129740513350618 -0.0053074375563731714 0.019774133240659377 0.0190461918379571 0.014307706194502386 0.03137664606008677 -0.031277803224163125 0.01017919767222796 0.0036476469097895107 -0.037962414915744078 -0.030614522102497582 0.014317634216777529 -0.049994662147186765 0.015155028148398773 -0.051166582848289399 -0.024148839509364861 0.0036144172574563475 0.025801603013694243 0.017762936281070736 -0.0033671572056675043
leaf_weight=12.362596738967111 21.977742883784231 110.44412036801805 114.82547355163842 269.29649986138975 134.82801393675618 28.307736581191421 7.2444307104451573 66.472393035743153 3.777928950265049 142.13384907974978 224.82732861436671 225.60372462612577 26.64092285145307 43.662590104620904 42.049602828570642 3.6108017927035716 15.718754459929185 124.13831713306718 14.392951220623219 16.676948535430711 7.5880795575794755 164.32260461850092 4.8217110021505531 43.673038084059954 8.7324663298204523 9.8951340671628696 21.790855228202417 33.868103406392038 67.499411505443277 114.27342222165316
leaf_count=782 683 4987 19615 30107 1593 149 290 1029 116 7766 4515 17713 709 276 636 17 424 1364 215 576 270 1358 172 335 145 96 300 142 622 2236
internal_value=8.7574e-11 -0.00786618 -0.0108437 -0.0121812 0.00503412 0.00189062 -0.00196178 0.00282374 -0.00277242 -0.00789631 0.00223487 -0.00971823 0.0100645 0.00704435 0.00496884 0.0030066 -0.0195738 0.00513732 -0.00261771 -0.0186868 0.00744047 0.0086391 0.00651541 -0.00209416 -0.0172332 0.0078948 -0.00609857 0.00869963 0.00687017 0.00391854
internal_weight=2125.46 829.424 648.729 609.726 1296.03 692.329 396.183 180.694 114.222 164.112 232.072 494.9 39.0035 296.146 252.483 224.175 19.3296 204.846 80.7076 31.0699 49.6377 603.705 439.382 88.9132 35.345 53.5682 26.6126 350.469 316.601 249.101
internal_count=99238 75058 68926 67435 24180 17181 13254 6132 5103 8449 4805 47820 1491 3927 3651 3502 441 3061 1697 791 906 6999 5641 1048 617 431 472 4593 4451 3829
is_linear=0
shrinkage=0.03


Tree=38
num_leaves=31
num_cat=0
split_feature=10 0 10 12 8 18 3 13 2 9 8 11 10 5 2 18 13 12 14 5 15 12 1 10 18 18 9 10 8 12
split_gain=89.0057 32.9409 18.3879 24.1466 14.6822 10.8712 9.46922 8.45213 12.1322 8.44702 9.74991 16.3046 8.32426 13.1146 7.94588 8.01792 10.4484 16.4092 14.8019 13.3098 13.4513 11.2371 8.33369 8.35886 8.41952 9.5174 7.89975 7.6807 11.3606 9.32179
threshold=3.5250867831165924 3.9466817552517655 4.9411512462865899 1.6888148325301844 2.2887317139589824 21.622303992098171 0.88076246119456203 0.81909875408891475 10.969817502105352 4.7577966047837297 5.7180142636106321 0.83656377935232085 5.7605423068383379 -1.8788723857650973 17.23932417020875 31.227826645556174 0.90260217734909098 1.2019093121880069 3.5180489358532721 8.4128421453145013 0.48581936497685968 1.414722926132278 -5.8918489897903035 3.5894187917199871 50.119945904904135 53.207156620901046 4.40393657462928 4.3365052061469234 4.5454511244887987 1.193072779940372
decision_type=2 2 2 2 2 2 2 2 2 2 2 2 2 2 2 2 2 2 2 2 2 2 2 2 2 2 2 2 2 2
left_child=1 4 3 14 6 -6 -1 -3 -9 10 12 -12 13 -4 15 -2 19 27 -19 21 -21 22 -17 -24 -25 -26 -14 -18 -29 -30
right_child=2 7 9 -5 5 -7 -8 8 -10 -11 11 -13 26 -15 -16 16 17 18 -20 20 -22 -23 23 24 25 -27 -28 28 29 -31
leaf_value=-0.024938978217281551 0.0097844001937162379 0.025985471909164889 0.013712213622442826 0.0089572486286301611 0.026692649022007096 -0.0090353761498317003 -0.011875191538155437 -0.0079560008264124987 0.016972714767593523 0.0097778954579440421 -0.054141189387111904 0.0093048640556352997 0.01847717251319644 -0.011496337305106208 0.020510114008098438 0.012183786000603582 -0.0096440771139990993 0.029326144832798596 -0.02843399928732776 -0.03458285345193058 0.019728147310137546 0.02307503879055935 0.014598992306128804 -0.016860949495599721 0.01091681058651555 -0.0084769226363526923 -0.011089044343375114 0.010053520722604856 -0.026545486502763876 0.039020606635043573
leaf_weight=99.404348939075135 41.802591702609789 18.233674569055438 29.695203509181738 246.62715472734999 7.8312631481094277 360.62578819089686 100.34634305567306 39.639534318353981 31.558984414674342 498.05342276708689 7.1202393234707397 7.469653001811821 45.031140452832915 49.594025308964774 13.427218976430593 23.892208437027875 99.791164442518493 4.3605699642794198 47.374316354107577 4.5427623236319041 42.514397503924556 14.049389225663615 15.532082441059172 66.642719418683555 30.480946690571727 90.070160772360396 9.9260418396443111 53.761600568832364 14.928457135101782 2.2450585169717661
leaf_count=17075 728 153 477 2964 163 34345 14026 1261 229 4499 202 87 428 1183 97 580 5278 52 1982 179 414 203 839 4339 1222 4265 144 1298 517 9
internal_value=-5.5979e-11 -0.00916299 0.00413038 0.00112434 -0.0118267 -0.00827601 -0.0183763 0.00776096 0.00309374 0.00790387 0.00163281 -0.0216584 0.0041641 -0.00205529 -0.00229228 -0.00284695 -0.00388191 -0.00876442 -0.0235656 -0.000106885 0.0144851 -0.00296003 -0.00457409 -0.00654909 -0.00830381 -0.00357328 0.0131371 -0.00427925 0.00326797 -0.0179742
internal_weight=2116.57 657.64 1458.93 812.043 568.208 368.457 199.751 89.4322 71.1985 646.89 148.836 14.5899 134.246 79.2892 565.416 551.988 510.186 222.461 51.7349 287.725 47.0572 240.668 226.618 202.726 187.194 120.551 54.9572 170.726 70.9351 17.1735
internal_count=99238 67252 31986 24966 65609 34508 31101 1643 1490 7020 2521 289 2232 1660 22002 21905 21177 9136 2034 12041 593 11448 11245 10665 9826 5487 572 7102 1824 526
is_linear=0
shrinkage=0.03


Tree=39
num_leaves=31
num_cat=0
split_feature=10 0 8 16 10 15 8 15 13 2 0 3 18 8 2 10 2 18 17 6 15 6 2 3 16 8 18 18 5 15
split_gain=86.5847 31.0502 16.5534 23.3302 14.1395 11.0038 10.7897 10.7566 8.90701 10.9371 8.81766 8.9067 13.2913 19.0034 10.5892 9.55903 9.50191 9.34221 11.4967 15.1752 10.0218 8.46673 8.44653 8.04847 7.64369 7.54712 7.42721 8.24359 7.31432 9.93109
threshold=3.5250867831165924 3.7988848812658165 3.5342724353551849 2.2230543783193961 2.4347774809300904 0.23437384116571883 3.4749366242110735 1.0000000180025095e-35 0.81909875408891475 10.514904394259219 -5.231183314645901 15.775536925184277 71.3544544049699 3.6656361456322588 -0.98695114085096669 4.8948596858888811 -2.2652443279702115 30.120640071617185 -9.1970198159516041 16.003815969196069 0.96105965272177774 11.976273316287733 12.116901285074102 9.5915949239044149 -2.364629539971943 13.811529858943468 74.415888109280502 78.957647374468351 8.4128421453145013 0.5272719258009787
decision_type=2 2 2 2 2 2 2 2 2 2 2 2 2 2 2 2 2 2 2 2 2 2 2 2 2 2 2 2 2 2
left_child=1 4 3 5 -1 -2 -6 -4 -3 -10 -9 12 15 -14 16 17 -13 -12 19 20 24 -11 28 -5 -19 -17 -15 -28 29 -20
right_child=2 8 7 23 6 -7 -8 10 9 21 11 14 13 26 -16 25 -18 18 22 -21 -22 -23 -24 -25 -26 -27 27 -29 -30 -31
leaf_value=-0.020491535124530252 -0.01423621222103367 0.024660473589925451 -0.049361874137429443 0.027927776405832348 -0.012748506661096439 -0.0011098821666008579 -0.0028993132253116597 0.015325742468122964 -0.0085635833238221336 0.027707936267777233 0.013854418131545893 -0.064639523882332808 0.033059493956327526 -0.045038150550245806 0.011071579292142208 0.0071943844195267864 0.008495063513937768 0.0083312032153825197 0.0093312237869138184 -0.055784978445436798 0.022705807764738496 -0.0028289129743754061 -0.026458053742363832 -7.7407777490658049e-05 -0.0090853847135340185 0.028189823415786942 -0.0030873198570465134 -0.056594927272092768 0.017150494298083518 -0.012482373106545989
leaf_weight=128.23877197409456 73.527917719125981 20.075441884342581 3.1518444365356109 30.213559387426358 273.67169032266247 263.31452641732176 157.83713282953249 86.473356499744114 39.626012622262351 19.232881833799183 45.652823730895761 3.192829008679837 6.1289555457769884 10.606744064745728 252.82972729817266 312.85935107406112 3.2025875416584304 27.318875452998327 58.579507858521538 5.2862068847753099 11.634207144379614 14.208570701535789 6.9425162114202967 13.302208967972545 133.5224698651873 16.207228725776076 13.885589828016238 3.1859236948657772 45.998493214370683 27.649995193787618
leaf_count=21301 3753 194 83 329 33664 10295 10457 763 1361 120 477 72 42 338 1820 3713 30 668 1598 157 52 155 120 107 5679 64 251 102 454 1019
internal_value=-1.81401e-10 -0.0090764 0.00407371 -0.00130466 -0.0117452 -0.00397517 -0.00914587 0.00597792 0.00696175 0.00209899 0.00614076 0.00533415 0.0036286 -0.0147384 0.0101072 0.00452636 -0.0280164 0.0011665 -0.000661146 -0.00571681 -0.00418227 0.0147335 0.00579643 0.019367 -0.00612718 0.00822845 -0.0253226 -0.013073 0.00748993 0.00233657
internal_weight=2107.56 652.891 1454.67 380.358 559.748 336.842 431.509 1074.31 93.1429 73.0675 1071.16 984.684 725.459 33.8072 259.225 691.652 6.39542 362.585 316.932 177.762 172.476 33.4415 139.171 43.5158 160.841 329.067 27.6783 17.0715 132.228 86.2295
internal_count=99238 67252 31986 14484 65422 14048 44121 17502 1830 1636 17419 16656 14734 733 1922 14001 102 10224 9747 6556 6399 275 3191 436 6347 3777 691 353 3071 2617
is_linear=0
shrinkage=0.03


Tree=40
num_leaves=31
num_cat=0
split_feature=9 0 10 17 5 2 11 14 11 7 0 5 17 11 14 10 10 7 0 14 7 16 16 7 17 5 16 16 14 10
split_gain=84.6957 29.8897 21.0066 12.751 18.6634 15.468 12.9841 11.9994 10.5784 10.0858 21.1623 9.35314 8.71209 17.7225 13.1398 9.45972 9.19227 8.36921 8.32358 11.1901 9.05603 8.89191 10.4001 16.2437 7.93149 9.15934 9.1577 13.9339 17.8036 7.61222
threshold=3.9152053487530543 4.1019210902327474 2.4347774809300904 -49.07469848051128 8.0518345571577026 -7.7559775743426087 1.0367613821241981 52.145582622090309 0.75761156655969109 -3.2924857157221319 1.7617339689968425 8.5996020906400066 -12.511344381877764 1.6013886101455761 403.7915029219559 3.9606593766680054 3.0760711967543446 -6.4346161344220487 -2.6488122334759505 60.631206367636189 2.4044159952578807 -1.1807863381137882 -3.0547893189091115 3.6645934667501994 -2.6718832257941454 9.0151855731971349 -0.9979280286639346 -2.8251040351864396 92.44623808673829 6.2398355768662155
decision_type=2 2 2 2 2 2 2 2 2 2 2 2 2 2 2 2 2 2 2 2 2 2 2 2 2 2 2 2 2 2
left_child=1 2 -1 9 5 17 -7 8 11 -2 -11 -4 13 14 15 16 -6 -5 19 -8 -20 22 23 -21 26 -26 27 -14 -29 -27
right_child=3 -3 7 4 12 6 18 -9 -10 10 -12 -13 24 -15 -16 -17 -18 -19 20 21 -22 -23 -24 -25 25 29 -28 28 -30 -31
leaf_value=-0.020118106626762087 0.022278274784259981 0.0099594752637512524 0.0037688174917968847 -0.028644757533951695 0.01865273454116249 0.0033288150127434705 -0.021740965427638752 -0.010125926515080267 -0.005330540867676343 -0.026024346714210812 0.018460782379804259 0.035483922764869634 0.016433270856914168 -0.060809692220022714 -0.047694565654868494 0.011915211257046589 -0.045411342935043848 0.010122946464070007 -0.0068450352340721221 -0.042102806664808402 -0.024777415442180355 -0.037093130168723419 0.027557779279101895 0.02516126066428986 -0.03968054652064245 0.0070711772354623585 0.01465230784091643 0.0098282813624907071 -0.047013715981389079 -0.024273749177034336
leaf_weight=126.63893925790035 65.841200060443953 83.432305114518385 57.40583324994077 5.1842329315841189 3.1606131782755238 213.54879514494678 11.751362228300421 394.90837705612648 204.0862021974026 14.433136905776335 28.887257927563041 9.797157194465397 20.970383502077311 4.2953525036573401 4.3705001184716812 45.169019427150488 5.564848056237679 150.60986034871894 167.33616756348056 5.9934459864161855 29.870006551966071 3.1137420045561148 23.659824250382375 7.010848447214812 4.2282019978447343 117.68763107189443 264.41829614859307 9.9016527331550623 9.9352542019914818 7.412170090712606
leaf_count=21281 318 1381 3454 60 41 4326 546 34909 15157 357 162 46 151 120 107 411 213 2315 7431 263 1438 211 370 62 162 1306 2138 148 260 94
internal_value=-1.35839e-10 -0.00712054 -0.00891791 0.00509616 0.00413831 0.000657755 -0.00209735 -0.00678884 -0.00193114 0.0148816 0.00363959 0.00839239 0.00846579 -0.00200131 0.0023341 0.0063911 -0.0222055 0.00883291 -0.00675591 0.00398005 -0.00956118 0.0115787 0.0157122 -0.00583954 0.00997268 0.00374622 0.0126109 -0.000616679 -0.0186409 0.00521399
internal_weight=2100.62 876.269 792.837 1224.35 1115.19 618.078 462.284 666.198 271.289 109.162 43.3204 67.203 497.114 62.5603 58.265 53.8945 8.72546 155.794 248.735 51.5292 197.206 39.7779 36.6641 13.0043 434.554 129.328 305.226 40.8073 19.8369 125.1
internal_count=99238 76228 74847 23010 22173 17022 14647 53566 18657 837 519 3500 5151 892 772 665 254 2375 10321 1452 8869 906 695 325 4259 1562 2697 559 408 1400
is_linear=0
shrinkage=0.03


Tree=41
num_leaves=31
num_cat=0
split_feature=9 10 8 16 6 1 8 10 1 16 3 1 14 17 3 17 9 17 14 9 4 8 8 4 2 13 16 1 2 11
split_gain=81.9141 21.7998 20.9121 19.515 17.2461 12.3327 10.4953 9.02575 8.40123 8.4005 8.69062 8.0535 8.00751 7.93738 7.8667 8.88588 7.84435 7.58099 7.36821 9.01346 7.4033 7.05432 8.42442 9.46692 6.97234 11.1706 6.85754 6.81962 7.44138 6.72477
threshold=3.2510649598502512 4.6783965076585234 3.5342724353551849 1.6556167139816393 19.020710223289026 3.3074571867427687 4.5048177395749311 3.7614263421292935 -5.0622753343161007 -3.5373262929677258 -9.6213871454188133 6.0665594978927215 60.631206367636189 -5.6167671629929199 8.0857173616349165 -20.607018831211825 3.6116831555404576 -67.752189672368871 15.254622621107485 3.6961056914738419 -8.8210390718113292 1.7759697655503468 2.5925181447526104 6.3995137127013333 15.216048403382223 0.49162174053363983 -1.033892627838825 2.7851958650730873 8.4948640512538827 0.69365463389394499
decision_type=2 2 2 2 2 2 2 2 2 2 2 2 2 2 2 2 2 2 2 2 2 2 2 2 2 2 2 2 2 2
left_child=4 2 3 11 6 7 8 -4 26 -9 -11 18 29 16 15 -6 -7 -12 19 -2 -21 -3 23 24 25 -23 -1 -16 -29 -10
right_child=1 21 5 -5 14 13 -8 9 12 10 17 -13 -14 -15 27 -17 -18 -19 -20 20 -22 22 -24 -25 -26 -27 -28 28 -30 -31
leaf_value=0.023089300268460632 0.019386892306425332 0.028704185761279814 -0.0078393632453778277 0.011656648357286843 0.036507513765702979 0.015590236270237978 0.0012825379514500384 0.016536713412713316 0.0033827119292971059 0.011419987187930886 0.031998840342564713 -0.034007275164327264 -0.01769720531558731 0.012612536068357258 0.029333560388928474 -0.041073936694140042 -0.0012851885778813604 -0.0058157267497213894 -0.012174555260442033 0.016122982457535018 -0.039572980797796829 0.027273178193276949 0.0073542353783765764 -0.031313749546382871 0.043263345906185045 -0.028248700480021628 -0.020013568794491218 -0.043877432166768648 0.0181832181452183 -0.011905524903573276
leaf_weight=10.050329230463829 15.506894788413776 13.374917481094597 113.0638062665239 39.644144288526149 1.8806954282335935 32.087083593214629 50.113940403767629 33.289371368824504 31.001418294821633 43.745185298495926 4.9808047115802756 13.255159534484845 234.25896528897283 141.21531337947818 17.276940250158081 4.5270021545002264 109.02255105751101 113.51572685208521 157.20948217451223 3.4815624536713585 5.6073575653717835 5.5991436524782383 707.92529596423265 10.883168797590768 3.3596245162188998 7.8107638757210225 4.9621576406352679 2.778988203033804 4.6458133608102798 157.1861703388131
leaf_count=528 626 97 6425 993 10 624 2423 375 2188 676 20 1014 33492 1843 156 228 2627 4069 11163 109 465 57 8039 309 8 262 626 125 37 19624
internal_value=-7.22193e-11 0.0034061 4.40754e-05 -0.00753179 -0.01034 0.0030531 -0.0117218 -0.0010923 -0.0132115 0.00280912 -7.56291e-06 -0.0114317 -0.0139952 0.00758422 0.0113166 -0.0183033 0.00255213 -0.00422625 -0.0097857 0.0054832 -0.0182383 0.00711231 0.00671971 -0.00952463 0.00461618 -0.00506622 0.00884228 0.0190001 -0.00504512 -0.00938699
internal_weight=2093.26 1574.58 825.624 234.705 518.682 590.92 487.573 308.595 437.459 195.531 162.242 195.06 422.447 282.325 31.1094 6.4077 141.11 118.497 181.805 24.5958 9.08892 748.953 735.578 27.6527 16.7695 13.4099 15.0125 24.7017 7.4248 188.188
internal_count=99238 39801 31029 14370 59437 16659 58881 11565 56458 5140 4765 13377 55304 5094 556 238 3251 4089 12363 1200 574 8772 8675 636 327 319 1154 318 162 21812
is_linear=0
shrinkage=0.03


Tree=42
num_leaves=31
num_cat=0
split_feature=10 8 9 18 4 6 3 15 4 7 9 12 10 15 18 15 15 15 14 3 8 14 18 9 14 1 8 3 7 14
split_gain=77.0682 25.725 17.6586 16.7666 15.0112 19.9313 10.5825 10.0669 9.74885 9.48643 9.27091 11.5274 9.6312 19.458 9.05074 9.04094 17.024 8.57543 7.94624 7.71368 7.60598 7.59309 12.3258 7.97101 7.52795 15.2243 11.2276 9.5682 10.9423 7.43816
threshold=3.5250867831165924 3.576451304230337 5.8290862474013334 21.622303992098171 -20.80294495528052 12.588450123100813 0.18237512974197403 0.10989006689551975 21.245992876136615 -0.51982294752765934 5.319852808131186 0.74655979027662733 4.8022950532263176 0.72807180746000399 54.618544517671957 0.12599853515625004 0.21732906284059714 0.20312518625971879 49.144634622351084 1.4694787941934242 9.3969282438620461 613.70430364177605 65.5318795378668 2.7997553325013351 40.222347746287085 -6.6328981983414295 7.0770996203445993 -11.51710616623892 7.2547135320899301 8.3571944123150654
decision_type=2 2 2 2 2 2 2 2 2 2 2 2 2 2 2 2 2 2 2 2 2 2 2 2 2 2 2 2 2 2
left_child=1 3 4 -1 -2 7 -5 9 10 -6 11 18 -13 17 -11 -7 -17 -14 -9 -3 21 23 -23 -18 25 -4 27 -27 -29 -21
right_child=2 19 24 6 5 15 -8 8 -10 14 -12 12 13 -15 -16 16 20 -19 -20 29 -22 22 -24 -25 -26 26 -28 28 -30 -31
leaf_value=0.032344850563609161 0.018083581616534259 -0.0084234984462011955 -0.057120248306864088 -0.019947331769864456 -0.043489345283356552 0.020459562465881279 -0.0099535660170137399 0.0015040424143165198 -0.047135094902224686 0.008023890245421288 -0.015413754543366338 0.00080290946484170157 -0.013629679216017366 -0.035441670506880137 -0.030827021547020977 -0.019683228629681269 -0.032853234136943014 0.024761211542137253 -0.010082315875365016 -0.047310363447734032 0.020311031136652859 0.004379178416324501 -0.042846769800138358 0.0068878829036724959 0.010163629273863538 0.024750407983970678 0.016233162189584122 -0.035994259014573961 0.020537630663301443 0.003592970742462627
leaf_weight=7.1041077437985214 47.39676938627963 83.632038677009405 4.1428033206611863 164.66887664269598 9.9597272689861693 35.400586458621547 226.57247739983723 89.904933487618109 4.2466143787605679 12.888870777067497 39.752073231706163 197.12744987825863 5.8908856274210839 6.2568855867430093 9.2838549856387527 24.28017816747888 4.6205413844436398 47.140484542847844 130.74884469097015 2.625670220993924 31.727914998773485 14.200443738343894 7.6552459513768545 268.23395571522997 400.64262944413349 4.7928470275364843 25.924259435851127 13.502230418729598 3.9927464984357348 161.01721692625142
leaf_count=160 420 6842 110 26089 685 415 28159 3458 176 397 1187 7184 125 183 550 705 242 422 6866 193 154 225 237 3798 3779 41 215 393 19 5809
internal_value=4.29937e-11 -0.00861233 0.00386208 -0.0133305 0.00161089 0.000779701 -0.0141598 -0.00287121 -0.00186624 -0.0191681 -0.00149427 -0.000334426 0.00399151 0.0145933 -0.00824322 0.00601044 0.00455198 0.0204966 -0.00536148 -0.00101169 0.00635457 0.00485205 -0.0121623 0.0062149 0.00876561 -0.00193261 0.00280959 -0.0128041 -0.0230924 0.00277622
internal_weight=2085.33 645.62 1439.71 398.345 986.716 939.319 391.241 553.201 521.068 32.1325 516.822 477.069 256.416 59.2883 22.1727 386.119 350.718 53.0314 220.654 247.275 326.438 294.71 21.8557 272.854 452.998 52.3549 48.2121 22.2878 17.495 163.643
internal_count=99238 67252 31986 54408 27429 27009 54248 21233 19601 1632 19425 18238 7914 730 947 5776 5361 547 10324 12844 4656 4502 462 4040 4557 778 668 453 412 6002
is_linear=0
shrinkage=0.03


Tree=43
num_leaves=31
num_cat=0
split_feature=10 0 10 8 0 13 16 10 8 14 0 0 6 13 17 1 14 11 10 4 3 13 17 9 16 6 6 17 17 16
split_gain=73.9322 26.5571 16.9216 12.445 18.1774 10.4101 9.37384 8.78119 8.6775 7.95449 7.65772 10.9387 9.53266 8.77786 7.62349 9.2257 7.30563 7.24046 6.9496 11.6154 8.64303 11.9465 8.54526 10.4263 13.2852 9.16228 11.7272 8.10535 8.68764 8.30552
threshold=3.8086426045280222 4.1019210902327474 2.4347774809300904 3.5342724353551849 1.995401315110966 1.9304483389965197 1.6187196900556866 4.4764321294921663 3.8336389149423171 94.920327598788774 -5.231183314645901 -4.2634728820993866 14.315332430533186 2.4169426162521419 -2.0632505047762471 -11.948731689756151 336.13958111954128 0.89704538806082512 5.525100435651038 46.6562282122933 16.530690302907484 2.1374058726648961 -40.392174176758374 5.2542211155698917 4.6454240829263362 -12.039812159034822 -9.7286632249913811 -2.6718832257941454 -6.927835245011881 2.2230543783193961
decision_type=2 2 2 2 2 2 2 2 2 2 2 2 2 2 2 2 2 2 2 2 2 2 2 2 2 2 2 2 2 2
left_child=1 2 -1 4 7 9 -6 -2 -7 -4 -5 12 14 18 15 -12 -3 -8 19 20 21 22 -13 25 -25 -24 -27 28 29 -20
right_child=3 16 5 10 6 8 17 -9 -10 -11 11 13 -14 -15 -16 -17 -18 -19 27 -21 -22 -23 23 24 -26 26 -28 -29 -30 -31
leaf_value=-0.01935408737175566 -0.011192110641433526 0.0077563630617903268 -0.005538046629442241 0.014944842827352827 -0.0084294274842956207 -0.012811098743992671 0.0026503849908708962 0.00036846352138227706 0.014019956109719465 -0.013219896244333491 0.020981725876638695 0.012560828649612161 -0.050148011701361989 0.015833869308609739 0.043620341528766926 -0.025738182451373926 -0.037460768181517917 0.028119230584890381 0.010199311741794476 -0.047664507268683515 0.011356288276112134 -0.038074528093059147 -0.027078817685920874 -0.015189284750350683 0.013716375084156789 0.030316747159564335 0.0026925518527949294 -0.011119399377479907 0.018548307102086336 -0.0051103409198262539
leaf_weight=123.47737183977733 101.079989185062 109.23741908191005 328.40927644845215 82.096205925627146 13.126272956491446 15.628047815349417 14.543521133251486 142.49909297714476 35.470009148091776 192.38713535827992 5.4540208820253673 60.029801180382492 5.2061710702255359 73.835751260630786 2.5705823388416311 12.573570159496741 3.313378579216077 32.484753064345568 133.22961724083871 4.046323047950863 98.310342612938257 6.7677343086106694 8.6601115551602543 65.71262577662128 18.294070730684325 14.688615084742194 236.90941985268728 17.048137424048036 78.431190997362137 41.928363772749435
leaf_count=21347 5670 1786 28355 655 447 1156 212 3418 704 21607 25 753 125 400 12 370 103 177 1333 51 811 150 335 1894 164 208 5922 190 404 454
internal_value=4.33743e-10 -0.00709429 -0.00928252 0.00451478 -0.000781762 -0.00710797 0.0139864 -0.00442892 0.00581383 -0.00837579 0.0061805 0.00536629 -0.0138789 0.00594516 -0.00471189 -0.0116037 0.00642522 0.020243 0.00501393 0.00296331 0.00336548 0.00145438 0.00211608 0.000294822 -0.00889452 0.00326098 0.00430529 0.0089041 0.0102502 0.00653457
internal_weight=2077.45 807.923 695.372 1269.53 303.734 571.894 60.1545 243.579 51.0981 520.796 965.793 883.696 25.8043 857.892 20.5982 18.0276 112.551 47.0283 784.056 513.419 509.373 411.062 404.295 344.265 84.0067 260.258 251.598 270.637 253.589 175.158
internal_count=99238 75058 73169 24180 9924 51822 836 9088 1860 49962 14256 13601 532 13069 407 395 1889 389 12669 10288 10237 9426 9276 8523 2058 6465 6130 2381 2191 1787
is_linear=0
shrinkage=0.03


Tree=44
num_leaves=31
num_cat=0
split_feature=10 0 8 15 17 10 1 3 17 3 1 2 6 7 5 5 3 17 10 14 6 1 10 13 2 0 14 17 3 2
split_gain=71.7223 24.0227 19.7165 20.4313 9.98557 8.99831 9.41435 8.98226 8.70267 10.021 10.2197 8.00884 12.9807 17.7513 9.06875 10.6318 9.84296 9.24443 8.45104 7.22741 7.21364 7.17794 7.4544 6.60687 7.42823 9.83814 6.36495 7.28193 8.48629 6.79272
threshold=3.3289643620784046 4.1019210902327474 3.5342724353551849 0.48581936497685968 -30.224171058665124 4.7188816225465233 -0.85620923632208623 1.0540126186544321 -2.8682445704809898 8.0857173616349165 1.5116918271002702 -12.365777054650438 4.4957237550981679 -3.4210306978100733 0.044172397825724401 5.0691772866785563 -12.076410618679548 -21.540889130436806 3.7933195231690333 104.36499883514894 20.26486809438941 3.3723292133131415 3.131120429357376 0.56603966462565491 -7.2607450302153085 -0.59778046170579646 88.364047907600408 -31.567628572342496 3.5165065167487191 -4.3378210766574439
decision_type=2 2 2 2 2 2 2 2 2 2 2 2 2 2 2 2 2 2 2 2 2 2 2 2 2 2 2 2 2 2
left_child=1 4 3 8 26 -5 -7 -6 9 23 -11 -4 13 18 16 -16 17 -15 -13 20 -9 -3 -23 24 -2 -26 29 -28 -29 -1
right_child=2 21 11 5 7 6 -8 19 -10 10 -12 12 -14 14 15 -17 -18 -19 -20 -21 -22 22 -24 -25 25 -27 27 28 -30 -31
leaf_value=0.020709001165496028 0.030882304763907884 -0.028645547694213458 0.014874167197040928 -0.00031586753884016964 -0.018763007644262412 -0.012168297434524722 0.017250019786010821 -0.0067875602408164681 -0.034491668001023254 0.013735187797448306 -0.020713488224402467 -0.024626851519262378 0.0068373616641953794 -0.048792870998837105 -0.024869079475329427 0.0015334271205815285 0.0009852580420896997 -0.00080844546399813871 0.011927446648307588 -0.017389893922695607 0.036368202585933034 0.014699018883992289 -0.016796201024722505 -0.015354813677300011 -0.024080429944680289 0.0064316908126985251 -0.022544839441688478 -0.038245392774807145 0.046344547800968965 -0.0030601240817127858
leaf_weight=15.460102430195546 5.5550893635954699 4.5251501295715562 74.117060021497309 138.59560406266246 178.38820255202882 11.610757864546029 62.443051930633374 137.48960331035778 11.471458745945709 31.81998671850306 10.246404929843264 6.0494531318545333 738.35430598832318 7.3060667775571346 38.157375017326558 21.438640068983659 135.11193156294758 7.1494327941909415 96.371518882981036 71.718180434661917 3.5766197652555993 51.411290567019023 7.7879574913531533 104.71203214445268 16.215425708040129 23.001463977532694 19.772273138310997 1.5904693036864035 3.2454869183129631 36.059576244821073
leaf_count=702 62 216 542 6815 28303 286 737 14536 825 757 486 352 10292 247 1955 480 4715 183 1185 9557 34 719 202 6739 1017 958 2455 291 79 3511
internal_value=-4.77132e-11 -0.00950712 0.00327884 -0.00230371 -0.0118634 0.00419509 0.0126376 -0.013798 -0.0091107 -0.0075907 0.00534428 0.00534324 0.00467044 -0.000464467 -0.00547518 -0.0153712 -0.00153204 -0.0250606 0.00976838 -0.00963565 -0.00569338 0.00777194 0.0105557 -0.0112307 -0.00158541 -0.00618448 -0.0019226 -0.014474 0.0185243 0.00407255
internal_weight=2070.75 531.025 1539.73 415.671 467.301 212.649 74.0538 391.173 203.022 191.55 42.0664 1124.06 1049.94 311.584 209.163 59.596 149.567 14.4555 102.421 212.784 141.066 63.7244 59.1992 149.484 44.772 39.2169 76.1279 24.6082 4.83596 51.5197
internal_count=99238 60605 38633 18682 59468 7838 1023 52430 10844 10019 1243 19951 19409 9117 7580 2435 5145 430 1537 24127 14570 1137 921 8776 2037 1975 7038 2825 370 4213
is_linear=0
shrinkage=0.03


Tree=45
num_leaves=31
num_cat=0
split_feature=9 10 12 6 1 17 11 0 17 11 8 8 9 16 6 17 14 9 18 11 10 0 10 17 14 12 12 14 8 11
split_gain=68.4953 18.7808 17.2908 16.8552 11.1122 10.2199 10.299 11.3674 9.81655 9.4717 9.37713 10.8501 9.21236 8.49778 7.96313 12.2558 7.76923 9.33505 10.9394 8.61503 7.54357 7.38708 7.36595 7.09656 14.6184 8.52301 12.0397 9.58248 8.97309 9.64731
threshold=3.2510649598502512 4.9411512462865899 1.414722926132278 19.020710223289026 -5.0622753343161007 -59.403588857471597 1.0604945839041429 3.5546734307799328 -51.640766791552799 1.4384145483137067 2.6295840438975175 5.7180142636106321 3.6961056914738419 2.4323951718981061 4.1193704559659716 -10.936108134654509 109.8486186922751 4.1580450181848425 65.128275890698191 1.0291303700508412 2.9610171920146255 -1.1596202162637597 3.0396545611468633 -2.1627233298177346 131.44556495729921 0.71412148116652452 0.33055917653623357 14.116641021523437 3.324867940072084 1.0314367170800873
decision_type=2 2 2 2 2 2 2 2 2 2 2 2 2 2 2 2 2 2 2 2 2 2 2 2 2 2 2 2 2 2
left_child=3 2 5 4 -1 -2 7 16 -4 -8 -11 -12 -3 22 15 -10 17 18 -7 -19 -13 -20 -6 25 -25 26 -14 -28 29 -29
right_child=1 12 8 -5 13 6 9 -9 14 10 11 20 23 -15 -16 -17 -18 19 21 -21 -22 -23 -24 24 -26 -27 27 28 -30 -31
leaf_value=0.0099463281075676604 0.018641043293011431 -0.01594725536867939 0.020200857530960858 0.012045027926417181 -0.016666750684794229 0.0004864426239598834 -0.011775501695877532 0.016830269295364055 0.00017058682603365361 -0.037068987433868134 0.011732484681596709 0.041994129808952278 0.01413907407878323 0.0007347773508798737 0.0063336044751797016 -0.032701687493727129 -0.010317602258319203 0.018455787834368017 -0.0002307035087328101 -0.020459316484718989 -0.048837124572336542 -0.044857936723344538 -0.0084909653134868594 -0.037941851229592288 0.0055568676833879132 0.01139231031069611 -0.044849894287123153 -0.032780224243020711 0.0035040265588121614 0.0088048695087646258
leaf_weight=21.77634524347377 18.524458839208819 15.159068454289807 34.886382822412997 30.430308788898401 242.26487896093749 97.305566298222402 184.80913299959502 31.94578983716201 99.133239189948654 4.8753898300637948 42.749224926432362 1.0016275573289011 68.31658770237118 42.753663301322376 272.39337969926419 11.379359835700596 73.401036976225441 38.087507334421389 5.4105530393717336 5.9150447023566803 4.6118256883928552 8.7156215615686943 167.91945331869647 9.1086434426251781 29.38458168739453 357.82919928821502 4.3833797788247457 13.700052991858685 116.34289061283926 7.9252653596922746
leaf_count=1446 198 434 160 556 40570 4323 12129 426 3141 567 1442 31 721 1758 4246 698 4013 624 193 227 245 435 15107 156 266 2920 111 426 1538 131
internal_value=4.31472e-11 0.00311375 0.000426546 -0.00959928 -0.0109867 -0.00323932 -0.00405187 6.66124e-05 0.00496599 -0.00856367 0.0025858 0.00658336 0.00715285 -0.0119931 0.00357795 -0.00321423 -0.00227362 0.001525 -0.00309498 0.0132246 -0.0326298 -0.027765 -0.0133198 0.00772975 -0.00473622 0.00857383 0.00378651 -0.00118183 0.000205545 -0.0175401
internal_weight=2062.44 1557.29 935.145 505.145 474.714 517.353 498.828 260.781 417.792 238.047 53.2381 48.3627 622.15 452.938 382.906 110.513 228.835 155.434 111.432 44.0026 5.61345 14.1262 410.184 606.991 38.4932 568.497 210.668 142.352 137.968 21.6253
internal_count=99238 39801 33098 59437 58881 24853 24655 10241 8245 14414 2285 1718 6703 57435 8085 3839 9815 5802 4951 851 276 628 55677 6269 422 5847 2927 2206 2095 557
is_linear=0
shrinkage=0.03


Tree=46
num_leaves=31
num_cat=0
split_feature=10 2 10 12 12 17 2 14 17 18 0 16 10 6 6 18 8 14 13 10 2 14 13 12 8 10 14 2 4 8
split_gain=64.9872 22.537 16.4576 14.2896 14.2891 8.90774 9.91906 14.8406 8.62822 10.0813 8.44063 10.0744 8.28705 9.71355 12.7022 8.15718 9.6614 8.07513 8.02941 7.96062 7.7989 7.73001 11.0272 12.2731 10.7704 10.3078 10.2662 8.21078 9.29156 7.98865
threshold=3.3289643620784046 10.514904394259219 4.9411512462865899 0.92726135714451496 1.6888148325301844 -4.5376257591047757 -4.5226645170858601 196.44432864243959 -35.646384779427379 42.163177820476072 3.3323169266206834 -2.364629539971943 3.9606593766680054 15.637538729079886 5.3164466025181278 28.734143937644195 5.8062947187532457 570.41412361904952 1.0291094331363488 4.0318054013092022 17.23932417020875 121.36630266108025 0.85241514140613117 0.75877902352130733 2.5925181447526104 4.6783965076585234 36.463497932976402 -6.291801726795442 6.1927004924406175 5.5633603495109094
decision_type=2 2 2 2 2 2 2 2 2 2 2 2 2 2 2 2 2 2 2 2 2 2 2 2 2 2 2 2 2 2
left_child=1 3 4 -1 10 6 -6 12 -5 -10 11 -2 13 14 -8 19 20 -9 -12 -13 21 25 23 24 -23 29 -27 28 -26 -17
right_child=2 -3 -4 8 5 -7 7 17 9 -11 18 15 -14 -15 -16 16 -18 -19 -20 -21 -22 22 -24 -25 27 26 -28 -29 -30 -31
leaf_value=-0.016349994060440461 0.0069521937276628629 0.013677657027892571 0.0068250761458121811 0.0075848739176811964 0.012950953665642865 0.013310134858450777 -0.030718683932447564 -0.045498524124005464 -0.022680764133917571 -0.0054248967508635209 0.012568524148395514 0.023359326951732654 0.0084092011240887946 -0.052669446979599667 0.0068112015203395521 -0.0059333993294504788 -0.025690673438910308 0.0093596877584417055 -0.0068199457603031685 -0.019301093275855687 0.029447779760862686 0.00095919202681435953 -0.02133171287347143 0.014866734922572308 -0.046028981224358827 -0.014325553191175037 0.02008052736789093 -0.03380200929680411 0.042314700935907251 0.02489801029062742
leaf_weight=226.27523615902464 73.250281902553979 36.264428760216106 632.76195938326418 36.040625827678014 51.66972766246181 101.50027732248418 11.528952607972313 10.234796928125432 36.391140602034284 187.30642539510154 61.897303551901132 16.277917282830462 58.363913832348771 4.1326434426009646 27.420827568916138 234.10917698650155 21.125276063219644 3.1607470102608195 27.883826976991259 5.1925714379176489 5.8663139306008807 28.911295311554568 56.951697614160366 22.250483891897602 1.6797684852790578 10.474564464762805 30.627513780142181 20.88232842378784 2.9587805650662631 7.8161319815553716
leaf_count=35694 2162 681 7020 1610 569 902 640 340 5298 17322 1058 313 752 77 468 12865 1031 33 623 112 46 1845 4041 882 152 338 451 1749 26 138
internal_value=2.02508e-10 -0.00913636 0.00312096 -0.0108387 0.000505566 0.006305 0.00203489 -0.00287648 -0.00603736 -0.00823208 -0.00196885 -0.00338897 0.00104237 -0.00893751 -0.00429747 -0.00501756 -0.00589154 -0.0325544 0.00654694 0.013042 -0.00490164 -0.00538526 -0.0113319 -0.00390518 -0.0115787 -0.00257747 0.0113124 -0.0257821 0.0103226 -0.0049373
internal_weight=2051.21 522.278 1528.93 486.013 896.167 268.012 166.512 114.842 259.738 223.698 628.155 538.374 101.446 43.0824 38.9498 465.124 443.653 13.3955 89.7811 21.4705 422.528 416.662 133.634 76.6827 54.4322 283.027 41.1021 25.5209 4.63855 241.925
internal_count=99238 60605 38633 59924 31613 3781 2879 2310 24230 22620 27832 26151 1937 1185 1108 23989 23564 373 1681 425 22533 22487 8695 4654 3772 13792 789 1927 178 13003
is_linear=0
shrinkage=0.03


Tree=47
num_leaves=31
num_cat=0
split_feature=10 2 8 15 8 16 10 16 3 17 11 0 0 4 10 0 15 3 1 15 15 9 0 2 10 2 0 3 3 17
split_gain=63.1355 21.3931 15.8727 17.295 10.8658 10.3327 8.90473 9.97296 8.50053 8.38038 8.10283 10.774 10.662 9.90576 9.64952 8.74385 9.5999 7.21741 7.28109 7.21088 10.4573 8.08507 7.98342 9.03204 7.41769 7.38343 7.08848 6.91387 16.9303 9.11011
threshold=3.3289643620784046 10.514904394259219 3.5342724353551849 0.48581936497685968 2.4071137916424354 2.2230543783193961 4.5711396015147656 0.96896474924705334 9.5915949239044149 -3.083979825247062 0.75481303845024084 -0.80877826023105504 1.3894104209301816 1.6455369966298152 5.2862133222760006 1.7617339689968425 0.80070352440504988 5.8442720012521834 0.44247871633141816 0.96105965272177774 0.92857095674807089 3.8973229068305986 7.3776006052357053 10.113048162982297 3.9966068129964265 9.7444500916364483 1.3077311181828624 -9.6213871454188133 -7.629625026883085 -10.485935698894833
decision_type=2 2 2 2 2 2 2 2 2 2 2 2 2 2 2 2 2 2 2 2 2 2 2 2 2 2 2 2 2 2
left_child=1 4 3 6 -1 10 -2 9 -7 17 12 -12 13 -5 15 -13 -17 -8 -19 20 21 22 23 25 -22 -4 -3 -23 -29 -30
right_child=2 26 19 5 -6 8 7 -9 -10 -11 11 14 -14 -15 -16 16 -18 18 -20 -21 24 27 -24 -25 -26 -27 -28 28 29 -31
leaf_value=-0.0163729997714454 -0.013662515496538801 -0.02799789762012956 -0.0031015255259584846 -0.0080061175358750736 -0.0071344048288065065 0.025883805206173512 -0.0038033558549782276 -0.047720375177647725 -0.0022450846959978935 -0.057582565865737206 0.021434766502101132 -0.011767740353023498 -0.020133218387996886 0.023558333275277062 -0.047995759472082906 0.018821880606999353 -0.018709982194015526 0.023371642720380035 -0.014408263147690548 0.01594520149148879 0.0020940768048373468 0.011634384683142585 0.037864259186810155 -0.051577129762590844 -0.049064493719789451 0.036202327091408013 0.017259207753063631 -0.021857328596895546 0.00099191598211205954 0.0079146727303674256
leaf_weight=186.77870408043964 116.5390202353301 3.4357411885866886 135.86876673201914 11.994561816478379 296.38973896313109 30.153568130335771 47.865008747437969 3.8728155852877526 14.232982636312952 2.094762851484119 13.060034718393579 62.353450344540761 8.9722544255200756 35.231574395380449 5.0424425639212123 21.225393159082163 8.6262301911192463 21.871800102526326 5.8108648017514488 51.069855571724474 4.6941677323193272 150.43865900416858 4.4305604891851535 3.3671744201565152 5.5864173376758117 4.4422468949924214 33.337710761174094 21.171150034759194 271.49154989508679 462.58856807043776
leaf_count=32120 8840 250 5526 716 27804 359 1306 162 110 111 384 3766 502 738 173 591 499 248 177 230 157 1761 19 112 163 26 431 690 5502 5765
internal_value=-1.00029e-10 -0.00902698 0.00307953 -0.00197608 -0.0107058 0.00400266 -0.00834237 -0.000736381 0.016864 0.00160719 0.000574129 -0.00414959 0.00984596 0.0155415 -0.00758549 -0.00537556 0.00797629 0.00324838 0.0154413 0.00493352 0.00440502 0.00469877 -0.00179929 -0.00302238 -0.0257052 -0.00185717 0.0130308 0.00576141 0.00459157 0.00535437
internal_weight=2044.04 519.942 1524.1 408.947 483.168 210.892 198.054 81.5153 44.3866 77.6424 166.506 110.308 56.1984 47.2261 97.2475 92.2051 29.8516 75.5477 27.6827 1115.15 1064.08 1053.8 148.109 143.678 10.2806 140.311 36.7735 905.69 755.251 734.08
internal_count=99238 60605 38633 18682 59924 7838 10844 2004 469 1842 7369 5413 1956 1454 5029 4856 1090 1731 425 19951 19721 19401 5683 5664 320 5552 681 13718 11957 11267
is_linear=0
shrinkage=0.03


Tree=48
num_leaves=31
num_cat=0
split_feature=10 12 0 10 12 17 0 2 15 0 1 14 0 0 3 12 15 12 8 17 3 15 7 13 0 5 17 13 14 10
split_gain=61.0729 20.3281 13.866 13.7176 13.656 9.17958 7.20084 7.76602 6.98866 6.65586 7.47543 6.88796 8.65746 7.31809 8.12501 10.0218 8.04001 9.01526 7.23819 6.64771 9.67485 12.5417 13.3706 9.17379 6.5793 6.50042 8.3131 6.48904 9.63493 6.41288
threshold=3.3289643620784046 0.92726135714451496 0.44272066194646792 4.9411512462865899 1.6888148325301844 -44.058325472366484 3.3323169266206834 -1.2418581805552384 0.48158300869986614 -3.389535497145638 1.267465932506129 65.192305245847791 2.8218740847256947 -0.61302517544315716 13.638832952327864 0.74249211182106267 0.73567249128257461 0.92122241073102229 2.656196586239473 -4.5376257591047757 6.4507846147319094 0.88178596766246986 5.5324046943683873 2.5722071872601218 -1.9594554500858938 8.4128421453145013 -9.0954496715023776 0.82244546876565017 221.93631606866006 4.4209610352166093
decision_type=2 2 2 2 2 2 2 2 2 2 2 2 2 2 2 2 2 2 2 2 2 2 2 2 2 2 2 2 2 2
left_child=1 -1 -3 4 6 -4 9 -8 -7 10 -2 12 -11 24 15 18 -16 -18 -15 20 25 22 23 -22 -13 26 -6 -17 -29 -21
right_child=3 2 5 -5 19 8 7 -9 -10 11 -12 13 -14 14 16 27 17 -19 -20 29 21 -23 -24 -25 -26 -27 -28 28 -30 -31
leaf_value=-0.015688300372809359 0.0087975941173800334 -0.012285925935748513 0.023488778622329856 0.0064079157916859669 0.0088975477782581892 0.012722428764309615 -0.021773683280269084 0.0089093115185605778 -0.003486191457883489 0.00034989506925637101 -0.04896869851809825 -0.0050799394936478113 -0.042362663135252027 -0.0016847543171174203 -0.04251117394248078 0.017876586947993666 0.016390580196290652 -0.053695064773526556 -0.020674662145205726 0.016329048434704459 -0.034032423124939253 0.012173175279386435 0.021151774372405067 0.0052865464471067583 -0.022157231778281741 0.037329026425972862 -0.020486336287960705 0.0056982231728037059 -0.028163798029405683 -0.0017325428339904647
leaf_weight=224.96340900367068 54.151166765135713 106.88485901082458 15.370302523515418 631.40953670471208 90.147182823275216 28.858024807705078 8.173822431592269 80.944774290546775 140.51336495247961 222.43696929066209 2.0941526996903113 35.11281929037068 4.3545318879478137 42.836612888670061 9.3080792100518028 26.2457989002869 6.2460917248390597 2.2457136039156467 31.237709526991239 79.591368185705505 24.659963621874343 19.646861494635232 6.7013079449534407 6.816887821070849 48.142932683782419 6.371029842644929 9.5869089723273628 41.226178422715748 9.2614049214462266 22.749160128645599
leaf_count=35831 1410 12926 233 7020 1563 1820 343 1338 9795 9759 106 1798 279 2889 488 893 104 105 2131 708 711 161 36 59 3641 26 323 1817 731 194
internal_value=-1.27847e-10 -0.00891259 -0.00368575 0.00302567 0.000626916 0.00129 -0.00180014 0.00609511 -0.000724516 -0.00311555 0.00664681 -0.0042627 -0.000470211 -0.00767767 -0.00408426 -0.00182175 -0.0232532 -0.00214403 -0.00969294 0.00631485 0.00256952 -0.00730292 -0.0173255 -0.0255172 -0.0149549 0.00794978 0.00607303 0.00577669 -0.000513401 0.0123142
internal_weight=2038.29 516.59 291.627 1521.7 890.289 184.742 624.019 89.1186 169.371 534.9 56.2453 478.655 226.792 251.863 168.608 150.808 17.7999 8.49181 74.0743 266.271 163.93 57.825 38.1782 31.4769 83.2558 106.105 99.7341 76.7334 50.4876 102.341
internal_count=99238 60605 24774 38633 31613 11848 27832 1681 11615 26151 1516 24635 10038 14597 9158 8461 697 209 5020 3781 2879 967 806 770 5439 1912 1886 3441 2548 902
is_linear=0
shrinkage=0.03


Tree=49
num_leaves=31
num_cat=0
split_feature=10 12 9 13 17 5 3 4 12 3 11 9 15 6 11 7 7 13 12 17 18 17 4 15 10 14 17 3 4 15
split_gain=57.9369 19.4261 12.6195 12.0667 9.10122 9.59135 14.4508 11.6196 11.5627 10.3233 10.203 13.5289 8.78147 11.3742 10.7732 9.36332 10.483 8.47488 9.90418 8.15311 10.45 7.97071 7.34398 8.39126 11.8569 7.30481 9.66348 9.6037 7.39679 7.76267
threshold=3.3289643620784046 0.92726135714451496 3.9152053487530543 2.4169426162521419 -54.7886904489635 8.0518345571577026 -9.3427724632093838 -24.227008588308614 3.6369396854232625 -7.7952085494148387 1.0604945839041429 7.3839281616548353 0.36666581804952098 3.6050226653208872 1.0949385051031675 2.4044159952578807 4.5872779852199299 1.197050007347285 0.85811415780382949 -35.646384779427379 42.163177820476072 -14.902543802212287 -10.048080851980304 0.9352983113069091 5.630293180069855 52.145582622090309 -41.158969618475048 9.798136935521697 -20.80294495528052 0.76923011660109963
decision_type=2 2 2 2 2 2 2 2 2 2 2 2 2 2 2 2 2 2 2 2 2 2 2 2 2 2 2 2 2 2
left_child=1 -1 25 19 22 6 7 -6 9 21 -11 12 13 -12 -15 -16 -17 -13 -19 -3 -21 -8 -4 24 -24 26 -2 28 -28 -30
right_child=2 3 4 -5 5 -7 8 -9 -10 10 11 17 -14 14 15 16 -18 18 -20 20 -22 -23 23 -25 -26 -27 27 -29 29 -31
leaf_value=-0.015402753606652088 0.026088094059614347 0.0078619749133090455 0.022145033078416438 0.019542139081891088 -0.014551011324289756 0.0070870553473680936 -0.042170342617660589 0.011976264904661652 0.017661513294470525 0.0024690737439495556 -0.02197772065712562 0.027466989325557661 -0.018616527498909668 -0.048155507044165803 0.019475730863614288 -0.030628729841932486 0.017148508604815701 0.021392643478949598 -0.025297501094440292 -0.022574418024982345 -0.0046707890345272837 0.00070777176048665005 0.0035572119098189938 0.029711968099536436 -0.055819203404629161 -0.0051362134828032372 0.04194217984126964 0.017111706206043339 -0.0082994176930888171 0.010450794475046963
leaf_weight=221.93747376084502 15.062821686617097 36.987410297471797 45.686586409807205 18.930565817281604 16.630839096847922 462.77246968488907 10.291192117845641 139.64721133816056 26.676402397220954 223.47363241095445 20.849827727361117 14.422406974015759 71.351434618612984 3.2374750929593565 27.016091730882181 9.1731675437476969 7.5227788064512415 7.5120329713681739 8.9732421832159144 34.373332498740638 200.41957584650663 6.2845831546583204 15.273672650568193 7.2507099844515315 3.7748896945267907 229.69309580713161 3.2279180549085131 26.612255771353375 88.872226303647039 25.595089242298855
leaf_count=35831 232 1607 226 273 180 4587 512 2092 277 4549 1294 133 3585 177 601 477 118 101 208 5241 17653 196 199 16 89 12654 18 438 4871 803
internal_value=5.0251e-11 -0.00871901 0.00294669 -0.00361644 0.00455384 0.00385015 0.00132437 0.00915328 -0.00147676 -0.00272165 -0.0017448 -0.00728225 -0.0112701 -0.00353888 0.00464963 0.00856057 -0.00910149 0.0106718 -0.00402167 -0.00522952 -0.00729185 -0.0259134 0.0148749 0.00224543 -0.00820952 -0.00171212 0.00322286 0.000836189 -0.00284389 -0.00410684
internal_weight=2029.53 512.648 1516.88 290.711 1127.82 1055.83 593.062 156.278 436.784 410.108 393.532 170.058 139.151 67.7993 46.9495 43.712 16.6959 30.9077 16.4853 271.78 234.793 16.5758 71.9859 26.2993 19.0486 389.063 159.37 144.307 117.695 114.467
internal_count=99238 60605 38633 24774 19617 19087 14500 2272 12228 11951 11243 6694 6252 2667 1373 1196 595 442 309 24501 22894 708 530 304 288 19016 6362 6130 5692 5674
is_linear=0
shrinkage=0.03


Tree=50
num_leaves=31
num_cat=0
split_feature=10 2 9 0 4 12 6 1 1 11 0 2 2 0 13 4 15 1 0 0 18 15 0 0 6 6 13 1 15 15
split_gain=56.7725 18.8772 12.4997 15.7929 16.5731 12.3361 9.23912 10.0697 9.04704 8.59375 7.77456 7.72671 7.70717 9.90263 11.8761 11.0721 7.36212 7.27358 7.08538 11.7265 7.04114 7.61729 7.87698 9.46724 7.06626 8.51732 6.6872 9.51137 6.69709 7.74542
threshold=3.3289643620784046 11.484609426069495 5.8290862474013334 7.3776006052357053 -20.80294495528052 0.92726135714451496 4.4957237550981679 10.668728378950433 7.652482243835979 1.057828162404409 0.44272066194646792 -4.2489414209148419 -8.377688175513347 -1.6732885542770659 0.96293715604199948 10.229035305478599 0.099504879737659271 -0.20668283998103718 -3.8524770464041218 -0.34719308922776454 32.990505655838 0.96105965272177774 -3.5218086645601172 -4.0488156616650324 -5.1413237197443307 -2.5052695295743259 2.1374058726648961 10.668728378950433 0.87170643246585888 0.84858988628571064
decision_type=2 2 2 2 2 2 2 2 2 2 2 2 2 2 2 2 2 2 2 2 2 2 2 2 2 2 2 2 2 2
left_child=1 5 3 4 18 -1 7 8 20 12 -7 -12 -8 14 15 -14 -11 -16 -2 -20 -6 22 23 24 -22 -26 27 28 29 -18
right_child=2 -3 -4 -5 6 10 9 -9 -10 16 11 -13 13 -15 17 -17 26 -19 19 -21 21 -23 -24 -25 25 -27 -28 -29 -30 -31
leaf_value=-0.015387245479370823 0.030574236428152865 0.014562512074689168 0.0071161111344236741 0.018716179608955358 0.006993699836710208 -0.012064547839488512 0.021720987276249246 0.023750517468167157 -0.042890277052673294 0.020206315348505279 0.024149638369065144 -0.0032350229858826864 -0.0038573397806464511 0.0046383813763572774 0.018939317199969136 -0.039681282962094458 -0.0065883173565706409 -0.027159753813890741 -0.025923751282371951 0.019505320809940465 -0.022147267890454972 0.022674970241659959 -0.0087301409678049568 0.021927459043605272 0.029182456739302812 -0.015435488197837851 0.013329466370187865 -0.03878402709333223 -0.028320881600677222 0.021963733183837594
leaf_weight=217.30260637652827 21.287168857292272 29.657523439935176 448.3017852489138 44.139319274807349 42.900036599545274 104.61430643811764 20.769004697911441 11.303144505945964 5.5847818064503363 10.029756773088591 9.8933634421555308 147.89328867100994 16.300813300884332 386.50376726666582 14.788164946367035 14.827862122270743 89.124666815798264 3.8908653520047656 7.0103751170681816 18.902375511999708 13.147929254948396 8.1467957114800793 261.99650982450112 17.711988885421306 8.0290428164880705 7.3990191217744714 13.778806617425287 8.7871891716495139 11.208819092949851 9.4583909538923745
leaf_count=35746 93 447 4635 264 1172 12871 140 114 297 201 462 11079 563 9297 237 552 3109 157 189 180 448 40 15323 347 110 271 210 194 369 121
internal_value=-3.76713e-11 -0.00866466 0.00291253 0.00114643 0.000388271 -0.0101007 -0.000451624 -0.00413668 -0.00500047 0.00186107 -0.0057227 -0.00151798 0.00386587 0.00301594 -0.00957409 -0.0209218 -0.00457454 0.00933682 0.01775 0.00721505 -0.00441158 -0.00595785 -0.00671451 0.00469426 -0.00598723 0.0077845 -0.00645237 -0.00875101 -0.00634732 -0.00384894
internal_weight=2024.69 509.361 1515.33 1067.03 1022.89 479.704 975.687 376.219 364.916 599.468 262.401 157.787 457.08 436.311 49.8077 31.1287 142.388 18.679 47.1999 25.9128 359.331 316.431 308.284 46.288 28.576 15.4281 132.358 118.579 109.792 98.5831
internal_count=99238 60605 38633 33998 33734 60158 33272 18122 18008 15150 24412 11541 10946 10806 1509 1115 4204 394 462 369 17711 16539 16499 1176 829 381 4003 3793 3599 3230
is_linear=0
shrinkage=0.03


Tree=51
num_leaves=31
num_cat=0
split_feature=10 0 10 10 18 5 16 14 18 9 11 16 17 9 9 17 0 10 2 14 1 0 17 17 14 11 18 3 11 16
split_gain=53.4935 17.8892 11.4146 9.38187 9.34559 11.13 13.5377 8.46391 7.36735 7.24003 11.6245 7.82128 7.3686 7.74923 8.48374 10.8667 6.96111 6.58571 9.31587 6.42247 6.1418 6.19421 8.03192 6.12067 5.75749 10.9309 5.70498 7.24793 5.61538 11.2353
threshold=3.3289643620784046 4.1019210902327474 4.9411512462865899 2.4347774809300904 31.227826645556174 6.7534790055503242 -2.364629539971943 135.43299021226588 38.694459622459028 7.3839281616548353 1.1427247331231225 -0.68419561830247122 -42.010975804050013 4.9335327434826555 4.40393657462928 -16.39576798218668 -1.3523693269663468 3.131120429357376 2.9751855601967474 756.25402281124286 7.3576677461439148 3.6681778698672569 -9.8275484274612825 -44.058325472366484 49.144634622351084 0.88835926086124506 21.622303992098171 -0.17293851774485833 0.93216602385295688 -1.4654647560844609
decision_type=2 2 2 2 2 2 2 2 2 2 2 2 2 2 2 2 2 2 2 2 2 2 2 2 2 2 2 2 2 2
left_child=1 3 4 23 -2 6 16 26 -8 10 12 -12 24 14 19 -16 -6 18 -3 20 21 -14 -23 -1 -10 -26 -5 -28 29 -4
right_child=2 17 28 7 5 -7 8 -9 9 -11 11 -13 13 -15 15 -17 -18 -19 -20 -21 -22 22 -24 -25 25 -27 27 -29 -30 -31
leaf_value=0.019673928233649128 0.010540308937088802 -0.035347814091974523 -0.011106211411982116 0.025351087206435603 0.0040634625511650844 0.004188853010067421 -0.017090517206492965 -0.017293502655594057 0.032580949676490473 0.025797001404928428 -0.003309682721227798 -0.026196109315404843 -0.0064732186277714791 -0.038806531746535096 -0.02886111567835152 0.018442947918430999 0.027383492325372072 -0.017435416949280521 0.014147897885592215 0.025960802738763149 -0.048903993626021158 0.018059864340965581 -0.038243848059618224 -0.019199985921985654 -0.041278148448330727 0.019435156389180835 -0.012430977606929019 -0.0020384930423652807 0.0081230600355762794 0.0054551483630385107
leaf_weight=3.7684713069465934 77.978126759990118 3.6789440524298689 45.626637609559111 5.2906529286410651 70.888718941743718 304.33460643328726 42.841897323029116 69.212720321069355 9.1922970328014362 7.2184953356627366 22.293755670718383 33.835023188294144 219.78948548276094 5.5026996624656013 5.156452127324882 28.679437706188764 13.755749660369473 8.7285395616199803 49.078468581254128 5.9715371090278486 2.9032477701548478 17.742697769077498 2.6165553240571162 111.46207119540486 3.7910898969857945 9.0162887405604106 99.542521935858531 153.58475505666866 390.92453067330644 192.02184515126282
leaf_count=268 1200 190 831 116 1884 5494 2692 9911 104 105 1125 2243 13923 285 285 627 332 254 693 168 181 321 104 21079 326 214 13534 14560 3561 2628
internal_value=3.12299e-11 -0.00846064 0.002822 -0.0105659 0.000623455 -0.000336531 -0.00308442 -0.00797636 -0.00530699 -0.00395613 -0.00454216 -0.0171059 -0.00227002 -0.00354681 -0.00286087 0.011234 0.00785325 0.00670281 0.0106964 -0.004776 -0.00553117 -0.00500682 0.0108238 -0.0179287 0.0144656 0.00146352 -0.00548092 -0.00612535 0.00591224 0.0022755
internal_weight=2016.43 504.347 1512.08 442.861 883.508 805.53 501.195 327.631 416.551 373.709 366.491 56.1288 310.362 288.362 282.859 33.8359 84.6445 61.486 52.7574 249.024 243.052 240.149 20.3593 115.231 21.9997 12.8074 258.418 253.127 628.573 237.648
internal_count=99238 60605 38633 59468 31613 30413 24919 38121 22703 20011 19906 3368 16538 15894 15609 912 2216 1137 883 14697 14529 14348 425 21347 644 540 28210 28094 7020 3459
is_linear=0
shrinkage=0.03


Tree=52
num_leaves=31
num_cat=0
split_feature=10 0 15 8 15 12 17 15 15 10 18 10 15 4 18 10 18 17 13 15 1 12 7 4 8 15 11 8 8 8
split_gain=51.0898 16.8499 11.6991 12.2993 13.5251 9.57418 9.53636 9.33567 8.54154 8.47536 6.95654 6.64831 6.55543 13.5048 13.0707 10.2964 9.61475 10.8273 9.28765 8.84601 8.33018 10.6925 12.405 8.83797 10.509 14.3749 8.19624 10.3515 7.31597 23.129
threshold=3.3289643620784046 4.1019210902327474 0.96105965272177774 3.5150325938908979 0.48581936497685968 0.92726135714451496 -30.561251399369656 0.53158794164178713 0.92857095674807089 4.4764321294921663 42.163177820476072 3.9966068129964265 0.4009233445043982 14.600681779033875 31.227826645556174 3.8404469132400592 36.845342658303416 -37.90400326655579 0.38670008005226258 0.33667756287126593 10.668728378950433 1.6421630334721689 3.3213894754575928 28.317439492496145 4.8509222948214861 0.85838662360827689 1.243885662219973 13.811529858943468 8.3825030702243719 4.8987304064603352
decision_type=2 2 2 2 2 2 2 2 2 2 2 2 2 2 2 2 2 2 2 2 2 2 2 2 2 2 2 2 2 2
left_child=1 5 3 4 9 -1 -7 -6 12 -2 -8 -10 18 14 15 -14 -16 -18 -5 -20 21 22 -15 24 -24 -26 -19 -28 29 -22
right_child=2 -3 -4 8 7 6 10 -9 11 -11 -12 -13 13 20 16 -17 17 26 19 -21 28 -23 23 -25 25 -27 27 -29 -30 -31
leaf_value=-0.014939873348211579 -0.013699497514162539 0.0064148524634061862 0.014746189921387758 -0.024180352245412054 0.015842721073625405 0.0066414216327644734 -0.023120087433647171 -0.00029224958810692206 0.0014094548830169387 -0.00099669088765968051 -0.0066310763061695486 -0.048119248854491113 -0.030683929558118876 0.023811583363075654 -0.030601081679120432 0.017723514291401569 0.01129866979301636 -0.0040699127734221564 0.0054106460382181316 0.016510302571771895 0.024561135130205202 0.01784590692518602 0.0026789709443328057 0.007804149073663641 -0.04303854481866564 0.0083690558541571029 -0.02808072821644806 0.018007158706277192 0.0041504387531139698 -0.039165504755626558
leaf_weight=212.36972298970795 106.66947376413736 61.412203851446975 69.842743458459154 8.6454010998713766 41.360028744995361 43.003193982600351 26.98870645496936 146.91118182628998 4.7370718886377272 84.892866335809231 156.89228815963725 5.0282385503815021 4.4201725728344163 23.389702644315548 13.02109886574908 37.547314802126493 34.783665269380435 156.38936847963487 402.39681133138947 76.98330303284456 7.9398223473690477 83.386673671426252 27.496965482598171 55.990709034493193 14.16105352912564 7.4819802753627291 27.185473955090856 5.2297940943390122 48.486843364313245 14.462139985058455
leaf_count=35789 8482 1137 309 261 991 2647 4572 6684 159 2250 16460 165 226 258 687 299 466 4823 7821 1046 55 567 519 437 335 85 1170 43 284 211
internal_value=-5.95487e-11 -0.00830408 0.00275547 0.0021735 -0.00245794 -0.0103619 -0.00607686 0.00325233 0.00383441 -0.00807012 -0.00905121 -0.0240933 0.00409429 0.0018835 -0.00280466 0.0126251 -0.00554144 -0.00408204 0.00663735 0.00719313 0.00650173 0.00947975 0.00405162 -0.000344624 -0.00962944 -0.025267 -0.00691564 -0.020645 -0.00240044 -0.0165792
internal_weight=2009.51 500.666 1508.84 1439 379.834 439.254 226.884 188.271 1059.16 191.562 183.881 9.76531 1049.4 561.373 278.577 41.9675 236.609 223.588 488.026 479.38 282.796 211.907 128.52 105.131 49.14 21.643 188.805 32.4153 70.8888 22.402
internal_count=99238 60605 38633 38324 18407 59468 23679 7675 19917 10732 21032 324 19593 10465 7714 525 7189 6502 9128 8867 2751 2201 1634 1376 939 420 6036 1213 550 266
is_linear=0
shrinkage=0.03


Tree=53
num_leaves=31
num_cat=0
split_feature=10 0 8 16 10 10 15 15 9 12 14 13 12 0 15 6 18 0 0 1 10 18 12 6 5 9 6 8 1 8
split_gain=49.5444 16.0214 11.6123 16.0186 9.41249 9.17029 8.60173 7.95669 7.86055 9.96696 7.82284 7.19238 6.83225 6.76133 6.60297 6.35202 6.15069 5.82478 11.0682 5.80318 6.16292 5.60532 8.03687 7.68239 14.8159 10.2633 10.9065 8.98055 7.83659 7.90221
threshold=3.3289643620784046 4.1019210902327474 3.5150325938908979 2.2230543783193961 4.4764321294921663 2.4347774809300904 0.50000016228402444 0.64749388668236763 2.9675506885158183 1.5360129130500575 101.73880241703736 1.5061881706553535 0.92726135714451496 2.2759140680410219 0.71640886676620286 18.413945183198852 81.755197877237848 1.2809263576664927 -3.0517693073183372 3.3723292133131415 3.131120429357376 31.227826645556174 0.87354223932309949 4.4957237550981679 -1.7801337274615874 6.3473120202005022 -17.094740615883264 3.8833292383896736 10.668728378950433 13.811529858943468
decision_type=2 2 2 2 2 2 2 2 2 2 2 2 2 2 2 2 2 2 2 2 2 2 2 2 2 2 2 2 2 2
left_child=1 5 3 4 6 -1 -2 -8 14 -10 12 13 -7 -5 -9 -14 21 18 -18 -3 -21 22 -4 24 25 26 27 -23 29 -26
right_child=2 19 16 11 -6 10 7 8 9 -11 -12 -13 15 -15 -16 -17 17 -19 -20 20 -22 23 -24 -25 28 -27 -28 -29 -30 -31
leaf_value=-0.01760029523391056 -0.013802050895937357 -0.028159202588087167 -0.021022567798288819 -0.015289668236177729 0.0019342492921323069 -0.010239960423489621 0.0079019700212334537 -0.033057167265206251 -0.023565049919293372 0.026053553269300658 -0.014318482074204528 -0.021027879742198632 -0.00088198770737519085 0.023544662787041138 0.014684994722831156 0.036657209727220176 0.016013215851352822 0.022548282184225041 -0.030008399417056134 0.012354159741295575 -0.016970790939634217 0.019257364693510262 0.013546671881031341 0.0048522342987580751 -0.016395684016307106 0.015540481074995043 0.0019092397449785191 -0.047138327314853942 0.011035449368614659 0.030810201315126066
leaf_weight=112.58106320649676 108.07831719558453 4.1482535155955693 6.533775125804822 4.5456049945205441 148.72675339996931 98.451577456769883 44.181290459848242 3.1436797835922361 30.75211454356031 4.133171840425347 106.57106729055522 4.4430922000901765 114.62994870058901 35.920596196083352 15.278478776104746 4.2056446766073341 16.156066120602194 31.337186070159078 6.6346702706068745 50.12762807944091 7.4023895224090657 2.4331657690927369 82.206945607758826 680.49901394653716 76.030854610929964 49.179941533773672 133.03554237142089 7.4384472240926698 12.621321140322832 3.3313699900172642
leaf_count=21347 8716 216 202 217 3562 14046 2164 328 2302 77 15115 55 8919 256 809 41 97 135 122 719 202 27 757 10097 3609 500 4247 181 153 20
internal_value=1.70174e-12 -0.00820212 0.00271174 -0.00167496 -0.00381451 -0.0102247 -0.00797371 -0.00151227 -0.0093148 -0.0176863 -0.00766079 0.0152042 -0.00439545 0.0191824 0.00653795 0.000446541 0.00429303 0.0141556 0.00261574 0.00610991 0.00858092 0.00378621 0.0110014 0.00312241 -0.00102143 0.00371965 -0.000348358 -0.030773 -0.0109221 -0.0144141
internal_weight=2004.76 498.118 1506.64 399.203 354.294 436.439 205.567 97.4887 53.3074 34.8853 323.858 44.9093 217.287 40.4662 18.4222 118.836 1107.44 54.1279 22.7907 61.6783 57.53 1053.31 88.7407 964.57 284.071 192.087 142.907 9.87161 91.9835 79.3622
internal_count=99238 60605 38633 18486 17958 59468 14396 5680 3516 2379 38121 528 23006 473 1137 8960 20147 354 219 1137 921 19793 959 18834 8737 4955 4455 208 3782 3629
is_linear=0
shrinkage=0.03


Tree=54
num_leaves=31
num_cat=0
split_feature=10 0 9 10 18 17 0 16 14 8 14 6 13 3 18 6 18 9 16 13 7 7 6 8 13 13 10 0 0 17
split_gain=47.7528 14.5932 10.7753 8.89106 7.5816 7.75298 7.41641 7.39277 7.20751 6.84397 6.73515 11.6241 12.9442 10.7422 12.0695 9.09287 11.6192 7.35022 11.3313 7.26741 11.5233 10.2035 6.6122 6.46505 9.33942 6.7801 6.30155 6.17072 11.547 6.47401
threshold=3.3289643620784046 4.1019210902327474 3.9152053487530543 2.4347774809300904 81.755197877237848 -59.403588857471597 4.1019210902327474 3.5854798046640979 135.43299021226588 1.2347856593571167 36.463497932976402 20.26486809438941 0.40152310267348917 18.653788412539608 69.41296983460002 -19.084800283809027 33.357938631077651 5.8290862474013334 3.5854798046640979 1.1564852553189737 -0.43219467738520029 0.50146105786400563 10.673977790766402 3.2204595932373152 0.89263232246454738 0.86564498523066324 5.7605423068383379 1.2809263576664927 -3.0517693073183372 -1.8624261468965944
decision_type=2 2 2 2 2 2 2 2 2 2 2 2 2 2 2 2 2 2 2 2 2 2 2 2 2 2 2 2 2 2
left_child=1 3 6 -1 5 -4 7 26 -5 -10 11 13 -13 14 15 -7 -17 19 -19 20 23 -21 -22 -18 25 -25 -2 28 -6 -30
right_child=2 -3 4 8 27 10 -8 -9 9 -11 -12 12 -14 -15 -16 16 17 18 -20 21 22 -23 -24 24 -26 -27 -28 -29 29 -31
leaf_value=-0.017328738538710971 -0.003643518528162222 0.0056808948175737046 0.014958271790281506 -0.005202215243286467 0.016453993461556703 -0.035323716938140376 0.01023297339038636 -0.058093278881961571 0.028496249716702813 -0.01833455170168535 0.004116530967270062 0.03089878586498775 -0.042541048425295533 0.030905504430332617 -0.054301673065405259 0.0226695847169858 0.025622828410560801 -0.044349972709185184 0.011377638822547947 -0.016368763707162403 -0.014157874186138413 0.016723040276786529 -0.053181324759673861 -0.0076512465692109739 -0.042929326124686439 0.036172248530493868 0.015625954921157904 0.022892117763134115 -0.058095919066365763 0.0017157567909316096
leaf_weight=111.19962788301928 327.24900676032121 60.795280034537427 51.366450261790305 255.90183613018598 15.93131520599127 6.500881426036357 42.16652999969665 2.1856686519458881 2.9379335492412784 63.792750893713674 835.68577628361527 2.6667313454672685 11.367158962879328 9.4585082679986936 3.8779726219363502 19.129325849935412 10.141249657026487 8.5825569825246912 5.3189773987978688 10.955276156833859 23.263211975223395 35.755830752488691 4.6968347022775552 9.1055648240144382 4.2965423570130943 4.8803041819483033 16.021690975059755 34.149098036810756 3.5718993612099448 2.9938356168568117
leaf_count=21347 18129 1137 352 28210 93 104 572 113 275 9636 14652 9 203 40 178 265 225 368 42 516 904 596 164 325 255 44 202 133 100 49
internal_value=-6.51763e-11 -0.00808432 0.00266348 -0.0100133 0.00416289 0.00358989 -0.00164456 -0.00309433 -0.00749195 -0.0162727 0.00300924 -0.0024341 -0.028586 -8.09024e-05 -0.00208142 -0.000661569 0.000993772 -0.0025503 -0.0230276 0.000210901 -0.0070389 0.00896193 -0.0207132 0.00641235 -0.0042437 0.00764076 -0.00274414 0.0148554 0.00265624 -0.0308231
internal_weight=1995.95 494.627 1501.32 433.832 1113.7 1057.05 387.623 345.456 322.633 66.7307 1005.68 169.997 14.0339 155.963 146.505 142.627 136.126 116.996 13.9015 103.095 56.3837 46.7111 27.96 28.4237 18.2824 13.9859 343.271 56.6461 22.4971 6.56573
internal_count=99238 60605 38633 59468 19617 19242 19016 18444 38121 9911 18890 4238 212 4026 3986 3808 3704 3439 410 3029 1917 1112 1068 849 624 369 18331 375 242 149
is_linear=0
shrinkage=0.03


Tree=55
num_leaves=31
num_cat=0
split_feature=10 2 8 16 8 11 0 5 18 0 7 13 18 2 10 0 17 3 11 11 16 5 17 6 5 1 2 8 10 3
split_gain=46.0354 15.5552 10.2558 15.255 8.39933 7.76088 7.77475 9.38717 7.54246 7.20429 6.82983 9.48189 6.7332 7.35409 6.68322 7.86661 11.26 8.30515 6.83915 7.75165 8.39901 6.65285 6.5385 8.00827 11.7932 11.707 8.6655 8.08833 7.94429 6.839
threshold=3.3289643620784046 11.484609426069495 3.5342724353551849 2.2230543783193961 2.4071137916424354 0.74833335749394758 -0.94745570240128363 -2.3432365990362594 44.506000878482489 1.7617339689968425 0.71048914863393053 0.52603940552985418 81.755197877237848 -12.365777054650438 4.0318054013092022 1.7617339689968425 -3.5702899083334416 8.3922581848200455 0.88402468747587315 0.956172883655379 0.2253101492430799 -0.2837216541439655 -67.752189672368871 4.4957237550981679 -0.73272427818478592 10.668728378950433 20.953804024279613 7.0770996203445993 3.7614263421292935 -0.97739535544243961
decision_type=2 2 2 2 2 2 2 2 2 2 2 2 2 2 2 2 2 2 2 2 2 2 2 2 2 2 2 2 2 2
left_child=1 4 3 5 21 6 7 8 -2 -8 -5 -12 13 -4 -7 16 17 18 -16 20 -20 -1 -15 24 28 29 -25 -28 -24 -26
right_child=2 -3 12 10 -6 14 9 -9 -10 -11 11 -13 -14 22 15 -17 -18 -19 19 -21 -22 -23 23 26 25 -27 27 -29 -30 -31
leaf_value=-0.021975452559911939 -0.036924975545513938 0.013372982182444789 0.012765994025188802 0.026692814796210825 -0.006184136464203651 -0.012140908441540752 0.0087154543507195412 -0.035066885239247343 0.019510579406356116 -0.030016723369153286 0.030015129966021788 -0.011715990771383461 0.014511905634991771 0.018550318032899346 -0.020887759031940643 0.013414306049981152 -0.037586937085583652 0.0096087056077049423 0.021879093301043723 -0.011282270924505584 -0.036726849728300953 -0.0098792514007652217 -0.013601063077523453 0.0050499568056922807 -0.047487510982262351 0.014610869957867581 0.006781062398857036 -0.025024148015629851 0.0039468502763443797 -0.014417235339027052
leaf_weight=66.614480398377054 2.8563288765726638 28.913293862045975 73.004512357641943 22.597546830307692 289.29471410400583 107.03887164166372 86.883335434249602 9.7161400860350096 8.3968806379707512 4.5483064552245187 7.5844353931024697 13.846067671431227 53.336980783380568 23.422945721074939 25.600437497982057 24.09662665403448 9.0335947468120121 33.713207199092722 15.710969172767365 28.979431730578654 2.5593544135335824 106.098002770319 26.501193010539282 633.4016950497753 6.3215038033085866 11.924705610843374 12.461474059149625 17.031580063514411 187.48736179797561 51.306813022179995
leaf_count=14031 224 447 542 265 27985 8726 3433 728 209 286 38 233 352 128 1277 469 456 664 333 1205 136 18142 1853 9701 456 141 77 144 4142 2415
internal_value=1.94308e-10 -0.00797366 0.00261073 -0.00148053 -0.00930957 -0.0035238 0.00301017 -0.0134652 0.00518591 0.00678871 0.0151862 0.003053 0.00411542 0.0035837 -0.0065004 -0.00217841 -0.00542877 -0.00270266 -0.00840004 -0.00163406 0.0136694 -0.0145447 0.00289251 0.00250501 -0.00171447 -0.0124461 0.00430981 -0.0115857 0.00177365 -0.0180449
internal_weight=1990.28 490.92 1499.36 403.162 462.007 359.133 112.401 20.9693 11.2532 91.4316 44.028 21.4305 1096.2 1042.86 246.732 139.694 115.597 106.563 72.8502 47.2498 18.2703 172.712 969.859 946.436 283.542 69.553 662.895 29.4931 213.989 57.6283
internal_count=99238 60605 38633 18682 60158 18146 4880 1161 433 3719 536 271 19951 19599 13266 4540 4071 3615 2951 1674 469 32173 19057 18929 9007 3012 9922 221 5995 2871
is_linear=0
shrinkage=0.03


Tree=56
num_leaves=31
num_cat=0
split_feature=10 12 0 2 3 15 10 17 17 1 18 3 2 1 6 18 2 8 18 6 10 8 1 7 8 14 12 1 15 0
split_gain=44.548 14.2933 10.8921 9.64454 11.0471 10.1226 9.88473 9.61288 10.7811 9.17808 8.01514 8.38915 9.03367 8.01464 10.3767 10.2856 13.1962 11.8406 11.023 10.3228 9.56746 9.36362 10.4466 11.2947 8.68163 7.92854 7.80712 8.049 11.3418 25.1382
threshold=3.3289643620784046 0.92726135714451496 0.44272066194646792 9.7444500916364483 -11.088507789030304 0.96105965272177774 4.3894438969264309 -1.0164294987258724 -9.1970198159516041 8.7675114108531478 80.202575314077549 15.17438718140142 -2.0559358728835293 -4.0649352606138214 -15.746440968775449 66.158941732160613 3.9666021887055152 3.6656361456322588 63.804229755221066 19.020710223289026 4.8500300936982415 13.811529858943468 -1.8194662315204333 4.4354231376119939 3.136669521160949 300.11196189140094 0.71412148116652452 9.8884046061766941 0.70045851591062436 -0.92553209003257897
decision_type=2 2 2 2 2 2 2 2 2 2 2 2 2 2 2 2 2 2 2 2 2 2 2 2 2 2 2 2 2 2
left_child=1 -1 -3 4 -2 6 7 8 -6 10 11 13 -13 14 -8 18 -17 -18 19 21 -21 22 -15 -24 -22 26 -5 -28 29 -29
right_child=3 2 -4 25 5 -7 9 -9 -10 -11 -12 12 -14 15 -16 16 17 -19 -20 20 24 -23 23 -25 -26 -27 27 28 -30 -31
leaf_value=-0.013844453642045312 0.0085442309333008861 -0.011313245716776324 0.00098611789821168613 0.016516906436286675 -0.0074561357738912601 0.016218983469144452 -0.039396866999487717 -0.037199859712928648 0.0020676943757024515 0.016498022889219126 -0.036948328298537864 -0.025541229957108467 0.013333041444248192 -0.016970783410058227 0.0088532869271575471 -0.045258712425141963 0.019266777777345364 -0.02673828487734339 0.015442655397914713 0.020387504986994185 0.0025010324417830683 0.032020044212316461 -0.0019208573266020976 0.023560336551030264 -0.050634098595031041 0.013643901548446115 0.0067978631066030349 0.010047146080909175 0.0015914484825999122 -0.050989107450798911
leaf_weight=207.326222552525 162.05324637703598 101.47478122016764 179.31088526079839 36.421067984192632 238.99984408252931 33.882665732584428 4.1766845079837358 7.6128409472585181 193.65283087085118 38.062715786509216 4.906073364429175 5.8033994105644515 73.74145656535984 36.749753652082291 101.41230755980359 11.080697159748526 9.7442057146690804 10.418591264984569 33.083012285176665 3.3267169981263605 3.7983370479196301 7.3436774518340817 155.83404660684755 17.404505651444197 10.196789585985242 110.31832640594803 105.47103260853328 11.266247739782559 56.731271454831585 13.174647317267953
leaf_count=35831 2251 12926 11848 410 14752 166 115 451 7824 337 110 130 651 1268 1497 413 119 224 403 33 50 22 4117 136 241 825 1267 77 468 276
internal_value=5.24349e-11 -0.00787013 -0.00345882 0.00256671 0.00127748 0.000101332 -0.00046321 -0.00378135 -0.00319332 0.00230839 0.00120394 0.00159058 0.0104969 -0.000160538 0.0069447 -0.00266985 -0.0189586 -0.00450512 -0.000769034 -0.00305466 -0.0253427 -0.00127826 -0.00244276 0.000639125 -0.036213 0.00706524 0.00381171 0.00133245 -0.00576903 -0.0228539
internal_weight=1984.78 488.112 280.786 1496.67 1163.28 1001.23 967.348 440.266 432.653 527.083 489.02 484.114 79.5449 404.569 105.589 298.98 31.2435 20.1628 267.737 234.654 17.3218 217.332 209.988 173.239 13.9951 333.383 223.064 186.643 81.1722 24.4409
internal_count=99238 60605 24774 38633 35310 33059 32893 23027 22576 9866 9529 9419 781 8638 1612 7026 756 343 6270 5867 324 5543 5521 4253 291 3323 2498 2088 821 353
is_linear=0
shrinkage=0.03


Tree=57
num_leaves=31
num_cat=0
split_feature=10 2 11 5 13 11 5 18 16 11 8 17 10 16 10 5 8 16 14 10 16 11 11 15 10 11 6 15 17 16
split_gain=43.1087 13.7499 8.82457 13.5439 10.1275 11.8574 12.5082 12.8782 12.2264 13.897 9.19963 8.9581 8.93831 8.1141 7.71449 7.62372 16.1644 11.0069 8.0469 7.57875 10.6644 9.34187 8.01115 7.67227 7.29216 7.28301 7.49559 7.21259 10.7073 24.884
threshold=3.3289643620784046 11.484609426069495 1.5206558573594704 -15.18812089508878 2.4169426162521419 1.3532772280344736 8.4128421453145013 67.549573166410866 -0.80483499524826241 0.94969743937208928 7.4766221143039351 -3.8647058577413138 3.4627195132568915 1.0563862722365918 2.4245409578198971 10.720218325355413 4.9971122894629945 0.68526372411925507 24.663141219050143 4.5711396015147656 -3.7795058596661422 1.1427247331231225 1.171940777632541 0.49999805232996347 6.5369096556467978 1.3162015037527997 7.3610089673916956 0.9142867730600549 -5.8074708558801982 1.0000000180025095e-35
decision_type=2 2 2 2 2 2 2 2 2 2 2 2 2 2 2 2 2 2 2 2 2 2 2 2 2 2 2 2 2 2
left_child=1 14 3 -2 5 6 7 19 9 -8 24 -9 -10 15 -1 -14 17 18 -17 20 -5 23 -23 -22 -11 26 -6 28 29 -4
right_child=2 -3 27 4 25 -7 8 11 12 10 -12 -13 13 -15 -16 16 -18 -19 -20 -21 21 22 -24 -25 -26 -27 -28 -29 -30 -31
leaf_value=-0.015920217431833927 0.017894162318352572 0.012273289356105192 0.011536961813637264 0.018308051010506695 0.015385184123751545 -0.010911604492118776 -0.045670823837623976 -0.041214856665081567 -0.033232469847702818 -0.0055337278548161289 -0.052601615770960612 -0.0077707444059477914 0.024235803748213294 0.0053535395112678918 -0.0068271843857377803 0.02887082533389768 0.022983926821741107 0.014719061756112976 -0.034081433129725773 0.0032059835029567755 -0.0065217940824722244 -0.041974516603578226 -0.010328695206112726 0.002621987780026919 0.025931943792716572 0.025825995806915105 -0.042672761084614236 0.028176424077124802 0.016283058769282634 -0.025204868409463763
leaf_weight=110.89785361448594 45.155639683827758 28.984519029676449 50.515163470350672 20.701550095283892 5.3557263785041851 73.880276778538246 7.6295536044053724 10.965444310189921 4.6390694904257535 22.888889776921133 2.8557846751064053 21.0359141373483 48.694068308454007 212.66237114433898 345.84222885318741 2.1176213799044517 29.825432508252561 10.180744673241859 13.337132653046863 383.8606925427739 162.44362170642125 8.4850486811774299 47.520774599426659 168.00001337331196 9.3308785790577513 24.62210791814141 3.1954576761345379 16.33372724801302 62.354299825849012 24.702301834186073
leaf_count=21071 259 447 624 329 87 1818 296 615 231 511 57 899 564 1951 39087 20 171 115 406 6848 10436 656 2531 7884 39 155 67 67 422 575
internal_value=-1.09196e-11 -0.00776348 0.00252524 0.00174348 0.00117999 0.000749563 0.00147526 -0.000573091 0.00610458 -0.00897691 -0.000995336 -0.0192306 0.00810814 0.00871348 -0.009035 0.0155738 0.00796859 -0.00950089 -0.0254557 0.00018172 -0.00266955 -0.00379329 -0.0151231 -0.00187303 0.00357876 0.0175421 -0.00631026 0.00932857 0.00709079 -0.000529488
internal_weight=1979.01 485.725 1493.29 1339.38 1294.23 1261.05 1187.17 823.013 364.162 42.7051 35.0756 32.0014 321.456 316.817 456.74 104.155 55.4609 25.6355 15.4548 791.012 407.151 386.449 56.0058 330.444 32.2198 33.1733 8.55118 153.905 137.572 75.2175
internal_count=99238 60605 38633 36945 36686 36377 34559 30198 4361 903 607 1514 3458 3227 60158 1276 712 541 426 28684 21836 21507 3187 18320 550 309 154 1688 1621 1199
is_linear=0
shrinkage=0.03


Tree=58
num_leaves=31
num_cat=0
split_feature=10 12 12 10 13 11 1 11 8 1 6 16 14 13 6 15 4 4 13 11 15 14 8 15 8 8 14 9 13 2
split_gain=42.4502 13.0849 9.02201 11.7261 8.83529 8.67559 8.52261 10.8291 8.42245 7.3119 8.02649 11.9597 9.67786 12.07 9.27715 8.79228 8.4377 10.2402 12.7254 8.79913 6.94243 6.6584 8.83174 6.54772 8.47449 6.54016 6.51031 11.5282 8.2509 9.04627
threshold=3.3289643620784046 0.92726135714451496 1.0509359902509401 4.4764321294921663 2.4169426162521419 1.5206558573594704 4.4522261440123172 0.9756346655311553 2.0267211161148686 1.5862154257159202 7.5902484936038617 2.2230543783193961 102.54756923314623 1.3653976567302697 6.5068667356035439 0.10460245703410839 5.0548087242208171 14.88047051471162 1.1916181262934253 1.0631666040766838 0.22024194124708671 40.222347746287085 3.7609285410184086 0.89176761872120935 4.0462470122321594 7.4766221143039351 300.11196189140094 4.0882582987947336 0.96293715604199948 9.064079664373617
decision_type=2 2 2 2 2 2 2 2 2 2 2 2 2 2 2 2 2 2 2 2 2 2 2 2 2 2 2 2 2 2
left_child=1 -1 3 -2 -3 6 9 -8 -9 10 14 12 21 16 15 -5 -14 -18 19 -19 -11 22 -12 24 -10 -17 -4 -28 -29 -30
right_child=2 4 26 5 -6 -7 7 8 23 20 11 -13 13 -15 -16 25 17 18 -20 -21 -22 -23 -24 -25 -26 -27 27 28 29 -31
leaf_value=-0.013478065574310236 -0.0041740896552287963 -0.0049050105556332482 0.0034203327733017324 -0.040652951227276274 0.016692498827578707 0.019326295484588488 0.017812611587916052 0.037250227355935882 -0.047533796743945395 -0.035038213948356864 0.019912697457674704 -0.034351342480428315 -0.027931541496454011 -0.043147463814388096 -0.05027723988785375 0.00072564874431255806 0.020587057290681488 -0.0035331468032945997 0.029802399880467529 -0.051263000475134331 -0.0054081478718194858 0.022806971416571786 -0.024042932174155582 0.015930869382060286 -0.0058469467553227527 -0.039995562452328347 -0.019627329637671349 0.025422941094337254 -0.0033599573720287735 0.014586150711056555
leaf_weight=204.76256763597485 315.21513686986873 261.26855850042193 539.38179478692473 5.171297432971186 18.237272238300648 28.521854576189071 61.388931581517681 4.2763651274144641 5.5789256892167058 8.2530508589697984 9.4315741083119082 6.2922015301883212 6.7507880004122844 5.0655056477407916 3.7644724047277114 106.68193032083218 31.441973209613934 42.412951006612275 10.051035679411141 3.7865229737944892 51.695879249862628 46.549550424213521 7.2967041744850567 8.2381521780043823 20.575981327332556 3.671859571710228 10.778707173609289 34.230219165794551 37.845450948050711 76.136947801918723
leaf_count=35831 18697 24501 9942 261 273 253 638 11 229 301 102 151 204 135 174 2480 375 645 49 104 1149 461 173 52 314 121 374 189 590 459
internal_value=-1.78439e-10 -0.00771659 0.00250717 0.000315581 -0.00349581 0.00328312 0.00226259 0.00997957 -0.00245563 4.57932e-05 0.00202762 0.00623166 0.00780032 0.00196726 -0.00393111 -0.00242089 0.004387 0.00687497 -0.000789588 -0.0074451 -0.00948726 0.0169732 0.000739701 -0.00739257 -0.0147389 -0.000629289 0.00499293 0.010328 0.0125065 0.00862752
internal_weight=1974.75 484.268 1490.49 792.113 279.506 476.898 448.376 100.058 38.6694 348.317 288.368 169.079 162.787 99.5088 119.29 115.525 94.4433 87.6925 56.2505 46.1995 59.9489 63.2778 16.7283 34.3931 26.1549 110.354 698.373 158.991 148.213 113.982
internal_count=99238 60605 38633 27079 24774 8382 8129 1244 606 6885 5435 2399 2248 1512 3036 2862 1377 1173 798 749 1450 736 275 595 543 2601 11554 1612 1238 1049
is_linear=0
shrinkage=0.03


Tree=59
num_leaves=31
num_cat=0
split_feature=10 12 17 18 15 10 5 1 15 15 6 14 18 16 14 10 17 17 12 4 17 7 15 18 8 18 12 14 14 8
split_gain=40.7784 12.6438 9.64653 9.39491 8.79735 9.22267 13.2625 12.4159 9.9038 6.53731 6.27559 11.0315 9.30629 9.35505 9.14083 7.28423 6.72726 7.37442 7.09459 9.54137 7.829 6.18147 5.85854 6.68006 6.29776 5.77572 5.73187 5.61354 5.43503 5.88002
threshold=3.3289643620784046 0.92726135714451496 -35.646384779427379 42.163177820476072 0.96105965272177774 4.3894438969264309 18.930767825942063 -8.94460775392856 0.92857095674807089 0.27304706750358332 1.2201493529668368 13.071684843588868 31.227826645556174 -1.0148654895603897 23.233881537538561 4.3365052061469234 -27.020024364784639 -44.058325472366484 1.6888148325301844 26.529317525086388 -0.92083297984973267 5.0781632702433974 0.38950115213294195 70.336763887809553 2.9792028321466208 45.097215976903279 1.57786008653929 201.79943079885436 28.192436806250004 5.1549731567656343
decision_type=2 2 2 2 2 2 2 2 2 2 2 2 2 2 2 2 2 2 2 2 2 2 2 2 2 2 2 2 2 2
left_child=1 21 -3 -4 5 6 7 -2 -7 -5 12 -12 13 -9 -13 16 17 -16 20 -20 26 -1 23 24 25 -11 28 -15 -18 -30
right_child=4 2 3 9 -6 8 -8 10 -10 22 11 14 -14 27 15 -17 18 -19 19 -21 -22 -23 -24 -25 -26 -27 -28 -29 29 -31
leaf_value=-0.014060477614340284 0.015977882373929723 0.0099501210313057212 -0.020681320073100688 -0.014551231977730283 0.013133579604279959 0.004187901370108299 0.022159473805670297 0.02166735754793065 -0.047952265248132973 0.05739525457293599 0.018684249661019028 -0.020740238983621498 -0.011197103367962587 -0.002471914682512638 0.0071575560704662776 -0.027073659918627438 0.01659302365020271 -0.036476720627218649 0.009563353908228189 -0.042589150927588838 -0.039193990265189597 0.022537689897897183 -0.0031486641893618736 -0.044448532989876277 0.027738126559299938 -0.017555844742952062 -0.037815754191555272 -0.051714750633377299 -0.0047916578926915695 0.0095757010337360893
leaf_weight=198.44851533496694 33.306604170938954 41.222737520642113 32.784282929322217 38.318073977105087 66.286546695977449 831.54043378680944 21.593199303839356 17.523203834221931 3.2916616301517925 1.0906881754926931 24.833334353694227 21.979699425457511 138.09755250372109 20.542400104866832 5.6654249195707953 9.1599579940375389 15.359929839149116 9.06119198745 92.18683159747161 3.2691664118319741 5.0243911421857765 4.2423007988836607 141.57074488066428 1.7100099363306061 15.59965842857491 6.1029992715048138 3.7780253231176166 2.3186666141264132 134.73632925456332 31.661431574437302
leaf_count=35673 389 1635 5300 4808 309 12574 100 206 101 115 573 1127 10310 588 149 437 515 582 1386 73 360 158 11012 217 679 1008 193 94 7772 795
internal_value=8.99718e-11 -0.00759463 -0.0034448 -0.00577292 0.00245015 0.00195316 -0.000917555 -0.00179408 0.00398232 -0.00338163 -0.00290007 -0.000602189 -0.00749264 0.00517511 -0.00204531 -0.000719382 8.3311e-05 -0.0196903 0.00110143 0.00777724 -0.00224264 -0.0132945 -0.000804483 0.0127393 0.0170296 -0.00619195 -0.00124198 -0.00746633 -0.000481753 -0.0020579
internal_weight=1972.31 481.09 278.399 237.176 1491.22 1424.93 590.097 568.504 834.832 204.392 535.198 356.716 178.482 40.3843 331.882 309.903 300.743 14.7266 286.016 95.456 190.56 202.691 166.074 24.5034 22.7933 7.19369 185.536 22.8611 181.758 166.398
internal_count=99238 60605 24774 23139 38633 38324 25649 25549 12675 17839 25160 13962 11198 888 13389 12262 11825 731 11094 1459 9635 35831 13031 2019 1802 1123 9275 682 9082 8567
is_linear=0
shrinkage=0.03


Tree=60
num_leaves=31
num_cat=0
split_feature=10 2 17 10 4 6 16 4 5 11 6 17 6 17 0 2 7 17 1 10 11 10 0 15 4 15 0 16 18 18
split_gain=38.1836 11.9942 8.18794 9.84458 8.11961 9.30687 8.317 7.99659 9.00202 7.80221 7.74544 14.9299 10.3011 9.30888 14.2322 10.579 8.68389 11.0461 10.8587 7.5992 7.5501 7.2806 7.24482 6.61635 7.16936 6.61828 10.3931 13.3151 11.1926 10.0134
threshold=3.3289643620784046 11.484609426069495 -59.403588857471597 5.0939213037871935 -17.799580817619297 3.7741168536690179 -1.0520099450216354 -24.227008588308614 -12.89569149678773 1.5421317382769348 13.029443947188627 -6.0123109757940787 17.356436125343269 -12.511344381877764 1.0000000180025095e-35 15.216048403382223 4.8842968460353973 -2.2591847700334848 6.2465418501747925 2.4245409578198971 1.5206558573594704 3.9966068129964265 -3.1534909473492072 0.13320001603963971 -3.6269549594492796 0.57529815662134409 0.41097465206302747 0.21110606275025168 41.993103708885961 49.870549621176217
decision_type=2 2 2 2 2 2 2 2 2 2 2 2 2 2 2 2 2 2 2 2 2 2 2 2 2 2 2 2 2 2
left_child=1 19 -2 4 9 6 -6 -5 -9 -4 11 23 22 14 -14 -16 17 18 -15 -1 -8 -22 -12 24 -10 26 27 28 -25 -30
right_child=2 -3 3 7 5 -7 20 8 10 -11 12 -13 13 16 15 -17 -18 -19 -20 -21 21 -23 -24 25 -26 -27 -28 -29 29 -31
leaf_value=-0.015534494449481942 0.013035974913634757 0.011458196126489354 0.014160571388320203 -0.022844609124346521 0.0015227457818965233 0.0015737615247279322 -0.010518182232143021 0.027096630261865918 -0.055914509739306846 -0.023884366633124772 -0.017897639717072509 -0.054618494574125397 0.0084999891018541756 -0.019825142043856665 -0.046019516011746558 0.0059167797491968301 0.010164286566457202 -0.041233669340974846 0.013177241783722685 -0.0063912802760432508 -0.031944836555647574 0.024571384894098831 0.019513654209892678 -0.038068513274603234 -0.0054685247622087109 -0.0064508215152368599 0.020707396667353769 -0.054281237293895848 0.020541478591037606 -0.0041897706104547065
leaf_weight=107.64226438295736 62.053351408801973 28.581681605894119 54.062929291569162 8.9868067125789803 110.12366776817362 552.5849705345463 173.5900266681565 17.106622501276433 3.5455476320348671 5.3296510362997642 4.9750474616885176 4.4353018901310852 18.269633031450212 13.984636995010076 11.395028728991749 5.1138084735721341 166.95271062711254 6.3785509727895251 25.037099612876773 340.91964959475445 2.5620497569907448 10.293880456069017 73.264286527875811 5.3129286197945467 8.9007572018308547 46.541220775048714 34.139912442537025 3.7810939475893965 27.701989932451397 31.476220446173102
leaf_count=21071 561 447 818 125 4704 15163 11300 73 138 74 72 169 164 247 236 33 1210 91 137 39087 176 166 527 121 189 874 326 135 271 533
internal_value=3.73334e-10 -0.00738475 0.00236816 0.00190389 2.29301e-05 -0.000727116 -0.00501424 0.00520749 0.00570344 0.0107466 0.0049584 -0.000318314 0.00764784 0.00464438 -0.00974295 -0.0299316 0.00700069 -0.00463298 0.00134982 -0.00858539 -0.00887528 0.0133083 0.0171348 0.00117387 -0.0198389 0.00292967 0.00719263 0.000434495 0.00364246 0.00738721
internal_weight=1965.04 477.144 1487.9 1425.85 908.547 849.155 296.57 517.299 508.312 59.3926 491.206 165.835 325.371 247.131 34.7785 16.5088 212.353 45.4003 39.0217 448.562 186.446 12.8559 78.2393 161.4 12.4463 148.953 102.412 68.2722 64.4911 59.1782
internal_count=99238 60605 38633 38072 32401 31509 16346 5671 5546 892 5473 2756 2717 2118 433 269 1685 475 384 60158 11642 342 599 2587 327 2260 1386 1060 925 804
is_linear=0
shrinkage=0.03


Tree=61
num_leaves=31
num_cat=0
split_feature=9 10 18 8 17 7 14 7 16 15 3 1 17 16 8 17 18 12 15 18 16 9 16 13 8 18 7 9 17 10
split_gain=37.1016 14.6739 11.3907 10.0527 8.58428 8.05413 7.67633 7.26162 6.96645 6.62619 6.2955 8.83079 9.23978 9.15406 13.9537 8.46637 9.55659 9.16367 7.91618 10.4167 8.68883 10.2781 8.80215 7.791 7.40415 13.8071 9.99497 6.67234 6.34886 17.6669
threshold=2.7997553325013351 3.9606593766680054 27.820489614705838 3.4749366242110735 -54.7886904489635 -6.4346161344220487 756.25402281124286 3.3213894754575928 -0.22186979238173291 0.25081729552215642 8.2326562816209883 -5.2011724225373808 -5.5178335778827003 -0.58645434087478832 8.039765275224811 -6.927835245011881 66.158941732160613 5.1928842591216524 0.84192827669573489 52.31789719047714 3.7888317641275391 5.638144236774826 5.9009304216386864 1.2355294697315296 3.8589504581826017 66.591471922611746 -0.23657659561165942 3.8400449580299845 -30.224171058665124 4.4764321294921663
decision_type=2 2 2 2 2 2 2 2 2 2 2 2 2 2 2 2 2 2 2 2 2 2 2 2 2 2 2 2 2 2
left_child=6 2 -2 7 -3 8 -1 -4 -6 -9 11 -7 15 14 -14 16 17 28 19 -12 -20 22 27 -23 -17 26 -26 -22 29 -13
right_child=1 4 3 -5 5 10 -8 9 -10 -11 18 12 13 -15 -16 24 -18 -19 20 -21 21 23 -24 -25 25 -27 -28 -29 -30 -31
leaf_value=-0.010763001856903293 0.013543788421605656 0.013944894976609607 -0.011238015123236205 -0.00023622256208359794 -0.05031504714028457 0.0077321337825804566 0.026807636180595302 -0.029905394335366139 -0.0047712814003245648 0.010879035145222838 -0.046633780768901144 -0.02462801142456086 -0.045947190406257936 -0.0038614304299226777 0.01971728657727741 0.024281280530742081 -0.044910452187774438 0.029046166777406669 0.019735288295115228 0.0042376025503345011 0.020874941010531934 0.0041136818031684503 0.02854751868070304 -0.038743329896102768 0.029110267544617138 0.033661070003409538 -0.042682472783271169 -0.021413751559610443 -0.0033701334470791801 0.014152963513948182
leaf_weight=275.6889744449727 38.479820358857978 69.040796884801239 164.98762577297748 338.41528965192265 4.5243822056800136 139.96134361129953 4.9828560184105291 4.1875441381998852 9.1070946585386956 24.926286841364345 3.660938563378294 13.014092134020755 12.983104088547408 32.171244527620729 3.7548702117055646 23.869891345937504 4.3822194691747418 9.2975757503882033 66.803543547226582 346.1986150034063 5.6408774321898827 7.6321938652545196 15.517475300468504 7.63825588329928 2.3155377041548482 5.8625190122984341 7.086574141168966 8.2970643164589983 252.75156519949087 56.34470562916249
leaf_count=43662 1007 589 18501 14773 105 1942 135 403 104 1088 161 730 760 804 43 389 151 49 451 4297 29 43 52 100 21 25 239 90 7731 764
internal_value=1.55109e-10 0.00168786 -0.00221887 -0.00335789 0.00370141 0.00302062 -0.010096 -0.0088005 -0.0198876 0.00501287 0.00332522 0.00119851 -0.00095907 -0.013223 -0.0312165 0.000640774 -0.000898245 -0.000316269 0.00592396 0.00370528 0.0128838 0.00265019 0.013005 -0.0173233 0.0138462 -0.00247159 -0.0250015 -0.00429893 -0.0011638 0.00687632
internal_weight=1959.52 1678.85 570.997 532.517 1107.86 1038.82 280.672 194.101 13.6315 29.1138 1025.18 563.795 423.834 48.9092 16.738 374.925 335.79 331.408 461.389 349.86 111.529 44.7259 29.4554 15.2704 39.1345 15.2646 9.40211 13.9379 322.11 69.3588
internal_count=99238 55441 35772 34765 19669 19080 43797 19992 209 1491 18871 13648 11706 1607 803 10099 9425 9274 5223 4458 765 314 171 143 674 285 260 119 9225 1494
is_linear=0
shrinkage=0.03


Tree=62
num_leaves=31
num_cat=0
split_feature=9 10 12 18 1 13 13 12 14 14 17 8 8 18 6 12 13 9 16 14 18 9 18 18 3 9 1 17 13 10
split_gain=36.3398 13.8294 10.5569 7.88186 8.07485 9.40954 7.39957 11.8441 7.33969 7.03319 6.78452 6.71893 8.48528 10.2755 6.62373 11.6208 7.79639 7.48342 11.6445 8.23149 9.75418 9.04473 8.72288 8.12553 8.08723 7.73402 8.67098 7.55672 6.87102 6.7345
threshold=2.7997553325013351 3.9606593766680054 2.7473694856488069 30.120640071617185 -4.6856858072230825 1.1205016524410034 0.89594310318605352 0.97236619517900791 30.270366035000006 756.25402281124286 -59.403588857471597 4.3586451453638819 7.0770996203445993 34.066011061820582 12.588450123100813 0.74655979027662733 0.61372853199389599 6.2004131154891011 1.0000000180025095e-35 49.144634622351084 57.847189781417178 4.5323427526194964 43.127534683003844 46.934140009416126 -13.557131357595241 4.4640716191556207 4.6383822691858159 -25.153198925366677 0.43762884433991844 4.3365052061469234
decision_type=2 2 2 2 2 2 2 2 2 2 2 2 2 2 2 2 2 2 2 2 2 2 2 2 2 2 2 2 2 2
left_child=9 2 3 4 5 -2 7 8 -5 -1 11 -3 13 -13 15 17 -17 19 27 22 21 25 -12 -24 -23 26 -21 -19 -25 -18
right_child=1 10 -4 6 -6 -7 -8 -9 -10 -11 14 12 -14 -15 -16 16 29 18 -20 20 -22 24 23 28 -26 -27 -28 -29 -30 -31
leaf_value=-0.010684693280627844 0.015407702815822232 0.02512051975602729 0.0061695630624042791 0.0057354589146918905 0.016740025377734093 -0.040325773472753686 -0.008213534100716095 0.01241064224907921 -0.011948144106952531 0.025411758869594969 -0.023604049293121147 0.0095075799957133732 0.014520605102887789 -0.057628079475985861 0.0053944535091492015 -0.028785623170662012 -0.0027525856736515721 -0.021641213967541654 -0.033765852199619119 -0.011287791114107758 -0.037494072206870691 0.0081300398669126601 0.02484041598956065 0.02135563653103735 -0.032256624181750189 0.028097919328409948 0.023418222980676719 0.024523083448685982 -0.0079446108589315417 0.0075543310332555676
leaf_weight=273.13695014851692 5.2599386504152772 25.661300508189015 111.1121056926786 31.973271551483776 29.33415631155367 5.6600500730855856 276.59562207634735 47.608469400351169 62.254402390884934 4.9460670069674952 11.055358343844999 4.4158375225961226 19.827498228754848 3.8326769629493356 543.88348403802956 6.2928865432913872 76.323672510887263 3.7758295955136481 4.794616504397708 48.410078625835013 12.646930116578003 5.6380336314905461 14.543324082216712 9.3299460685229842 21.400053540768567 6.4308032006956628 7.4799695926485574 20.613179155392572 31.598814199882327 225.9891070133599
leaf_count=43662 141 193 2253 2221 972 338 21540 1908 6399 135 530 24 86 93 6190 271 2463 89 168 2342 792 70 266 171 921 83 141 235 1135 3406
internal_value=-1.77048e-10 0.00166853 -0.00212716 -0.00413696 0.00854203 -0.0134801 -0.00535671 0.000214392 -0.00594776 -0.0100427 0.00362768 0.0140246 0.00388308 -0.021687 0.00309568 0.000626377 0.00426423 -0.00505174 0.0089739 -0.00748046 -0.0128348 -0.00934477 0.000729288 0.00557882 -0.0238351 -0.00305809 -0.00664296 0.0173761 -0.00126545 0.00495219
internal_weight=1951.82 1673.74 569.798 458.686 40.2541 10.92 418.432 141.836 94.2277 278.083 1103.94 53.7373 28.076 8.24851 1050.21 506.323 308.606 197.717 29.1836 168.533 102.006 89.3589 66.5274 55.4721 27.0381 62.3209 55.89 24.389 40.9288 302.313
internal_count=99238 55441 35772 33519 1451 479 32068 10528 8620 43797 19669 396 203 117 19273 13083 6140 6943 492 6451 4349 3557 2102 1572 991 2566 2483 324 1306 5869
is_linear=0
shrinkage=0.03


Tree=63
num_leaves=31
num_cat=0
split_feature=9 6 10 17 6 1 14 9 1 4 9 18 14 5 17 9 11 3 17 14 0 8 18 11 8 17 4 5 0 0
split_gain=34.8954 11.1375 8.88381 11.6824 8.80951 8.60915 7.58409 10.4843 7.15911 6.77303 6.71644 8.65018 6.24768 6.1575 7.10359 7.62655 6.12152 6.51488 6.02797 6.00826 7.34291 7.32833 7.04675 5.99577 6.25238 5.88781 7.41126 7.26319 7.13382 8.13399
threshold=3.2510649598502512 19.633566365581895 3.9606593766680054 -37.345984536951953 4.9540926397266318 -5.0622753343161007 159.13370557913515 6.3473120202005022 11.694634375959147 14.88047051471162 4.40393657462928 63.4632781631665 33.987174790069055 8.5996020906400066 -2.572166037329084 5.1964422994463169 1.2196884595946282 5.9338486612617762 -22.670128354763524 60.631206367636189 -0.98600640897216441 1.3603724119714258 41.663354399474322 0.69365463389394499 2.7752281153237592 -54.7886904489635 -24.227008588308614 -15.18812089508878 0.1397514160605817 -7.2304653093313531
decision_type=2 2 2 2 2 2 2 2 2 2 2 2 2 2 2 2 2 2 2 2 2 2 2 2 2 2 2 2 2 2
left_child=1 5 3 -2 9 -1 12 10 19 -5 11 -8 18 14 -14 -16 17 -15 -6 20 -7 -22 -21 24 -23 -4 28 -28 29 -27
right_child=2 -3 25 4 6 8 7 -9 -10 -11 -12 -13 13 16 15 -17 -18 -19 -20 22 21 23 -24 -25 -26 26 27 -29 -30 -31
leaf_value=0.010444285062563495 0.0097891390860730641 0.012573874498548188 0.012362045997677549 -0.010238562354075985 -0.050783068928275561 -0.018483966571009421 -0.033642833555351415 0.022494234692608361 0.03844078266370126 0.044014612821308703 -0.036137998072754092 0.0028355860620769518 0.014544720299943565 0.043237399505227592 -0.03580909593526857 0.036988512865041442 0.0040253042509184661 -0.030956732389565547 -0.0035896132409869363 -0.026367957931614429 -0.025890035782037354 0.01872654259001812 -0.01079702837114725 -0.0037340845751465393 -0.027610634638470022 0.0035238762056453874 0.022511028028680893 0.003103886561692905 0.0054725488745549708 -0.056465187764071494
leaf_weight=20.955844697979046 69.77502775011817 24.244876025419217 66.233091661182698 139.67113834583142 2.5803793248487628 32.805563489586348 8.5572979791613779 7.244436001405119 2.8121186066418877 2.1021454490255556 11.421562181756597 18.496178976114606 71.517828100040788 1.2042356226593245 5.126113887585233 1.7330946568399666 32.557723280362552 9.2220891062752326 43.488364220800577 30.189052894085762 11.492393712964256 20.58749632892432 195.89212873970973 118.45688368365518 3.0030568462389047 3.1608814373612395 17.674564908724278 962.55489172332454 6.9729186724871388 5.7072093044407657
leaf_count=1446 1446 463 548 12303 149 4647 802 43 10 28 633 923 2323 3 449 14 631 401 1676 6266 2345 1172 28557 14318 213 18 80 17153 57 121
internal_value=1.76547e-10 -0.00721676 0.00223462 -0.00143271 -0.00363883 -0.00831678 0.000215822 -0.0106134 -0.0092636 -0.00943412 -0.0168472 -0.00870292 0.00317292 0.0067434 0.0117477 -0.0174156 -0.00238142 -0.0223873 -0.00623299 -0.00958887 -0.0056005 -0.0028478 -0.0128762 -0.000983557 0.0128279 0.00370078 0.00312485 0.00345382 -0.0172313 -0.0350831
internal_weight=1947.44 460.439 1487 424.698 354.923 436.195 213.149 45.7195 415.239 141.773 38.475 27.0535 167.43 121.361 78.377 6.85921 42.984 10.4263 46.0687 412.427 186.345 153.54 226.081 142.047 23.5906 1062.3 996.07 980.229 15.841 8.86809
internal_count=99238 59437 39801 21824 20378 58974 8047 2401 57528 12331 2358 1725 5646 3821 2786 463 1035 404 1825 57518 22695 18048 34823 15703 1385 17977 17429 17233 196 139
is_linear=0
shrinkage=0.03


Tree=64
num_leaves=31
num_cat=0
split_feature=10 12 17 10 12 3 8 10 7 17 11 4 6 14 11 10 6 3 7 1 1 10 17 15 12 4 17 15 12 7
split_gain=32.1743 11.2792 8.31158 7.49533 7.63998 7.1345 6.20879 9.44614 6.16219 5.57261 5.11681 5.08977 8.28856 9.34315 6.45874 6.35616 7.51225 7.50602 7.30986 5.94194 10.8472 4.94798 10.6521 7.8519 12.4884 4.90711 8.67549 8.32589 14.5921 7.71838
threshold=3.3289643620784046 0.92726135714451496 -30.561251399369656 4.9411512462865899 1.6888148325301844 1.0000000180025095e-35 13.811529858943468 6.2398355768662155 5.0781632702433974 -0.58614213700962969 0.68460410507035163 -20.80294495528052 -7.2893347025269213 53.604006631394959 1.2289928166539863 3.5625961157961763 8.6562863533157479 3.1692908380483003 3.1982704668622413 -4.0649352606138214 -0.76369001485866994 4.6417642936570589 -24.931673168198309 0.68003539135126678 3.9543291698517464 30.580882593334561 -1.659369793526811 0.72440756950665663 1.8006408681774244 7.2547135320899301
decision_type=2 2 2 2 2 2 2 2 2 2 2 2 2 2 2 2 2 2 2 2 2 2 2 2 2 2 2 2 2 2
left_child=1 8 -3 4 9 10 25 -8 -1 -2 -4 -6 13 14 -13 16 -14 -18 -19 -17 -21 22 -22 -23 -25 26 -5 28 29 -27
right_child=3 2 5 6 11 -7 7 -9 -10 -11 -12 12 15 -15 -16 19 17 18 -20 20 21 23 -24 24 -26 27 -28 -29 -30 -31
leaf_value=-0.013168440639147915 -0.0011395997461866106 0.0074990188520472727 0.041675717727926262 0.0028810036631828294 0.017946784817072167 -0.0023473458078536085 0.024549133525387411 -0.0085351065755426211 0.022290391067495384 -0.029654488073230321 -0.016247610908798282 -0.02859248173969885 -0.033198436251362436 -0.037100624155887323 0.020229061654467851 0.022599470562958957 0.033222225859541397 0.00018849213449444966 -0.059716816721030616 -0.037054576863628647 -0.027314007705847777 0.0076101283298188526 0.010737903373536702 -0.063451598333536696 0.0071588143507230872 -0.022233367833295412 -0.030378494726922365 0.017275929783502206 -0.035868546273321956 0.010084109511140108
leaf_weight=191.06520392833045 606.09773279748333 55.108446883416036 1.4080689492111549 418.55334941216279 23.840846996754408 161.35581778483174 30.245936738327146 10.450715621002017 4.5151514062599736 6.2316036015399723 54.44640358259494 3.6723791889380681 7.8942001879040644 9.28075781901134 7.2598958187736571 19.834296524524689 4.979156993096697 10.583259094390085 2.2173376507125786 5.28725561389001 6.9765467457473269 14.424763067625465 129.9265480354079 4.4997921558096987 4.5174452047795057 7.4152002893388262 7.1794551243074229 59.716648828238249 8.0363590456545335 64.545927845407277
leaf_count=35673 27596 2812 157 5664 98 12980 118 81 158 236 8825 139 499 267 70 176 34 223 85 209 215 122 1513 102 29 120 159 259 85 534
internal_value=6.14959e-11 -0.00685367 -0.0029063 0.00217609 0.000387689 -0.00554624 0.00473567 0.0160533 -0.0123498 -0.00142979 -0.0147874 0.00474866 0.00338861 -0.0149638 0.00382889 0.00514553 -0.00884452 0.0019686 -0.0101884 0.00708216 0.00522397 0.00661808 0.00879879 -0.00611745 -0.0280773 0.00392112 0.00232012 0.00879962 0.00247221 0.00675397
internal_weight=1941.57 467.899 272.319 1473.67 867.524 217.21 606.144 40.6967 195.58 612.329 55.8545 255.194 231.354 20.213 10.9323 211.141 25.674 17.7798 12.8006 185.467 165.632 160.345 136.903 23.442 9.01724 565.447 425.733 139.714 79.9975 71.9611
internal_count=99238 60605 24774 38633 31613 21962 7020 199 35831 27832 8982 3781 3683 476 209 3207 841 342 308 2366 2190 1981 1728 253 131 6821 5823 998 739 654
is_linear=0
shrinkage=0.03


Tree=65
num_leaves=31
num_cat=0
split_feature=9 6 15 10 12 1 13 1 15 16 18 17 7 3 18 13 14 16 0 16 12 6 7 1 3 11 3 6 15 15
split_gain=31.4794 9.7526 9.72139 9.08215 12.1757 8.01639 7.60283 6.66362 6.55857 11.7056 11.6923 6.10803 6.17549 7.21225 7.69052 7.92654 7.19382 7.68035 8.30635 6.89168 7.52951 6.63597 6.09315 6.3213 6.71003 5.96971 7.82781 5.85838 5.83174 7.46966
threshold=3.2510649598502512 19.633566365581895 0.96105965272177774 4.6783965076585234 1.4021016633128995 -5.0622753343161007 0.83257636485460429 11.694634375959147 0.88520981413411803 2.0512323758192244 52.443618310385538 -37.90400326655579 3.259333486134786 2.8335331838409088 68.060200559069798 1.9304483389965197 94.920327598788774 -2.7288489961796443 -1.2320624040317156 2.102999481811278 1.0164813741449723 30.130821208867481 3.746136787368171 13.119564796951446 18.653788412539608 1.4384145483137067 -12.743830041586412 5.2251930556482344 0.81481464575557705 0.35195392143682419
decision_type=2 2 2 2 2 2 2 2 2 2 2 2 2 2 2 2 2 2 2 2 2 2 2 2 2 2 2 2 2 2
left_child=1 5 3 4 11 -1 -6 -7 -5 -10 -11 25 16 27 -15 21 17 18 -13 -18 -21 -16 23 -8 -25 26 -2 -14 29 -28
right_child=2 -3 -4 8 6 7 22 -9 9 10 -12 12 13 14 15 -17 19 -19 -20 20 -22 -23 -24 24 -26 -27 28 -29 -30 -31
leaf_value=0.010082118447158743 -0.037113516953029627 0.011592466235089721 0.013255074252221574 0.0046468321784639156 0.021246897862680966 -0.0092018349373488226 0.001314495790747676 0.036921724616201829 0.013793272468850697 0.0009617117581556771 -0.056287196904386591 -0.0019958496302849441 0.023248341620937148 0.01441642779976225 -0.018095965219729945 0.016676819342656107 -0.019067570768062196 -0.0068702747840645381 0.039405678847393662 -0.029095480608549364 0.019346759867219003 0.01832562262580362 0.011023229584867388 -0.051912957237752834 -0.0030953380920094565 0.024687624094982624 -0.010854112598752462 -0.034512171749976596 -0.030684548469608212 0.017520899880782283
leaf_weight=21.096198927203659 4.5854425835423163 24.275381016224856 67.323890108207706 653.50613856306882 20.298815809190273 406.24721766017319 252.18923068177537 2.8387778159230939 9.2831981532508525 5.871857174439354 7.0847508665174246 11.585093424102526 1.9698369503603297 35.345408665656578 27.004637004167307 11.819063916482262 71.040364588698139 148.35248143432545 6.9944966301554805 4.1865222100168458 9.3085971897235122 5.4030517437495282 59.067776830925141 4.1799681261181814 6.4354128274135292 10.993662304186726 12.652819264330899 7.9930620707164053 3.9010058437997932 24.551347746164538
leaf_count=1446 149 463 322 8264 232 57518 6866 10 121 102 137 469 45 874 1250 201 7308 9966 86 332 250 63 614 112 66 139 578 488 196 571
internal_value=-6.27121e-11 -0.0069078 0.00211696 0.00158725 -0.000709227 -0.00795178 0.00343977 -0.00888177 0.00410161 -0.0119195 -0.0303423 -0.00427904 -0.00579488 0.000970969 0.00398378 -0.00435384 -0.00820387 -0.00459302 0.0135902 -0.0153342 0.00431877 -0.0120237 0.00231677 0.000359915 -0.022318 0.00483999 6.4435e-05 -0.0230919 0.00421178 0.0078708
internal_weight=1937.39 454.458 1482.93 1415.6 739.858 430.182 342.171 409.086 675.746 22.2398 12.9566 397.687 341.003 89.5351 79.5722 44.2268 251.468 166.932 18.5796 84.5355 13.4951 32.4077 321.872 262.805 10.6154 56.6843 45.6906 9.9629 41.1052 37.2042
internal_count=99238 59437 39801 39479 30855 58974 7890 57528 8624 360 239 22965 21332 2921 2388 1514 18411 10521 555 7890 582 1313 7658 7044 178 1633 1494 533 1345 1149
is_linear=0
shrinkage=0.03


Tree=66
num_leaves=31
num_cat=0
split_feature=9 2 5 9 11 1 17 14 0 11 13 7 11 7 1 0 0 1 14 8 8 18 13 3 6 14 9 8 18 14
split_gain=30.82 10.3685 9.30542 8.58298 7.76995 10.3101 10.2642 7.3475 7.40354 7.19484 6.40849 6.19588 8.10351 12.1116 7.43334 7.78556 11.0034 7.15543 6.09602 5.98008 10.6758 11.1758 6.6149 7.95227 6.37589 9.17868 7.71101 9.69953 8.53219 7.63282
threshold=2.7997553325013351 9.7444500916364483 -15.18812089508878 7.8015585651198336 1.1394423030409977 9.2489692397598109 -44.058325472366484 180.93121516985209 -4.5446248900611561 1.5421317382769348 0.60934842859631322 0.73169043814022017 1.1837830565463829 0.97006700126038858 4.7337533831035126 5.0426882192907216 -2.1781661519413853 9.2489692397598109 756.25402281124286 3.5150325938908979 3.7358486750855029 75.597850938636796 1.5787410338358796 24.629592740344322 11.773438265181278 49.144634622351084 3.0606691383913494 2.3956806286633241 56.89827670321683 756.25402281124286
decision_type=2 2 2 2 2 2 2 2 2 2 2 2 2 2 2 2 2 2 2 2 2 2 2 2 2 2 2 2 2 2
left_child=18 2 9 4 5 19 -6 11 -9 -2 -3 -8 13 -13 -14 16 -16 -15 -1 24 -21 22 23 -22 25 -4 -26 -28 -29 -27
right_child=1 10 3 -5 6 -7 7 8 -10 -11 -12 12 14 17 15 -17 -18 -19 -20 20 21 -23 -24 -25 26 29 27 28 -30 -31
leaf_value=-0.0099835581810358443 0.017637387494777113 0.025997793340533218 0.0007294854694964441 0.010499601455351457 0.0095935638419174605 0.01840947743928974 -0.0099547733305609468 0.0057806241900329259 -0.023367601405391233 -0.011030147733152232 0.0052432318500269118 0.030864055524010631 0.0065241056904550582 -0.036648019096438993 0.024821555844472522 0.0087663559715949087 -0.039567460084996814 0.030845927715226221 0.023754759998146711 0.01343671615466845 0.00041597641638833834 -0.035555896066804253 0.015128446596411157 -0.05159434943594636 0.020291338612405712 -0.013575277081578676 -0.023697062527457562 0.026750787878012168 -0.0014367190700253377 0.026057934386537047
leaf_weight=266.44923347842996 44.105025226715952 13.931052986532448 93.227444596850546 63.580826296936721 39.683154996833764 28.587927813874558 106.89033087561256 9.8676325579872337 38.214617687815917 9.5929715175880101 344.56991347242729 3.6492597747128483 92.730556964204879 14.028228990064234 3.0199113757116729 9.5837998259812576 11.426330275658984 1.5720981433987606 4.9087419324496286 64.654269623686559 420.03494158737885 7.6439805624540886 28.066253358440008 2.6625574207864693 18.905244685622165 108.69877542786708 13.97860889486037 11.944501470308749 50.636715026252205 4.5566260140039949
leaf_count=43662 269 76 5548 627 603 228 8329 211 2973 85 4140 128 3858 1018 48 111 669 10 135 1874 11251 256 433 54 566 9815 637 90 1408 126
internal_value=-1.78998e-11 0.00153219 0.000287865 -0.000238344 -0.000814844 0.000697583 -0.0047191 -0.00667101 -0.0173857 0.012516 0.00604974 -0.00455003 -0.000302448 -0.0183372 0.00267082 -0.0121988 -0.0261073 -0.0298464 -0.00937325 8.38368e-05 0.00202443 0.000414831 0.00102482 8.83651e-05 -0.00327784 -0.00624203 0.00313345 -0.00110342 0.00394326 -0.0119807
internal_weight=1931.4 1660.04 1301.54 1247.84 1184.26 853.598 330.666 290.983 48.0823 53.698 358.501 242.901 136.01 19.2496 116.761 24.03 14.4462 15.6003 271.358 825.01 523.062 458.408 450.764 422.697 301.948 206.483 95.4651 76.5598 62.5812 113.255
internal_count=99238 55441 51225 50871 50244 32286 17958 17355 3184 354 4216 14171 5842 1156 4686 828 717 1028 43797 32058 13868 11994 11738 11305 18190 15489 2701 2135 1498 9941
is_linear=0
shrinkage=0.03


Tree=67
num_leaves=31
num_cat=0
split_feature=9 10 12 17 4 16 16 14 1 3 10 18 8 10 5 16 17 8 3 2 15 10 1 1 14 17 18 12 11 15
split_gain=29.3826 10.3558 10.4794 6.84621 6.74791 6.96121 8.66197 8.76131 6.74383 10.8241 6.2673 7.7596 5.99456 5.769 6.97058 5.48116 6.07697 5.47861 5.39339 5.34852 7.28652 7.31755 6.94152 9.23211 7.96012 7.65861 9.4114 7.56599 7.33455 12.5822
threshold=2.7997553325013351 3.9606593766680054 2.7473694856488069 -59.403588857471597 -11.697739966357739 1.7294094777760687 -1.1807863381137882 15.854716801958618 -8.94460775392856 -0.62656754066190967 3.2186572881731812 68.586944960439553 1.2119452360168876 5.0939213037871935 3.0563469623778508 -1.9288339924852105 -29.322455772666551 4.0760487570852488 -0.517126578946142 9.7444500916364483 0.96105965272177774 5.7605423068383379 1.3015825185731857 3.1810668859315721 3.5180489358532721 -12.393047150178258 57.16763190474925 0.33055917653623357 1.2005429079931371 0.15898652961091361
decision_type=2 2 2 2 2 2 2 2 2 2 2 2 2 2 2 2 2 2 2 2 2 2 2 2 2 2 2 2 2 2
left_child=10 2 4 13 5 6 15 -8 -4 -10 18 -12 -6 17 -15 16 -2 -3 -1 20 21 22 -5 24 -24 26 27 -25 -27 -30
right_child=1 3 8 19 12 -7 7 -9 9 -11 11 -13 -14 14 -16 -17 -18 -19 -20 -21 -22 -23 23 25 -26 28 -28 -29 29 -31
leaf_value=-0.018536568847676831 -0.027182409029157178 0.032744584266164556 0.027939019223486121 0.0016446151010703549 0.031084524880016801 0.024107382404803958 0.019282946259808885 -0.030088214757540921 -0.030738258540247448 0.0068000737955591136 0.00084738012975600705 -0.04221295085885083 -0.0055685284772996752 0.012763701465478713 -0.027431544368754748 0.026130657454455187 0.016935981146744682 0.0090585530474047455 -0.0082213825419541389 0.0063401021220473152 0.016380444640538595 0.0058723594588452801 0.022481780996309819 0.031551849002292728 -0.018733239737983732 0.0064074325154741532 -0.047308620673447904 -0.011556269169850282 0.023215858721613577 -0.032501824210139481
leaf_weight=71.37013279007806 5.1774244544212706 17.363836373668164 11.790223353367763 352.81057959463215 4.0573143303045063 14.252675058844032 4.4133296821382855 12.115430867401299 7.4882660405128254 90.035897299007047 67.234352831088472 3.9899189218704114 393.12368264203542 12.018226711312311 5.7362800389528266 11.556896169815444 6.1448221093742195 17.796570051927119 126.43788709474029 264.63143052527448 28.176401962526143 193.15942977106897 4.580848056357353 4.1614559502340844 53.165399270743364 88.842035083303927 5.9239164530299595 30.671564011019655 5.3032757032196995 11.684148176573215
leaf_count=16019 180 92 116 9269 188 196 183 1281 549 1588 5202 341 30937 87 92 335 219 125 22235 2359 134 2075 66 60 2112 1455 244 1108 47 344
internal_value=-1.15061e-10 0.00149374 -0.00182455 0.00318965 -0.00384506 0.00614022 -0.000357965 -0.0169057 0.00650858 0.00391774 -0.00919557 -0.00156482 -0.00519411 0.0137168 -0.000222927 0.0115967 -0.00323843 0.0207558 -0.0119432 0.00265563 0.00140315 0.000840699 -0.000903759 -0.0053039 -0.0154638 -0.00130153 -0.0123513 -0.0064062 0.00295393 -0.0151074
internal_weight=1925.21 1656.18 560.156 1096.03 450.842 53.6606 39.4079 16.5288 109.314 97.5242 269.032 71.2243 397.181 52.9149 17.7545 22.8791 11.3222 35.1604 197.808 1043.11 778.479 750.303 557.143 204.333 57.7462 146.586 40.7569 34.833 105.829 16.9874
internal_count=99238 55441 35772 19669 33519 2394 2198 1464 2253 2137 43797 5543 31125 396 179 734 399 217 38254 19273 16914 16780 14705 5436 2178 3258 1412 1168 1846 391
is_linear=0
shrinkage=0.03


Tree=68
num_leaves=31
num_cat=0
split_feature=9 10 4 16 17 10 4 14 15 17 17 15 14 5 18 12 16 6 6 12 12 6 18 18 18 14 15 18 16 14
split_gain=28.1476 9.53294 10.1856 8.12599 6.56671 6.1289 5.64291 8.2025 5.8958 5.85075 6.86686 5.34434 5.60425 5.28219 9.34076 10.1323 9.47159 8.27549 11.7588 11.8755 8.38966 7.88433 7.74963 9.56999 7.32666 8.11007 8.13979 7.04248 8.80573 7.98657
threshold=2.7997553325013351 3.9606593766680054 -17.799580817619297 7.4703864115313676 -67.752189672368871 2.3033747434933338 14.600681779033875 160.9196594133617 0.18786311106833525 -9.2958668614693085 -29.906819273322601 0.91880700264265602 372.12698679428291 8.799553854255846 67.549573166410866 0.21787184922764716 -3.3323739259076293 18.413945183198852 13.787198230875118 0.74655979027662733 1.46435124339929 19.020710223289026 57.847189781417178 56.495662442173561 53.207156620901046 13.071684843588868 0.5272719258009787 42.320686710023345 0.39018037417124135 89.998374757427385
decision_type=2 2 2 2 2 2 2 2 2 2 2 2 2 2 2 2 2 2 2 2 2 2 2 2 2 2 2 2 2 2
left_child=5 2 -2 6 -3 -1 7 9 -8 10 -4 -10 -13 14 17 -16 21 18 19 22 -19 -17 23 24 27 -26 -27 29 -29 -6
right_child=1 4 3 -5 13 -7 8 -9 11 -11 -12 12 -14 -15 15 16 -18 20 -20 -21 -22 -23 -24 -25 25 26 -28 28 -30 -31
leaf_value=-0.016953531464803624 0.014712260431483949 0.016612749176774248 0.0015023193606581394 0.018244679306517957 -0.030265872902811717 -0.0064270099854811845 -0.025519186814321491 -0.015265153172815175 0.0065838543685339214 0.0019969900012394848 -0.0096029966692130504 -0.063601561357604836 0.013022105811142073 0.0054402532320712346 0.033165933331117628 -0.034020793625308403 -0.040467130536260568 -0.0075124267595433553 0.012656910526876685 0.0046349045038269806 -0.061065632564751747 0.024456035665796075 -0.019688481963121854 0.018639869529180755 0.026804812910690048 -0.039991563091365097 -0.0035364575939842314 0.0077201584838430416 -0.013042543275077801 -0.0018984378881421078
leaf_weight=66.14682726515457 31.986496964120306 31.389399337931536 73.824570327065885 16.126546769984998 14.601280006754676 201.18773351098935 6.0378031863365313 58.943051434704103 86.293989447207423 126.5280056388001 156.01072552104597 2.0276209150324571 1.4906542242970315 394.89655210304772 3.1575427069328752 3.5487969338428265 13.032432479114501 39.230662342801224 90.022199244471267 306.31639170731069 2.8221864080987862 4.9970477565657347 26.957925320719369 17.49666625156533 3.0325164144160253 13.767312177660644 9.1933708389988151 71.66921910396195 24.726694205426611 23.006312575133052
leaf_count=15315 567 178 3900 103 725 28482 373 6264 2502 7568 14370 107 18 3727 25 109 645 699 1083 5970 82 35 1232 370 40 714 314 2063 1003 655
internal_value=-2.24215e-10 0.00146053 -0.00172551 -0.00272267 0.00308949 -0.0090316 -0.00338418 -0.00489846 0.00317703 -0.00318379 -0.0060359 0.00510619 -0.031137 0.00268996 0.00106307 -0.0170274 -0.0243722 0.00175917 0.00265971 0.000897712 -0.0111064 0.000172609 -0.00470149 -0.00242524 -0.00472885 -0.0193051 -0.0253951 -0.00190143 0.00239428 -0.0129122
internal_weight=1920.47 1653.13 559.269 527.283 1093.86 267.335 511.156 415.306 95.8501 356.363 229.835 89.8123 3.51828 1062.48 667.579 24.7358 21.5783 642.843 600.79 510.768 42.0528 8.54584 204.451 177.493 159.997 25.9932 22.9607 134.004 96.3959 37.6076
internal_count=99238 55441 35772 35205 19669 43797 35102 32102 3000 25838 18270 2627 125 19491 15764 814 789 14950 14169 13086 781 144 7116 5884 5514 1068 1028 4446 3066 1380
is_linear=0
shrinkage=0.03


Tree=69
num_leaves=31
num_cat=0
split_feature=10 3 18 18 3 18 6 16 16 17 3 15 17 13 14 9 17 13 16 15 3 14 13 10 14 5 13 3 18 13
split_gain=27.545 9.23392 11.0505 7.0754 7.96735 7.03175 9.7639 13.2603 9.94156 8.9106 8.41688 10.4475 9.21128 9.12685 8.37689 8.3638 8.19221 8.31194 8.45718 8.35484 8.10225 7.82572 7.42337 7.69397 14.659 7.33122 7.27164 7.16362 6.97391 7.97878
threshold=3.2770746835026343 1.0540126186544321 21.622303992098171 56.633924660465766 11.213182891868803 31.227826645556174 6.6173709218417409 -1.0868287878185208 -0.8198656711992417 -30.890602197217792 2.397341816742105 0.14453970849501782 -24.931673168198309 1.6313318182740815 27.70236945051926 5.9402578386025162 -37.90400326655579 0.67992251620020694 -0.012668093455985059 0.89848090258158553 18.653788412539608 756.25402281124286 2.0738463301978851 5.8959224165278892 403.7915029219559 4.53255075889503 2.8669113543458811 10.953362534944779 53.98070530091254 0.95216451158160209
decision_type=2 2 2 2 2 2 2 2 2 2 2 2 2 2 2 2 2 2 2 2 2 2 2 2 2 2 2 2 2 2
left_child=1 2 -1 28 -5 -2 7 -7 22 -10 11 -11 -12 14 -13 20 -17 -18 -19 -20 21 27 23 24 -8 -14 -24 -9 29 -3
right_child=5 3 -4 4 -6 6 8 15 9 10 12 13 25 -15 -16 16 17 18 19 -21 -22 -23 26 -25 -26 -27 -28 -29 -30 -31
leaf_value=0.021488375386521322 0.0094481739238403556 -0.016808261704814129 -0.0133327116890641 -0.010587849407685682 0.0050495293706507276 0.004039794101506817 -0.0066100806769008131 -0.0082927087531544461 0.017494202549680336 0.021093408885422233 -0.033962334500984792 -0.044901465265892025 0.016106400678067151 0.022753265247627819 -0.0085431745408909784 0.019314115587850095 0.031313396269420597 0.0061179958172972943 -0.04676699993764831 0.011576558262913011 0.027513267940469658 0.028001771824512939 0.016817030646630086 0.0033927303133624836 -0.044640339165807945 0.0047022341024021263 -0.02120144374518838 -0.034138673783904352 0.015776408449615986 0.0060774258194577161
leaf_weight=8.6009629865002335 104.42044072935823 21.210822237713728 177.00046244273835 117.9375805958116 39.028533350414364 207.45610033567937 88.65952060490963 246.70349450901267 48.134919087548042 12.542331640957853 5.2585669606341972 6.2555220880894913 56.919587875599973 7.6427263088989994 64.593561047571711 21.931395589839667 4.5690935828024548 10.565899998880928 8.2885058769606932 3.0116350612370288 5.7234878697199738 5.1625513090984887 26.66175920292153 56.034020041814074 10.168123849667607 466.78017868471215 5.453992056194692 10.044331922865238 29.619575671182247 38.772618029048317
leaf_count=226 1462 3702 32170 15192 1718 6695 3257 14799 479 169 173 301 1299 72 2103 150 39 212 428 50 51 119 238 580 536 6756 73 547 2610 3032
internal_value=-1.21794e-10 -0.00666472 -0.0117191 -0.00286012 -0.00669972 0.00194223 0.00137369 -0.00185324 0.00334907 0.00506028 0.00409493 -0.00433089 0.00554502 -0.00839348 -0.0117534 -0.00572205 0.00575889 -0.00548695 -0.0131767 -0.0312177 -0.00779688 -0.0085685 -0.00276562 -0.00548778 -0.0105229 0.00594172 0.0103606 -0.00930384 0.00386607 -0.00201521
internal_weight=1915.15 432.171 185.601 246.569 156.966 1482.98 1378.56 523.456 855.105 668.127 619.992 91.0341 528.958 78.4918 70.8491 316 48.3665 26.4351 21.866 11.3001 267.634 261.91 186.977 154.862 98.8276 523.7 32.1158 256.748 89.603 59.9834
internal_count=99238 58650 32396 26254 16910 40588 39126 23090 16036 11352 10873 2645 8228 2476 2404 16395 879 729 690 478 15516 15465 4684 4373 3793 8055 311 15346 9344 6734
is_linear=0
shrinkage=0.03


Tree=70
num_leaves=31
num_cat=0
split_feature=10 12 0 15 15 10 18 17 10 0 17 0 3 3 15 17 7 13 11 17 18 0 18 5 2 5 4 11 1 2
split_gain=25.8665 10.0705 7.66337 7.72231 6.65295 6.1415 7.18292 7.38797 7.53683 7.25672 7.10267 6.80317 7.27277 7.24318 6.97115 6.5027 6.96778 6.88863 7.97173 7.54268 8.12822 6.93853 6.28669 8.34771 7.23475 6.48036 10.3193 6.32093 6.25541 6.98948
threshold=3.2770746835026343 0.92726135714451496 0.44272066194646792 0.48158300869986614 0.27304706750358332 4.7620085050366248 31.227826645556174 -9.1970198159516041 4.7188816225465233 3.6681778698672569 -22.670128354763524 5.0426882192907216 7.5284440590098205 -0.23304221328311889 0.89516235216504969 -0.58614213700962969 2.2599681984762259 1.9705860807015561 1.1360986621818039 -2.2591847700334848 70.035375953105884 -0.64713572313982715 70.336763887809553 8.4128421453145013 -4.7085702637611124 3.2824890442643944 5.1573149206103244 0.72040526757494483 5.5950898756987009 10.969817502105352
decision_type=2 2 2 2 2 2 2 2 2 2 2 2 2 2 2 2 2 2 2 2 2 2 2 2 2 2 2 2 2 2
left_child=1 -1 -3 4 -4 6 10 9 15 28 -2 -11 13 -13 -14 17 -17 18 19 22 -21 -22 23 24 -9 -26 -27 -24 29 -8
right_child=5 2 3 -5 -6 -7 7 8 -10 11 -12 12 14 -15 -16 16 -18 -19 -20 20 21 -23 27 -25 25 26 -28 -29 -30 -31
leaf_value=-0.011935333015462731 0.0054144333644576539 -0.0095690589641152079 -0.01710818947998435 -0.0017258462665237224 0.021954606227316226 0.0039628999982165777 -0.005523702709349528 0.022666259561963779 -0.036615581870658893 0.011736357740740768 0.03312594796390448 -0.048376053712878328 -0.050603363748310051 0.014302645324296294 0.0013123390409525745 0.02025861892828253 -0.033544358829863306 0.012368441478254765 -0.0075646767147271822 -0.030188257107758489 -0.042904759838366599 0.0078555535238178011 0.018818368002487266 0.020357023243337775 -0.0068113755287846313 0.028221363833853635 0.00067935274186575669 -0.025764654417785748 -0.022753266280991599 0.025688426459944177
leaf_weight=178.08704065841448 63.632482928951504 91.149725637587835 4.7008221088181044 132.6544866203767 23.74589251713769 685.63893099315464 267.34522285952698 17.150667951937066 4.4413189226761451 45.150584700488253 9.5770628381869738 1.9257936070207513 5.4445249722339195 11.99222108250251 4.0664347265847027 2.9193893311603452 8.3981816149898787 63.482637873443309 67.429542737343581 10.84584267545142 2.7699385977757656 19.383539922186173 4.0443220259621731 39.484146579576191 46.290384079911746 16.659679594187764 46.185643989912933 9.7910949140787107 18.589382787497016 6.6169619598658747
leaf_count=34658 1084 12571 497 9613 1311 8580 16643 435 142 858 149 142 166 226 62 71 246 717 2368 663 209 396 95 411 3071 423 1776 440 1114 101
internal_value=2.60856e-10 -0.00647346 -0.00261743 0.00131574 0.0154995 0.00188323 8.65144e-05 -0.000823317 0.00222256 -0.00385355 0.00903957 0.00492985 -0.00818715 0.00562998 -0.0284067 0.00270868 -0.0196658 0.00344584 0.00142312 0.00427368 -0.00890904 0.00150879 0.00669576 0.00831725 0.00455295 0.00170644 0.00798047 -0.0127323 -0.00591255 -0.00476984
internal_weight=1909.59 430.338 252.251 161.101 28.4467 1479.26 793.617 720.407 359.276 361.131 73.2095 68.5796 23.429 13.918 9.51096 354.835 11.3176 343.517 280.035 212.605 32.9993 22.1535 179.606 165.771 126.286 109.136 62.8453 13.8354 292.552 273.962
internal_count=99238 58650 23992 11421 1808 40588 32008 30775 11463 19312 1233 1454 596 368 228 11321 317 11004 10287 7919 1268 605 6651 6116 5705 5270 2199 535 17858 16744
is_linear=0
shrinkage=0.03


Tree=71
num_leaves=31
num_cat=0
split_feature=10 12 0 15 2 6 5 17 4 17 10 17 8 12 2 15 17 0 11 2 7 17 10 0 13 8 2 14 10 4
split_gain=24.868 9.56806 7.32105 7.008 6.42465 8.3727 8.34401 9.22848 7.37556 10.0069 9.01483 6.47535 6.39714 6.28732 8.03211 6.0566 5.89309 8.56762 6.94321 7.72913 7.82146 9.50324 7.40493 7.32672 6.73807 6.58262 6.36335 5.92658 5.62931 7.33941
threshold=3.2770746835026343 0.92726135714451496 0.44272066194646792 0.48158300869986614 -12.365777054650438 6.6173709218417409 -1.9830383560961817 -7.2233843656629064 2.4511192909567496 -27.477559190374684 6.9048077284979366 -30.224171058665124 13.811529858943468 0.71844877084454717 2.289601784523954 0.27304706750358332 -5.9093821118971119 -2.7951631102837933 0.75761156655969109 12.89873301894028 2.0353691580135007 -37.90400326655579 4.8948596858888811 -1.378399270088895 0.74377697398433862 4.7077397881783201 -5.4495876716073637 248.50522159259125 3.7614263421292935 -10.536142579925238
decision_type=2 2 2 2 2 2 2 2 2 2 2 2 2 2 2 2 2 2 2 2 2 2 2 2 2 2 2 2 2 2
left_child=1 -1 -3 15 -2 6 7 8 10 -10 13 -7 16 14 -6 -4 17 -8 23 20 21 24 -23 -19 -20 -26 -18 -22 -15 -30
right_child=4 2 3 -5 5 11 12 -9 9 -11 -12 -13 -14 28 -16 -17 26 18 19 -21 27 22 -24 -25 25 -27 -28 -29 29 -31
leaf_value=-0.011707801424688418 0.010244110260098895 -0.0094332648890891498 -0.016742277005991835 -0.001694474017973473 -0.0026618995839191991 0.01302654116057364 -0.034555256380777243 -0.042815735485587009 -0.033693126615109412 0.022342314321116635 -0.055420788256978798 0.002551669270375066 0.024931094678070264 -0.0069639658701166019 -0.039233769001486583 0.020627351569018338 0.043642691473660095 -0.04095893762922663 -0.040379682357420087 0.011973686938183006 -0.0045601699417873592 -0.015464900274763237 -0.040001755464392712 0.0066444952054624043 0.016567597354461311 -0.018341952384460437 0.0011328440003477557 0.030333079787925443 0.011708473593741012 -0.0029462041373357352
leaf_weight=176.81596286926651 77.689080971875228 90.646331060124794 4.6526857967692221 132.91780806760653 85.113335747446399 56.944360936351586 10.27774460960063 4.1057284309936213 3.2051731034007416 27.284657652751775 2.5352872748626387 789.60370386397699 6.0475338399410239 30.535353475264856 5.7712620241509276 24.23487797776761 3.7950047987978932 3.1124739673687136 3.0756966343906269 13.856822440633549 15.762773877242582 87.233359006466344 12.678243802220093 44.705741231315187 17.328003922972133 6.7569307950907378 19.218626676971326 6.067121814005076 100.23920817903127 44.37290694899275
leaf_count=34658 646 12571 497 9613 4321 683 577 239 129 559 71 15291 38 2290 408 1311 26 278 174 179 727 6553 494 2223 396 164 1095 109 1467 1451
internal_value=2.81686e-10 -0.00635603 -0.00260767 0.00121615 0.00184689 0.00138078 -0.00148986 0.00185574 0.00246903 0.0164517 0.000881604 0.00325628 -0.00554827 0.00141817 -0.00498425 0.0146085 -0.00630411 -0.00780952 -0.00650413 -0.00945683 -0.0114512 -0.014301 -0.0185785 0.003546 0.00143415 0.00677386 0.00814282 0.00513761 0.0047404 0.00721182
internal_weight=1906.58 429.268 252.452 161.805 1477.32 1399.63 553.079 303.163 299.057 30.4898 268.567 846.548 249.916 266.032 90.8846 28.8876 243.869 220.855 210.577 162.759 148.902 127.072 99.9116 47.8182 27.1606 24.0849 23.0136 21.8299 175.147 144.612
internal_count=99238 58650 23992 11421 40588 39942 23968 10935 10696 688 10008 15974 13033 9937 4729 1808 12995 11874 11297 8796 8617 7781 7047 2501 734 560 1121 836 5208 2918
is_linear=0
shrinkage=0.03


Tree=72
num_leaves=31
num_cat=0
split_feature=9 10 12 13 13 18 0 17 6 15 0 14 7 6 7 10 0 17 6 17 1 8 14 7 15 14 0 14 14 15
split_gain=24.1365 8.17675 11.5082 6.90406 6.10288 8.15721 8.99096 7.17995 8.44078 6.60477 9.91191 7.65899 6.59737 6.46125 7.22887 5.88578 5.8194 5.81715 7.19127 6.08335 6.56042 6.07789 8.3395 5.80393 6.45672 5.71514 6.4713 5.69327 5.7016 5.64808
threshold=2.7997553325013351 4.6783965076585234 1.414722926132278 0.95563887587971907 1.9705860807015561 70.668718640462444 3.9466817552517655 -1.4494748349000661 40.302713377978492 0.15898652961091361 0.049555507029941652 62.995172102581954 3.1422834931246983 16.875813560515052 1.6686438919855664 2.3033747434933338 -5.8962458316841024 -0.58614213700962969 19.633566365581895 -67.752189672368871 5.732407052798794 2.0152704534194892 459.60048967212242 5.3003887123473161 0.20857340305933442 196.44432864243959 -4.5446248900611561 15.254622621107485 756.25402281124286 0.063984132553330839
decision_type=2 2 2 2 2 2 2 2 2 2 2 2 2 2 2 2 2 2 2 2 2 2 2 2 2 2 2 2 2 2
left_child=15 2 17 -4 5 12 7 8 -7 -6 11 -11 13 25 -15 -1 -3 18 19 -2 27 -20 23 -23 -25 29 -27 -21 -29 -5
right_child=1 16 3 4 9 6 -8 -9 -10 10 -12 -13 -14 14 -16 -17 -18 -19 21 20 -22 22 -24 24 -26 26 -28 28 -30 -31
leaf_value=-0.016344980351957895 0.018419493558246684 0.014662590875366319 0.013709990932429958 -0.042203615170689074 0.022945285959727425 -0.039460204355251938 -0.0568031210088299 0.0088924544619485776 0.041200153919882083 0.0024163176941774545 0.0082330405780971488 -0.045189730909026192 0.015276734715174049 0.0042882904674802491 -0.060411046026303941 -0.0058902090418978528 0.0030936157866560208 -0.033878898593597537 0.030770886549826751 0.0054026671595866164 -0.018343083660981117 0.016738259826329288 -0.039408657463913317 0.02008135964137649 -0.026575422872732225 0.013834712748180246 -0.028815688846962791 -0.0054669550088640604 0.023557695241214122 0.0024562315168216715
leaf_weight=64.073542735830415 10.519768881611524 41.553059440106153 50.713498116267147 2.5892212239559731 20.837754824780859 8.0015287912683579 4.2987755965441456 9.9641887951875106 1.3671283721923835 6.1920997097622585 74.558192102587782 5.9777321794535965 25.679316163936164 2.8584547783248118 3.406355062732473 198.93043508187111 671.6003176139784 5.5699423806800032 8.7473025994258915 53.909647988941288 29.504815051768674 22.069303260388551 3.7554920653928994 4.2052811365574581 7.3093916712095961 4.4257604120066416 11.576911249052499 381.07045940558601 6.1901796995080067 162.6276428380952
leaf_count=15315 92 249 1067 131 196 378 139 260 1 145 898 209 336 35 102 28482 8893 350 69 3210 1963 346 167 66 258 87 705 29135 207 5747
internal_value=1.57706e-10 0.00135217 -0.000504271 0.00337574 0.00185383 -0.000837906 -0.017561 -0.00883522 -0.0276898 0.00777942 0.00413558 -0.0209674 0.00101603 -0.000937222 -0.0308906 -0.00843722 0.0037677 -0.00338104 -0.00305888 -0.00414313 -0.00464741 0.00826186 0.00298881 0.00772986 -0.00953587 9.82736e-05 -0.0170201 -0.00373147 -0.00500301 0.00175634
internal_weight=1904.08 1641.08 927.926 395.075 344.361 236.795 23.6316 19.3328 9.36866 107.566 86.728 12.1698 213.164 187.484 6.26481 263.004 713.153 532.852 527.282 481.195 470.675 46.0868 37.3395 33.584 11.5147 181.22 16.0027 441.17 387.261 165.217
internal_count=99238 55441 46299 10436 9369 7921 778 639 379 1448 1252 354 7143 6807 137 43797 9142 35863 35513 34607 34515 906 837 670 324 6670 792 32552 29342 5878
is_linear=0
shrinkage=0.03


Tree=73
num_leaves=31
num_cat=0
split_feature=9 10 6 6 16 17 5 10 12 1 14 5 16 6 17 14 12 7 8 1 8 6 10 6 6 5 18 8 16 14
split_gain=23.0877 7.74264 10.3228 10.9927 8.06864 7.17519 5.99038 5.86575 5.82571 8.81065 8.05937 13.7943 6.39549 6.01155 10.1025 6.81886 6.42128 5.80711 5.6442 8.51258 6.39283 6.66385 5.10147 5.05368 5.30114 4.9133 5.1662 5.21792 4.8854 10.9012
threshold=2.7997553325013351 4.3894438969264309 19.633566365581895 -14.869054759517267 7.4703864115313676 -1.1282563914635717 15.18416787330853 2.3033747434933338 1.1652112576061042 5.5950898756987009 159.13370557913515 14.155959574842568 -1.5199305172338191 4.1193704559659716 -36.217199168831122 153.2563809244144 5.1928842591216524 1.0374913745443639 2.0038211369701879 -0.85620923632208623 2.5285305151222661 14.611501529817433 2.9268374833612287 -0.15781773278239078 -12.966942522659711 0.41302925919774464 57.026382617944023 1.8925389568608755 0.73737569965883598 68.967550419643871
decision_type=2 2 2 2 2 2 2 2 2 2 2 2 2 2 2 2 2 2 2 2 2 2 2 2 2 2 2 2 2 2
left_child=7 2 3 -2 5 8 -7 25 9 12 11 13 -5 14 -10 16 -15 -18 19 -3 21 -20 -14 24 -16 -1 27 -27 -4 -30
right_child=1 18 28 4 -6 6 -8 -9 10 -11 -12 -13 22 15 23 -17 17 -19 20 -21 -22 -23 -24 -25 -26 26 -28 -29 29 -31
leaf_value=-0.025617064996378617 0.0099686939788447577 -0.024075690172581567 0.01786504933839311 0.0033591104031592462 0.019297729976316548 -0.031422551713090933 0.030868818590893819 -0.005745643427728612 0.012879097300005891 -0.02931203064124618 -0.012176072577748507 -0.067328104602334571 -0.019114975509631607 0.0063673388752612733 -0.050222421988115939 0.03677577301179373 -0.0031214150499133337 -0.06199051999308406 -0.0033487020824064574 0.023092511019851051 0.0033201389934723216 -0.039950924905980706 -0.0056286510313969989 -0.020548775312298297 -0.0016242890480811908 -0.019097413742936289 -0.01951197125019356 0.016222135479934379 -0.024015029104866002 0.0098985640265140829
leaf_weight=28.019562988483813 62.628224965650588 4.0080733096692738 33.587858385406435 64.910096366846119 14.032374205067752 12.804876747337401 1.5585635993629683 197.81957105554466 26.233017378399381 14.015749883634269 43.272826108208392 2.5696560156065962 28.76185665736557 138.15199600911001 2.1054806738975449 6.3386829176452002 4.2682321197353295 2.3320847456343472 18.198613086191475 24.448478746577166 793.99989389773691 5.9371082193683824 206.36613520212995 22.761161263595568 49.815081035922049 5.8714651238551623 18.779384097622824 10.49065448794863 10.582106616464442 43.996717292873655
leaf_count=8043 1047 143 559 4208 101 1103 7 28482 583 1325 2370 77 5125 3686 167 57 80 71 604 273 11267 198 16526 1775 3399 1534 4349 1389 169 521
internal_value=4.19051e-11 0.00132062 -0.000813284 -0.00202697 -0.00320027 -0.00370437 -0.0246634 -0.00828702 -0.00321239 -0.00606308 -0.0002066 0.00182798 -0.00497705 0.00253315 -0.00313644 0.0063199 0.00498625 -0.0239216 0.00331462 0.0164489 0.00285778 -0.0123524 -0.00727836 -0.00876212 -0.00359504 -0.0162466 -0.00877514 0.00354789 0.00886302 0.00332317
internal_weight=1898.67 1637.68 791.093 702.926 640.298 626.265 14.3634 260.981 611.902 314.054 297.848 254.575 300.038 252.006 100.915 151.091 144.752 6.60032 846.592 28.4566 818.136 24.1357 235.128 74.6817 51.9206 63.1611 35.1415 16.3621 88.1667 54.5788
internal_count=99238 55441 42956 41707 40660 40559 1110 43797 39449 27184 12265 9895 25859 9818 5924 3894 3837 151 12485 416 12069 802 21651 5341 3566 15315 7272 2923 1249 690
is_linear=0
shrinkage=0.03


Tree=74
num_leaves=31
num_cat=0
split_feature=10 12 0 15 11 13 11 2 3 13 6 4 18 12 6 3 0 3 7 14 15 18 15 18 10 14 2 13 18 6
split_gain=21.5256 9.07294 6.70268 6.47776 5.69724 11.7365 10.2576 9.09231 7.49307 9.11865 7.35834 9.84402 6.94109 7.41307 9.65407 13.748 9.09215 8.74026 14.2493 7.4929 7.07769 6.79241 6.70683 8.82649 8.04058 6.41505 6.93817 6.34567 8.0121 10.3431
threshold=3.2770746835026343 0.92726135714451496 0.44272066194646792 0.48158300869986614 1.5206558573594704 2.4169426162521419 1.3453437830687869 -14.484028047423328 -14.636261045844348 2.1374058726648961 12.588450123100813 21.245992876136615 62.576440088049999 0.73025495142195307 6.6173709218417409 -2.7198352783762645 -4.2634728820993866 -3.585657824810911 1.6419124842034118 49.144634622351084 0.6880724954859635 57.998051023998237 0.74336444509260613 56.371855440432213 4.3894438969264309 51.395074650382547 -3.9941002194251394 1.1916181262934253 68.586944960439553 18.413945183198852
decision_type=2 2 2 2 2 2 2 2 2 2 2 2 2 2 2 2 2 2 2 2 2 2 2 2 2 2 2 2 2 2
left_child=1 -1 -3 -4 5 6 7 -2 -8 -10 11 12 13 16 17 -16 -9 -15 25 -18 -20 -21 -17 24 -24 -19 -27 -6 29 -29
right_child=4 2 3 -5 27 -7 8 10 9 -11 -12 -13 -14 14 15 22 19 18 20 21 -22 -23 23 -25 -26 26 -28 28 -30 -31
leaf_value=-0.011248893541265291 0.017282857896777349 -0.0089127759066891209 0.014158531257525985 -0.0014826898571941552 0.025924137543493514 0.017813417503994986 0.0091998339699025967 -0.051553087766647104 -0.01075584184063689 -0.055958871064234562 0.0037417382662780709 -0.045540471814461039 -0.011585567651583948 0.0050753070177207253 -0.037323106095091138 0.01956285402425998 0.0031164773400694516 -0.020339121873599996 0.021619143205135648 -0.0054204289637348009 -0.029043374031280159 -0.02845904965627016 0.022211482267690191 -0.02187170622800853 -0.030691136991451193 -0.040718179134515774 -0.002246818829036345 0.0010190761289336147 0.011746050896099971 -0.041939858442533749
leaf_weight=172.80785763365566 31.337071498855948 89.195881602398003 29.066584902742761 132.27635228702275 14.789583368459715 36.71309817902511 16.096981603652239 3.5353373248362905 67.309180226642638 4.2712797960266462 482.81030170933809 4.4562490753014563 49.808265608851798 141.96421928246855 4.986404370982199 60.012167815148132 104.29893126504612 37.847874855680857 20.462594737153271 144.77409981150413 2.8243038248037911 12.512811442720702 15.947199121932504 9.4202026351995283 3.0860589405638157 4.527344303278368 61.951948868736508 53.94433283834951 74.950409608602058 5.564423292875289
leaf_count=34658 174 12571 1808 9613 212 334 146 177 1823 144 7377 218 2575 4017 197 1123 4617 2228 470 7921 157 1111 233 375 95 345 2970 937 525 87
internal_value=1.8282e-10 -0.00596075 -0.00231328 0.00133514 0.00171641 0.00108867 0.000610554 0.00133632 -0.00929422 -0.0134532 0.000907461 -0.00109779 -0.000805671 4.91039e-05 0.00283419 0.0111433 -0.00376452 -4.62356e-05 -0.00574369 -0.00311865 0.0154746 -0.00725324 0.0138751 0.00187887 0.0136338 -0.0104798 -0.00486678 0.00727229 0.00522072 -0.00299784
internal_weight=1893.55 423.347 250.539 161.343 1470.2 1320.95 1284.24 1196.56 87.6774 71.5805 1165.23 682.416 677.96 628.151 363.03 93.452 265.121 269.578 127.614 261.586 23.2869 157.287 88.4656 28.4535 19.0333 104.327 66.4793 149.249 134.459 59.5088
internal_count=99238 58650 23992 11421 40588 38827 38493 36380 2113 1967 36206 28829 28611 26036 12210 2023 13826 10187 6170 13649 627 9032 1826 703 328 5543 3315 1761 1549 1024
is_linear=0
shrinkage=0.03


Tree=75
num_leaves=31
num_cat=0
split_feature=9 10 12 18 3 10 10 15 8 15 17 10 17 0 16 5 5 14 6 6 17 6 12 15 17 16 6 18 14 11
split_gain=22.2437 7.31206 7.92989 5.59384 5.70896 7.84161 5.57083 9.03419 7.21145 5.46627 5.16383 5.11089 5.01314 5.17444 9.81576 10.6405 10.3626 12.2844 9.81065 9.48072 9.00852 8.76293 8.50838 8.21486 10.3983 7.49344 7.46091 11.0301 11.6559 9.19031
threshold=2.7997553325013351 3.9606593766680054 2.7473694856488069 30.120640071617185 -12.743830041586412 3.7933195231690333 3.5625961157961763 0.75421778795110328 8.8599832140698567 0.29598899402837647 -19.944445028727724 2.3033747434933338 -67.752189672368871 -5.231183314645901 -0.89890815512277944 3.3415940677668563 15.18416787330853 122.59114015328946 27.78297655346795 -19.084800283809027 -3.6694854196110449 15.27041520638125 1.46435124339929 0.20312518625971879 -29.322455772666551 -1.0148654895603897 3.8583146507996386 49.211517692407845 136.95104223512593 1.5206558573594704
decision_type=2 2 2 2 2 2 2 2 2 2 2 2 2 2 2 2 2 2 2 2 2 2 2 2 2 2 2 2 2 2
left_child=11 2 3 4 5 -2 -4 10 -9 -6 -8 -1 -3 -14 15 19 17 20 -18 22 21 -17 -15 24 -21 -25 27 29 -29 -16
right_child=1 12 6 -5 9 -7 7 8 -10 -11 -12 -13 13 14 26 16 18 -19 -20 23 -22 -23 -24 25 -26 -27 -28 28 -30 -31
leaf_value=-0.015667754720986349 -0.03100388948962601 0.014591374767075255 0.0004486759368210701 -0.0043412602762818043 -0.021307899355053297 0.015300887832710339 -0.0075387393089895154 -0.051266414047385682 0.007239774553854883 0.020591012943499555 0.026295098305043983 -0.0058012669733851765 0.010249343492409984 -0.055588072215464329 -0.0017481354512802268 -0.020023713347765437 0.023854556431395939 -0.034397610173847779 -0.015116204990550131 -0.042958844786631513 -0.03951163111674532 0.013951745124788721 -8.9419387359204329e-05 0.010185252544295807 -0.0015161964788539377 -0.035878946887002938 0.0052286411164453768 -0.037150246597541847 0.0035753158705175894 0.020216399818764781
leaf_weight=62.218188175538671 6.817026535572948 31.143699211534113 67.875695649941918 404.9228334674408 3.1873780743044362 6.364574249368161 4.7400142917758741 2.947832481004296 5.3144650072790682 23.201246488315519 28.293813984608281 196.42708080775628 70.138859682425391 4.879068255890159 123.52415092085721 11.473391823150452 11.976548601873221 25.587629916379228 11.298534733243285 6.0360753393033511 6.276231436582747 16.889796619769186 5.0690958136692643 89.571705875685439 56.017774220003048 3.2952415686740997 561.75639437700738 14.985478388203775 10.943984096375059 19.907760455505922
leaf_count=15315 413 178 1807 32068 271 44 96 91 53 723 206 28482 595 137 3724 412 67 971 153 255 288 196 25 1788 1519 192 7680 867 409 213
internal_value=2.3728e-10 0.00129362 -0.00150988 -0.0032892 0.00747658 -0.0086462 0.00573463 0.0144228 -0.0136341 0.0155302 0.0214403 -0.00817469 0.00272982 0.00237787 0.00181422 -0.00333839 -0.0120635 -0.0186334 0.00493679 0.00108069 -0.00698862 0.000208095 -0.0273087 0.0029037 -0.00554739 0.00855073 0.00356463 -0.00195475 -0.0199613 0.00130045
internal_weight=1893.08 1634.44 553.665 444.493 39.5702 13.1816 109.172 41.2961 8.2623 26.3886 33.0338 258.645 1080.77 1049.63 979.489 248.371 83.5021 60.227 23.2751 164.869 34.6394 28.3632 9.94816 154.921 62.0538 92.8669 731.118 169.361 25.9295 143.432
internal_count=99238 55441 35772 33519 1451 457 2253 446 144 994 302 43797 19669 19491 18896 6003 2087 1867 220 3916 896 608 162 3754 1774 1980 12893 5213 1276 3937
is_linear=0
shrinkage=0.03


Tree=76
num_leaves=31
num_cat=0
split_feature=10 12 17 18 10 17 17 6 17 12 17 6 3 17 8 2 17 17 16 8 18 6 6 7 15 5 10 3 16 17
split_gain=20.5446 8.44634 6.57359 7.95768 5.3702 11.2247 9.22896 7.96175 13.4442 7.04454 7.78618 8.85301 8.2927 6.58082 14.7809 9.51015 8.30134 6.50712 9.68691 7.08216 6.6478 6.45537 11.5772 8.20849 6.1788 7.17509 6.79683 6.63326 6.14989 6.27444
threshold=3.2770746835026343 0.92726135714451496 -30.561251399369656 42.163177820476072 6.0589170291175574 -2.1627233298177346 -5.7133756629992485 33.758671171923389 -9.4033059052792165 1.7158434019825217 -29.906819273322601 7.934404393232569 9.224096893011227 -9.6116484079000042 9.3969282438620461 -3.3408515350344667 -12.511344381877764 -10.831302703641047 -3.7795058596661422 8.8599832140698567 67.292035775827756 18.413945183198852 30.130821208867481 3.6645934667501994 0.20857340305933442 -15.18812089508878 3.6170762603656534 -18.549673544450773 -1.0520099450216354 -59.403588857471597
decision_type=2 2 2 2 2 2 2 2 2 2 2 2 2 2 2 2 2 2 2 2 2 2 2 2 2 2 2 2 2 2
left_child=1 -1 -3 -4 9 6 7 13 -9 10 11 12 24 16 15 -15 21 18 -12 20 -20 -6 23 -23 25 -2 -27 -26 -29 -30
right_child=4 2 3 -5 5 -7 -8 8 -10 -11 17 -13 -14 14 -16 -17 -18 -19 19 -21 -22 22 -24 -25 27 26 -28 28 29 -31
leaf_value=-0.010975579394350614 0.013678032399408967 0.0072016138294016367 -0.02102628955088396 -0.0025812827878974524 0.0073750150848638941 -0.030791181858128801 0.019319360528099301 -0.049310844345946993 0.0061032301807937023 0.004660519218096887 0.01860605202408399 0.019413383722908281 -0.028275006199943085 0.011051859806167135 0.028538481930351193 -0.050361510366939075 0.022597232732899295 0.00048074206646708432 -0.0052249813499054753 -0.045013338251434221 -0.036326068857759963 0.0030714449920691495 0.020474045026394758 -0.060490667543328797 -0.035710010037434681 0.0086481996882207656 -0.027791167283373691 0.0197601520357387 0.019297680049106335 -0.00052231638880151441
leaf_weight=171.16702881200763 9.6178399925120157 51.701507006306201 23.944932399157551 174.17534963555227 85.234409939846955 7.1785620441660276 45.350518518127501 6.5058914422988918 9.9924153578467649 334.06149927916704 14.505923170596359 31.93490069906693 7.701908186019863 3.2374524679034957 5.4612666815519324 7.5891277943737814 29.192829386331141 440.29568283603294 267.17537834282848 4.240728286036755 6.3320108496118328 2.843765269033609 4.9907246204093099 5.1221051402390003 3.2019268693402401 6.4721919900912352 15.984806085587477 29.841048805450555 18.484582771779969 64.65921338001499
leaf_count=34658 54 2712 4589 16691 885 104 212 115 71 4529 208 413 290 26 21 155 162 14243 14107 154 307 36 23 140 69 327 776 530 140 2491
internal_value=-2.53703e-10 -0.00584194 -0.0023246 -0.00481056 0.00167624 0.00608407 0.00737207 0.00398932 -0.0157486 0.000928902 -0.000425427 0.00502262 0.00207598 0.00625589 -0.0116998 -0.0319972 0.00855177 -0.00182285 -0.00529332 -0.00654151 -0.00594501 0.00437596 -0.0153532 -0.0377994 0.00365266 -0.00800348 -0.0172892 0.00687049 0.0080772 0.00388408
internal_weight=1888.2 420.989 249.822 198.12 1467.21 212.699 205.521 160.17 16.4983 1254.51 920.448 187.898 155.964 143.672 16.2878 10.8266 127.384 732.55 292.254 277.748 273.507 98.191 12.9566 7.96587 148.262 32.0748 22.457 116.187 112.985 83.1438
internal_count=99238 58650 23992 21280 40588 1950 1846 1634 186 38638 34109 5090 4677 1448 202 181 1246 29019 14776 14568 14414 1084 199 176 4387 1157 1103 3230 3161 2631
is_linear=0
shrinkage=0.03


Tree=77
num_leaves=31
num_cat=0
split_feature=9 2 5 2 10 4 8 13 11 11 13 5 14 3 12 11 11 8 12 13 13 5 0 16 12 0 8 5 3 13
split_gain=20.2614 7.33019 7.36034 11.496 8.79477 7.55786 6.73613 7.54967 6.44825 6.51592 6.20104 6.10653 12.8152 12.4671 6.60124 6.45723 19.2425 7.48317 9.13117 7.44593 9.77829 8.51244 8.52701 7.1581 5.73549 18.1064 5.67844 5.59462 5.59306 5.53249
threshold=2.7997553325013351 9.7444500916364483 18.930767825942063 4.4098950142497886 6.0589170291175574 -12.734739292349621 13.811529858943468 2.8669113543458811 1.5686583254973152 1.876760586005052 0.60934842859631322 8.2238965250385991 234.3579463467255 17.450356741717822 0.31653261403262783 0.75761156655969109 0.90787818581538249 4.8509222948214861 1.7158434019825217 1.356835736008797 1.5787410338358796 11.106282466465277 0.62871517557765488 -1.5737260879913271 0.7386320203946446 5.8458775845701192 2.6295840438975175 15.18416787330853 18.653788412539608 1.6498414330568842
decision_type=2 2 2 2 2 2 2 2 2 2 2 2 2 2 2 2 2 2 2 2 2 2 2 2 2 2 2 2 2 2
left_child=-1 2 4 -4 5 8 7 11 -2 -10 -3 28 14 -14 -13 -16 17 18 26 21 23 -18 -23 -21 -24 -26 -17 -6 -7 -22
right_child=1 10 3 -5 27 6 -8 -9 9 -11 -12 12 13 -15 15 16 19 -19 -20 20 29 22 24 -25 25 -27 -28 -29 -30 -31
leaf_value=-0.0078429548664616516 0.0073904241052714396 0.024962725400340807 0.0041324955909071703 -0.061485252493554916 0.0054133363970060933 -0.0031154716973163777 0.019044320277801258 -0.054622547273659769 -0.030725816990790331 0.010091330885646142 0.0042827457055610932 -0.036419413928547063 -0.0062735934614555709 -0.058890430282487596 0.025975640263963803 -0.00068889287272450191 0.020473453634450706 -0.065789574219364877 0.029883135535758044 0.019866321616850657 0.027323212328485575 -0.044857194079725667 0.028454212410597195 -0.038379640514229582 -0.050465973564542577 0.026433672138876516 -0.053307808552320861 0.025599608947028524 0.031551901377809194 -0.00042951030142652667
leaf_weight=256.12556357354333 146.17854462067771 13.577897644601761 5.2546058236621302 4.4278679778799415 133.1462178977672 747.52491009912046 14.111294977366923 2.4323257911019018 8.3955679919454251 6.061094910837709 335.5867418825801 3.1207244392135172 31.158018567715771 4.6588187318411647 15.556903546326792 3.0738432758953405 59.99214881460648 3.4797368845902374 2.9382686540484428 2.4482651306316248 9.1306924235541391 3.4345950599527013 6.8052195124328163 8.4631089321919699 4.812240626459241 6.4480092478916049 4.6202013423899189 13.620716238860039 4.2120211754227048 22.141479465295561
leaf_count=43797 3466 76 52 67 1430 41807 118 131 186 36 4140 110 786 192 117 98 841 84 21 45 100 138 40 366 150 23 208 52 35 526
internal_value=1.81851e-10 0.0012348 0.000182059 -0.025875 0.000381037 -0.000522931 -0.00153018 -0.00183694 0.0055002 -0.0136128 0.00508692 -0.00170093 0.00306987 -0.0131176 0.00677539 0.00765445 0.00558589 -0.0276031 -0.0151054 0.00937293 -0.00085823 0.014669 -0.00152739 -0.0253106 0.00671044 -0.00643057 -0.0322861 0.00728672 -0.00292123 0.00767359
internal_weight=1882.94 1626.81 1277.65 9.68247 1267.96 1121.2 960.563 946.452 160.635 14.4567 349.165 944.019 192.282 35.8168 156.465 153.345 137.788 14.1121 10.6323 123.676 42.1835 81.4922 21.5001 10.9114 18.0655 11.2602 7.69404 146.767 751.737 31.2722
internal_count=99238 55441 51225 119 51106 49624 45936 45818 3688 222 4216 45687 3845 978 2867 2757 2640 411 327 2229 1037 1192 351 411 213 173 306 1482 41842 626
is_linear=0
shrinkage=0.03


Tree=78
num_leaves=31
num_cat=0
split_feature=9 15 15 6 2 13 13 8 5 4 15 7 7 17 15 15 16 1 12 6 17 17 6 4 5 15 15 16 16 15
split_gain=19.3288 6.76601 8.3775 7.54873 10.3756 7.42986 10.5901 7.63536 7.04002 7.53275 7.56553 6.83319 9.66138 5.04405 4.90533 6.59725 7.37411 17.884 7.15705 14.8326 15.9797 6.90261 8.92606 7.50627 10.7683 13.5789 8.96375 7.96131 7.7337 7.19773
threshold=2.7997553325013351 0.96105965272177774 0.92360119774682148 13.787198230875118 -14.484028047423328 2.4169426162521419 2.3014396993652197 9.3969282438620461 -1.7801337274615874 4.640617313181151 0.14017114014741175 1.148556337877549 3.5874653186811383 -5.2261641315248619 0.74336444509260613 0.13538108533102278 -2.5730160036387413 -8.2379209450383382 3.1804438441311573 17.356436125343269 -1.236616197946806 -5.9093821118971119 15.637538729079886 37.759335321162155 3.8354327885782777 0.60426169572290767 0.60000049899341834 -1.7571674171096079 1.6556167139816393 0.25416728702174968
decision_type=2 2 2 2 2 2 2 2 2 2 2 2 2 2 2 2 2 2 2 2 2 2 2 2 2 2 2 2 2 2
left_child=-1 2 3 4 -2 6 -6 -7 -5 10 -10 -3 -13 -4 15 -11 17 -17 21 -20 -21 22 -18 24 28 26 27 -26 -24 -23
right_child=1 11 13 8 5 7 -8 -9 9 14 -12 12 -14 -15 -16 16 18 -19 19 20 -22 29 23 -25 25 -27 -28 -29 -30 -31
leaf_value=-0.0076746240065620362 0.01310006539192375 0.018724954467181136 -0.011912958914796783 0.023003342008498094 -0.0015280893593108951 0.016380607390352787 -0.048704045795615894 -0.033839865641509509 0.015787855728217285 0.010999426029213425 -0.050538712958241104 -0.030111984043091313 0.010021656249146258 -0.053163088242609159 0.0076261670638014334 0.032970854038303785 0.012434860252032408 -0.036301006617186049 0.014568005596174076 -0.057064995215393821 0.010086837132597844 -0.010799550426063535 -0.010567082393252446 0.0062738083280185703 0.015811928442946405 -0.059694195441288046 0.042602062042734506 -0.025785508511292635 0.034955061324343166 0.0088348796101383169
leaf_weight=255.26688126179215 47.865552898612805 38.682409466186073 17.205781754455533 16.7496307506226 894.20922268304275 32.732901001989376 4.3031653757789163 2.9720371575094751 2.3487962819635859 56.109000445867423 4.5384366062644403 7.4118365296162692 19.872423082590103 3.157511155906831 183.76594163750997 4.4779752008616951 23.278404218668584 13.366255080793051 9.3116832161322254 9.3499395197723043 4.8403547679772592 19.182420758501394 8.3198031648062152 21.162151190452278 4.9698051742743692 7.3308523154119021 2.3014773884788147 24.827061088231861 5.6328490031883112 135.49898484841106
leaf_count=43797 337 168 771 97 44782 572 246 60 26 653 188 85 97 177 2108 13 386 355 71 155 37 590 170 181 63 231 6 630 29 2157
internal_value=-2.98894e-10 0.00120501 0.00080701 0.00105987 -0.000522726 -0.0012207 -0.00175402 0.0122003 0.00384844 0.00325497 -0.0279189 0.0106159 -0.000880746 -0.0183092 0.00365724 0.00157313 -0.000226763 -0.0189174 0.000981616 -0.0148531 -0.0341593 0.00245545 -0.00378182 -0.00884592 -0.0148398 -0.0228551 -0.0144415 -0.0188475 0.00781074 0.00639997
internal_weight=1881.04 1625.77 1559.81 1539.44 982.083 934.217 898.512 35.7049 557.362 540.612 6.88723 65.9667 27.2843 20.3633 533.725 349.959 293.85 17.8442 276.006 23.502 14.1903 252.504 97.8224 74.544 53.3818 39.4292 32.0983 29.7969 13.9527 154.681
internal_count=99238 55441 55091 54143 45997 45660 45028 632 8146 8049 214 350 182 948 7835 5727 5074 368 4706 263 192 4443 1696 1310 1129 930 699 693 199 2747
is_linear=0
shrinkage=0.03


Tree=79
num_leaves=31
num_cat=0
split_feature=9 6 14 15 16 8 1 15 18 13 10 12 13 12 6 4 8 16 1 14 16 18 13 6 5 2 17 4 10 10
split_gain=18.7617 8.37302 7.44148 7.38823 6.67199 6.79705 6.1223 6.07877 5.93928 5.79887 5.78843 8.69439 8.22773 6.50989 5.65263 6.29269 5.89096 5.8756 8.61417 6.86234 6.55116 6.05435 5.46826 5.24638 5.97768 5.22919 5.19473 8.75033 8.81327 9.09341
threshold=3.2510649598502512 19.633566365581895 60.631206367636189 0.96105965272177774 -1.722914513202366 0.84262705447784236 -5.6916707712982841 0.92857095674807089 44.067249248821447 0.76687353846670292 4.537116203894449 1.3093159272900385 0.82591852740865945 1.8625861522776466 -15.746440968775449 -14.07199888374821 5.8062947187532457 3.2503459181806345 5.5950898756987009 96.526690845546895 -2.7288489961796443 58.134974652531035 0.93043643206743742 11.577242714219214 3.1148010765342637 8.2632478803340259 -5.3265539903322843 -19.034912486072951 2.8384636711572884 3.857604209549335
decision_type=2 2 2 2 2 2 2 2 2 2 2 2 2 2 2 2 2 2 2 2 2 2 2 2 2 2 2 2 2 2
left_child=1 2 6 7 9 -6 -1 10 -7 -4 11 14 -13 -14 15 -2 17 18 19 20 21 -16 -21 24 -9 -8 27 -15 -29 -30
right_child=3 -3 4 -5 5 8 25 23 -10 -11 -12 12 13 26 16 -17 -18 -19 -20 22 -22 -23 -24 -25 -26 -27 -28 28 29 -31
leaf_value=0.025171036009302619 -0.002466900434824486 0.011591797652685858 0.017607939608626371 0.011705486845173745 0.051049195286805175 -0.023362684292296206 -0.0040313724463283884 -0.041599145673476438 -0.01001291850860199 -0.011458803886521729 0.0032440782689730366 0.020579972562076401 -0.0051890684325226651 0.018799062012365642 0.027912968451951105 0.030433078097285911 -0.020817471133494539 0.016431425246450804 -0.024001572709213992 -0.0024458774059366323 -0.0019409547117545081 -0.016007080010544909 -0.017847377115298654 -0.052772217210257384 0.010211752086580482 0.026759790165481395 0.0099604726234951008 0.015189053245434896 -0.016409076980966258 0.0028323086291977871
leaf_weight=7.1372320372029199 13.151394756743686 24.438331744080642 13.627238380839119 62.820474998268764 1.5251124767091813 36.962082752157585 175.17209055757849 3.0945422124350426 159.09241806362115 11.299091573106123 713.09941824147245 21.823725679831114 91.52496313987649 19.872964542999398 12.619952937937343 8.6892116861417872 20.235294978047023 12.053841359214855 19.85119359116652 39.475328728658496 153.94366069475655 3.6394000826694528 43.732506359752733 3.2275078839156768 5.6879012666177005 5.108691227331291 88.166864249331411 19.885250354156597 44.798854803695576 43.637628759082872
leaf_count=287 352 463 1099 322 213 8128 22780 244 24443 1893 9887 272 3841 117 254 101 1156 200 1533 2867 9411 199 4545 146 137 131 1115 579 1815 708
internal_value=-3.60525e-11 -0.00546715 -0.00648415 0.00164337 -0.0101938 -0.012039 -0.00207998 0.00118606 -0.0125297 0.004432 0.00137232 -0.000658955 0.00277973 0.001518 -0.00412199 0.0106222 -0.0051759 -0.00406656 -0.00497074 -0.00347995 -2.81634e-05 0.0180822 -0.0105406 -0.0200642 -0.0080441 -0.00315883 0.00435522 0.000500166 -0.00285699 -0.00691471
internal_weight=1879.39 434.362 409.924 1445.03 222.506 197.58 187.418 1382.21 196.055 24.9263 1370.2 657.102 329.71 307.887 327.392 21.8406 305.551 285.316 273.262 253.411 170.203 16.2594 83.2078 12.01 8.78244 180.281 216.362 128.195 108.322 88.4365
internal_count=99238 59437 58974 39801 35776 32784 23198 39479 32571 2992 38952 29065 8447 8175 20618 453 20165 19009 18809 17276 9864 453 7412 527 381 22911 4334 3219 3102 2523
is_linear=0
shrinkage=0.03


Tree=80
num_leaves=31
num_cat=0
split_feature=10 0 10 14 8 11 5 12 11 10 8 18 18 14 11 18 16 9 14 0 10 5 11 8 13 18 3 12 16 13
split_gain=17.7606 7.88471 7.04684 6.25417 7.56382 6.21747 9.45416 7.69609 6.19886 7.19958 17.1415 13.2111 8.13722 7.78399 6.25852 9.65337 6.82365 6.48313 7.94881 6.38184 6.49768 5.87754 8.83875 7.92553 7.16854 5.78985 5.94378 5.76072 5.82546 5.74664
threshold=3.2770746835026343 4.6684942264196714 3.131120429357376 101.73880241703736 0.84262705447784236 1.5206558573594704 -15.18812089508878 3.9543291698517464 1.0604945839041429 5.2173595525078671 4.5454511244887987 51.151932471473067 78.957647374468351 34.620052577822271 0.98909610639516476 70.336763887809553 5.9009304216386864 5.0848097665451268 128.87146520468517 5.8458775845701192 6.5369096556467978 9.0151855731971349 1.1136400145835028 9.3969282438620461 1.4557749656106633 21.622303992098171 -0.17293851774485833 0.64189565060774278 -1.8909219565454205 2.4169426162521419
decision_type=2 2 2 2 2 2 2 2 2 2 2 2 2 2 2 2 2 2 2 2 2 2 2 2 2 2 2 2 2 2
left_child=1 3 -3 25 -5 6 -2 8 14 29 11 -11 13 -12 16 27 19 18 -17 -8 -21 22 -15 -23 -24 -1 -27 28 -16 -10
right_child=5 2 -4 4 -6 -7 7 -9 9 10 12 -13 -14 21 15 17 -18 -19 -20 20 -22 23 24 -25 -26 26 -28 -29 -30 -31
leaf_value=0.02529674310865427 0.014853116734162687 0.010682225139704789 -0.034632669331437119 0.084702342349524534 -0.013132459988341784 0.0074367747300115193 -9.8385092259546208e-05 0.010753648816003148 -0.0067712495475662389 0.0075887761994568653 -0.023836989218014165 -0.04798325228754554 -0.024959228083996646 -0.038465993405733673 -0.036339218786921305 -0.045119829526990458 0.020712554378249311 -0.043750701545089823 0.015947682094647989 -0.057524012980884415 0.0058739522579041503 0.022034152430074474 0.013273441400689286 -0.0043842495096611195 -0.023500383617816013 -0.010770894343637727 -0.0012870705723055428 0.011773286230735966 0.0023169272881478141 0.014854448283829071
leaf_weight=5.8516074155195374 42.350735476240516 37.924920103570912 3.3623783253133288 0.71554591815220092 117.33173313453153 145.97218188480474 613.46395520758233 61.983355536591262 263.20035451820877 6.3364651608280864 6.1528362641693084 9.8116737031377834 6.7927848640829316 4.3881296233157618 3.9896564015652975 2.7084035499719885 14.092047134414313 5.1825633067637673 6.5761532295146026 3.5051507116295388 2.4874936966225505 49.456127006560564 27.300589768274222 12.88230002298951 5.7811118243262163 95.885801645417814 156.62780510260927 121.67797838636034 29.099679946317337 11.544065249909179
leaf_count=128 262 566 118 105 21321 1761 22033 563 10151 87 117 250 92 95 195 122 71 88 108 111 17 218 275 77 105 17272 19140 2535 1091 164
internal_value=1.13893e-10 -0.00545347 0.00699185 -0.00681855 -0.0125394 0.00156371 0.00090966 0.000444106 -8.55731e-05 -0.00311824 0.00273113 -0.026177 0.00687123 0.00891176 0.00143928 0.00656439 7.02514e-05 -0.0168706 -0.00186636 -0.000399341 -0.0312081 0.0109306 0.00154046 0.0165748 0.00684712 -0.00420467 -0.00488832 0.00875502 -0.00234393 -0.00586259
internal_weight=1874.44 417.7 41.2873 376.412 118.047 1456.74 1310.76 1268.41 1206.43 403.646 128.902 16.1481 112.754 105.961 802.783 169.234 633.549 14.4671 9.28456 619.457 5.99264 99.8083 37.4698 62.3384 33.0817 258.365 252.514 154.767 33.0893 274.744
internal_count=99238 58650 684 57966 21426 40588 38827 38565 38002 11631 1316 337 979 887 26371 4139 22232 318 230 22161 128 770 475 295 380 36540 36412 3821 1286 10315
is_linear=0
shrinkage=0.03


Tree=81
num_leaves=31
num_cat=0
split_feature=9 15 15 8 16 7 17 15 16 1 14 7 4 4 8 12 9 4 3 15 3 3 8 17 9 7 7 14 3 12
split_gain=17.4818 6.8874 7.13519 6.80615 10.3772 8.22773 7.14222 7.01274 7.22838 6.23064 6.39647 6.16319 10.024 10.3197 9.34845 7.57286 7.01575 8.67542 7.97523 7.73357 7.30707 7.80351 6.3848 5.89021 6.91499 5.83005 7.01299 5.67189 5.56656 5.86466
threshold=2.7997553325013351 0.96105965272177774 0.92360119774682148 3.5150325938908979 1.6556167139816393 3.259333486134786 -3.1782316069755736 0.16136470708844594 -2.2429226499946959 2.5418602620885693 86.010816874823391 0.73169043814022017 -9.6268874201113448 -6.8405520842646323 11.343058566326439 0.42554084664368441 3.5956714114210895 -0.18027949709761845 20.055109574488533 0.75794306987335747 3.8102467370135455 7.1428566933487323 3.9092666493013786 -37.345984536951953 3.4610850799333686 1.148556337877549 4.4354231376119939 459.60048967212242 2.397341816742105 0.96695414277254954
decision_type=2 2 2 2 2 2 2 2 2 2 2 2 2 2 2 2 2 2 2 2 2 2 2 2 2 2 2 2 2 2
left_child=-1 2 3 4 5 6 -2 -7 -9 -10 -11 12 15 22 16 -5 17 -15 19 27 -19 -22 -14 -6 -25 -3 -27 -18 -17 -30
right_child=1 25 -4 11 23 7 -8 8 9 10 -12 -13 13 14 -16 28 18 20 -20 -21 21 -23 -24 24 -26 26 -28 -29 29 -31
leaf_value=-0.0073409362113665373 -0.0056162009736336685 0.01838442206724274 -0.017270314153827234 -0.036703599532104052 0.028625237264994156 -0.024557745033809631 -0.027290566907959946 -0.051826770156823833 0.011292028436183084 -0.035854820316051771 0.0019245578835675073 0.0038565770314797697 0.0050195944313360438 0.014413030467009237 0.018192778497005582 0.0063334117035019743 -0.0048042436908492612 -0.033835484991686454 0.025540199494633382 -0.024163487739243261 0.019002277889814071 -0.028065380003131891 -0.030998941502100173 -0.015218658610919608 0.012382591873986323 -0.02215875842821393 0.01091713372620493 -0.052615606733914279 5.0406440880188272e-05 -0.063925250464016981
leaf_weight=252.53682772855245 254.22028822280117 37.561326172726694 19.526353994486271 3.9372928586089975 12.024139997200107 7.5271060647501136 14.461412660530184 1.9347089459188271 68.218704833983793 5.264190906018487 17.251467510621296 720.6053016409569 5.6886461098329191 30.959428270114586 17.396837261039764 168.81754253356485 81.742020526886336 7.6856565424241152 5.7444227156229308 28.632028038962744 9.0914029132691194 4.8675257808936285 20.008269971571281 11.30191160571121 29.471415334875928 8.6514513108413684 17.317872675601393 2.2958184257149687 3.3672489500604561 2.0900609097443521
leaf_count=43797 20934 168 948 146 116 422 1778 129 1738 268 523 13474 319 1751 144 3457 3141 685 28 1394 278 251 1265 878 745 103 79 113 92 74
internal_value=2.15314e-12 0.00114601 0.000750231 0.000979525 -0.00226625 -0.00404673 -0.00678279 0.00329018 0.00555215 0.00677563 -0.00690831 0.00220931 -0.000816325 -0.00519123 -0.00275893 0.00443988 -0.00489024 0.00422629 -0.00894014 -0.0106981 -0.0103444 0.00258963 -0.0230254 0.0101733 0.00473183 0.0108278 -0.000101808 -0.0061104 0.00536941 -0.0244512
internal_weight=1870.2 1617.66 1554.13 1534.6 421.675 368.878 268.682 100.196 92.6691 90.7344 22.5157 1112.93 392.324 214.112 188.415 178.212 171.018 52.604 118.414 112.67 21.6446 13.9589 25.6969 52.7975 40.7733 63.5307 25.9693 84.0378 174.275 5.45731
internal_count=99238 55441 55091 54143 27531 25792 22712 3080 2658 2529 791 26612 13138 9369 7785 3769 7641 2965 4676 4648 1214 529 1584 1739 1623 350 182 3254 3623 166
is_linear=0
shrinkage=0.03


Tree=82
num_leaves=31
num_cat=0
split_feature=8 16 11 14 1 11 3 3 17 2 5 0 12 16 17 3 3 4 11 5 2 7 5 8 1 1 13 12 16 14
split_gain=13.6886 15.6468 8.88708 8.69386 7.82577 8.70482 7.45285 6.83583 10.9818 7.54283 5.47524 5.36189 9.19684 5.80019 5.72044 5.69016 5.4308 5.30451 7.94284 7.01406 5.52432 5.4336 5.22202 5.21553 5.12017 7.14963 4.96447 7.46209 8.55515 13.9581
threshold=3.4556861532349132 1.692728419262522 0.77208062622846774 17.631663437258304 4.1764536642336827 1.2775432648576743 10.233267557781835 7.7952177502028439 -8.0558737872803281 -7.2607450302153085 15.18416787330853 -0.63024169692858001 0.56804747799449695 -0.96309612817497803 -10.936108134654509 1.2234760683389025 -4.2367273368545009 16.910344725133225 0.89275649649782529 12.640929631338652 15.216048403382223 5.3003887123473161 8.2238965250385991 3.3076385495645546 2.7346944027762281 1.1702672623058354 2.4169426162521419 2.6343705450370165 7.4703864115313676 51.395074650382547
decision_type=2 2 2 2 2 2 2 2 2 2 2 2 2 2 2 2 2 2 2 2 2 2 2 2 2 2 2 2 2 2
left_child=1 2 7 23 5 24 -6 9 -9 -1 -8 12 -11 14 -13 16 -14 20 21 -20 -5 22 -19 -4 25 -3 -2 -28 29 -29
right_child=26 4 3 17 6 -7 10 8 -10 11 -12 13 15 -15 -16 -17 -18 18 19 -21 -22 -23 -24 -25 -26 -27 27 28 -30 -31
leaf_value=0.025529836066305704 0.0013026408225586567 -0.017712204248659037 0.0051552758008636054 -0.011514819157429183 0.026053729576221037 0.0282211332420703 -0.031126716983293952 -0.016322656594996127 0.023657091217463493 -0.029908859768591721 0.011420442014647085 0.026493614617377356 -0.024849593030376527 -0.0041851366111248763 -0.015002204873473838 -0.03882397786278434 0.023622159488865948 -0.037720398611062161 0.012483154581173744 -0.019474471078587199 0.024905452944863175 -0.051173616130555551 0.013848849670865285 -0.039342059269691101 -0.037034098023190243 0.014622155257901639 0.015841048988816258 0.013262512910806041 0.014759997537800374 -0.03355724471065271
leaf_weight=8.118042705988044 1133.9508181635902 13.520097733824519 53.904480703713489 290.04336015599984 29.4147761380882 7.2573067230114239 3.8674264497531103 8.4014339801506157 23.423231206397759 16.991463952093913 9.191737328656016 11.72587565355934 2.7407777889893614 72.245620244815655 4.0132806513865935 2.4078293789643785 8.6328101477411092 3.0020071201142837 30.675256609247299 7.7408382248831904 3.7973781737964591 3.9139580064220354 4.2966600701329298 2.4797373491892349 4.7354948525608043 11.297268344002076 53.44234156399034 10.181324303150179 17.298999826423824 13.109930995618923
leaf_count=88 31562 1382 5488 42262 459 177 150 573 545 2002 43 711 390 7690 438 402 724 278 1018 279 51 197 142 261 459 660 441 89 77 200
internal_value=1.01936e-10 -0.00356539 -0.00533566 -0.00771966 0.0089061 -0.0012183 0.0176804 0.000670954 0.0131028 -0.00244736 -0.00117975 -0.00435983 -0.0151386 -0.000589932 0.0159127 0.00307203 0.0119416 -0.00951197 -0.000440254 0.0060437 -0.0110442 -0.0226552 -0.00736204 0.00319832 -0.00844775 -0.00299308 0.00185193 0.00847592 -0.00122123 -0.0130909
internal_weight=1865.82 637.838 558.554 399.854 79.2841 36.8102 42.4739 158.7 31.8247 126.876 13.0592 118.758 30.7729 87.9848 15.7392 13.7814 11.3736 343.469 49.6287 38.4161 293.841 11.2126 7.29867 56.3842 29.5529 24.8174 1227.98 94.0326 40.5903 23.2913
internal_count=99238 66869 63539 49976 3330 2678 652 13563 1118 12445 193 12357 3518 8839 1149 1516 1114 44227 1914 1297 42313 617 420 5749 2501 2042 32369 807 366 289
is_linear=0
shrinkage=0.03


Tree=83
num_leaves=31
num_cat=0
split_feature=9 1 16 0 1 14 14 16 7 3 2 8 17 17 0 7 9 11 16 11 14 0 17 1 8 13 11 4 0 16
split_gain=16.5861 6.19511 5.84625 5.98078 9.30622 5.99247 7.30134 8.2479 5.86321 5.29309 5.21914 5.15727 5.03254 4.82065 6.84396 9.56781 5.06207 9.39841 9.68286 7.46622 7.27474 13.4326 11.5668 14.7682 10.6803 7.80516 7.16157 6.90584 6.93194 6.89181
threshold=3.2510649598502512 10.668728378950433 -2.5730160036387413 -0.98600640897216441 -5.5087163230906784 54.346600610470588 570.41412361904952 0.26381973223619859 5.3003887123473161 -0.17293851774485833 -7.5112405861542539 1.2995671611564503 -20.788157716709296 -59.403588857471597 1.8739987328800563 -3.0076144722927296 5.8290862474013334 1.057828162404409 5.9009304216386864 0.84592472495811122 40.222347746287085 7.3776006052357053 -5.0255016361987996 -5.0622753343161007 6.4537727266545852 1.0210226291162152 1.3453437830687869 -20.80294495528052 5.3774417060707327 4.6454240829263362
decision_type=2 2 2 2 2 2 2 2 2 2 2 2 2 2 2 2 2 2 2 2 2 2 2 2 2 2 2 2 2 2
left_child=1 2 -1 4 10 8 9 -8 11 -7 -4 -5 -13 14 15 -2 17 18 29 -18 22 -22 23 -21 -25 -23 -27 -19 -29 -15
right_child=13 -3 3 5 -6 6 7 -9 -10 -11 -12 12 -14 16 -16 -17 19 27 -20 20 21 25 -24 24 -26 26 -28 28 -30 -31
leaf_value=0.011101102547547283 0.010253213089789876 0.026698961965168046 -0.030003392327794642 -0.025393148518734171 -0.018148352389333506 -0.017547946933295876 0.025337054063341614 -0.039752196107044821 0.033628243578198977 -0.0062581788569391408 0.025067645908098658 0.0082552867694869331 -0.0041472444661075306 0.0021477058856946354 0.018409731775579769 -0.029332360472402799 -0.035781110167146989 0.016907334840621766 0.022864543142275977 -0.052088745580755019 0.0079639710717760073 0.01608259218484873 -0.045606292711194242 -0.018699424787461571 0.018104146317406242 -0.043605842708089308 -0.009519741144940275 -0.0061541618174149734 0.0051389434570913326 -0.02151064640508429
leaf_weight=18.101756637799554 17.845109072513882 5.4196399989305055 1.9509427272132596 7.3562629938896853 64.226649346768681 52.633033416568651 10.293593862821579 2.1115555284195571 4.5572194065316571 128.92630347406521 7.5137767821142898 46.77132815560617 79.483731041415012 563.23443367899745 35.177965937182307 7.9402800058014682 4.1867741830646983 14.218717139039653 20.101772520225495 4.4502513720653942 308.73030080180615 7.3569022091105571 6.0474427586304946 10.492672317777759 21.92542024422437 7.5585420224815634 20.850158204790205 314.16604253803962 57.939951492240652 11.304115589242427
leaf_count=1485 129 31 219 1733 11246 11121 254 193 21 18006 412 5053 9663 15142 158 224 74 177 86 147 3362 47 139 309 195 81 197 18329 813 192
internal_value=2.87383e-11 -0.0051725 -0.00557996 -0.00632402 -0.0140558 -0.00460855 -0.00800959 0.0142578 0.00016592 -0.00953102 0.013716 -0.000975414 0.000447287 0.00154918 0.00980391 -0.00193666 0.00118254 3.14415e-05 0.00239829 0.00406608 0.00449671 0.00594768 -0.00715064 -0.000842835 0.00619204 -0.011457 -0.0185888 -0.00361167 -0.00439573 0.00168222
internal_weight=1862.87 429.346 423.926 405.824 73.6914 332.133 193.964 12.4051 138.169 181.559 9.46472 133.611 126.255 1433.53 60.9634 25.7854 1372.56 980.965 594.64 391.598 387.412 344.496 42.9158 36.8683 32.4181 35.7656 28.4087 386.325 372.106 574.539
internal_count=99238 59437 59406 57921 11877 46044 29574 447 16470 29127 631 16449 14716 39801 511 353 39290 34739 15420 4551 4477 3687 790 651 504 325 278 19319 19142 15334
is_linear=0
shrinkage=0.03


Tree=84
num_leaves=31
num_cat=0
split_feature=9 6 16 14 8 15 10 7 13 5 3 16 18 5 3 7 1 3 9 3 7 6 15 14 9 14 1 16 16 3
split_gain=15.527 6.007 6.47251 6.32212 5.37483 5.34215 5.59067 5.55836 7.12948 6.66436 5.21955 6.84887 5.16289 4.67205 4.65739 4.65709 4.44642 12.0444 7.86961 5.83023 6.16254 8.38554 6.91336 6.52431 11.3026 9.71925 10.0416 9.34668 7.8822 7.84195
threshold=3.2510649598502512 19.633566365581895 -2.5730160036387413 60.631206367636189 0.84262705447784236 0.96105965272177774 6.0589170291175574 1.148556337877549 0.60441937864651274 15.18416787330853 8.0857173616349165 -0.7449131979707303 41.663354399474322 9.7556388508183769 7.6614251142517302 0.75257918511678634 13.119564796951446 18.653788412539608 7.0387950819912755 16.530690302907484 -3.5490193163139834 3.7741168536690179 0.10181149490881376 35.834767688027654 5.5479096842719562 118.16755749809481 -7.2765077015031867 4.2906277802910422 5.9009304216386864 -7.4577509361860406
decision_type=2 2 2 2 2 2 2 2 2 2 2 2 2 2 2 2 2 2 2 2 2 2 2 2 2 2 2 2 2 2
left_child=1 2 -1 13 -5 6 16 -7 -9 -10 11 -3 15 -4 -14 -6 19 18 -18 20 -2 22 -22 24 -23 29 -27 -28 -29 -25
right_child=5 10 3 4 12 7 -8 8 9 -11 -12 -13 14 -15 -16 -17 17 -19 -20 -21 21 23 -24 25 -26 26 27 28 -30 -31
leaf_value=0.011545677087346025 0.0062594891939765779 0.020785389471480363 -0.0033917873020365913 0.043162196008591613 -0.024673354052334798 0.01761553950383557 0.0057623107219362917 0.023372728798369293 -0.037330395581953037 0.0022747053494276246 0.017154566065891448 -0.047233975717603675 -0.0068687416729102885 0.026336602968709003 -0.020854347908373455 0.054654140103579357 -0.050617391775715379 0.00096638558011789691 -0.0078116794136998255 0.0062877081510687481 -0.022252428276844118 -0.0025597379208551763 -0.0038027198111190656 -0.044185475066247343 -0.038251492418783714 0.022720378065741283 -0.0061831154632790873 0.021687784516353531 -0.01435033043007876 0.0076760380131667182
leaf_weight=18.288145326048834 119.6888126404956 2.4353967095958069 172.89491271178849 1.6793098245543649 27.188085665256953 36.414604134304682 198.84632856294047 7.4828677130863097 5.9510275856591788 10.697517198510466 18.504001607565442 2.9413430680288029 152.12242369860905 4.8924393133202093 24.943987829741673 0.68278182111680408 8.1859213181305659 38.006089722039178 7.3235589172691098 147.3415680079197 19.519152200722601 94.205210687970975 287.70191697166592 2.6547138702007933 8.7247152099153009 14.033272854925597 171.10386942769401 21.132879584969491 7.3660776666947632 227.37271197678638
leaf_count=1474 2251 53 22537 216 6462 155 1895 26 80 61 277 133 24848 98 3284 55 216 261 72 1744 1348 3158 15805 100 319 141 6456 172 116 5425
internal_value=1.93255e-11 -0.00502472 -0.00589166 -0.00672125 -0.0102901 0.00149496 0.00111044 0.010216 -0.000950026 -0.0118822 0.00959424 -0.0164246 -0.0107281 -0.00257371 -0.00883894 -0.02273 0.000322777 -0.00812531 -0.0304046 0.000726137 -0.000115617 -0.00100929 -0.00497491 0.00121965 -0.0055851 0.00279835 -0.00180912 -0.00353369 0.0123731 0.00707751
internal_weight=1860.33 426.573 402.692 384.404 206.617 1433.75 1373.21 60.546 24.1314 16.6485 23.8807 5.37674 204.937 177.787 177.066 27.8709 1174.36 53.5156 15.5095 1120.84 973.503 853.815 307.221 546.593 102.93 443.664 213.636 199.603 28.499 230.027
internal_count=99238 59437 58974 57500 34865 39801 39479 322 167 141 463 186 34649 22635 28132 6517 37584 549 288 37035 35291 33040 17153 15887 3477 12410 6885 6744 288 5525
is_linear=0
shrinkage=0.03


Tree=85
num_leaves=31
num_cat=0
split_feature=9 9 0 9 16 18 10 11 10 13 17 18 17 11 11 6 2 11 8 9 3 8 17 6 8 15 1 15 14 16
split_gain=14.8553 5.80825 8.80415 9.51893 12.2143 10.6895 11.7969 8.46645 11.4215 13.6588 9.1606 9.84081 7.72451 7.19756 9.67485 11.9874 7.69977 7.47568 7.24103 8.78446 14.6294 7.08378 6.89558 6.84984 6.84352 6.67417 6.27023 9.90014 5.87978 5.87182
threshold=2.7997553325013351 5.8290862474013334 7.3776006052357053 5.2542211155698917 4.6454240829263362 27.820489614705838 4.0318054013092022 1.4134337795279042 5.525100435651038 0.70239353257653458 -13.397545364932153 32.221334829393314 -7.5359153165870199 0.90153569149206714 0.77208062622846774 27.78297655346795 -11.212718942871982 1.0548518625252206 4.2620357501020276 4.7577966047837297 14.613091029053018 7.4766221143039351 -1.1282563914635717 16.446225075376532 3.2204595932373152 0.75421778795110328 -4.0649352606138214 0.91880700264265602 178.2087692976921 -0.36688908640818069
decision_type=2 2 2 2 2 2 2 2 2 2 2 2 2 2 2 2 2 2 2 2 2 2 2 2 2 2 2 2 2 2
left_child=-1 2 3 5 7 -2 22 8 10 -10 11 -5 23 14 18 21 -15 -18 -8 20 26 -16 -7 -4 -12 -13 -20 -28 -9 -19
right_child=1 -3 12 4 -6 6 13 28 9 -11 24 25 -14 16 15 -17 17 29 19 -21 -22 -23 -24 -25 -26 -27 27 -29 -30 -31
leaf_value=-0.0068433922138596958 0.014830608815612574 0.0041292747641594749 0.0068059319110578519 -0.061124398525427823 -0.067451342870044381 -0.0030717721943072968 0.0081620671943683134 0.014969895652864941 -0.03504309323031405 0.011244798457320267 -0.0026004124097670947 -0.016177203209606229 0.022335435609444534 -0.031929468581756347 -0.0039074252548199559 -0.05226796644453046 0.010404789178585132 -0.017750150699583609 -0.0048619129378152078 0.017445855365413147 0.020528690710888593 -0.061534871656836257 -0.024123180638694799 -0.03723536541931647 -0.043012199851757735 0.016379566272815189 -0.049070725724232253 0.017122873598217778 -0.041161837059868076 0.0038573098466515117
leaf_weight=247.39701339109888 43.895118893124163 411.18686662084656 16.166426454496108 2.8624352663755444 3.1276402506045988 461.11354439707065 118.5614450678695 18.759213916782759 7.2448600011994122 27.575081315357238 4.754819268127906 13.158286137389952 29.017734979279339 4.5690765607869244 113.61711654262035 5.0129458731971672 178.53825995267835 15.628704445029141 7.6634362898767021 10.304321001749484 7.9010489354841402 1.952762764180078 14.442578887130365 3.9561418110970399 18.235351250885287 9.9541231133625825 12.453088282374667 2.4304113371763369 1.8446804785635311 41.047178691835143
leaf_count=43797 1023 4680 204 77 83 33557 2649 421 160 247 147 486 121 102 3301 125 3297 722 128 73 55 71 1164 50 692 150 503 21 156 976
internal_value=-1.61477e-10 0.00105355 -4.07184e-06 -0.000536967 -0.0090346 0.000342263 -0.000296749 -0.00728435 -0.0115211 0.00161384 -0.0208617 -0.00865394 0.0124306 0.00282771 -0.000440102 -0.00685114 0.00664219 0.00739145 0.00441234 -0.0064968 -0.0145996 -0.00488115 -0.0037111 -0.00185269 -0.0346542 -0.00215555 -0.0269094 -0.0382616 0.00994438 -0.00210107
internal_weight=1854.37 1606.97 1195.79 1146.65 107.516 1039.13 995.236 104.389 83.785 34.8199 48.965 25.9748 49.1403 519.68 279.897 120.583 239.783 235.214 159.314 40.7523 30.448 115.57 475.556 20.1226 22.9902 23.1124 22.5469 14.8835 20.6039 56.6759
internal_count=99238 55441 50761 50386 2619 47767 46744 2536 1959 407 1552 713 375 12023 6926 3497 5097 4995 3429 780 707 3372 34721 254 839 636 652 524 577 1698
is_linear=0
shrinkage=0.03


Tree=86
num_leaves=31
num_cat=0
split_feature=9 6 14 3 16 13 18 17 10 17 17 14 17 1 18 4 6 18 0 4 18 18 6 6 8 10 14 4 1 8
split_gain=14.3043 6.18082 5.67598 6.16985 6.1498 5.16789 5.0793 4.67519 5.67057 9.26082 6.67626 6.34456 6.35539 11.0278 6.95668 11.182 6.48272 6.15801 5.58663 8.35715 5.5196 5.08241 5.89553 6.30846 5.71112 5.87903 6.78256 6.26414 5.1656 5.01358
threshold=3.2510649598502512 19.633566365581895 60.631206367636189 -11.51710616623892 -1.722914513202366 0.76687353846670292 43.904093716682283 -59.403588857471597 6.0589170291175574 -2.1627233298177346 -5.7133756629992485 128.87146520468517 -29.038376634561271 -8.94460775392856 57.429292541046408 25.022450924812492 16.003815969196069 72.940058407998464 1.8739987328800563 -12.003940885075069 64.548530375023844 21.622303992098171 3.7741168536690179 3.1165219545874003 13.811529858943468 5.525100435651038 42.906337563664714 -17.799580817619297 -3.5719732063038019 4.7077397881783201
decision_type=2 2 2 2 2 2 2 2 2 2 2 2 2 2 2 2 2 2 2 2 2 2 2 2 2 2 2 2 2 2
left_child=1 2 3 -1 5 -4 -6 18 21 10 11 -10 13 -13 -14 16 -16 20 19 -2 -17 -9 23 24 25 27 -27 -23 -28 -30
right_child=7 -3 4 -5 6 -7 -8 8 9 -11 -12 12 14 -15 15 17 -18 -19 -20 -21 -22 22 -24 -25 -26 26 28 -29 29 -31
leaf_value=0.032409469292563498 0.010101373236824395 0.010091304035735245 0.017043812447133936 -0.0027561935080396257 -0.021290178375328862 -0.010407019516152515 -0.0085747338919362707 0.01594156339138662 0.011729788366107536 -0.02963654058610626 0.017313838354039268 0.015495869005751201 0.0099328186975488116 -0.060747985507572135 -0.011918105416065521 -0.013096968291566643 -0.062265392649222408 -0.028385606585984217 0.017423426798330956 -0.027738013849611887 0.016066523110221602 0.0077084532641221674 0.0015708441479619787 -0.023039035935833077 0.01824457640536549 0.0097905398205171308 -0.059048207128427461 -0.0037073111488152514 -0.051461853174886996 -0.0021970630498574784
leaf_weight=4.6046152268245342 17.694024026859555 23.549663700046949 13.977607427717887 180.93316908313864 34.606871894022333 11.05312399039394 154.50019558359782 18.363668147532735 57.357310088351369 6.4282600106671444 43.411522610113025 2.9590366519987583 41.683374691579957 4.0361976576969019 4.6997673567384464 8.5762489810585993 4.51088572666049 5.3838338917121282 34.78979104408063 7.4711101552238679 18.312082541175187 50.626612556574401 761.82528933796857 13.593743791541781 11.86709377914667 4.9918657145462957 4.1281188456341633 297.33554894282133 2.7486317614093387 5.7451732072513551
leaf_count=122 128 463 1099 23076 8080 1893 24704 220 484 104 211 19 419 112 69 120 128 83 158 225 113 822 18158 960 102 69 96 16814 102 85
internal_value=-6.6729e-11 -0.0048442 -0.00572423 -0.00188346 -0.00905204 0.00492202 -0.0109017 0.00143517 0.00107595 0.00578021 0.00697263 0.00392944 -0.00103286 -0.0284963 0.00127713 -0.0074204 -0.0365755 0.000900629 0.00963486 -0.00113251 0.00676459 0.000283257 3.38397e-05 -0.00296058 -0.00223745 -0.00290232 -0.0198116 -0.00204638 -0.031519 -0.0181394
internal_weight=1851.76 423.225 399.676 185.538 214.138 25.0307 189.107 1428.54 1368.58 197.359 190.93 147.519 90.1614 6.99523 83.1662 41.4828 9.21065 32.2722 59.9549 25.1651 26.8883 1171.23 1152.86 391.037 377.443 365.576 17.6138 347.962 12.6219 8.4938
internal_count=99238 59437 58974 23198 35776 2992 32784 39801 39290 1862 1758 1547 1063 131 932 513 197 316 511 353 233 37428 37208 19050 18090 17988 352 17636 283 187
is_linear=0
shrinkage=0.03


Tree=87
num_leaves=31
num_cat=0
split_feature=9 1 1 18 18 0 16 14 16 14 18 7 10 2 1 17 1 18 13 10 3 17 16 14 14 14 2 2 13 3
split_gain=13.5004 5.21267 5.30909 5.64023 6.15217 5.26596 8.62584 4.85307 8.33362 6.72599 5.75043 5.15468 4.57934 4.47968 5.93364 7.40627 6.04547 8.56511 8.19115 6.49785 5.66309 5.54439 6.70971 6.45189 5.48306 6.78429 5.11607 7.41694 4.95081 5.17221
threshold=3.2510649598502512 10.668728378950433 -5.0622753343161007 50.504910430980324 42.819325739492747 -0.96625024713610597 -2.1425678013390255 570.41412361904952 0.26381973223619859 60.631206367636189 43.904093716682283 5.3003887123473161 3.575103206866832 -12.365777054650438 3.3723292133131415 -1.0164294987258724 1.5862154257159202 80.202575314077549 2.1374058726648961 4.2416201128650188 20.055109574488533 -35.646384779427379 -2.9384063054935265 103.47960111492006 29.748991715203555 3.5180489358532721 13.847800163817682 10.113048162982297 0.73053562157078378 1.7139883247245693
decision_type=2 2 2 2 2 2 2 2 2 2 2 2 2 2 2 2 2 2 2 2 2 2 2 2 2 2 2 2 2 2
left_child=1 2 3 4 12 6 -4 9 -9 11 -11 -7 -1 -2 15 16 19 18 20 21 24 22 -15 -23 25 -18 27 -21 29 -16
right_child=13 -3 5 -5 -6 7 -8 8 -10 10 -12 -13 -14 14 28 -17 17 -19 -20 26 -22 23 -24 -25 -26 -27 -28 -29 -30 -31
leaf_value=0.0079049984351368275 0.0086462440995001919 0.024827159268077437 0.0063217755140808447 -0.030471067901008137 0.031913047149155958 -0.0012715481241547422 -0.018683646674031294 0.025376958360411227 -0.043817007961208063 -0.022093295906876472 -0.0066901669429808748 0.031493989985398402 -0.047951520436622583 -0.03827459968570298 -0.0018821764105832325 -0.039815021874389366 0.015274534122175994 0.02353270085917053 -0.053639795116468506 0.0025147630517782346 -0.041331540429023025 -0.0020338235538397767 0.0092425958978933787 -0.014193227823723658 -0.0028639434986063514 -0.030442460175528055 -0.020445153306560649 0.021180079943551023 0.0021870102490417079 0.01513714111620292
leaf_weight=6.5962908540532279 72.731071949703619 5.3066729763522735 15.915621663953059 2.7313132355338885 9.7599990466696891 142.00860907977767 56.461930884928734 10.035942018177591 1.8562856708740572 25.883336979641172 138.72925753795425 4.4568698413786469 1.6517697690578641 2.8559557607804882 22.506367522641085 4.3404495721915728 3.675006345263685 7.9146534412284373 3.5433573626796706 372.33604950740119 4.2318353158188975 138.93969497946091 42.097491376276594 54.750103442769614 88.09004918782739 14.246419600851366 8.2155573619529587 20.199501591268927 510.30738373845816 56.201296943647321
leaf_count=751 725 31 1706 266 348 17932 10469 253 190 6485 20895 25 86 103 536 305 84 83 177 7259 96 8554 1217 5302 3537 957 94 138 9977 657
internal_value=3.99341e-11 -0.00471815 -0.00509496 0.00970059 0.0157935 -0.00587111 -0.013185 -0.00423207 0.0145763 -0.00495109 -0.00911212 -0.00027451 -0.00328092 0.00139309 0.00100361 -0.000738228 -0.000515377 -0.00664386 -0.00874285 0.000651109 -0.00729981 -0.00326797 0.00622376 -0.00547091 -0.00594131 -0.0210676 0.00298488 0.00347526 0.00326717 0.0102705
internal_weight=1848.58 421.394 416.087 20.7394 18.0081 395.348 72.3776 322.97 11.8922 311.078 164.613 146.465 8.24806 1427.18 1354.45 765.436 761.096 121.701 113.787 639.394 110.243 238.643 44.9534 193.69 106.011 17.9214 400.751 392.536 589.015 78.7077
internal_count=99238 59437 59406 1451 1185 57955 12175 45780 443 45337 27380 17957 837 39801 39076 27906 27601 4934 4851 22667 4674 15176 1320 13856 4578 1041 7491 7397 11170 1193
is_linear=0
shrinkage=0.03


Tree=88
num_leaves=31
num_cat=0
split_feature=10 3 18 3 18 13 18 13 16 18 1 4 2 5 18 18 2 1 11 4 15 16 13 9 9 1 9 11 18 3
split_gain=12.7158 6.94805 6.67109 6.74595 6.7049 8.04709 6.58294 6.10835 7.43176 5.21376 8.8104 5.2419 5.00992 6.64082 6.39179 7.57837 6.66905 12.1352 8.78601 6.50866 6.34803 6.08859 6.31435 7.23593 5.91135 6.01067 6.06084 7.88178 5.87198 5.85531
threshold=3.2770746835026343 1.0540126186544321 56.633924660465766 11.213182891868803 53.98070530091254 1.2767374763358206 21.622303992098171 0.95216451158160209 -0.64307346448493119 65.5318795378668 2.3956471367888592 23.849920751568469 -7.7559775743426087 8.0518345571577026 58.134974652531035 55.431018812867826 -0.24069025358809945 -8.2379209450383382 0.77208062622846774 -2.1405713043848027 0.96105965272177774 -0.19543551859125072 1.5957987654960282 4.3462167610679012 7.0387950819912755 -1.7004588345958636 6.073615599337562 1.5206558573594704 65.5318795378668 -9.3427724632093838
decision_type=2 2 2 2 2 2 2 2 2 2 2 2 2 2 2 2 2 2 2 2 2 2 2 2 2 2 2 2 2 2
left_child=1 6 4 -4 7 -6 -1 -3 -9 -5 -11 -12 21 14 15 20 17 -16 28 -17 29 -2 23 -23 25 -18 27 -27 -19 -14
right_child=12 2 3 9 5 -7 -8 8 -10 10 11 -13 13 -15 16 19 24 18 -20 -21 -22 22 -24 -25 -26 26 -28 -29 -30 -31
leaf_value=0.016966687274971078 0.0088975351049487474 -0.014235983703299411 -0.0089328308233486246 0.022969157815724506 0.024451589183721475 -0.016203964484129637 -0.010623950661597437 0.039118972351651585 0.00096169762891766986 0.023397640924479542 -0.0079344357554155618 -0.062134683206838383 0.0055570051046040297 0.0034098456959640922 0.025243066697310874 -0.032983551769616121 0.01096244269492172 0.0038952351524909707 -0.028433142916046018 0.0096287011818905286 0.014230487208282907 -0.04365193897596658 -0.03346214671476936 0.0053249216553415421 -0.039737980689520079 -0.0045298509493048138 -0.046040398799082997 0.039282899792357252 -0.053593271556749346 -0.0034422416916038089
leaf_weight=8.1749082427122612 140.31908846713486 19.658436552337662 111.10832941597619 11.119914523151236 23.838030787999745 5.3684709526132783 162.28665569100122 5.3579402359755468 32.214351359085413 8.7488840594305675 16.719131417688917 1.7765849421266455 79.596540012047626 485.96925045378157 6.2025711843743911 3.3391369612363624 28.732471240509767 15.573460007959513 32.581664422119502 95.217300049887854 23.427174965152517 3.0063552964711588 5.8262116769037666 28.004900353203993 3.7134566621389231 121.77769282262307 3.0442229794571167 3.811084796790964 1.7820387495157763 356.53930868981115
leaf_count=226 1886 3702 15192 270 2103 507 32170 496 2536 467 893 88 1943 6252 43 247 739 489 1694 2783 127 231 152 486 102 5142 122 48 131 17971
internal_value=-1.87708e-11 -0.00468599 -0.00135149 -0.00518782 0.00528253 0.0169787 -0.00930077 -0.000686338 0.00640306 0.00565819 -0.00140729 -0.0131406 0.00132381 0.000660289 -0.00106309 0.000636219 -0.00542927 -0.0143333 -0.019249 0.00818498 -0.000982664 0.00604791 -0.00480671 0.000576909 -0.00232599 -0.00144316 -0.00421417 -0.00320032 -0.00200761 -0.00179984
internal_weight=1844.84 406.372 235.91 149.473 86.4372 29.2065 170.462 57.2307 37.5723 38.3645 27.2446 18.4957 1438.46 1261.31 775.338 558.119 217.219 56.1397 49.9372 98.5564 459.563 177.157 36.8375 31.0113 161.079 157.365 128.633 125.589 17.3555 436.136
internal_count=99238 58650 26254 16910 9344 2610 32396 6734 3032 1718 1448 981 40588 37833 31581 23071 8510 2357 2314 3030 20041 2755 869 717 6153 6051 5312 5190 620 19914
is_linear=0
shrinkage=0.03


Tree=89
num_leaves=31
num_cat=0
split_feature=9 10 15 7 4 9 8 3 15 5 8 10 6 3 0 9 18 11 11 11 11 15 12 8 15 6 0 6 3 2
split_gain=11.6277 5.03748 4.78071 5.10372 7.94189 8.42629 9.0064 8.60437 7.40439 6.80978 9.13209 8.50187 7.95821 7.23959 6.54627 6.32863 5.91245 6.93209 5.41218 11.6638 5.2942 8.00706 6.19214 6.58113 5.21892 5.13696 8.63274 7.46494 7.14513 6.46162
threshold=3.2510649598502512 2.4347774809300904 0.96105965272177774 0.73169043814022017 -9.6268874201113448 3.563706009045736 11.343058566326439 20.055109574488533 0.75794306987335747 -2.3953572445516467 2.5925181447526104 4.8948596858888811 4.1193704559659716 0.47278179795360314 -1.2084957511610643 3.3267819167931854 57.570134857312347 1.0495022206728739 0.66900044789525215 0.69799139285430811 1.64148072040179 0.31290695202277413 0.69010631829883684 4.3256966461926556 0.92857095674807089 6.4011340297048838 -0.42982565755393015 11.773438265181278 8.5546306309885924 13.847800163817682
decision_type=2 2 2 2 2 2 2 2 2 2 2 2 2 2 2 2 2 2 2 2 2 2 2 2 2 2 2 2 2 2
left_child=1 -1 3 4 20 14 7 8 25 -5 11 16 13 -12 -6 -14 17 -11 -17 -20 22 -22 23 -2 -21 28 -27 -28 29 -7
right_child=2 -3 -4 9 5 6 -8 -9 -10 10 12 -13 15 -15 -16 18 -18 -19 19 24 21 -23 -24 -25 -26 26 27 -29 -30 -31
leaf_value=-0.010797257159903323 -0.0004417017316112222 -0.0027037686210418339 0.0096664338656187211 0.011009797498007829 -0.016959791430565609 -0.010086322769350363 0.012757614237694658 0.024200614257618949 -0.021419824698892188 0.023225268709251835 -0.033022529204734412 -0.036720455736640907 -0.022319492094538124 -0.0028264928009326777 0.009333915486105444 0.017704201152760193 -0.012735736466312464 -0.02806272840767755 -0.047254549915763847 0.0033871512023707765 0.0019174091925748522 -0.051384126873186969 0.0065702517376090919 -0.030415693773394831 -0.0282683308675492 -0.030627332570658222 0.017765328976767872 -0.028084510077367762 -0.045063262849385846 0.02757076676072942
leaf_weight=87.536586018279195 32.69932882298599 330.63627024430752 58.818457233835943 74.125364864914445 10.218992280118981 109.47795960833901 17.940563275013119 6.6198056009598067 43.867802478256635 10.317634556267874 10.156864034914177 9.2913216454908234 8.7583082941418962 24.105153891257942 51.311590832527145 22.841649163630791 28.446693866717396 3.0797439372254294 4.1546160504803984 670.89764538052259 6.9746920853503962 3.9861723848152906 162.16552609574865 8.2573315128392988 4.7203086946392423 5.4707487105624777 21.478267480211802 3.7545687130186698 5.0734039512753943 4.2606044163694596
leaf_count=20898 1252 38539 322 1410 964 6559 184 35 2544 349 850 307 495 1167 2964 196 1999 414 132 12258 97 117 3573 335 212 234 367 115 310 40
internal_value=-1.90941e-10 -0.00439799 0.00129218 0.000931182 -0.00150607 -0.00483676 -0.0076046 -0.00943112 -0.0105824 0.00231243 0.00150329 -0.010761 0.00234437 -0.011778 0.00496706 0.00302455 -0.00499678 0.0114354 0.00334047 0.00285783 0.00284198 -0.0174669 0.00393789 -0.0064848 0.00316599 -0.00740269 0.00353603 0.010943 -0.0102295 -0.0086757
internal_weight=1841.44 418.173 1423.27 1364.45 493.557 279.474 217.944 200.003 193.383 870.895 796.77 51.1354 745.635 34.262 61.5306 711.373 41.8441 13.3974 702.614 679.773 214.083 10.9609 203.122 40.9567 675.618 149.516 30.7036 25.2328 118.812 113.739
internal_count=99238 59437 39801 39479 19690 14316 10388 10204 10169 19789 18379 3069 15310 2017 3928 13293 2762 763 12798 12602 5374 214 5160 1587 12470 7625 716 482 6909 6599
is_linear=0
shrinkage=0.03


Tree=90
num_leaves=31
num_cat=0
split_feature=9 1 6 14 18 18 18 15 3 9 15 11 12 10 12 1 14 12 8 9 7 6 8 17 17 4 11 15 3 14
split_gain=11.3637 5.36853 5.81103 4.97258 4.9609 4.90495 5.13874 6.77291 4.76743 4.2521 4.20049 4.70422 4.55559 4.52064 7.95099 5.04924 7.12933 7.75138 5.64373 6.98847 5.31877 8.17023 6.45449 5.55019 5.30952 8.16736 5.04601 4.74163 9.23961 4.96282
threshold=3.2510649598502512 -5.0622753343161007 19.633566365581895 60.631206367636189 41.663354399474322 50.504910430980324 42.819325739492747 0.057631841385425889 7.6614251142517302 3.0606691383913494 0.96105965272177774 1.64148072040179 1.8310447247933108 4.6783965076585234 1.4021016633128995 0.55830655499716786 102.54756923314623 1.193072779940372 4.7077397881783201 3.9988975321566698 -2.6210057277564309 12.179071206886716 3.576451304230337 -5.1207993660892503 -45.432431373365922 5.0548087242208171 1.0219926193093913 0.88520981413411803 15.775536925184277 94.08621075707994
decision_type=2 2 2 2 2 2 2 2 2 2 2 2 2 2 2 2 2 2 2 2 2 2 2 2 2 2 2 2 2 2
left_child=1 5 3 -3 -5 6 7 -1 -6 -4 13 12 -12 14 15 16 17 -2 24 -20 22 -22 -18 -23 25 -17 -21 -15 29 -29
right_child=10 2 9 4 8 -7 -8 -9 -10 -11 11 -13 -14 27 -16 18 20 -19 19 26 21 23 -24 -25 -26 -27 -28 28 -30 -31
leaf_value=0.041435345948981926 0.0049931142260409142 -0.0023589303105004305 0.014149571155100606 -0.021953673444518089 -0.0055244590339436697 -0.028225333634776542 0.030735793091040058 -0.019172797102534802 -0.019928120508360857 -0.023733046661210417 0.0099934468637287652 0.027480315432334278 -0.012415162975440168 0.003231106771710561 0.0027166186631410474 -0.02006155996580769 -0.030029543452433537 -0.020205898426261384 -0.046085917054557349 0.011598046734408684 -0.021024548143993606 0.014667979318623708 0.015836456801623884 -0.026751141703714686 -0.0067410437578099558 0.034703882227646275 -0.020218667191756065 -0.030994714327741413 -0.043094432832478644 0.010326540334951005
leaf_weight=2.3381608780182486 139.23358695246861 175.01360253948224 20.679604538163407 24.44264174169075 149.46491989197966 2.5576327645103438 9.8390405101235938 5.7164385548094288 24.002685711035156 3.0614195186644784 38.225413316482445 10.35149134788662 10.382796470075844 624.61609166808194 330.1586058625835 3.7991147756983974 3.4969014481757794 11.927533000154652 6.8359427716932286 6.1948166194488321 36.870538850635057 12.086811880959429 13.127969115390441 3.8357411939650765 125.77978872954554 6.9056906327605247 16.265530721953837 3.3618793373461839 5.9000423084944478 11.789375748136079
leaf_count=43 6834 22698 350 6268 25242 266 348 794 3320 108 212 24 86 8264 7890 164 315 739 474 117 4009 317 326 286 8525 56 803 96 90 174
internal_value=-9.96741e-11 -0.00435379 -0.0051266 -0.00604277 -0.00930041 0.0106352 0.0161897 -0.00157893 -0.00751749 0.00926458 0.00127787 0.00911744 0.00520693 0.000938547 -0.000702018 -0.00362337 -0.000650175 0.00300476 -0.00757934 -0.0195267 -0.00860898 -0.0132689 0.00618893 0.00469012 -0.00501484 0.0152677 -0.0114433 0.00275914 -0.0112447 0.00115786
internal_weight=1838.26 417.116 396.665 372.924 197.91 20.4513 17.8936 8.0546 173.468 23.741 1421.15 58.9597 48.6082 1362.19 716.519 386.36 220.579 151.161 165.781 29.2963 69.418 52.7931 16.6249 15.9226 136.485 10.7048 22.4603 645.667 21.0513 15.1513
internal_count=99238 59437 57986 57528 34830 1451 1185 837 28562 458 39801 322 298 39479 30855 22965 12826 7573 10139 1394 5253 4612 641 603 8745 220 920 8624 360 270
is_linear=0
shrinkage=0.03


Tree=91
num_leaves=31
num_cat=0
split_feature=9 10 5 16 5 5 0 16 8 11 16 0 9 11 14 3 17 7 10 0 10 12 10 5 8 12 17 11 14 12
split_gain=10.8726 4.83109 4.80482 4.72135 4.55272 5.09437 4.88194 5.70567 12.0093 12.6255 9.41604 7.52928 11.4903 5.49859 6.38135 5.65243 5.14096 5.41975 6.06754 7.34209 5.53571 5.10923 7.94547 4.88664 7.36201 7.30378 10.4156 9.47624 6.34003 4.81197
threshold=2.7997553325013351 2.3033747434933338 0.41302925919774464 0.30598518879365533 -15.18812089508878 8.0518345571577026 -5.8962458316841024 -0.8198656711992417 7.4766221143039351 0.94969743937208928 1.1517253572962294 1.3077311181828624 3.6961056914738419 1.5686583254973152 347.28070801576013 9.4259406543535729 -0.69729327038577515 3.259333486134786 4.9411512462865899 0.96864557775556792 4.0318054013092022 0.85811415780382949 5.8959224165278892 11.547048757829721 5.5633603495109094 0.32353042703866403 -1.1282563914635717 1.2775432648576743 127.63643820675044 3.1804438441311573
decision_type=2 2 2 2 2 2 2 2 2 2 2 2 2 2 2 2 2 2 2 2 2 2 2 2 2 2 2 2 2 2
left_child=1 2 -1 -3 -2 29 -7 8 9 -8 16 12 -12 15 -15 -11 17 18 19 -9 -21 22 -13 28 25 -25 27 -27 -19 -6
right_child=4 3 -4 -5 5 6 7 10 -10 13 11 21 -14 14 -16 -17 -18 23 -20 20 -22 -23 -24 24 -26 26 -28 -29 -30 -31
leaf_value=-0.023639170767441566 0.0097620244654072971 3.0948957818207285e-05 -0.0060033489876785539 -0.0099215220766049241 -0.0011711027463603351 0.022905308872441337 -0.038905829853324317 -0.037225273201668345 -0.047139573266186965 -0.033480928183492631 0.020319280240769132 0.015650805211014394 -0.052988780120428194 -0.045457073338944734 0.011372367366029076 0.0097028238526809547 -0.024673543892672581 0.026944231315071777 0.01652569232172918 0.013364315417619829 -0.037861120719579117 -0.00021431567315643201 -0.023292516897784409 0.025504401575169672 0.017347294744477534 -0.041791346198333919 0.027900284227475331 0.0010749237866898059 0.0054419252646277748 0.0072392505488654505
leaf_weight=24.378808514120465 50.524946092395112 118.29828113879194 32.357855334368651 67.306640017544851 951.16910766216461 10.867881646379827 7.2398864302085704 6.4765774444094921 5.7208792571909717 2.9080297593027344 2.9657529705436882 38.636345107806846 5.479799757769797 4.1374799068435086 3.1187904962571338 44.053470208978979 3.7888957570539779 38.039175158657599 11.109409299679099 9.1197104947641474 2.3978635431267312 242.05298511427827 5.3705788925290099 6.3607926033437279 34.288604195229709 9.5849040988832801 4.9594595140078992 8.9990856670192425 18.268315480003366 65.438413745490834
leaf_count=8043 360 18652 7272 9830 45993 44 313 493 120 138 76 381 194 123 24 802 189 365 103 283 74 2846 70 43 171 297 50 143 391 1355
internal_value=1.12237e-10 -0.00592005 -0.0135812 -0.00357815 0.000900568 0.000610318 0.00300724 0.0025874 -0.00556552 -0.00169554 0.00381022 0.000671003 -0.0272458 0.00327328 -0.0210314 0.00702873 0.00983734 0.0107114 -0.000907408 -0.0116704 0.0026996 0.00149521 0.0108982 0.0135176 0.00785945 -0.00301944 -0.0107258 -0.0210338 0.0199681 -0.000629733
internal_weight=1835.42 242.342 56.7367 185.605 1593.08 1542.55 525.945 515.077 67.1785 61.4577 447.898 294.505 8.44555 54.2178 7.25627 46.9615 153.393 149.604 29.1036 17.9942 11.5176 286.06 44.0069 120.5 64.1928 29.9042 23.5434 18.584 56.3075 1016.61
internal_count=99238 43797 15315 28482 55441 55081 7733 7689 1520 1400 6169 3567 270 1087 147 940 2602 2413 953 850 357 3297 451 1460 704 533 490 440 756 47348
is_linear=0
shrinkage=0.03


Tree=92
num_leaves=31
num_cat=0
split_feature=9 10 12 11 13 12 16 0 16 16 1 0 15 1 5 11 1 9 1 12 10 5 18 12 12 16 14 14 6 5
split_gain=10.6289 4.71765 7.23071 8.13201 6.41284 8.84151 6.32418 4.91558 5.22461 5.20778 11.6125 6.92045 5.02854 4.84431 4.72384 4.68514 6.38474 9.66396 7.59554 4.6445 4.43642 4.70983 4.71562 4.7406 4.49366 4.97177 4.44684 4.97538 4.36307 4.713
threshold=2.7997553325013351 4.6783965076585234 1.1048486379990194 0.66322991322388536 0.90260217734909098 1.8006408681774244 -3.3323739259076293 -5.8962458316841024 -3.0547893189091115 -3.3323739259076293 -6.0962069837679307 -2.8700504109631741 0.15657741867653721 -1.1088513874444648 4.4636156652120169 0.98029892108023409 0.26547740375181267 3.3665163191589906 5.8958940689116233 2.1730361564966336 2.3033747434933338 0.41302925919774464 57.026382617944023 0.9442753266447903 5.1928842591216524 0.32017715824307785 756.25402281124286 92.44623808673829 7.934404393232569 2.8883134107507344
decision_type=2 2 2 2 2 2 2 2 2 2 2 2 2 2 2 2 2 2 2 2 2 2 2 2 2 2 2 2 2 2
left_child=20 2 3 -2 5 15 13 8 12 10 -9 -12 14 -5 -3 16 -4 18 -18 -7 21 -1 23 -23 25 26 27 -22 29 -17
right_child=1 7 4 6 -6 19 -8 9 -10 -11 11 -13 -14 -15 -16 28 17 -19 -20 -21 24 22 -24 -25 -26 -27 -28 -29 -30 -31
leaf_value=-0.023393757596006721 0.027247220066569555 -0.035412169263509048 0.021139178641257514 0.020684014268027923 0.00055837737802308287 -0.042627069553216775 -0.0048335232645834603 0.0068724741327731821 0.02712066559602995 0.0027097855576661087 -0.049763681473095789 -0.0031816472898322625 0.015033761253930711 -0.026514453954834601 0.0084546827668770808 0.014585210710214964 -0.025266592422429228 -0.051143030811033795 0.030470921617092837 0.0099864601989218624 0.0034281599529621576 -0.016816524335302053 -0.016832472771839892 0.018130588681561394 0.039918406396737167 -0.010816028248778286 0.030153154582233097 -0.0094202301731375112 0.030256704439320346 -0.040130249710810653
leaf_weight=23.785695881328138 7.6090846545703235 4.4229134856723267 10.153134178515758 14.169561854330825 427.97454908171494 4.0210645314073181 386.35142723154422 15.215947532095017 14.849468901753424 620.60424343281193 7.6817621664376929 4.5828084638342244 14.983308658935128 2.2707658006984266 4.4144980013370514 16.100105770718077 3.8997040764079411 3.7578942307154639 5.0497709379997104 2.4181052683270536 69.612574525512173 5.3200574403672354 16.745369646523613 10.1746824789152 2.108125567843671 64.732649135730753 4.1183033427514593 44.442438802863762 19.906015629181638 1.5535505638690654
leaf_count=8043 126 75 305 304 14449 171 29365 134 69 8431 240 88 75 181 30 597 252 171 48 55 10139 1555 4349 1368 47 9694 76 8526 175 100
internal_value=-9.88156e-12 0.000888905 -0.000533537 -0.00347767 0.00190824 0.0105489 -0.00405809 0.00276387 0.0131543 0.00214389 -0.010636 -0.0323577 0.00444796 0.0141649 -0.0134996 0.0141103 0.00340228 -0.0107694 0.00618348 -0.0228691 -0.00587092 -0.013267 -0.00579582 0.00613164 -0.00363125 -0.00413319 -0.000472485 -0.00157832 0.0206277 0.00977016
internal_weight=1833.03 1591.99 905.235 410.401 494.834 66.8593 402.792 686.755 38.6702 648.085 27.4805 12.2646 23.8207 16.4403 8.83741 60.4202 22.8605 12.7074 8.94948 6.43917 241.04 56.0258 32.2401 15.4947 185.014 182.906 118.173 114.055 37.5597 17.6537
internal_count=99238 55441 46299 29976 16323 1874 29850 9142 249 8893 462 328 180 485 105 1648 776 471 300 226 43797 15315 7272 2923 28482 28435 18741 18665 872 697
is_linear=0
shrinkage=0.03


Tree=93
num_leaves=31
num_cat=0
split_feature=10 3 18 3 18 17 16 12 18 1 18 17 11 13 11 13 17 15 16 1 11 1 12 12 10 12 13 3 16 16
split_gain=9.77231 6.71066 6.6579 6.3226 5.87612 5.42188 5.26657 5.83398 5.00961 7.83795 4.73397 4.25474 4.21586 8.16181 8.51856 5.66033 7.80248 12.0948 18.0756 13.8062 10.4681 9.16856 7.30882 6.90162 6.52641 5.48742 5.45628 5.34835 6.58364 10.0718
threshold=3.2770746835026343 1.0540126186544321 56.633924660465766 11.213182891868803 21.622303992098171 -5.3265539903322843 -0.64307346448493119 0.9442753266447903 65.5318795378668 2.3956471367888592 53.98070530091254 -1.3459099457685622 1.5206558573594704 2.4169426162521419 1.3453437830687869 1.1916181262934253 -5.8074708558801982 0.9142867730600549 1.0000000180025095e-35 4.9489676335200086 1.6013886101455761 -8.2379209450383382 2.7473694856488069 3.6369396854232625 3.9414058872571895 3.9543291698517464 2.1374058726648961 -11.088507789030304 -1.8240860090873827 2.2891089220898917
decision_type=2 2 2 2 2 2 2 2 2 2 2 2 2 2 2 2 2 2 2 2 2 2 2 2 2 2 2 2 2 2
left_child=1 4 5 11 -1 6 -3 -8 -5 -10 -7 -4 13 14 25 -14 17 18 19 21 22 -17 -20 -18 -25 27 -16 28 -2 -30
right_child=12 2 3 8 -6 10 7 -9 9 -11 -12 -13 15 -15 26 16 23 -19 20 -21 -22 -23 -24 24 -26 -27 -28 -29 29 -31
leaf_value=0.016252942105527794 0.014751640601458602 0.020463762737846086 -0.006572429391437545 0.022462036495824896 -0.0099928227045076572 -0.020646728275789058 -0.014691515929212926 0.0053155725130773568 0.021849185015258069 -0.012754559458476235 0.039365140265380814 -0.027404883349861398 0.023839741442767546 0.014852942886583169 -0.0070729287646020865 -0.019764524558701854 0.016895491273066679 0.027249999653874566 -0.040169459548518638 -0.053541873099757525 -0.048520573683691268 0.01723063889398797 0.023622295326663101 0.01308204414558173 -0.03348968492573548 0.011497725348010203 -0.039186242872233983 -0.00017439373970946559 -0.007613599423224187 0.022869218998640868
leaf_weight=8.0666168102470674 50.396323548047803 13.362045767353264 99.561566353128001 11.366306849668034 159.11773810585146 1.4329228251008297 18.105644894792931 47.60842918905837 8.7957078471954464 17.839647169108503 6.783456912249676 9.6813600985333306 14.490282247541471 35.275379554659594 78.833656757313292 7.7093720654374875 48.203329620184377 10.201652326388283 2.7012971680378568 3.4696864465950048 12.334897563443517 27.662855188944381 4.0249593937769532 5.5611006654798967 5.2788294004276395 42.253179491846822 5.0678912550210944 1021.9608870935481 40.906008846999612 12.810227691661565
leaf_count=226 524 1732 13217 270 32170 231 3770 3252 467 981 359 1975 212 334 1961 115 332 47 111 114 382 318 28 38 64 390 152 34199 1167 100
internal_value=1.51518e-10 -0.00413397 -0.000860309 -0.00475213 -0.00872647 0.0057044 0.00329435 -0.000196812 0.00578797 -0.00132748 0.0288992 -0.00841865 0.00116203 0.000621594 0.000220696 0.00607462 0.00405004 -0.00286954 -0.00817615 0.00356582 -0.0321034 0.00916755 -0.00199678 0.0120316 -0.00959746 0.000883775 -0.00901266 0.000485513 0.0069631 -0.000344068
internal_weight=1830.86 401.721 234.537 147.245 167.184 87.2925 79.0761 65.7141 38.0017 26.6354 8.21638 109.243 1429.14 1287.5 1252.23 141.638 127.148 68.1047 57.9031 38.8419 19.0612 35.3722 6.72626 59.0433 10.8399 1168.33 83.9015 1126.07 104.113 53.7162
internal_count=99238 58650 26254 16910 32396 9344 8754 7022 1718 1448 590 15192 40588 38827 38493 1761 1549 1115 1068 547 521 433 139 434 102 36380 2113 35990 1791 1267
is_linear=0
shrinkage=0.03


Tree=94
num_leaves=31
num_cat=0
split_feature=9 0 2 12 3 6 16 8 13 6 17 17 10 12 18 16 0 9 10 14 7 9 9 18 18 14 13 2 6 17
split_gain=9.72047 4.72136 6.43781 5.69869 6.27721 9.82567 7.74818 5.49634 5.31969 4.79745 10.3205 4.95295 6.06243 5.35061 4.82332 8.29422 5.27598 5.1386 4.98117 4.69273 9.52572 4.65148 4.32061 4.26686 4.5359 4.93959 4.4903 5.2847 4.37975 4.21064
threshold=2.7997553325013351 4.1019210902327474 -7.2607450302153085 0.30982144341595752 -1.7628066025851261 3.2775236286405787 2.6759027823429342 2.4420267258605861 1.6139500144458172 13.787198230875118 -11.602287116730402 -22.868460094610636 3.5894187917199871 0.43907759626055692 21.622303992098171 -0.19543551859125072 0.64588466893375351 7.8015585651198336 6.2398355768662155 35.25551734730233 -3.2924857157221319 6.073615599337562 3.433181541494235 42.983332087270142 68.315766893293883 756.25402281124286 0.58625222791076392 -1.3742862508366425 -8.6369466929298753 -22.118756016933901
decision_type=2 2 2 2 2 2 2 2 2 2 2 2 2 2 2 2 2 2 2 2 2 2 2 2 2 2 2 2 2 2
left_child=23 2 7 -3 5 8 -6 -2 -5 10 11 13 -13 -9 -15 16 17 19 -17 -16 -21 22 -12 26 25 28 27 -1 -25 -14
right_child=1 3 -4 4 6 -7 -8 9 -10 -11 21 12 29 14 15 18 -18 -19 -20 20 -22 -23 -24 24 -26 -27 -28 -29 -30 -31
leaf_value=0.020190509273000194 -0.031062686560904551 0.024047902267481346 -0.00090622954497616797 0.0036083277771675661 0.01526625631909714 -0.048033441464238595 0.0023919074589138583 -0.039260852311002785 -0.030189810918954865 0.018402689665794694 0.016546299617094602 -0.020637395613402547 0.03398406618581707 0.017918211774612072 0.017912773847953114 -0.033701349426691042 0.031547147103569574 -0.029925595996465465 0.015678346956051897 0.0081608893936514718 -0.026386951948145752 0.001325872912256587 -0.045824078153013426 0.040528382442232488 -0.017874450427477883 0.029857843084042525 -0.019313956069307942 -0.02695818934078606 -0.0035833189416532804 0.011462893744386509
leaf_weight=6.2460231145087164 3.7316061906458335 12.34712313627824 1065.1826125529697 24.133393380208876 51.479696666530799 4.9339646697044364 230.21685202640947 2.8281445569009511 5.0721258620033032 23.490376983187161 1.1765491040132454 4.744146298224222 8.6423542639240605 15.344677077606319 14.790497259557005 9.2533776925993205 5.6257243817672125 4.4334536092355838 2.2944380082190028 23.646533653256473 10.316666908736815 4.6958769247867167 6.6469032166642137 2.0499703427194609 18.547372711764183 4.2015851621690663 33.671515732166881 3.2543025400955212 171.39993266593228 55.150138948170934
leaf_count=795 389 40 47069 437 664 156 2631 99 106 146 90 605 48 128 217 463 45 47 19 227 495 58 404 72 3365 91 8923 795 29756 858
internal_value=8.86094e-11 0.00084841 1.48028e-05 0.00405396 0.00327233 -0.00887654 0.00474468 0.00499961 -0.0022614 0.00569658 0.00393662 0.00602599 0.0120808 0.00133879 0.00267851 -0.000645052 0.00391907 0.00099679 -0.0238901 0.00380874 -0.00233337 -0.0222771 -0.0364444 -0.00563612 -0.00375727 -0.00228339 -0.0141747 0.00403989 -0.00306197 0.014514
internal_weight=1829.55 1590.18 1261.99 328.183 315.836 34.1395 281.697 196.811 29.2055 193.08 169.589 157.07 68.5366 88.5335 85.7054 70.3607 58.8129 53.1872 11.5478 48.7537 33.9632 12.5193 7.82345 239.371 196.199 177.651 43.1718 9.50033 173.45 63.7925
internal_count=99238 55441 51407 4034 3994 699 3295 4338 543 3949 3803 3251 1511 1740 1641 1513 1031 986 482 939 722 552 494 43797 33284 29919 10513 1590 29828 906
is_linear=0
shrinkage=0.03


Tree=95
num_leaves=31
num_cat=0
split_feature=9 0 14 17 4 10 7 4 14 10 13 4 14 18 6 15 14 15 6 3 4 17 14 14 7 0 0 12 1 13
split_gain=9.38377 7.47725 6.8594 6.93399 9.01566 5.94151 5.50062 6.64512 6.00599 6.04355 5.31392 5.29763 5.15421 6.76233 8.95752 8.77295 7.92915 10.4334 8.22732 6.45091 8.54677 5.35397 6.01995 7.88485 9.08324 5.31657 9.15685 5.47189 5.15201 5.09729
threshold=3.9152053487530543 4.1019210902327474 60.631206367636189 -41.158969618475048 -14.07199888374821 5.7605423068383379 -0.042159205841119089 4.3572525747224375 284.68585901690943 4.6049527786427484 1.1351928646817138 -20.80294495528052 36.463497932976402 48.529542077438677 4.5850896806966084 0.16136470708844594 13.071684843588868 0.89176761872120935 16.875813560515052 8.2326562816209883 5.4578997910803571 -10.599813673738335 27.70236945051926 25.169433183378299 6.647556879505002 -0.84741553612261111 0.45991706549453987 0.66779070728763423 -11.948731689756151 0.85241514140613117
decision_type=2 2 2 2 2 2 2 2 2 2 2 2 2 2 2 2 2 2 2 2 2 2 2 2 2 2 2 2 2 2
left_child=1 2 3 4 -1 11 8 -8 9 -4 -6 -5 13 15 -15 28 18 21 19 20 -16 -18 23 24 -23 -17 -27 -28 -2 -9
right_child=12 -3 6 5 10 -7 7 29 -10 -11 -12 -13 -14 14 16 25 17 -19 -20 -21 -22 22 -24 -25 -26 26 27 -29 -30 -31
leaf_value=-0.047854578017434077 0.014854095733277143 0.0063924644084600874 -0.012428249482056284 0.032219166836455926 0.026013706354380932 0.03074412630670605 0.0032877971778807582 -0.0027905893734613179 -0.033878786314514936 0.0099830030541537395 -0.016250284469456186 -0.0027315199769463502 0.0026963629042300805 -0.027879840810903105 0.021920975605623103 0.017763715364574679 -0.026750200247313664 -0.060328581113552548 -0.018737809572749026 0.027686497535709485 -0.049782211914250217 -0.020433905711294494 -0.020668288014340494 0.021905692213954903 0.024366832466499094 -0.03579236241631558 -0.024104093660464707 0.011363961789611167 -0.040049360122244873 -0.013434181165514118
leaf_weight=1.8975869237910981 2.0852385647594929 74.817969158233609 90.324283342124545 3.9589632241986683 19.53751311177621 5.003092559054493 78.319692553122877 95.226340078268549 10.19980645416217 12.304604416858636 3.1026012360671293 276.75516154502839 906.46074348388356 16.709089158524876 3.5329029476270142 27.5454104274977 10.216496443026697 3.5251541708130381 7.3895236258395007 16.21744576736819 2.595109758520266 14.559717856085628 12.304613938089458 13.205000996589659 5.6549108205363146 5.3836933542334 4.547168619814328 28.147982380498433 5.8637720423575947 70.457905521740031
leaf_count=88 12 1381 16646 31 657 25 10192 8002 1679 312 213 28333 17739 1098 57 495 425 108 125 121 123 471 399 161 30 369 269 704 304 8669
internal_value=-1.21195e-10 -0.00260057 -0.0036092 -0.000346732 0.0149573 -0.00166106 -0.00644581 -0.00391298 -0.0119233 -0.00974127 0.0202218 -0.0022386 0.00177668 -0.00286805 -0.00772149 0.00411855 -0.00394543 -0.0102703 0.00870339 0.017778 -0.00844411 -0.00711581 -0.00272875 0.00387632 -0.00790119 0.00772399 0.000461467 0.00643114 -0.0256467 -0.00731682
internal_weight=1827.85 741.906 667.088 310.255 24.5377 285.717 356.833 244.004 112.829 102.629 22.6401 280.714 1085.94 179.483 105.91 73.5733 89.2009 59.4659 29.735 22.3455 6.12801 55.9407 45.7242 33.4196 20.2146 65.6243 38.0788 32.6952 7.94901 165.684
internal_count=99238 76228 74847 29347 958 28389 45500 26863 18637 16958 870 28364 23010 5271 3118 2153 2020 1594 426 301 180 1486 1061 662 501 1837 1342 973 316 16671
is_linear=0
shrinkage=0.03


Tree=96
num_leaves=31
num_cat=0
split_feature=8 16 11 15 15 0 12 4 0 8 14 11 3 14 14 1 12 6 7 14 14 8 15 17 15 0 6 14 11 15
split_gain=7.61846 13.8264 7.44095 6.55528 6.0097 10.7168 8.34794 7.78354 7.49253 7.16994 6.86135 6.515 6.8574 6.50044 6.47197 6.66654 10.7293 7.48292 7.23253 6.07418 5.97403 6.89296 5.84221 5.85123 5.84066 7.88788 6.74369 6.09589 5.70672 8.59704
threshold=3.5150325938908979 1.692728419262522 0.77208062622846774 0.87170643246585888 0.4009233445043982 -1.9594554500858938 0.26724947267187632 11.624221244744206 -5.231183314645901 13.811529858943468 13.071684843588868 1.7607773290629354 -9.6213871454188133 23.233881537538561 536.99966135897159 13.119564796951446 1.147069205933293 30.130821208867481 2.7702901859455791 20.911405000927129 17.631663437258304 3.3076385495645546 0.33667756287126593 -1.5493937468263295 0.76923011660109963 1.3615121066006166 13.787198230875118 48.401644802091987 0.89275649649782529 0.75794306987335747
decision_type=2 2 2 2 2 2 2 2 2 2 2 2 2 2 2 2 2 2 2 2 2 2 2 2 2 2 2 2 2 2
left_child=1 2 24 20 6 -6 8 9 -2 11 -9 12 -7 -12 -15 16 -16 18 -18 -10 21 -4 -8 -24 26 -26 27 -1 29 -3
right_child=4 28 3 -5 5 7 22 10 19 -11 13 -13 -14 14 15 -17 17 -19 -20 -21 -22 -23 23 -25 25 -27 -28 -29 -30 -31
leaf_value=0.0038907000008067752 0.033035125086346415 0.0096605523594786042 0.0058875588107685176 -0.026783387565076665 -0.023017164725034699 0.0073915043196066052 0.003007145493229777 0.019848682855161736 0.0062200911150714763 0.019773664385605749 -0.020835916878191554 -0.047360879475347409 -0.0054862049275653402 0.0046108985589281984 -0.029204873863976976 -0.036897086856971156 0.021820526535777159 0.023909219045078579 -0.036702778311392431 -0.052920992938268949 -0.0072860634027740526 -0.039911676434261134 0.013380301151530031 -0.033211711585241013 0.025534739368485236 -0.018966874788607872 0.0099396680985673509 -0.01130799450843359 0.01437549048326028 -0.027145506726354702
leaf_weight=39.951298456813674 1.701063275337219 16.906611518978028 52.722380132850958 13.822629355854586 18.393401434761472 43.477333151560742 421.56298354401952 21.246886025881395 2.1654331162571889 11.783345642499624 10.618516753893344 3.0977333785267538 258.39894649654161 273.84763458467205 9.5460764988092723 6.3137246137484899 3.1575637883506742 12.397552726790307 4.7739830501377583 5.6178133829671424 331.99691789702774 3.1333168242708771 76.408609389065532 2.5054110616474636 16.55713759385981 4.5752486532437606 36.577823153696954 58.567021724316874 55.267908354231622 8.6254604478453967
leaf_count=3611 7 712 5350 2535 794 738 12163 193 35 70 248 160 10814 3705 239 86 30 47 89 198 42627 358 1489 94 1075 543 773 7676 2177 602
internal_value=9.75993e-11 -0.0026419 -0.00432168 -0.00648239 0.00142154 -0.000431038 0.00388113 0.000199692 -0.0240013 -0.00318849 0.0033387 -0.00407569 -0.00363151 0.00224473 0.00303523 -0.00888817 -0.00296885 0.00935098 -0.0134045 -0.0364669 -0.00575889 0.00331838 0.00440952 0.0119011 0.0012337 0.0159 -0.00106047 -0.0051446 0.00895654 -0.00277358
internal_weight=1825.72 638.704 557.904 401.675 1187.01 677.053 509.961 658.659 9.48431 316.757 341.902 304.974 301.876 320.655 310.037 36.1889 29.8752 20.3291 7.93155 7.78325 387.853 55.8557 500.477 78.914 156.229 21.1324 135.096 98.5183 80.8 25.5321
internal_count=99238 68039 64548 50870 31199 17213 13986 16419 240 11782 4637 11712 11552 4444 4196 491 405 166 119 233 48335 5708 13746 1583 13678 1618 12060 11287 3491 1314
is_linear=0
shrinkage=0.03


Tree=97
num_leaves=31
num_cat=0
split_feature=9 4 9 11 16 9 3 10 5 4 0 16 11 0 11 11 8 8 0 0 15 16 5 5 4 11 0 16 1 15
split_gain=8.67983 5.14441 6.63308 9.19951 8.04137 6.12895 5.92388 8.44677 5.59773 5.48048 5.35706 5.27953 5.1938 9.95539 5.942 13.7347 7.39103 6.97086 7.897 13.9308 6.31629 8.90125 8.70024 11.3846 7.62201 7.46285 6.15005 10.0434 7.30896 5.9315
threshold=2.2187939629084799 -20.80294495528052 5.8290862474013334 1.0831118268644551 5.9009304216386864 5.391244355236215 15.775536925184277 4.0908175824168387 10.720218325355413 33.503359514755189 7.3776006052357053 -0.88341937378574553 0.99146637752105293 5.8458775845701192 0.77208062622846774 0.7807274990641937 7.7421944792098456 6.2108119864383697 1.013536897787344 4.6684942264196714 0.48581936497685968 0.43648000699418499 3.2824890442643944 0.41302925919774464 28.317439492496145 0.61889076349291794 -2.3334730098029719 -2.7288489961796443 -8.94460775392856 0.11702343520226267
decision_type=2 2 2 2 2 2 2 2 2 2 2 2 2 2 2 2 2 2 2 2 2 2 2 2 2 2 2 2 2 2
left_child=-1 5 3 4 10 -2 7 -5 -9 -8 12 -7 13 14 20 -16 17 26 -19 -20 21 24 23 -22 29 -24 28 -28 -17 -3
right_child=1 2 -4 6 -6 11 9 8 -10 -11 -12 -13 -14 -15 15 16 -18 18 19 -21 22 -23 25 -25 -26 -27 27 -29 -30 -31
leaf_value=-0.0091842867086143545 0.015759410456994728 0.018308082775338189 0.0036239165716642598 -0.004239837127038645 0.018225342385197501 0.0055334873011917895 0.0075631531631393488 -0.014274374502945584 -0.047706332857703058 -0.028502696597592223 -0.065848272796777227 -0.022527019405814683 0.0043613780621985327 -0.054091302549365547 -0.043067523046565866 0.021371513174635915 -0.035148057822224743 0.021719136100654533 -0.052110403470557891 0.015639859358886482 0.0073343354673052709 -0.026017379311725538 -0.026536200224770119 -0.027440805853221027 -0.032787931646735248 0.01767963447983549 0.025402281074208884 -0.0024961106516572587 -0.020040904140234433 -0.0005426095561522654
leaf_weight=88.137081411703548 41.863848872366361 18.870725444838172 376.86722724599531 287.98659671681526 23.13778764102608 23.10885264858371 47.659718458831776 44.31050764376414 5.0178866032510987 4.1197912506759158 1.1002567992545653 8.167383755091576 221.28460332883697 3.1583426469005635 7.4729830340220351 4.3929381833877406 5.9816267623100421 22.685432697355282 4.2372871832340007 7.6862691778223962 31.253290589782409 12.106436171365202 3.6350591962691388 11.623994313413275 5.5847930754534891 62.582769615022698 12.031400095293064 334.43977443479525 30.234113935337518 73.674942718222155
leaf_count=21119 481 517 4463 23326 122 163 765 1848 138 61 38 119 11776 113 675 52 144 263 171 85 1331 773 134 836 132 1099 302 22708 2051 3433
internal_value=-7.67136e-11 0.000466214 0.000123767 -0.000901751 0.000769057 0.00825314 -0.0047543 -0.0062046 -0.0176752 0.00469361 0.000306949 -0.00179415 0.000390331 -0.000958136 -0.000699362 -0.0027523 -0.00203785 -0.00156142 0.0113298 -0.00843663 0.00331757 -0.00174698 0.00843512 -0.00209317 0.00124728 0.0152524 -0.00273213 -0.00152732 -0.0147871 0.00330118
internal_weight=1824.41 1736.28 1663.14 1286.27 897.175 73.1401 389.095 337.315 49.3284 51.7795 874.037 31.2762 872.937 651.652 648.494 429.162 421.689 415.707 34.609 11.9236 219.332 110.237 109.095 42.8773 98.1305 66.2178 381.098 346.471 34.6271 92.5457
internal_count=99238 78119 77356 72893 46755 763 26138 25312 1986 826 46633 282 46595 34819 34706 26451 25776 25632 519 256 8255 4855 3400 2167 4082 1233 25113 23010 2103 3950
is_linear=0
shrinkage=0.03


Tree=98
num_leaves=31
num_cat=0
split_feature=9 2 15 8 2 5 2 13 10 1 13 3 4 8 4 5 2 3 13 9 13 16 8 8 14 3 5 9 18 1
split_gain=8.58026 4.4865 4.96503 5.31689 4.48721 5.75073 6.28496 5.61002 5.0176 6.65261 7.08756 6.52575 5.68313 5.65923 5.44965 5.35926 7.67386 6.86654 5.75451 5.38646 5.31203 5.16247 4.81947 4.68441 5.71954 4.62763 5.27256 6.35071 4.63405 8.86885
threshold=2.7997553325013351 -12.365777054650438 0.048185187805724693 2.931988958967962 9.7444500916364483 18.930767825942063 3.634354125715356 0.60934842859631322 4.3894438969264309 8.7675114108531478 1.2561271861649486 18.653788412539608 14.600681779033875 1.9142453585672425 12.846688395495244 15.18416787330853 7.4672736909025659 13.638832952327864 2.4169426162521419 5.8290862474013334 1.8875746932871398 2.8719756832287633 11.343058566326439 3.2204595932373152 12.516414942062076 15.17438718140142 13.309152497138575 6.3473120202005022 66.158941732160613 -8.2379209450383382
decision_type=2 2 2 2 2 2 2 2 2 2 2 2 2 2 2 2 2 2 2 2 2 2 2 2 2 2 2 2 2 2
left_child=-1 -2 3 -3 5 8 -7 -6 11 15 -11 12 13 -4 -15 16 18 19 20 21 25 -18 -22 -16 -25 28 -27 -28 -10 -30
right_child=1 2 4 -5 7 6 -8 -9 9 10 -12 -13 -14 14 23 -17 17 -19 -20 -21 22 -23 -24 24 -26 26 27 -29 29 -31
leaf_value=-0.0053177420887464827 0.008023408349729616 0.020315031033626973 -0.018187662526530358 -0.041540411657892393 0.023401883338563523 0.0010710853197331801 -0.050424122012983796 0.0028650788502379352 0.0009642583714456125 0.021556087215398971 -0.0067933251715224146 -0.036981350147764248 0.0047694928330533392 -0.0017199115978653321 0.0021368844070132407 0.014642388676034322 -0.039385845396610775 -0.054487409945573273 0.0223592050398757 0.010511524163823959 -0.046105375684858868 0.0026429345471503901 0.0079107194757771556 0.025631992024127262 -0.037155850496313987 0.014882659894550681 -0.044834200489471218 0.016764580321032996 0.031965762377992223 -0.017046099234457296
leaf_weight=237.50666869878478 73.716937100572977 1.6838608570978966 21.180099497651099 4.8615769602474757 12.436233473941682 4.2370815626345557 4.2957198200747371 320.21025486596045 370.06315071813879 28.875564751215279 10.945422627497463 4.7596730565419412 101.41455051820958 471.13405509384756 6.5508830299659193 24.75920897256583 6.6428339988633578 3.663388372398912 11.240003049839286 7.2886572376009999 4.0872039450332514 4.3545363573357463 2.3364076586440206 1.4901277520693827 10.551471884507917 35.82171527389437 3.1548543260432771 2.8827361986041069 3.782568437978628 27.338756182231009
leaf_count=43797 746 61 3167 294 74 43 73 4118 7532 211 133 184 3220 32293 463 172 278 120 82 100 144 44 17 26 636 393 83 20 17 697
internal_value=-1.51381e-10 0.000796463 0.000444126 -0.0256277 0.000557478 -0.000314769 -0.0248535 0.00363286 -0.000134935 0.00195637 0.0137638 -0.00198954 -0.00171754 -0.00300521 -0.00234859 0.00102974 0.000331446 -0.016999 0.00115712 -0.00948866 0.00062691 -0.0227441 -0.0264585 -0.0182792 -0.029386 0.00101962 0.0105115 -0.015423 2.92385e-05 -0.0110891
internal_weight=1823.27 1585.76 1512.04 6.54544 1505.5 1172.85 8.5328 332.646 1164.32 547.237 39.821 617.081 612.321 510.907 489.727 507.416 482.657 21.9494 460.707 18.286 449.467 10.9974 6.42361 18.5925 12.0416 443.044 41.8593 6.03759 401.184 31.1213
internal_count=99238 55441 54695 355 54340 50148 116 4192 50032 10043 344 39989 39805 36585 33418 9699 9527 542 8985 422 8903 322 161 1125 662 8742 496 103 8246 714
is_linear=0
shrinkage=0.03


Tree=99
num_leaves=31
num_cat=0
split_feature=9 2 2 17 3 11 5 1 5 17 1 2 14 13 2 17 7 4 3 15 16 15 15 5 9 16 5 14 4 14
split_gain=8.37104 4.72077 5.27328 6.46169 8.09741 5.62606 8.2478 7.88419 7.62413 8.18687 8.79399 11.1885 9.49173 6.70803 6.20992 6.19042 5.92216 6.00143 5.44492 6.03744 5.95945 5.34967 7.23139 5.99695 7.97976 6.61377 9.96488 6.01103 6.00269 5.7587
threshold=2.2187939629084799 -12.365777054650438 9.7444500916364483 -2.7702860760746142 4.2723148330422243 1.0773925397221487 18.930767825942063 9.2489692397598109 8.0518345571577026 -35.646384779427379 -5.0622753343161007 -4.613747074606577 336.13958111954128 0.72348631827501941 -2.7668788395472705 -3.474085980725746 2.994341570588555 3.0757102723350198 18.653788412539608 0.89848090258158553 3.4173308263923832 0.42187323048670861 0.34034875320394969 -4.4080994597168681 5.5479096842719562 -2.1425678013390255 -4.1427723089219652 31.448848193054204 -2.578797458113629 71.984479744338401
decision_type=2 2 2 2 2 2 2 2 2 2 2 2 2 2 2 2 2 2 2 2 2 2 2 2 2 2 2 2 2 2
left_child=-1 -2 3 5 -5 7 8 -3 9 10 12 -12 -7 16 -13 -10 17 -11 19 -6 -20 22 23 24 28 29 -27 -28 -15 -25
right_child=1 2 -4 4 18 6 -8 -9 15 13 11 14 -14 21 -16 -17 -18 -19 20 -21 -22 -23 -24 25 -26 26 27 -29 -30 -31
leaf_value=-0.009058347511011592 0.0078599814770130925 0.00088813706319286468 0.0034833330272842481 -0.029396048799865994 -0.0011386148970200314 -0.037185936307153125 -0.055012248060301007 0.02089959537633582 0.0077960528685639555 -0.0054149200931763548 0.022958773383243317 -0.040365641688949017 0.02752022949111041 -0.019064931437737197 0.0016553327809990615 -0.031940642159360794 -0.045180802208917854 0.025319123871777954 -0.054268900088248223 -0.05096353520960361 0.016507069738936224 -0.013003761688512779 0.011108302596787216 -0.013027779450049555 -0.049189947221085897 0.039225030966947946 0.0016376036294408038 -0.021978342421810283 0.022999236747235776 0.01690108293793122
leaf_weight=87.411028374321177 74.199979752942454 783.38894316631195 335.80277598040993 13.907972119966869 74.294702632847475 8.1505088706908264 2.7183826612308613 18.129167106817476 74.023457236209651 10.183994303166406 27.167264434625395 3.4639861063478739 2.7216112972237161 14.764617595123131 36.691031817696057 3.7050168633577405 1.7636662415461604 13.039940483999088 3.7670778100145972 2.2552191830473012 1.4959064330905674 120.27867135433189 22.886242955733906 8.1624601045623439 6.4040181369055054 3.4022459191328371 14.571657430322373 29.015587887843139 3.8492694667656915 19.87458652688656
leaf_count=21119 759 41839 4264 1841 3972 341 45 139 1317 962 370 207 17 1750 1152 129 121 405 175 178 14 10378 1440 541 257 109 1282 3359 137 619
internal_value=-6.37427e-11 0.000456611 0.000125665 -0.000725882 -0.0082334 -0.000140851 -0.00292304 0.00134077 -0.00258917 -0.00449454 0.00404699 0.00808999 -0.0209881 -0.00698488 -0.00196962 0.00590196 0.0078171 0.0118419 -0.00463581 -0.0026065 -0.0341521 -0.00850565 -0.00410457 -0.00758468 -0.0203042 -0.00334329 -0.0102235 -0.0140833 -0.0103662 0.00818786
internal_weight=1821.49 1734.08 1659.88 1324.08 95.7209 1228.36 426.838 801.518 424.12 346.391 78.1944 67.3223 10.8721 268.197 40.155 77.7285 24.9876 23.2239 81.8129 76.5499 5.26298 243.209 122.931 100.044 25.0179 75.0265 46.9895 43.5872 18.6139 28.037
internal_count=99238 78119 77360 73096 6180 66916 24938 41978 24893 23447 2087 1729 358 21360 1359 1446 1488 1367 4339 4150 189 19872 9494 8054 2144 5910 4750 4641 1887 1160
is_linear=0
shrinkage=0.03


Tree=100
num_leaves=31
num_cat=0
split_feature=9 10 2 2 1 6 2 10 12 5 9 15 13 8 16 15 2 1 16 10 14 14 13 5 6 7 10 12 12 6
split_gain=7.86819 4.39792 4.97304 7.78394 13.6551 7.75205 7.60896 6.46853 7.19996 6.69886 5.9677 7.42311 5.66643 7.38973 5.19121 8.37474 6.8429 7.0699 6.46459 5.95369 11.275 8.26067 8.69952 9.45872 7.22224 8.4109 6.23012 5.27783 13.834 5.18601
threshold=2.2187939629084799 3.8086426045280222 -7.2607450302153085 -2.2138630670887331 -4.926647245238307 4.4027878967405902 -3.8354877726736123 4.6049527786427484 0.2569459082479098 0.36685024875698896 2.8895249243676342 0.17768424603406671 0.95216451158160209 6.8950907584183208 -0.43702012408704255 0.67163681102256045 -0.90692197820963483 -4.3483352942427436 -0.57137656033129625 6.5369096556467978 673.37412294520857 570.41412361904952 2.1374058726648961 12.640929631338652 -15.746440968775449 -4.0546524766716603 5.7605423068383379 0.4073434312354921 0.96093715186379336 -6.587959742541412
decision_type=2 2 2 2 2 2 2 2 2 2 2 2 2 2 2 2 2 2 2 2 2 2 2 2 2 2 2 2 2 2
left_child=-1 -2 -3 4 10 -6 7 9 -9 -7 -4 12 13 -12 15 18 -16 -18 19 20 21 22 23 24 -5 -26 29 -21 -29 -27
right_child=1 2 3 14 5 6 -8 8 -10 -11 11 -13 -14 -15 16 -17 17 -19 -20 27 -22 -23 -24 -25 25 26 -28 28 -30 -31
leaf_value=-0.0088222223812680182 -0.0016533254443135983 0.0063238794356268472 0.043615825700360773 -0.055689054471503588 -0.005121112906810079 -0.040673484696935269 -0.038405035705857814 0.0090425668125185057 -0.036944444537033959 0.018109353355355171 -0.025667045545911447 0.011315337337811869 -0.046968329883894391 0.027898161509440151 0.013864681764282185 -0.034037426916747271 -0.038306239172123169 0.0026527022353176571 -0.025639588359404848 0.025168068514784484 -0.048171868376466115 0.026795675573689705 0.013052342559120926 -0.034310814570032419 0.025774203299116949 -0.033537884411221755 -0.032115602082678205 -0.039812499872665129 0.018925669944881394 -0.0011624423708449323
leaf_weight=86.64727750212478 593.05735311223543 166.46675497520482 3.7550056686159214 2.3312548371031871 68.078889792755945 2.1921940768079393 15.273138745658796 4.2327266952488563 11.098008861998094 8.5490725216804986 5.4326317997474671 36.686143664061092 3.6128706788877016 4.0429898486472666 50.921893614315195 7.1500599173014043 3.8194667162024407 542.90154782816535 9.1583209295058605 14.760121256113054 4.6551426023943341 9.1951843801652995 26.616254287480842 9.6906679724343103 8.820023006759568 4.6831915667280404 6.9808776592835775 5.2475412315689054 11.554786572232841 90.559939202183187
leaf_count=21119 54128 2222 16 98 2686 167 736 72 376 191 199 642 136 32 1033 433 127 9354 428 77 216 110 242 256 110 317 194 106 62 3353
internal_value=-1.01587e-10 0.000441473 0.00153271 0.000712163 -0.00526978 -0.0113438 -0.0215901 -0.0117398 -0.0242477 0.00611231 0.00714661 0.00439537 -0.0150008 -0.00281223 0.00191701 -0.00212347 0.00334625 0.00236656 -0.0010063 0.000150058 -0.00215231 -0.000803925 -0.00249941 -0.00586288 -0.00343132 -0.00233422 -0.00475945 0.0120792 0.00058113 -0.00275437
internal_weight=1818.17 1731.52 1138.47 972 162.954 109.424 41.3451 26.072 15.3307 10.7413 53.5296 49.7746 13.0885 9.47562 809.046 211.403 597.643 546.721 204.253 195.095 163.533 158.877 149.682 123.066 113.375 111.044 102.224 31.5624 16.8023 95.2431
internal_count=99238 78119 23991 21769 5253 4228 1542 806 448 358 1025 1009 367 231 16516 6002 10514 9481 5569 5141 4896 4680 4570 4328 4072 3974 3864 245 168 3670
is_linear=0
shrinkage=0.03


Tree=101
num_leaves=31
num_cat=0
split_feature=9 17 7 5 0 8 8 10 9 15 6 0 10 14 17 5 14 17 3 15 13 14 6 14 8 14 17 5 13 17
split_gain=7.54867 4.66877 5.97989 6.84381 5.90397 5.70383 9.58484 5.12982 5.13275 4.94447 4.92765 5.06805 4.85804 12.305 5.07465 5.46317 7.13683 5.20644 7.98517 10.4979 8.21932 7.08732 8.10714 7.00384 6.46209 6.23817 6.023 7.33958 7.71995 5.90277
threshold=2.7997553325013351 -59.403588857471597 -6.4346161344220487 -15.18812089508878 1.0605179265985272 4.583305662397815 7.0770996203445993 5.0939213037871935 8.4431389036551554 0.6756119531307766 -17.094740615883264 0.74221011789386637 5.0446501066180698 359.55370914363669 -9.2958668614693085 14.155959574842568 136.95104223512593 -2.7702860760746142 11.794923407852322 0.19849180489652907 1.3739014894132104 49.940652240066534 19.633566365581895 234.3579463467255 5.2787161741364974 6.2231497709096537 -8.8825516551675374 18.930767825942063 0.88582701625242144 -2.1627233298177346
decision_type=2 2 2 2 2 2 2 2 2 2 2 2 2 2 2 2 2 2 2 2 2 2 2 2 2 2 2 2 2 2
left_child=-1 5 4 -4 -3 -2 -7 8 12 -10 11 -9 14 -14 15 -5 -17 23 19 20 24 -20 -23 25 -19 -16 -25 28 -28 -24
right_child=1 2 3 7 -6 6 -8 10 9 -11 -12 -13 13 -15 17 16 -18 18 21 -21 -22 22 29 26 -26 -27 27 -29 -30 -31
leaf_value=-0.0050079733755274978 0.017256769857967893 -0.03947934993101359 0.014243462990478907 -0.0020840068716424897 -0.0022541880944123736 -0.029618635481527194 0.0098659497667706111 -0.053785383797277077 -0.049152726353026421 -0.0028523864386312829 0.003314908527857261 0.004759101554473095 -0.034578948075363873 0.02102088959456359 -0.049848060675140492 -0.065076687454957483 -0.00091908284871669381 -0.0083605263436233868 0.016841229266819694 -0.020882441653543398 -0.039224082018927922 -0.025426841043064065 -0.028054385698281007 0.031090222975070605 0.033592898002079645 0.0060681071696033449 -0.0010890221739874109 0.016717518406580908 -0.027902476161179201 0.0066691172562393427
leaf_weight=235.74979467701633 33.262828428123612 6.6424167659424702 32.438998100697063 522.22726694890298 9.0711330613121373 7.6960427518934038 19.688077034428716 2.7737675900571039 3.8659235811792296 4.4830555189400911 446.88180073729018 2.5581370145082474 11.219728704076262 5.2628379361703983 1.8071959358640004 2.8715605962788677 3.4176844143075868 5.4237045460031394 23.256427743239328 37.308817393626668 2.7908430796524035 11.409264188972882 4.9470815794775254 3.5758474296308114 8.4559892440156528 281.36387321590155 18.985465765028493 8.0695332945324463 19.682631829375168 40.289753630408086
leaf_count=43797 336 180 225 30636 96 146 107 82 87 52 5328 21 296 56 97 101 58 453 251 2457 248 619 119 91 110 10581 881 38 1180 509
internal_value=-6.70905e-11 0.000746417 0.000420967 0.000613147 -0.01799 0.00890901 -0.00123081 0.00031296 -0.000865464 -0.0242914 0.00297284 -0.025697 -0.000672271 -0.0168261 -0.000404914 -0.00241873 -0.0302123 0.00187239 -0.00312497 -0.0120389 0.00775307 0.00289697 -0.00282794 0.00387864 0.0171989 0.00571125 -0.00643552 -0.00930657 -0.0147375 0.00287177
internal_weight=1817.48 1581.73 1521.08 1505.37 15.7135 60.6469 27.3841 1472.93 1020.71 8.34898 452.214 5.3319 1012.37 16.4826 995.883 528.517 6.28925 467.366 133.882 53.9794 16.6705 79.9025 56.6461 333.485 13.8797 283.171 50.3135 46.7376 38.6681 45.2368
internal_count=99238 55441 54852 54576 276 589 253 54351 48920 139 5431 103 48781 352 48429 30795 159 17634 4766 3268 811 1498 1247 12868 563 10678 2190 2099 2061 628
is_linear=0
shrinkage=0.03


Tree=102
num_leaves=31
num_cat=0
split_feature=10 3 17 10 12 11 7 7 8 15 14 0 0 3 3 18 3 9 10 13 17 10 18 11 0 1 3 1 17 2
split_gain=7.25483 8.25033 7.76788 7.19776 6.97269 5.65185 5.47306 5.4853 5.40098 5.63896 5.13258 5.66967 6.97503 6.54663 4.84959 4.96086 4.77379 4.67715 6.05168 6.87028 6.05925 6.75975 4.44956 5.4794 6.04933 7.4709 5.60724 6.6039 8.24314 6.36779
threshold=4.2416201128650188 16.530690302907484 -1.0164294987258724 4.1959121092904041 0.51916891251953567 0.96472092360438122 0.79578208244627258 0.2286148787461251 2.0975058238205864 0.11928498282898224 33.987174790069055 -1.254370640645788 -0.80877826023105504 8.8946415168235102 -5.9247414392425748 56.633924660465766 0.88076246119456203 3.0722619599521521 3.9606593766680054 1.4327254181057454 -4.1621873335781236 3.0855562590727961 30.120640071617185 1.0773925397221487 -0.63024169692858001 8.7675114108531478 8.3922581848200455 4.8382553901968786 -2.2591847700334848 3.1977853849527231
decision_type=2 2 2 2 2 2 2 2 2 2 2 2 2 2 2 2 2 2 2 2 2 2 2 2 2 2 2 2 2 2
left_child=1 2 3 4 10 -3 7 -5 9 -6 11 -1 -13 -14 15 -12 -11 -7 19 -19 21 -21 -10 24 -24 26 -26 28 -28 -30
right_child=-2 5 -4 6 8 17 -8 -9 22 16 14 12 13 -15 -16 -17 -18 18 -20 20 -22 -23 23 -25 25 -27 27 -29 29 -31
leaf_value=-0.02729670802072218 0.0019306054149878554 -0.029783997826428214 -0.022307390398882524 -0.02412855676604362 0.027785270709076364 0.040108519863382604 -0.043533978941530833 0.027027179927323217 0.0080146673301662984 -0.018210813666003838 -0.0032822183005198802 0.027856863892290747 -0.0091905211587816529 0.029988272342480835 -0.016266190287622453 0.052457186036080461 -0.002907870049091257 -0.045080595524246737 0.01863796863894324 0.012721740567999271 0.013174297361419538 -0.038471275576811251 -0.0044541211694560595 -0.0037651620657662152 0.0077203394280175898 -0.045879689797684899 -0.028108804594989611 0.0091398839839196451 0.038436448659969508 -0.032118616805894729
leaf_weight=5.9744166928430777 891.58636922287405 3.3251771074137642 17.719717162355664 5.6135121813276765 3.7339490097510852 4.4189912120345971 6.5091593629913396 2.8413629876449704 59.52939555492776 34.206237863108981 10.896065748936961 8.6119528632989368 24.050137783953691 4.5674473716062485 66.345062637745286 1.6553866481408466 39.570112125831656 2.8609480927698341 26.690947772702202 4.1237014774233121 19.557780709990766 5.3114630042109638 88.292138406912272 263.96805422297621 175.05755516098725 2.5780919888056806 14.871998818562131 15.971821854356675 3.5556728636293 1.7025059244042493
leaf_count=780 15210 160 2246 337 764 19 353 59 1918 9156 1268 548 3296 114 10994 10 7499 161 176 48 235 148 9579 18166 14045 109 1188 458 56 138
internal_value=2.90943e-11 -0.00186266 -0.00265064 -0.00223603 -0.00186208 0.00833435 -0.0228562 -0.00693705 -0.000712798 -0.00818265 -0.0084795 -0.000167655 0.00418588 -0.00293748 -0.0130311 0.00406914 -0.010003 0.0103474 0.00810103 -0.000728053 0.00364854 -0.016097 0.000212805 -0.000607764 0.00215174 0.00488053 0.00550027 -0.00526476 -0.0166938 0.015592
internal_weight=1815.7 924.111 857.822 840.102 825.138 66.289 14.964 8.45488 703.038 77.5103 122.1 43.204 37.2295 28.6176 78.8965 12.5515 73.7763 62.9638 58.5448 31.8539 28.9929 9.43516 625.527 565.998 302.03 213.738 211.16 36.102 20.1302 5.25818
internal_count=99238 84028 83081 80835 80086 947 749 396 63076 17419 17010 4738 3958 3410 12272 1278 16655 787 768 592 431 196 45657 43739 25573 15994 15885 1840 1382 194
is_linear=0
shrinkage=0.03


Tree=103
num_leaves=31
num_cat=0
split_feature=10 17 3 3 3 13 7 2 1 14 8 11 8 3 3 2 5 2 14 3 17 8 16 2 8 10 5 7 7 15
split_gain=7.12416 10.1177 5.95029 7.28938 4.90285 5.28973 4.62419 4.417 5.72739 6.09889 4.44672 3.94249 3.75499 3.69876 9.12578 8.21488 5.93201 5.6713 13.3759 7.15102 7.04509 7.48261 6.01275 5.2073 5.41733 5.12579 5.09851 4.89823 6.69635 4.4673
threshold=3.0486207121232121 -30.561251399369656 10.233267557781835 8.2326562816209883 0.18237512974197403 1.8875746932871398 0.62647868754615044 4.8310589743113423 -0.033969479129891671 101.73880241703736 0.99967427572609735 1.5206558573594704 1.5273205484507981 -9.6213871454188133 -7.629625026883085 -7.7559775743426087 4.2440775220225273 -4.0770935056832709 201.79943079885436 9.224096893011227 -10.711506004767115 3.8078240160900854 7.4703864115313676 -4.7085702637611124 3.0103880396791349 3.5894187917199871 16.702242457980699 2.861361745009972 0.18709303256959633 0.11928498282898224
decision_type=2 2 2 2 2 2 2 2 2 2 2 2 2 2 2 2 2 2 2 2 2 2 2 2 2 2 2 2 2 2
left_child=1 7 3 4 -3 -6 -4 8 9 11 -10 12 -1 -2 27 16 29 18 19 20 21 -17 25 24 -22 -23 -20 28 -15 -16
right_child=13 2 6 -5 5 -7 -8 -9 10 -11 -12 -13 -14 14 15 17 -18 -19 26 -21 23 22 -24 -25 -26 -27 -28 -29 -30 -31
leaf_value=-0.0286546272619033 0.0047570788425656948 -0.013069959401413587 -0.046087951784723247 -0.033282501153170108 -0.0052977794229315707 0.019078322472561599 0.0083263040085882218 0.021094617829096187 0.07395825902016169 -0.025032814099165558 -0.016311103993018966 -0.051040026257625597 0.021197489718433195 -0.01945849854920562 -0.008334474234998961 0.0032504535408854397 -0.027088012264953623 0.00077444347836547894 -0.035541784028048536 -0.047130134554288682 -0.025083541685924124 0.0028969625947797804 0.04637165213095705 -0.021626290048843502 0.020987413821494719 -0.037210776940093108 0.024700759198973549 -0.056653152201849445 0.0060961639315781531 0.016785336164916748
leaf_weight=1.4513499903114375 189.62289616545604 81.740857424090791 1.4784766967495695 10.273919810846563 113.44995996146463 8.620950660784727 28.504210973260342 15.058774677076142 0.50905574392527242 3.8161096797848577 13.951723688398486 0.76805166015401383 21.564352823494119 27.522399716122891 7.2793191776145241 23.667660189137678 3.4039702285081139 1128.5503351001389 15.925232590554517 2.9548168866022015 2.5488580873643576 3.7728500199445998 1.0556596852839 3.698610976280178 23.252842808025889 11.954642616386989 1.373428483493625 2.2176928599365047 13.884327961859524 51.102524329151493
leaf_count=393 3733 20401 120 1475 19886 470 1452 376 60 824 2007 49 1753 1724 204 1453 67 38419 1014 102 238 293 2 253 485 646 8 77 452 802
internal_value=-7.36198e-12 -0.00421373 -0.00687371 -0.00862669 -0.00738382 -0.00357628 0.00564308 0.00715226 0.00216054 0.0101737 -0.0131334 0.0158226 0.0180539 0.000838376 0.00027721 0.000736888 0.0114087 0.00019587 -0.00704266 -0.00141544 0.000515603 -0.00761489 -0.0229372 0.0116641 0.0164362 -0.0275894 -0.0307588 -0.0132161 -0.0108896 0.0136533
internal_weight=1814.98 301.188 244.068 214.086 203.812 122.071 29.9827 57.1194 42.0606 27.5999 14.4608 23.7838 23.0157 1513.79 1324.17 1280.54 61.7858 1218.75 90.2046 72.9059 69.9511 40.4508 16.7832 29.5003 25.8017 15.7275 17.2987 43.6244 41.4067 58.3818
internal_count=99238 49266 43804 42232 40757 20356 1572 5462 5086 3019 2067 2195 2146 49972 46239 43986 1073 42913 4494 3472 3370 2394 941 976 723 939 1022 2253 2176 1006
is_linear=0
shrinkage=0.03


Tree=104
num_leaves=31
num_cat=0
split_feature=9 10 17 17 14 2 12 12 12 8 1 17 8 4 4 17 10 18 16 16 17 14 18 14 8 17 16 1 0 16
split_gain=6.66137 4.52895 10.302 5.85016 7.54951 9.44792 13.4663 8.3359 6.24296 5.99718 12.232 5.66708 7.53592 6.51802 7.79952 6.53756 5.17102 4.97177 4.62385 5.11969 5.0892 6.79426 6.33016 6.83421 9.00966 8.28624 7.4021 7.36789 5.70791 5.10806
threshold=2.2187939629084799 6.0589170291175574 -2.1627233298177346 -5.7133756629992485 128.87146520468517 4.8310589743113423 1.1209535930512311 1.0039312801268994 1.3093159272900385 6.3319890495139708 -6.6328981983414295 -29.906819273322601 13.811529858943468 -20.80294495528052 -19.034912486072951 -9.2958668614693085 2.2584279054927143 53.587865176389222 -3.0547893189091115 -2.651544451570135 -27.250611982730977 6.7379461098311237 30.120640071617185 225.93486328275839 10.087957252637965 -12.393047150178258 0.39018037417124135 5.3148722568691529 4.1019210902327474 1.5139129391460993
decision_type=2 2 2 2 2 2 2 2 2 2 2 2 2 2 2 2 2 2 2 2 2 2 2 2 2 2 2 2 2 2
left_child=-1 11 3 4 -3 8 7 17 9 -6 -11 12 -2 -13 -15 18 -17 -7 -16 -20 21 -21 29 24 28 26 27 -25 -24 -22
right_child=1 2 -4 -5 5 6 -8 -9 -10 10 -12 13 -14 14 15 16 -18 -19 19 20 22 -23 23 25 -26 -27 -28 -29 -30 -31
leaf_value=-0.0082054970630141433 0.0025163499479949215 0.011713556117974668 -0.031590383416905267 0.015958866148253426 0.0037628072028218743 0.011963959474173991 -0.058097109449989949 0.023389104323154539 0.022350139892735883 0.0035862206455425432 -0.058350037671365797 0.018287593663043594 0.025558450363186481 -0.050580652968150057 0.0062774568181389635 -0.026882473709425123 0.0010668606125096784 -0.03680159568931364 -0.0284871892228175 0.024883223078872575 -0.0035601088250921597 -0.02146721386863314 -0.006519055681728109 -0.0030823613523489769 -0.042356807843504408 0.015464867420639707 -0.02115034085098055 0.034283498279576601 0.0038888627353681061 0.033275326084181191
leaf_weight=84.871183166957053 286.23717716791725 58.216108369000722 6.8243754627183071 41.109311135485768 49.153610454406589 2.6565621923655289 5.9283697609789661 5.820450539700686 12.494164003059266 7.6282593414653093 4.6005141823552531 15.477112977881914 13.370951968245206 2.8840955811319864 39.397587477607885 6.0121728474332476 657.05517626220535 6.4501097351312637 7.8143999032035927 3.2045001037768115 6.1235413360845978 25.461533001507632 315.77615455568593 23.055576252227187 5.8886732636601655 33.566870109425508 15.335169512778519 5.9815383561071931 55.803934685070999 7.5849885492934845
leaf_count=21119 10569 501 104 212 570 27 99 26 70 67 129 169 51 158 1163 1472 25797 145 613 191 690 2567 27604 1499 171 1063 975 100 1169 148
internal_value=1.83514e-11 0.000403269 0.00463771 0.00591174 0.00321128 -0.00201367 -0.019845 -0.00465302 0.00302015 -0.000914399 -0.0197145 -0.00015414 0.00354468 -0.00105774 -0.00130499 -0.00118735 0.000813438 -0.0225759 -0.00362161 -0.00439298 -0.00401474 -0.0162858 -0.00326489 -0.00386952 -0.00553946 0.00421823 -0.00428965 0.00461487 -0.00495599 0.0168211
internal_weight=1811.78 1726.91 200.882 194.057 152.948 94.732 20.8555 14.9271 73.8765 61.3824 12.2288 1526.03 299.608 1226.42 1210.95 1208.06 663.067 9.10667 544.994 505.597 497.782 28.666 469.116 455.408 377.469 77.9392 44.3723 29.0371 371.58 13.7085
internal_count=99238 78119 1950 1846 1634 1133 297 198 836 766 196 76169 10620 65549 65380 65222 27269 172 37953 36790 36177 2758 33419 32581 28944 3637 2574 1599 28773 838
is_linear=0
shrinkage=0.03


Tree=105
num_leaves=31
num_cat=0
split_feature=9 4 7 5 8 3 3 15 15 13 16 12 11 6 6 9 4 7 16 6 8 13 16 4 0 16 0 0 0 9
split_gain=6.42161 3.85162 6.82221 12.0264 7.84459 6.13485 6.74839 6.12452 5.39938 5.71951 6.34665 5.97981 6.78422 5.87889 6.53318 7.01977 5.33249 5.63848 6.42113 6.38743 6.21569 7.9618 6.62429 8.62858 5.85093 5.6293 5.61927 5.41341 6.6388 5.78994
threshold=2.2187939629084799 -17.799580817619297 0.73169043814022017 -2.3953572445516467 13.811529858943468 20.055109574488533 12.112602945755492 0.64285762057831031 0.087719169093273722 0.76687353846670292 0.30598518879365533 0.42554084664368441 0.67427392551204723 15.27041520638125 6.7097752020974744 5.9402578386025162 9.1645872519462888 -1.7089107693466719 5.1078279496299261 -11.201590819476936 6.7218986316386982 1.2979300033407661 2.102999481811278 -14.646336614202026 -0.86561364202771196 -0.65618475726160852 -2.3334730098029719 0.61044948484100059 0.80438417658472028 3.3928954799963189
decision_type=2 2 2 2 2 2 2 2 2 2 2 2 2 2 2 2 2 2 2 2 2 2 2 2 2 2 2 2 2 2
left_child=-1 -2 4 7 5 6 8 -4 -3 10 11 -10 -13 14 16 -16 17 18 20 -19 21 22 23 -11 26 -26 -25 -23 -29 -30
right_child=1 2 3 -5 -6 -7 -8 -9 9 13 -12 12 -14 -15 15 -17 -18 19 -20 -21 -22 27 -24 24 25 -27 -28 28 29 -31
leaf_value=-0.008078863639299938 0.0059036094339900841 -0.019916076153079488 0.014053921665215812 0.00050055080862276065 0.017438644718045026 0.021475593292913063 -0.023003695869581221 -0.019913528740673946 -0.015856456911436875 -0.030282323804954776 -0.017540015351451482 0.022608584902756849 -0.0030934413138112263 -0.052430393153208889 0.012648333021037284 -0.040866890624558068 0.027014755511945768 -0.045640910653873157 -0.031737050746233904 -0.0049483634936721005 0.017223588989180669 -0.027968467286684218 0.021034032183603023 -0.011635584406694302 -0.033819154247647455 0.001463058771738025 0.023378903660651092 0.035194691989359733 0.021992550188632293 -0.021671843979520843
leaf_weight=84.422506823015283 107.14554543187842 16.519950430607423 82.849402342399117 955.58936263738724 17.079665641766042 8.9226875584572536 15.673579608177532 5.0697070934984358 24.2541629383486 7.1855600003036662 42.18625502489158 11.41376465235953 48.596128994133323 1.9674724482465524 44.901197728118859 2.3200115528888992 5.6517854039557269 3.535928803466958 4.854962693352717 191.04079612575879 24.042203107324895 12.363265005056748 18.591124790429603 5.2702355087822097 4.7633113024930926 27.958433953957865 18.983376115764258 3.4535343836760175 3.6173438760160925 11.181458399456458
leaf_count=21119 1532 1700 1894 33843 122 51 553 244 2136 594 3779 308 4159 45 1210 79 92 251 109 18334 379 1163 416 374 652 2385 935 63 194 523
internal_value=-9.36441e-11 0.00039493 3.05539e-05 0.00147744 -0.00258921 -0.00320086 -0.00360095 0.0120952 -0.00303215 -0.00249383 -0.0080412 -0.00328569 0.00179503 -0.000702924 -0.000441778 0.0100191 -0.00188407 -0.00236895 0.00217032 -0.00568785 0.00336833 0.000430009 0.00526576 0.000696787 0.00460378 -0.00367298 0.0157704 -0.0126407 -0.00225846 -0.0109987
internal_weight=1811.4 1726.98 1619.84 1043.51 576.328 559.249 550.326 87.9191 534.652 518.132 126.45 84.2641 60.0099 391.682 389.715 47.2212 342.493 336.842 142.265 194.577 137.41 113.368 82.752 64.1609 56.9754 32.7217 24.2536 30.6156 18.2523 14.7988
internal_count=99238 78119 76587 35981 40606 40484 40433 2138 39880 38180 10382 6603 4467 27798 27753 1289 26464 26372 7787 18585 7678 7299 5356 4940 4346 3037 1309 1943 780 717
is_linear=0
shrinkage=0.03


Tree=106
num_leaves=31
num_cat=0
split_feature=10 12 15 15 15 9 17 18 10 18 17 13 11 9 10 10 17 10 4 12 4 10 11 11 9 4 8 11 18 1
split_gain=6.55318 5.40599 6.02958 9.51487 9.19571 8.63045 9.63365 8.88969 6.62235 5.12494 4.70145 4.28832 4.12305 7.96615 3.69568 6.72454 3.69061 6.81506 5.93804 6.79278 5.28216 5.53297 6.07598 10.1954 17.0755 8.1181 10.6321 8.61577 8.95701 8.45136
threshold=3.9606593766680054 2.7473694856488069 0.48158300869986614 0.6756119531307766 0.75794306987335747 3.8202187279097175 -51.640766791552799 78.957647374468351 2.5339470349520714 54.88402567244281 -1.0164294987258724 1.283447994924106 1.3532772280344736 5.8290862474013334 2.9093914512352392 3.3941726829387155 -59.403588857471597 5.0446501066180698 -24.227008588308614 1.5566321234599261 -20.80294495528052 5.525100435651038 0.90153569149206714 1.0341786587286357 5.2542211155698917 6.7434876665608003 2.720303129307549 0.86857545138918091 64.356568111290457 1.5862154257159202
decision_type=2 2 2 2 2 2 2 2 2 2 2 2 2 2 2 2 2 2 2 2 2 2 2 2 2 2 2 2 2 2
left_child=1 10 11 -4 -5 8 -7 9 -6 -8 -1 -3 -13 -14 -10 -16 17 -2 19 -18 -20 22 25 24 -24 -22 29 28 -28 -27
right_child=16 2 3 4 5 6 7 -9 14 -11 -12 12 13 -15 15 -17 18 -19 20 -21 21 -23 23 -25 -26 26 27 -29 -30 -31
leaf_value=-0.0027899942467690684 0.018549263638003986 -0.02656397852703811 -0.025445018534801883 0.02060963353789131 -0.028629094109101298 0.029068301984746973 -0.016354402961010553 0.02102530767868354 0.024842099547845737 -0.055572094688177288 -0.019780648021462368 0.022158217802506305 -0.03618642781927494 0.017510744119291412 -0.045705909086320329 0.016124739955893735 -0.035625445795843834 -0.0045493268321254131 0.015854130760119572 0.0026857983390114102 0.00058004430203453621 0.0044600226803140587 0.0086376108172095591 -0.0020588929477239303 -0.049977425667663153 0.011628613681923566 -0.029476839110231499 -0.050627263281802629 -0.0037507450114659989 -0.024904751987646041
leaf_weight=630.85329247180925 29.73744335595984 2.298623497481457 12.165423714730421 19.505229604023043 3.8115907890605767 3.015160849317911 4.9557724808109906 2.5832198997959486 12.162424814654516 7.5949226679513231 15.005940785762503 26.474473650348955 3.6216562542831507 7.9330145213752985 2.2243896962609133 5.4907074915245175 8.3942334132443666 18.740557936951518 22.376294918823987 8.2675850298255664 109.58927035372471 303.66976970742689 171.92495973766199 285.5536679601355 4.592461036052554 22.968255295621933 21.65706204023445 6.9728574458276844 27.835382147459313 7.5795165510207871
leaf_count=73436 218 195 585 276 245 10 155 10 158 214 2140 671 246 52 119 56 180 195 200 45 4266 3256 3284 6165 130 599 939 284 602 307
internal_value=1.04903e-10 -0.0021223 0.00390561 -0.00120834 0.0035982 -0.00433264 -0.0198994 -0.0296553 0.00759363 -0.0400866 -0.00318476 0.0132272 0.0156324 0.000680087 0.0145395 -0.00170206 0.00153573 0.00961984 0.00114437 -0.0166154 0.00144487 0.00110983 -0.000434715 0.00144475 0.00711262 -0.00485199 -0.0116934 -0.0194066 -0.0150081 0.00256395
internal_weight=1809.56 759.696 113.837 73.5088 61.3434 41.8382 18.1491 15.1339 23.6891 12.5507 645.859 40.3278 38.0291 11.5547 19.8775 7.7151 1049.86 48.478 1001.38 16.6618 984.719 962.343 658.673 462.071 176.517 196.602 87.0131 56.4653 49.4924 30.5478
internal_count=99238 78568 2992 1828 1243 967 389 379 578 369 75576 1164 969 298 333 175 20670 413 20257 225 20032 19832 16576 9579 3414 6997 2731 1825 1541 906
is_linear=0
shrinkage=0.03


Tree=107
num_leaves=31
num_cat=0
split_feature=10 18 0 10 17 17 18 16 5 17 8 17 4 5 5 16 1 12 12 16 8 16 16 1 10 12 7 8 0 8
split_gain=5.75905 7.61026 5.0173 4.71251 8.43225 4.66219 5.05083 4.7417 4.36983 4.25908 6.6929 6.10576 7.23633 6.0732 8.91838 6.43639 8.22404 6.92074 8.07608 6.44733 8.93194 6.84427 7.95278 6.21264 5.79548 6.72198 5.87845 8.55294 7.99397 7.28227
threshold=2.4245409578198971 29.518223167229902 0.59203481247414014 6.0589170291175574 -2.1627233298177346 -5.7133756629992485 72.532740798868346 -2.9384063054935265 0.41302925919774464 -29.906819273322601 13.811529858943468 -28.489862964341214 -20.80294495528052 3.2824890442643944 3.4047406838348828 -0.42345839819837644 10.668728378950433 0.85811415780382949 0.95583534602466991 1.2507870028255879 3.8336389149423171 -1.0000000180025095e-35 -0.22186979238173291 3.7743373050559863 3.8907909043034761 0.58707679251486933 4.5872779852199299 7.2653198086616007 -0.42982565755393015 6.3319890495139708
decision_type=2 2 2 2 2 2 2 2 2 2 2 2 2 2 2 2 2 2 2 2 2 2 2 2 2 2 2 2 2 2
left_child=1 2 -1 9 5 6 -5 -8 -3 10 -2 -11 -13 -14 -15 16 24 -17 -19 20 23 22 -22 -20 25 -16 29 28 -28 -26
right_child=3 8 -4 4 -6 -7 7 -9 -10 11 -12 12 13 14 15 17 -18 18 19 -21 21 -23 -24 -25 26 -27 27 -29 -30 -31
leaf_value=-0.029004803393822182 0.0020687947961311555 -0.019063841461436869 0.033129372930722212 0.0045384699991607687 -0.030588615916691569 0.014840863325635166 0.0048407849074035376 -0.047424396517591519 -0.0046647438836139761 -0.018573196988347116 0.023897709364131263 0.020494709264555218 -0.0034087672502725475 0.023369043529735276 -0.022786733681298826 0.0072176476837448487 0.017538708000168358 -0.020885929792921566 0.0041652363645122833 -0.0018717689171722722 0.013518517220860556 0.015551847779612717 -0.047098638114906811 -0.026068509100695483 -0.030340672500970254 0.0057238488896226274 0.003835511655452194 -0.054228784045156096 -0.036393578484751055 0.0045039280835388312
leaf_weight=1.4459742077306135 283.28615821897984 30.890486886622966 6.1203297214087797 145.13905495114159 5.9004915570840231 40.65905590634793 2.9376974906772375 3.3366863876581183 49.14940838428447 17.468147061299533 13.231774197891353 14.314080126758197 517.94522482494358 15.542322688153943 9.2384055313741538 153.84908893716056 12.581586032174526 16.457760383855202 14.867359595722521 260.48401992282015 4.2792561908718199 65.885084880661452 3.5754705949220797 10.392982404038774 25.218535900785355 38.289409283301211 32.101674734265544 3.0199201204814008 5.1601342556532463 6.8682260909117749
leaf_count=419 10813 10276 221 1533 104 212 27 74 10198 1505 51 146 41841 514 1257 5762 113 956 1069 4942 74 962 133 898 1380 2731 601 89 212 125
internal_value=-1.10611e-11 -0.00750333 0.0212551 0.000381723 0.00473609 0.00582127 0.00339923 -0.0229536 -0.0102219 -0.000183903 0.00304289 -0.00096335 -0.00070914 -0.000962966 0.000905978 0.000378808 -0.00553553 0.00185773 -0.000335745 0.000605075 0.00712202 0.0123961 -0.0140744 -0.00827398 -0.00795687 0.000181993 -0.0133021 -0.00567096 -0.00173554 -0.0228821
internal_weight=1809.64 87.6062 7.5663 1722.03 197.973 192.072 151.413 6.27438 80.0399 1524.06 296.518 1227.54 1210.07 1195.76 677.811 662.269 132.478 529.791 375.942 359.484 99.0002 73.7398 7.85473 25.2603 119.896 47.5278 72.3685 40.2817 37.2618 32.0868
internal_count=99238 21114 640 78124 1950 1846 1634 101 20474 76174 10864 65310 63805 63659 21818 21304 6508 14796 9034 8078 3136 1169 207 1967 6395 3988 2407 902 813 1505
is_linear=0
shrinkage=0.03


Tree=108
num_leaves=31
num_cat=0
split_feature=10 12 15 15 15 9 16 10 16 10 11 13 8 1 13 3 2 13 11 14 12 10 15 8 2 16 2 13 12 8
split_gain=5.90116 6.58818 5.59377 10.099 7.56023 6.88882 8.75923 6.53648 4.81611 4.4399 4.27493 3.9891 4.16272 4.44462 4.32627 4.24708 6.22135 3.96528 3.90176 3.50271 5.19515 4.77138 4.49616 4.77858 4.78123 4.58474 4.44117 4.48547 11.6713 8.7882
threshold=3.9414058872571895 2.7473694856488069 0.48158300869986614 0.6756119531307766 0.75794306987335747 3.8202187279097175 5.9009304216386864 2.5339470349520714 2.5111757616569252 3.6170762603656534 1.0445490420045844 1.283447994924106 6.3319890495139708 -8.2379209450383382 1.9304483389965197 -0.68513900261646932 -14.484028047423328 1.202959052939101 1.64148072040179 127.63643820675044 0.13072999160381657 3.9070773162449366 0.87170643246585888 1.7510918650250997 13.847800163817682 2.2230543783193961 13.847800163817682 0.86913376706778178 0.84314338013588785 1.6345290480491577
decision_type=2 2 2 2 2 2 2 2 2 2 2 2 2 2 2 2 2 2 2 2 2 2 2 2 2 2 2 2 2 2
left_child=1 19 11 8 -5 7 -7 -6 9 -4 17 -3 15 -14 -15 16 -13 -9 -8 21 -21 22 23 25 -25 -1 27 28 -22 -29
right_child=-2 2 3 4 5 6 18 10 -10 -11 -12 12 13 14 -16 -17 -18 -19 -20 20 26 -23 -24 24 -26 -27 -28 29 -30 -31
leaf_value=-0.011176395172043017 0.0014407997048805953 -0.025540573647666497 -0.030519658628938517 0.020072360387292147 -0.028992955527387961 -0.043050913829430014 -0.016957070550224582 0.012243167330380165 -0.045361492510230264 0.02026622379023027 0.021392748178490868 0.03332034133062145 0.017796522981901878 0.0011567288006219816 -0.054129219089777546 0.029393641488391211 -0.027494837172596435 -0.047070146300450533 0.0207750081101068 0.083762657685147734 -0.012419134448685832 -0.024781235670743272 -0.011743723310039107 0.00066773456857867103 -0.046278317954781427 0.038936195095406446 0.013891462485289668 0.017703277196097107 0.013601994249622454 -0.01639055009059863
leaf_weight=47.977175754465861 1059.2353549753316 2.219292303256224 3.3861261190613714 19.379838334454689 3.6997008803300586 6.9936891786055666 5.2390307006426138 2.4099918873980668 5.7368015755782835 2.8560083596967161 16.071599564515054 2.8263915011193603 6.8096077644731849 3.6174738769186643 1.9662916363449765 19.833679244038652 3.2602138175861901 1.7517471977043895 4.6607659868896008 0.56434239121153851 42.088495064526796 8.0942226285696943 35.962062983351643 382.00720615044702 1.9624980699736614 1.7013661125674833 8.3324977082083915 7.4840637784072888 24.569518049873295 74.928460903523955
leaf_count=11737 21060 194 328 274 245 263 97 51 211 37 202 8 82 134 77 318 347 80 26 53 7640 495 3584 38343 87 58 123 1265 2015 9804
internal_value=-1.15385e-10 -0.00203924 0.00464511 -0.000362791 0.00464244 -0.00268195 -0.0173496 0.00767146 -0.0255192 -0.00728323 0.0143756 0.0135637 0.0158288 0.00152807 -0.0183119 0.0226665 0.000745454 -0.0127228 0.00080697 -0.00322452 -0.00709712 -0.00194393 -0.0015503 -0.00070497 0.00042779 -0.00946016 -0.00742288 -0.00861427 -0.00282799 -0.0132944
internal_weight=1807.63 748.39 112.718 72.1853 60.2064 40.8265 16.8935 23.933 11.9789 6.24213 20.2333 40.533 38.3137 12.3934 5.58377 25.9203 6.08661 4.16174 9.8998 635.672 157.967 477.705 469.61 433.648 383.97 49.6785 157.403 149.071 66.658 82.4125
internal_count=99238 78178 2974 1814 1238 964 386 578 576 365 333 1160 966 293 211 673 355 131 123 75204 20900 54304 53809 50225 38430 11795 20847 20724 9655 11069
is_linear=0
shrinkage=0.03


Tree=109
num_leaves=31
num_cat=0
split_feature=9 10 11 18 14 7 18 4 2 6 13 4 10 9 7 7 10 0 6 9 9 4 4 16 4 10 7 9 13 4
split_gain=5.65609 4.02347 3.97346 7.72759 6.94812 4.59131 7.16913 9.57066 9.3815 4.60552 5.65033 3.52557 8.14828 5.97968 5.53177 6.26363 6.81539 6.84232 4.66294 5.12139 5.14607 5.9235 5.60995 6.31372 4.99518 6.96954 4.81475 4.78662 4.72155 4.62717
threshold=2.2187939629084799 6.0589170291175574 1.5421317382769348 75.597850938636796 480.86816535306872 0.56352120061993205 48.390385892292365 7.1000979867537737 -7.5112405861542539 -0.94374643158319382 0.56043445203140052 -17.799580817619297 5.525100435651038 7.3839281616548353 -3.5490193163139834 -4.2746708451899478 4.8022950532263176 1.3615121066006166 3.7741168536690179 6.5277307888950622 5.2542211155698917 -11.697739966357739 -14.646336614202026 4.0217994771424328 -13.155116911487633 5.630293180069855 3.3777271842468486 5.1389029845888858 1.197050007347285 -11.403913221554861
decision_type=2 2 2 2 2 2 2 2 2 2 2 2 2 2 2 2 2 2 2 2 2 2 2 2 2 2 2 2 2 2
left_child=-1 11 3 5 -5 9 -7 8 -8 -3 -11 12 13 14 15 16 17 -2 19 20 22 -22 27 24 28 26 -26 -13 -24 -20
right_child=1 2 -4 4 -6 6 7 -9 -10 10 -12 18 -14 -15 -16 -17 -18 -19 29 -21 21 -23 23 -25 25 -27 -28 -29 -30 -31
leaf_value=-0.0076275435467749965 -0.013477604516549814 0.00027724375892856646 0.018063429429866103 -0.050979505800990955 -0.0026741712674544149 0.025470522556998481 0.0058049179422099096 0.0071030352590147287 -0.052303428262606241 0.0017401083103360355 -0.053814503341558496 -0.024559694095800156 -0.026109019389318998 -0.026770391822820941 -0.021359648231220878 0.026017884660949193 0.019734236396901209 0.012923195206777194 0.030261202048787544 0.0079889096709705454 0.0002303524299413637 -0.023020249013952485 0.018405191491988989 -0.025958593614546114 -0.0022300499823273445 -0.049254278902077737 0.027644249775057052 0.023361135603677214 -0.018859500266401593 0.0006204556779790181
leaf_weight=83.452733578815241 19.447124464728404 25.7850280898856 17.463735016994178 4.2882775515317899 7.1452401699498296 16.785045608878136 4.9488141154870391 109.13031749636866 5.0545523143373412 3.1008831062354139 3.5159180639311671 16.081078452552905 6.8153198724612585 4.2456434816122046 4.8479706723010159 20.260501902492251 22.058626345766243 16.190820325980894 4.7649775857571504 36.919321119436063 16.397991606267169 24.740708351571811 18.824886188449458 9.6453492715954763 385.64304407074815 2.8118934854865065 4.9172646864899425 2.1236971425823858 3.654061763896606 904.72086465827306
leaf_count=21119 576 307 110 72 83 84 35 957 134 52 116 1197 99 54 157 194 170 156 41 552 348 1227 689 400 37361 121 98 27 244 32458
internal_value=-1.58387e-10 0.00036958 0.00440177 0.00307449 -0.0207917 0.00469565 0.00711482 0.00452864 -0.0235564 -0.00545225 -0.0277795 -0.000151837 0.0054805 0.00795368 0.00973408 0.0116677 0.00662859 -0.00148335 -0.000521225 -0.002782 -0.00360218 -0.0137525 -0.00266107 -0.00196332 -0.00140677 -0.00219275 -0.00185392 -0.0189694 0.0123476 0.000775749
internal_weight=1805.78 1722.33 197.218 179.754 11.4335 168.321 135.919 119.134 10.0034 32.4018 6.6168 1525.11 93.866 87.0507 82.805 77.9571 57.6966 35.6379 1431.25 521.759 484.84 41.1387 443.701 425.496 415.851 393.372 390.56 18.2048 22.4789 909.486
internal_count=99238 78119 1950 1840 155 1685 1210 1126 169 475 168 76169 1406 1307 1253 1096 902 732 74763 42264 41712 1575 40137 38913 38513 37580 37459 1224 933 32499
is_linear=0
shrinkage=0.03


Tree=110
num_leaves=31
num_cat=0
split_feature=9 18 6 13 2 12 14 14 4 0 12 10 10 3 18 0 11 10 18 16 9 9 13 2 18 18 14 14 12 6
split_gain=5.62766 3.821 4.07902 4.03038 4.85232 3.83817 3.65135 3.50473 3.64456 3.96846 4.5655 3.33933 4.00605 3.30117 5.17911 10.3936 10.6922 10.1536 6.90624 6.18783 5.13016 6.32905 6.27661 6.21486 4.87534 8.75641 7.54413 11.8881 6.35229 7.64178
threshold=2.7997553325013351 42.983332087270142 -8.6369466929298753 0.58625222791076392 -1.3742862508366425 5.1928842591216524 53.604006631394959 756.25402281124286 9.5980416971860461 3.6681778698672569 1.3475714891295685 2.1041635684526248 2.2367996495633551 16.530690302907484 71.3544544049699 -5.231183314645901 0.81227351114259994 5.1522034597433182 74.415888109280502 0.64913792862103781 3.0606691383913494 3.6961056914738419 0.48404955029321134 -1.8185154226075471 74.415888109280502 81.755197877237848 570.41412361904952 1109.1662680754564 2.6343705450370165 25.82587110735837
decision_type=2 2 2 2 2 2 2 2 2 2 2 2 2 2 2 2 2 2 2 2 2 2 2 2 2 2 2 2 2 2
left_child=1 3 -3 4 -1 7 -5 8 9 -4 -11 -2 -13 14 -14 -16 19 18 -18 -17 -15 22 -22 -23 26 28 -25 -28 29 -26
right_child=11 2 5 6 -6 -7 -8 -9 -10 10 -12 12 13 20 15 16 17 -19 -20 -21 21 23 -24 24 25 -27 27 -29 -30 -31
leaf_value=0.020214732558842485 -0.038230555951459522 0.037396899548596749 -0.0031874538845902984 -0.007512660173077162 -0.026149615611063475 0.031849648053636985 -0.027865375706992584 0.022905348584520632 -0.013343864604326449 0.047093884923642679 -0.0090130563575248294 0.022899750488861413 0.00046876310900428343 0.031954929173374683 0.019345091399037603 -0.020758069959500063 -0.027341064191728142 -0.055614234007815871 -0.0045535461145248075 0.025180913928380167 0.032672511223350811 -0.031038900451196283 -0.041945473047596001 0.010188496779320056 0.0093471137171050635 0.0092983252179280537 -0.045914992243193113 0.021657838314687542 -0.031615675218918581 -0.015261086949507825
leaf_weight=6.1258818982896628 1.9863369583326846 2.2696890134247942 143.84849874125211 15.778423769799703 3.0395374084910127 2.7922890658956012 15.95554420891858 4.388566941372118 32.413226142169151 3.059787173755466 2.2762950358446687 7.2765438818023531 1232.4012672923709 5.6673553338623597 11.295588349224998 3.636237479542614 19.196138537488878 5.621576241683214 31.797310068970546 9.6209108605980855 1.274586466141044 4.5057810065336517 4.9732860757794697 125.96905479009729 20.888873043120839 45.025827460223809 5.5513220028951746 4.0546599542722106 8.9897850533016008 24.890321940649301
leaf_count=795 303 72 27862 3520 795 67 5403 116 4998 33 136 464 49027 46 104 130 1168 149 1391 57 9 113 223 1045 251 368 115 23 126 329
internal_value=7.41542e-11 -0.00436265 -0.00258109 -0.0126847 0.00483888 -0.00306175 -0.0177458 -0.00358588 -0.00422608 -0.00224507 0.0231595 0.000642635 0.000691734 0.000588501 -1.46719e-05 -0.00735485 -0.0116712 -0.01735 -0.0131318 0.0125805 0.0037352 0.00308539 -0.0267232 0.0038618 0.00452992 -0.000502592 0.00823427 -0.0173927 -0.00855997 -0.00403246
internal_weight=1806.57 231.948 191.048 40.8994 9.16542 188.779 31.734 185.986 181.598 149.185 5.33608 1574.62 1572.64 1565.36 1313.57 81.1678 69.8722 56.615 50.9934 13.2571 251.791 246.123 6.24787 239.876 235.37 99.7948 135.575 9.60598 54.769 45.7792
internal_count=99238 43797 33284 10513 1590 33212 8923 33145 33029 28031 169 55441 55138 54674 52026 2999 2895 2708 2559 187 2648 2602 232 2370 2257 1074 1183 138 706 580
is_linear=0
shrinkage=0.03


Tree=111
num_leaves=31
num_cat=0
split_feature=9 17 8 8 0 16 7 2 16 4 2 12 12 14 14 17 6 6 11 12 9 6 16 9 16 12 8 11 7 17
split_gain=5.45026 3.60862 6.51553 8.12687 4.84365 5.84677 4.42831 5.73412 5.06186 4.83846 3.61748 5.07334 3.53972 3.40224 3.6462 3.72557 4.9749 5.93346 3.79898 4.15649 3.44806 3.83102 3.71942 5.16252 4.75404 3.28286 3.24458 3.63804 3.24413 5.69125
threshold=2.7997553325013351 -59.403588857471597 4.583305662397815 7.0770996203445993 1.8739987328800563 -0.38138691889298887 -6.4346161344220487 -14.484028047423328 2.6759027823429342 -24.227008588308614 -7.0438801370713167 1.2423792151698494 5.1928842591216524 756.25402281124286 94.920327598788774 -24.318333136594806 1.1334195583363067 1.8583488518219864 0.83211328413604446 3.1804438441311573 2.5609385139382232 21.042644842628292 -0.051567611799774725 2.2187939629084799 -0.090518497764336056 0.376438984357573 8.039765275224811 1.243885662219973 0.73169043814022017 -29.906819273322601
decision_type=2 2 2 2 2 2 2 2 2 2 2 2 2 2 2 2 2 2 2 2 2 2 2 2 2 2 2 2 2 2
left_child=12 2 4 -4 5 -2 8 26 10 -9 -3 -12 13 14 15 -1 18 -18 19 -17 22 -22 23 -19 25 -25 -8 -28 29 -11
right_child=1 6 3 -5 -6 -7 7 9 -10 28 11 -13 -14 -15 -16 16 17 20 -20 -21 21 -23 -24 24 -26 -27 27 -29 -30 -31
leaf_value=0.005457684092876028 0.014015970648785838 -0.048928830060479968 -0.029294343527255517 0.0073213298422615388 0.028075605863814645 -0.031568238135700172 0.0021091415571754886 -0.047017453525608564 0.013350822370311677 0.0031563387424746706 -0.032869388813274766 0.020973031853093696 0.026830643902389071 0.020985110716253971 -0.010364226820194344 -0.0061144314070526121 0.024814330132323006 -0.0070498351404105659 -0.021621851981030313 0.079625844581820038 -0.020311019519947411 0.037172674511159069 -0.0073257100820996743 -0.029499479992132024 0.099640117450175092 0.027015568796615055 0.031375631817547753 0.0068733144962101582 0.0013081851502481231 -0.0037330751533449654
leaf_weight=39.446633928426309 12.814948021667076 4.0638399666640899 7.6264900104142752 19.164266134146601 16.820480004302226 3.156059056724188 17.200700581772253 1.9502305452479038 3.8879371830262235 154.51181346495287 4.2976049373100969 2.4861836340278387 3.2407719004841047 4.5332362576446021 80.677292330874479 21.437722955452049 7.744247454313153 7.3481018028978715 22.488071368868987 0.52123407443286751 13.283178966870762 1.1323922323063005 19.718184795310666 1.0501803705847104 0.73613509815186162 7.7639249971980462 11.280734531581404 10.558205337263642 946.56594675729866 357.84871417468821
leaf_count=5943 174 82 146 107 61 101 197 63 24 5482 149 21 95 134 17849 4077 1003 1820 6472 18 1925 4 3304 177 28 948 37 67 26583 22147
internal_value=-1.50479e-11 0.000631588 0.00787353 -0.00310201 0.0168406 0.00500799 0.00034671 0.00050749 -0.016019 0.000204264 -0.0265455 -0.0131367 -0.00430193 -0.00474467 -0.00526691 -0.00238447 -0.00538133 0.000345896 -0.012955 -0.00407924 -0.00336725 -0.0157955 0.00152562 0.011854 0.0263989 0.0202819 0.0118543 0.0195298 0.000267388 -0.00165544
internal_weight=1805.36 1574.23 59.5822 26.7908 32.7915 15.971 1514.65 1499.92 14.7356 1460.88 10.8476 6.78379 231.121 227.881 223.347 142.67 103.223 58.7763 44.447 21.959 51.0321 14.4156 36.6165 16.8983 9.55024 8.81411 39.0396 21.8389 1458.93 512.361
internal_count=99238 55441 589 253 336 275 54852 54576 276 54275 252 170 43797 43702 43568 25719 19776 9209 10567 4095 8206 1929 6277 2973 1153 1125 301 104 54212 27629
is_linear=0
shrinkage=0.03


Tree=112
num_leaves=31
num_cat=0
split_feature=10 12 17 14 14 5 17 18 14 17 17 17 12 17 16 5 9 9 8 14 18 8 9 9 17 17 12 9 8 17
split_gain=5.35506 5.79944 5.64848 4.30561 6.65977 4.42646 4.2452 6.57329 5.46774 6.73557 5.71294 6.10913 4.97666 4.85208 5.41732 6.33131 6.08627 5.1717 4.72106 4.60258 4.49357 4.48503 4.2427 4.09961 4.00173 4.65377 6.79694 4.86936 4.52882 4.09997
threshold=3.9778447873439586 3.1804438441311573 -1.0164294987258724 21.858329098769534 25.169433183378299 5.6129698848957892 -4.2507999479581651 71.3544544049699 127.63643820675044 -7.9484906437063376 -8.9889015852573255 -40.392174176758374 0.69823952179130089 -2.7702860760746142 1.1981142323022083 9.7556388508183769 2.4615438691685561 5.1964422994463169 0.84262705447784236 17.010085147487796 34.066011061820582 2.2887317139589824 4.4333122771883948 4.3462167610679012 -54.7886904489635 -44.058325472366484 1.6888148325301844 1.864544788763639 3.4938538161517241 -6.5223048180446161
decision_type=2 2 2 2 2 2 2 2 2 2 2 2 2 2 2 2 2 2 2 2 2 2 2 2 2 2 2 2 2 2
left_child=1 2 6 5 -5 -3 7 8 24 10 11 20 -12 19 15 16 21 -18 -13 -8 -10 -15 -9 -16 28 26 -26 -27 -1 -29
right_child=-2 3 -4 4 -6 -7 13 22 9 -11 12 18 -14 14 23 -17 17 -19 -20 -21 -22 -23 -24 -25 25 27 -28 29 -30 -31
leaf_value=-0.0058659692319354704 0.001405261124536431 0.00051497927396893688 -0.0207800860381449 0.034547185651246835 0.0048119219676072593 -0.0439276850746355 -0.037537067005502321 -0.013599011104302146 0.019732965724534035 -0.02392405431323099 -0.027099389613739179 0.0922313631810045 0.028539916712125184 -0.0044196386572289874 -0.013406532889083672 0.021269815212432559 -0.020813964731435888 0.024807532765785786 -0.012494122100083537 0.010444671067131579 -0.011749376749657137 0.03942533794974825 -0.049567172696677361 -0.059609115786014223 0.016468132397480927 -0.016285368740787363 -0.04758853293361176 -0.0021744616734777327 -0.054576191552742757 0.0072119273308984084
leaf_weight=4.8722447422187534 1037.0347808873921 6.1393781019723956 15.429723480003302 7.5014175132382652 70.378922822914319 3.0038109943270683 1.8586609219200898 11.827460152169804 11.008039393462242 21.400982614220993 1.8087705713478479 0.38971498070168209 7.2303579209255986 4.6575171893782699 8.7580475235299655 10.526273120369295 17.467554125221799 2.5646862106514154 65.65391784482199 56.292246328215697 6.4836935789498957 3.8235032527736621 3.9330258799018329 2.1534182047471395 21.686200872340127 19.672389352570463 1.6008800165727723 327.43143280399818 2.6533890989376232 48.024750395212322
leaf_count=290 20280 293 2187 67 1580 110 268 1185 135 3528 384 43 474 1231 681 271 2275 49 10728 4174 514 487 193 90 874 6292 83 36561 99 3812
internal_value=2.50381e-10 -0.00190191 -0.00283613 0.0053896 0.00767602 -0.0140858 -0.00241902 -0.00347721 -0.00291974 -0.00875595 -0.00524945 -0.00770096 0.0174062 0.00302041 -0.00383723 0.0013859 -0.00595467 -0.0149731 -0.0118762 0.00891104 0.00806335 0.015347 -0.0225749 -0.0225248 -0.00135806 -0.000968082 0.0120645 -0.00173616 -0.0230402 -0.000973845
internal_weight=1803.27 766.232 679.209 87.0235 77.8803 9.14319 663.779 555.677 539.917 113.975 92.5745 83.5354 9.03913 108.102 49.951 39.0395 28.5133 20.0322 66.0436 58.1509 17.4917 8.48102 15.7605 10.9115 425.941 418.416 23.2871 395.129 7.52563 375.456
internal_count=99238 78958 76908 2050 1647 403 74721 65195 63817 15806 12278 11420 858 9526 5084 4313 4042 2324 10771 4442 649 1718 1378 771 48011 47622 957 46665 389 40373
is_linear=0
shrinkage=0.03


Tree=113
num_leaves=31
num_cat=0
split_feature=9 17 4 7 5 17 15 15 6 6 0 3 4 15 17 3 14 4 5 16 9 6 0 3 16 15 12 7 0 6
split_gain=4.88953 4.86212 4.15091 5.66554 9.24258 8.74899 6.04384 5.99192 4.97411 6.69364 8.21284 5.67182 4.78673 4.59777 4.52729 7.44798 7.16008 7.91779 8.04265 6.29099 6.83039 5.1982 6.60669 5.10761 5.76097 7.21271 5.77744 10.8337 5.15315 4.60455
threshold=1.7321174501770211 -49.07469848051128 -20.80294495528052 0.73169043814022017 -2.3953572445516467 -6.927835245011881 0.96105965272177774 0.60426169572290767 11.773438265181278 6.6173709218417409 -0.59778046170579646 18.653788412539608 0.34702334064974366 0.72039327038269818 -28.224613102258207 20.055109574488533 16.432866321255496 -14.646336614202026 -1.9830383560961817 7.4703864115313676 5.1389029845888858 -8.4496367395877883 1.7617339689968425 -14.636261045844348 -1.033892627838825 0.34034875320394969 0.86326260203157745 0.39346974385036099 -0.34719308922776454 -3.8192237260622699
decision_type=2 2 2 2 2 2 2 2 2 2 2 2 2 2 2 2 2 2 2 2 2 2 2 2 2 2 2 2 2 2
left_child=1 -1 -2 6 5 7 8 -5 9 14 -11 13 -6 -10 16 -16 17 -4 -19 20 23 -22 -23 -18 25 28 27 -26 -25 -24
right_child=2 -3 3 4 12 -7 -8 -9 11 10 -12 -13 -14 -15 15 -17 19 18 -20 -21 21 22 29 24 26 -27 -28 -29 -30 -31
leaf_value=0.05192905665602137 0.0073337941222740219 -0.018272836380694171 -0.04231935543532931 0.014494861384933075 -0.021334284790300705 -0.039731320278029024 0.0115316005723867 -0.016236667884660706 -0.019112676559880627 -0.031670067318386987 0.010659938186355186 0.0093685828043118275 0.00057962617602908407 -0.062414185227625062 -0.0060029762034042285 0.036734875884753132 -0.039189345147827487 0.030185696387600349 -0.0096355480483050725 -0.057932711964182503 0.012500628624400375 -0.043682769141359289 -0.025570179017181695 -0.011657697382794808 -0.026125054288265691 0.022696068974963606 -0.002040982024562044 0.024563614956226644 0.028222951511119435 0.01944447714714017
leaf_weight=0.93239476584131153 69.819570164690958 18.611682662725798 2.0053467070101787 79.229732105843141 9.0551335637428547 3.0134720354690208 27.080237040572683 6.1535376550455103 7.6487564302515221 4.4802279418072422 52.04855878460512 4.2392508648335925 965.80492473293998 3.1019006639253348 350.59636941412464 3.7087341714650384 3.9515800839290014 17.451023132016424 6.1816395486530338 1.7970900619402517 41.032947855768725 3.6264213292160994 3.094130165874958 18.102354483809904 26.958080497890482 13.545560177386504 42.785775963697233 4.4165746092912732 3.4759482771623906 6.0323361379560065
leaf_count=72 774 6189 125 1674 743 242 158 299 224 319 1589 20 38200 121 38131 12 193 633 536 33 473 162 72 1249 3376 477 2728 231 121 62
internal_value=5.4894e-11 -0.0149237 0.000163819 -0.000128826 0.00121833 0.010507 -0.00234147 0.0122801 -0.00294714 -0.00252437 0.00730504 -0.0200185 0.000376076 -0.0316065 -0.00353691 -0.00555561 0.000141203 0.0149131 0.0197696 -0.00210217 -0.00150145 0.00730125 -0.00942798 -0.00568264 -0.00447108 0.00553757 -0.00921137 -0.0189897 -0.00523351 0.00418324
internal_weight=1799.98 19.5441 1780.44 1710.62 1063.26 88.3967 647.361 85.3833 620.281 605.291 56.5288 14.9899 974.86 10.7507 548.762 354.305 194.457 25.638 23.6327 168.819 167.022 53.7858 12.7529 113.236 109.284 35.1239 74.1604 31.3747 21.5783 9.12647
internal_count=99238 6261 92977 92203 41158 2215 51045 1973 50887 50522 1908 365 38943 345 48614 38143 10471 1294 1169 9177 9144 769 296 8375 8182 1847 6335 3607 1370 134
is_linear=0
shrinkage=0.03


Tree=114
num_leaves=31
num_cat=0
split_feature=9 8 8 16 15 0 13 14 14 15 11 11 7 8 16 0 16 5 14 2 0 14 2 11 8 2 15 12 11 15
split_gain=4.56035 4.94243 4.28431 6.40205 5.66802 9.58562 8.18953 6.49118 10.9088 6.14288 6.65087 7.42435 6.17351 5.41632 7.66767 5.96949 7.0786 10.3083 8.22004 6.84397 8.29468 7.77011 5.87366 5.66069 5.26835 6.26828 5.23022 6.44457 5.16556 6.67417
threshold=1.7321174501770211 0.84262705447784236 3.5150325938908979 1.5139129391460993 0.4055504035098893 -1.7738302407967053 0.38670008005226258 13.071684843588868 17.010085147487796 0.34428781937972958 0.66900044789525215 0.82227265834167829 5.0781632702433974 3.7358486750855029 0.88454079277905284 4.1019210902327474 2.7726269822209946 5.4335244456576666 325.98162554704203 -5.9764974451857622 2.3782319642382039 135.43299021226588 6.6412692932849806 1.068836879567314 7.0770996203445993 -8.377688175513347 0.83857266262946706 2.294650494883764 0.75761156655969109 0.77660992968077924
decision_type=2 2 2 2 2 2 2 2 2 2 2 2 2 2 2 2 2 2 2 2 2 2 2 2 2 2 2 2 2 2
left_child=-1 -2 3 28 6 24 -4 -7 -9 10 -8 12 -12 14 -10 19 17 18 -17 20 21 -15 -21 -16 -6 -26 27 -19 29 -3
right_child=1 2 4 -5 5 7 9 8 13 -11 11 -13 -14 15 23 16 -18 26 -20 22 -22 -23 -24 -25 25 -27 -28 -29 -30 -31
leaf_value=-0.014535530230935335 0.023844082671957353 -0.0006791051506023193 -0.025841731660419465 0.0055351835070803169 -0.034401730969518124 0.010632182540238764 0.020957580716329548 -0.033827392049725451 -0.0086104575903352219 0.01197145341996474 -0.0076583626366749629 0.0030306827693269969 -0.051964852633915884 0.021945756656780863 0.024515001589524646 -0.030031591388566981 -0.00057185919817373358 0.018121588278085941 0.01999104855551086 -0.01030330421015407 -0.033785179509359609 -0.013754435028202686 -0.00071734435511248745 -0.009510152421273033 0.016305805841888978 -0.037752929406175383 0.026498735339340031 -0.022884302830740933 -0.0049541573774360397 0.019622699024727911
leaf_weight=19.218177606868267 7.8927739114005808 110.13276553568721 8.4144497859233507 87.08863124083291 11.508716397453101 47.172189603646984 17.059313836594811 8.935657167225143 13.945354266441425 74.105108274758095 29.220448302628938 373.35112018429936 3.1339043289772226 22.97673876571935 24.31761178071611 8.254073760006575 214.45939304237254 10.562658802722579 4.6065686107613137 135.26544460447622 3.7683007689192882 7.2082759340410112 100.10070117743453 5.3728901666472657 5.3680802867747843 3.0145292000379396 27.092662422452122 5.1221047982107839 392.76678376347991 16.796357649334823
leaf_count=6261 179 8156 294 4440 701 1139 206 456 871 1484 1017 10974 103 330 559 422 2802 97 64 6462 159 214 1980 343 51 153 202 102 48068 949
internal_value=1.73746e-10 0.000157023 5.1465e-05 -0.00199244 0.00111663 -0.000716134 0.00350713 -7.78729e-05 -0.000931296 0.00400415 0.00260759 0.001836 -0.01195 -0.000427142 0.00973909 -0.00124953 0.00190185 0.0114369 -0.0121139 -0.00441002 0.00818133 0.0134204 -0.00622642 0.0183577 -0.0212251 -0.00313464 0.0185172 0.00473047 -0.00325388 0.0020074
internal_weight=1798.23 1779.01 1771.12 606.785 1164.34 659.052 505.284 639.161 591.988 496.87 422.765 405.705 32.3544 583.053 43.6359 539.417 270.097 55.6381 12.8606 269.319 33.9533 30.185 235.366 29.6905 19.8913 8.38261 42.7774 15.6848 519.696 126.929
internal_count=99238 92977 92798 61613 31185 17107 14078 16202 15063 13784 12300 12094 1120 14607 1773 12834 3689 887 486 9145 703 544 8442 902 905 204 401 199 57173 9105
is_linear=0
shrinkage=0.03


Tree=115
num_leaves=31
num_cat=0
split_feature=10 17 17 10 8 17 0 14 9 17 14 5 2 13 2 1 10 11 11 16 8 12 17 9 7 12 13 8 11 11
split_gain=5.21937 6.00141 5.49417 6.11238 5.88298 5.87225 5.47529 5.06103 4.73781 4.24717 4.07033 7.36737 6.89512 6.70375 6.19601 5.4699 5.19569 3.82243 5.75961 3.79836 5.28992 5.6954 4.842 4.18355 3.88618 3.74833 9.92528 12.8835 4.51542 8.63206
threshold=6.0589170291175574 -2.1627233298177346 -29.906819273322601 3.0139398962780475 13.811529858943468 -28.489862964341214 4.6684942264196714 5.6825645295788583 3.9548803257370269 -5.7133756629992485 55.10909927505066 12.060374500961316 11.484609426069495 1.8875746932871398 9.3843177200815155 -10.033386477835352 4.8022950532263176 0.74156720765777095 0.62824937171646511 0.14482394832878429 5.0947882204586454 1.113063952692001 -16.39576798218668 2.1443140921970136 -0.14867143995899165 1.6888148325301844 2.8669113543458811 7.4766221143039351 1.0291303700508412 0.99146637752105293
decision_type=2 2 2 2 2 2 2 2 2 2 2 2 2 2 2 2 2 2 2 2 2 2 2 2 2 2 2 2 2 2
left_child=2 9 4 6 10 7 19 -5 -8 -2 15 12 14 -13 16 -1 -12 18 -18 24 21 -21 23 -23 -4 28 -27 -28 29 -7
right_child=1 -3 3 5 -6 25 8 -9 -10 -11 11 13 -14 -15 -16 -17 17 -19 -20 20 -22 22 -24 -25 -26 26 27 -29 -30 -31
leaf_value=-0.040264984402139867 0.0031880755534380639 -0.026555513646911399 -0.01162474160513164 0.029120120072500786 0.023032874438502948 -0.0011684894565246089 0.014343656310682972 -0.026292400407588082 -0.027511324862255923 0.014157136466557772 -0.0043680705427354936 -0.066010439783533062 0.019654198593545252 0.00038083485138285249 -0.045362853777426632 0.0076855032513275879 0.015215353238147428 0.0095365709469438908 -0.052965567507417557 -0.018097323357240257 -0.038011046582717298 0.012030961559147728 0.002781167184326778 -0.031218628871126964 0.00028087510064623666 0.0037866124212018169 0.0065203802759837845 -0.06158291526151119 -0.0042986763594577383 0.010291057581386225
leaf_weight=2.184308970347046 147.58064254210331 5.3904861942864946 36.963422015935066 1.6842086271499273 12.7094440292567 417.65258780178556 18.083423527772542 12.443219615059204 2.8126077228225759 40.483727591112256 106.40896145392617 2.9088135436177245 15.450699819717554 2.5854058852419257 2.8245234589558086 108.2229915241478 2.1917985891923299 48.827365475968691 2.2699281401000917 40.622306999692228 6.4946830212720661 2.6914546669577231 34.799100994678156 7.9841838550200919 74.22428509897145 275.53255764546338 5.1362018981017155 4.8708390528336167 285.33008532079111 68.921668773211422
leaf_count=49 1634 104 10119 59 51 21415 300 952 84 212 7206 81 134 27 117 4673 46 467 86 10958 571 480 3796 1238 14518 4862 52 74 12708 2165
internal_value=1.82153e-10 0.00465475 -0.000561809 -0.00141601 0.00304977 -0.000472708 -0.005915 -0.0196864 0.00870997 0.00554933 0.00218555 -0.000553341 0.000502926 -0.0347688 -0.00131775 0.00673685 -0.000538737 0.00710777 -0.0194721 -0.00741468 -0.011903 -0.00993353 -0.00264086 -0.0203149 -0.00367705 -0.000216014 0.00272069 -0.0266283 -0.00130235 0.000454718
internal_weight=1796.29 193.455 1602.83 1296.25 306.584 1071.57 224.675 14.1274 20.896 188.064 293.875 183.467 177.973 5.49422 162.523 110.407 159.698 53.2891 4.46173 203.779 92.5917 86.097 45.4747 10.6756 111.188 1057.44 285.54 10.007 771.904 486.574
internal_count=99238 1950 97288 84351 12937 42287 42064 1011 384 1846 12886 8164 8056 108 7922 4722 7805 599 132 41680 17043 16472 5514 1718 24637 41276 4988 126 36288 23580
is_linear=0
shrinkage=0.03


Tree=116
num_leaves=31
num_cat=0
split_feature=10 18 0 7 18 1 1 0 12 9 5 14 18 14 2 9 6 12 13 14 15 5 16 13 12 16 13 18 13 18
split_gain=4.66127 6.14973 4.35708 4.25198 3.78182 4.00436 4.63729 3.66407 4.1124 3.66796 4.59088 3.6492 3.62151 4.70601 4.21242 4.04934 4.00208 3.50202 7.56631 7.14488 12.5732 6.74082 5.21929 3.87823 5.19013 3.63611 5.9482 5.95822 8.40067 7.18758
threshold=2.4245409578198971 29.518223167229902 0.59203481247414014 -0.084302963662924432 70.035375953105884 1.0091013347262037 1.0726601310811825 -5.8962458316841024 1.2316658808691898 4.5684130187541827 -5.1102188294012221 17.631663437258304 57.026382617944023 52.145582622090309 10.113048162982297 2.5804511572163831 1.2201493529668368 3.9543291698517464 2.0738463301978851 45.610897471389357 0.96105965272177774 -1.5324675181236516 7.4703864115313676 2.4169426162521419 2.6343705450370165 0.7550185782293245 1.9705860807015561 63.989319206665279 1.4027749798885962 61.713477655397448
decision_type=2 2 2 2 2 2 2 2 2 2 2 2 2 2 2 2 2 2 2 2 2 2 2 2 2 2 2 2 2 2
left_child=1 2 -1 -3 5 -5 -7 8 -2 10 -10 -8 13 -13 -14 16 -15 23 25 -20 21 -21 -23 -9 -25 -19 27 29 -29 -27
right_child=7 3 -4 4 -6 6 11 17 9 -11 -12 12 14 15 -16 -17 -18 18 19 20 -22 22 -24 24 -26 26 -28 28 -30 -31
leaf_value=-0.028202497226535981 0.016822165729302951 -0.019119536805333834 0.031365035338037937 -0.0097702621241603001 -0.026825436040904316 0.072372080387824958 0.032966283747395964 -0.00056180180301087189 -0.052541835007001748 0.0045187258003309182 0.011710730416584226 -0.037974701215131669 -0.021346913026923573 -0.021399576261644987 0.031491525789158592 -0.032602831320705843 0.050134125307927116 0.025111017084995038 0.010856700919291385 0.0074961105435653111 0.023850486872241124 -0.062176268901650331 -0.022734580131319359 0.010671623071803468 -0.015840183591484987 -0.002733813540261578 0.026186174995281451 0.013642681902290937 -0.058167589075450429 0.030772826993476752
leaf_weight=1.3698548217944324 25.319931786623783 26.363002291131124 5.719049853796605 23.725546211411711 5.9133891424862659 0.96641811705194669 3.4991827157500692 1496.8197713224072 2.3982259894837625 29.264298054971732 1.717615617555565 1.2109158596140357 8.1285529744491196 0.85230786071770115 1.6302626840770233 0.86879315265105095 4.0423057634034194 14.703987404529469 14.389136494835837 3.3597348828334352 5.1749240942299357 5.4927598446374777 6.7061534048989415 51.664033806067891 7.6267838408239177 19.162450119096324 11.855082888621835 2.6666462915018192 3.2568219848908484 8.2393056000582856
leaf_count=419 220 8817 221 6769 1461 109 315 75318 159 327 56 279 1985 248 16 113 362 217 148 43 16 158 65 713 109 349 73 20 91 42
internal_value=-1.51177e-10 -0.00688711 0.0198542 -0.00934262 -0.00427258 -0.00130395 0.00817152 0.000339517 0.00770494 0.000789232 -0.0257281 0.00510491 -0.000721377 0.0157878 -0.01252 0.0270835 0.0376778 7.7663e-05 0.00566924 -0.00538549 -0.0166576 -0.0301309 -0.0404938 -0.000263726 0.00726132 0.0121529 0.00793572 0.00144332 -0.0258398 0.00734114
internal_weight=1794.11 84.2896 7.0889 77.2007 50.8377 44.9243 21.1987 1709.82 58.7001 33.3801 4.11584 20.2323 16.7331 6.97432 9.75882 5.76341 4.89461 1651.12 95.007 35.1227 20.7336 15.5586 12.1989 1556.11 59.2908 59.8843 45.1803 33.3252 5.92347 27.4018
internal_count=99238 21114 640 20474 11657 10196 3427 78124 762 542 215 3318 3003 1002 2001 723 610 77362 1222 430 282 266 223 76140 822 792 575 502 111 391
is_linear=0
shrinkage=0.03


Tree=117
num_leaves=31
num_cat=0
split_feature=8 16 18 14 1 10 1 13 3 16 14 14 13 13 18 6 14 14 6 17 18 1 11 18 12 13 1 1 5 18
split_gain=4.27794 8.16638 6.45538 5.85323 5.69253 5.53186 6.97774 9.10977 6.15286 6.12865 5.87433 7.37801 6.09452 5.81834 6.45795 5.85695 5.7888 5.26316 5.75014 7.86291 4.82062 4.74459 8.44866 4.52329 4.50327 6.42444 4.24477 4.79794 4.19233 4.08644
threshold=3.5150325938908979 1.6556167139816393 66.376995363313981 89.183678126929337 5.732407052798794 4.4764321294921663 4.5444793713275482 1.6498414330568842 8.2326562816209883 0.43648000699418499 60.631206367636189 35.834767688027654 0.77696536048279385 0.81605134970253779 63.989319206665279 13.787198230875118 756.25402281124286 17.631663437258304 1.2201493529668368 -32.328068111912835 53.078387973921572 4.0928596726314446 1.2775432648576743 77.044131102416188 0.2860978680750369 0.76065090269407565 2.7346944027762281 -1.0000000180025095e-35 -1.5806721149607854 57.303700485679805
decision_type=2 2 2 2 2 2 2 2 2 2 2 2 2 2 2 2 2 2 2 2 2 2 2 2 2 2 2 2 2 2
left_child=1 4 21 -4 5 9 7 8 10 16 11 12 -7 14 15 20 17 18 19 -1 24 22 26 -19 -12 -26 27 -3 -17 -20
right_child=-2 2 3 -5 -6 6 -8 -9 -10 -11 13 -13 -14 -15 -16 28 -18 23 29 -21 -22 -23 -24 -25 25 -27 -28 -29 -30 -31
leaf_value=0.022295855023731725 0.0010816711626011556 -0.016244818183354506 -0.031958415823665764 0.0042306689421096368 -0.016874338283201139 -0.035447689750535305 0.024543802781872293 -0.052302621792353905 0.012530715412937848 -0.011209689143727743 0.016169787166163022 0.021205131418126889 0.0078974805843246322 -0.026344558470037138 -0.048598952378166319 0.03474549910318827 0.028798317298493747 -0.0055471019235388786 0.030173781453016968 -0.013865073806060894 -0.034937151900275354 0.020050245106780315 0.029818249328031163 0.015052380738183421 -0.02548735409290203 0.02697408940497828 -0.033390197429428357 0.010405602167290242 0.0017653279278408902 0.0045230481980847032
leaf_weight=7.6154733327566673 1160.6999731169635 9.5761223558365618 6.5959019128058598 10.309310130163793 26.550902044342365 4.8766130844014715 11.94540530676022 2.8702345353667615 34.058658583904617 91.770113200596825 7.481061347643851 16.758157666015904 7.2742991931736469 12.559146118583156 2.6226031511905594 5.8711409503594032 5.2771799990441641 233.87431530620961 11.127656656928595 18.702850802830653 5.0670038931420995 28.849255567023647 8.8079378316615458 10.004030773678094 9.209242898388764 2.7217651688260949 3.7645719905849537 16.652024023496782 8.4781036204658431 11.231631241753346
leaf_count=467 31199 949 204 273 1959 220 155 117 525 14587 152 215 157 506 122 21 163 38460 706 3100 287 537 182 617 469 46 406 1170 147 1120
internal_value=-2.2262e-10 -0.00198497 0.00669273 -0.00988922 -0.00332404 -0.00263403 0.00267894 0.000499644 0.00179523 -0.00443127 -0.00261432 0.00829992 -0.00949855 -0.0084562 -0.00303624 4.12262e-05 -0.00234267 -0.0029044 0.00610223 -0.00340154 -0.00887949 0.0108364 0.00398574 -0.0047021 -0.00207783 -0.0135196 -0.00360047 0.000675304 0.0152595 0.0172888
internal_weight=1793.2 632.503 84.5551 16.9052 547.948 521.397 131.793 119.848 116.978 389.603 82.9191 28.9091 12.1509 54.0101 41.4509 38.8283 297.833 292.556 48.6776 26.3183 24.4791 67.6499 38.8007 243.878 19.4121 11.931 29.9927 26.2281 14.3492 22.3593
internal_count=99238 68039 3721 477 64318 62359 3139 2984 2867 59220 2342 592 377 1750 1244 1122 44633 44470 5393 3567 954 3244 2707 39077 667 515 2525 2119 168 1826
is_linear=0
shrinkage=0.03


Tree=118
num_leaves=31
num_cat=0
split_feature=10 2 5 1 17 7 16 0 18 12 4 2 10 5 17 12 16 7 18 13 7 5 11 10 7 15 18 12 13 0
split_gain=4.30647 5.49088 8.38735 6.47887 5.89003 5.51847 5.49504 12.0071 9.28016 7.61512 7.64869 6.86053 5.88783 5.87787 6.24934 5.71869 5.09236 4.98222 4.98785 4.95723 6.76671 4.77434 4.58293 4.64618 4.34117 6.59732 5.98113 6.43139 4.31263 4.27882
threshold=4.3894438969264309 11.484609426069495 12.640929631338652 4.0082628800486528 -1.0164294987258724 5.0781632702433974 -1.033892627838825 -1.2084957511610643 70.668718640462444 0.51916891251953567 14.600681779033875 -1.7763666550991595 4.1959121092904041 8.2238965250385991 -4.9311236737959705 0.53462832150654915 1.0000000180025095e-35 2.370708402795108 45.951581434765245 0.63002473049876084 -2.6210057277564309 -0.96355660975421065 0.94745985706574276 4.0142852074444528 -0.042159205841119089 0.1216971605348402 53.587865176389222 3.6369396854232625 0.78687398381923856 -1.1596202162637597
decision_type=2 2 2 2 2 2 2 2 2 2 2 2 2 2 2 2 2 2 2 2 2 2 2 2 2 2 2 2 2 2
left_child=1 2 4 -4 5 6 11 -8 9 29 15 19 13 -13 -15 21 -12 18 -17 -1 -21 -11 23 -18 25 -22 -26 -28 -5 -9
right_child=-2 -3 3 28 -6 -7 7 8 -10 10 16 12 -14 14 -16 17 22 -19 -20 20 24 -23 -24 -25 26 -27 27 -29 -30 -31
leaf_value=0.020155943390795048 0.0016313641917540794 0.0058138176877292596 -0.0007008151651527408 0.0066283016913432184 -0.020443906906968509 0.011685342358369828 -0.017074896806853784 0.040285599421248812 -0.023347501898785573 0.037728559494967388 0.029902721376913709 -0.0042396974960641114 -0.031638624494466423 -0.025766366523888098 0.037228609231042389 -0.005703077878287755 -0.0011072948138166584 -0.014089093788105092 0.0016291740775076545 0.01473378759237454 -0.038335857933406124 -0.0062458986074725191 0.011184343187091533 -0.053175674745017554 0.014902671671499224 -0.0029504129886871061 -0.016663386219529626 0.029441018137554852 -0.051419844154045748 -0.010707431728792948
leaf_weight=20.747680642802152 803.3065990160103 88.276850223453948 5.8611074082145924 1.3795587122440318 14.772863620208225 28.317931515281089 51.787283337922418 1.5089897483412631 17.718923033680767 6.0934711914378568 10.199325543871963 82.650876909683575 6.3994864736450827 1.8419298186781814 6.1480736787198103 125.95009926697094 6.6485561002918967 27.427979716572736 247.73699427888641 36.365008391876472 5.8444690709584419 3.4974369408155308 35.110677359305555 2.00826563348528 24.168665121062077 25.138312300601683 14.488221554929625 3.3533675458747885 6.9795819490973372 79.740175664366689
leaf_count=1277 12870 1292 144 19 2197 666 7177 98 2038 347 317 9763 421 133 117 14705 408 2360 22486 853 834 527 692 104 1456 2351 1322 46 291 11927
internal_value=-1.5856e-10 -0.00132619 -0.0020266 -0.0248837 -0.00165961 -0.00134097 -0.00177877 -0.00325063 -0.00198046 -0.00128695 0.000194644 0.00220907 -0.0038279 -0.00186439 0.0227064 -0.00120056 0.0108127 -0.00174796 -0.000842139 0.0067118 0.00416114 0.0216928 0.00636402 -0.0131865 -0.00110613 -0.00962538 0.00517686 -0.00799796 -0.0418398 -0.00976037
internal_weight=1791.47 988.162 899.885 14.2202 885.665 870.892 842.574 615.428 563.641 545.922 464.673 227.146 97.0404 90.6409 7.99 410.706 53.9668 401.115 373.687 130.106 109.358 9.59091 43.7675 8.65682 72.993 30.9828 42.0103 17.8416 8.35914 81.2492
internal_count=99238 86368 85076 454 84622 82425 81759 63186 56009 53971 41946 18573 10434 10013 250 40425 1521 39551 37191 8139 6862 874 1204 512 6009 3185 2824 1368 310 12025
is_linear=0
shrinkage=0.03


Tree=119
num_leaves=31
num_cat=0
split_feature=10 17 0 0 8 8 15 15 0 7 2 15 17 12 15 3 0 8 17 0 9 3 0 2 9 16 9 0 3 16
split_gain=4.14915 3.64017 5.98465 7.89063 5.7122 3.91627 5.22282 7.70625 6.85467 6.77232 4.8248 6.99109 4.53827 4.19835 5.08646 7.71072 7.98353 8.64827 7.54507 7.66319 8.11494 7.5234 6.47576 7.8809 8.61628 8.70561 6.69182 5.98716 8.01417 7.15108
threshold=2.1041635684526248 -59.403588857471597 1.5033796568553977 -1.0000000180025095e-35 4.2936167039222024 4.3586451453638819 0.4055504035098893 0.34428781937972958 -1.7738302407967053 4.5872779852199299 -14.484028047423328 0.048185187805724693 -54.7886904489635 0.32353042703866403 0.7045446072721554 1.4694787941934242 2.3782319642382039 11.343058566326439 -32.328068111912835 0.28437139088094193 3.8018018498707398 2.9698358299770526 2.974540098839149 9.064079664373617 4.8018034844414768 3.1131644938638594 5.0848097665451268 3.4389079813604559 2.5135626924233994 2.7726269822209946
decision_type=2 2 2 2 2 2 2 2 2 2 2 2 2 2 2 2 2 2 2 2 2 2 2 2 2 2 2 2 2 2
left_child=-1 2 3 -2 -4 12 7 10 9 -8 -7 -12 -3 -10 18 16 -16 -18 21 -20 -21 -15 -22 24 25 -24 -25 28 -17 -29
right_child=1 5 4 -5 -6 6 8 -9 13 -11 11 -13 -14 14 15 27 17 -19 19 20 22 -23 23 26 -26 -27 -28 29 -30 -31
leaf_value=-0.010772140849690536 0.0031496807209965829 -0.032460915024534132 0.029531679708469913 -0.046232580003605424 0.0043147630686868627 0.013801980789570475 -0.034468773285894247 0.014159408433112154 0.018524818167241445 0.0089173605170170308 -0.039553737535035209 0.0015211193521342419 -0.0013382315330856889 0.017134525464558892 0.0078018934603045643 0.026185782645993531 -0.02150000843818126 0.015799935871612956 -0.029959982610641967 -0.029142895064021582 0.0051166912212381463 -0.026909594187771335 -0.055322334674452835 0.018912082490227942 -0.053372806884725114 0.012708057422326037 -0.012028693331310493 0.015260789691391215 -0.012105121763653682 0.0027477953494009577
leaf_weight=31.612287080657552 23.192912801197966 4.2377816817315752 15.245283180498516 3.3302983075263901 17.212603181484155 29.10659634496551 10.160476671328068 58.065962165914243 10.776592088746836 4.7526009755674741 3.7830860976828253 262.64827278480516 850.14503295670875 20.797167474986058 19.55574782504118 5.7242020696867248 34.597633817465976 6.6735348510555914 13.189895761868682 11.716293702338588 46.895744695182657 4.1944031782913944 2.4148710737936181 9.4582755733281392 6.8483378468081346 5.6626620029564947 18.787088209181093 54.291448522009887 34.988150739431148 169.23367998740287
leaf_count=9775 405 242 69 140 131 181 573 833 116 64 207 6643 70245 247 680 111 1457 71 648 730 817 118 135 84 236 85 201 780 1114 2100
internal_value=-6.20995e-11 0.000193739 0.00752053 -0.00305084 0.016159 -6.06563e-05 0.00138835 0.00416792 -0.000614561 -0.0206422 0.00220484 0.000937893 -0.0014926 1.31607e-05 -0.000415829 0.00164297 -0.00798719 -0.0154686 -0.00519733 -0.00844478 -0.00565667 0.00974248 -0.00260148 -0.0109855 -0.0286181 -0.00763041 -0.00166783 0.00385981 -0.00672138 0.00578704
internal_weight=1789.3 1757.69 58.9811 26.5232 32.4579 1698.71 844.323 353.604 490.719 14.9131 295.538 266.431 854.383 475.806 465.029 325.064 60.8269 41.2712 139.965 114.973 101.783 24.9916 90.067 43.1712 14.9259 8.07753 28.2454 264.237 40.7124 223.525
internal_count=99238 89463 745 545 200 88718 18231 7864 10367 637 7031 6850 70487 9730 9614 6313 2208 1528 3301 2936 2288 365 1558 741 456 220 285 4105 1225 2880
is_linear=0
shrinkage=0.03


Tree=120
num_leaves=31
num_cat=0
split_feature=10 6 6 17 8 8 18 10 4 9 12 17 14 18 14 13 18 1 14 15 12 13 15 2 13 3 3 18 18 16
split_gain=3.95419 5.33092 8.96935 3.50078 4.86003 6.86409 3.99561 3.86251 7.37808 7.29752 5.29769 7.42039 6.85627 6.98638 5.10559 5.04498 5.02711 6.00286 6.60704 4.67848 4.39806 6.17679 10.0428 5.49218 5.94152 9.03334 7.8704 6.8863 13.3063 7.99807
threshold=2.1041635684526248 1.2201493529668368 1.7001150974277797 -59.403588857471597 4.583305662397815 7.0770996203445993 34.066011061820582 5.0939213037871935 -24.227008588308614 8.4431389036551554 3.9543291698517464 -0.58614213700962969 22.290670239755865 42.653900029526959 25.169433183378299 1.5193002026486098 77.044131102416188 13.119564796951446 40.222347746287085 0.6756119531307766 0.33055917653623357 0.44774135022356593 0.11928498282898224 -14.484028047423328 0.49162174053363983 -6.9774085294518882 -5.6938300151277756 54.365954524466467 49.353918415077409 -0.88341937378574553
decision_type=2 2 2 2 2 2 2 2 2 2 2 2 2 2 2 2 2 2 2 2 2 2 2 2 2 2 2 2 2 2
left_child=1 -1 -3 4 -2 6 -6 9 15 10 11 16 13 -12 -14 -9 17 -5 -19 -11 -10 22 -22 -23 -25 -26 -27 28 -28 -29
right_child=3 2 -4 7 5 -7 -8 8 20 19 12 -13 14 -15 -16 -17 -18 18 -20 -21 21 23 -24 24 25 26 27 29 -30 -31
leaf_value=-0.023092900981939196 0.014983533526955436 0.057104304655146369 -0.007525427742014399 -0.001299581948336636 -0.008316170667766706 0.0073017408336996208 -0.053794354956388887 -0.049130897317714896 0.0097457831136294089 -0.049976740384085554 0.016212024721760344 -0.022985416124054046 0.034260167407855917 -0.046997798055167891 0.0067374352738479668 0.0033589011126499584 0.0075057880952278345 0.017304496090298029 -0.050299832102309885 -0.0051597708582487422 0.029031982468510218 0.019710994180918723 -0.040482795597047531 0.020101951967415245 -0.014122520470183175 0.022727798869998438 0.0016355597973508045 -0.0067781298092332706 -0.032754815931701702 0.0059738316056995987
leaf_weight=15.470969827219962 33.074509915124509 2.2529431573930188 13.591063014529935 1067.5712578555685 4.1413035020232227 18.199636543635279 2.9968825895339251 4.1905374420166472 68.700358956935816 4.4329452337697131 2.5605472864117464 13.990635842681511 6.6466641402803353 4.0833311213646084 69.440700944745913 2.7161366604268551 59.229187018703669 1.8343112654983986 4.4755753322970122 3.9771301057189703 2.5381688388297317 15.313580824993549 7.1099610517267138 14.616264006588606 33.941881322767586 15.912706529488785 31.021674872259609 57.519520527916029 15.03244346543215 192.11890748236328
leaf_count=5952 484 344 3479 78967 45 107 109 106 831 95 65 1001 42 179 1024 19 1462 25 135 52 12 64 217 134 614 127 511 930 465 1641
internal_value=-8.60834e-11 -0.0105667 0.00166462 0.000188288 0.00740951 -0.00247717 -0.0274096 -5.99842e-05 0.00228501 -0.000932521 -0.00074207 -0.00127085 0.00658968 -0.0226368 0.0091417 -0.0284886 -0.00100274 -0.00147202 -0.030647 -0.0287828 0.00275334 0.001506 -0.0221953 0.00211502 0.00136687 0.000574393 0.00217527 0.00106923 -0.00958974 0.00303564
internal_weight=1788.7 31.315 15.844 1757.39 58.4123 25.3378 7.13819 1698.97 460.732 1238.24 1229.83 1147.1 82.7312 6.64388 76.0874 6.90667 1133.11 1073.88 6.30989 8.41008 453.825 385.125 9.64813 375.477 360.163 345.547 311.605 295.693 46.0541 249.638
internal_count=99238 9775 3823 89463 745 261 154 88718 5671 83047 82900 81590 1310 244 1066 125 80589 79127 160 147 5546 4715 229 4486 4422 4288 3674 3547 976 2571
is_linear=0
shrinkage=0.03


Tree=121
num_leaves=31
num_cat=0
split_feature=9 17 8 12 13 12 12 12 10 7 3 2 15 10 17 2 8 16 7 12 1 14 3 12 12 6 3 13 2 8
split_gain=3.82713 4.54272 3.99356 3.49404 8.82731 7.32516 6.03838 5.64108 5.49014 9.17658 8.74753 13.5107 5.24059 5.17422 6.08358 5.28808 5.96571 9.17003 6.63617 6.63453 5.89808 6.15069 13.0204 10.6998 7.92412 6.5197 7.97018 6.2643 5.77746 7.62495
threshold=1.7321174501770211 -49.07469848051128 0.84262705447784236 1.0509359902509401 0.90260217734909098 1.8006408681774244 1.7158434019825217 2.1730361564966336 5.2862133222760006 5.5324046943683873 17.450356741717822 9.3843177200815155 0.4009233445043982 4.4764321294921663 -0.92083297984973267 9.7444500916364483 6.4537727266545852 1.0000000180025095e-35 0.24686760035526059 1.0234742278902698 9.2489692397598109 325.98162554704203 17.450356741717822 0.93309955698510105 0.73025495142195307 6.0097649839464244 12.803407642423826 0.71333983251067601 12.89873301894028 2.2887317139589824
decision_type=2 2 2 2 2 2 2 2 2 2 2 2 2 2 2 2 2 2 2 2 2 2 2 2 2 2 2 2 2 2
left_child=1 -1 -2 13 5 -5 8 -7 9 -6 11 -10 -11 14 -4 16 19 18 -18 20 21 23 25 24 -15 26 -23 -26 -17 -30
right_child=2 -3 3 4 6 7 -8 -9 10 12 -12 -13 -14 15 -16 28 17 -19 -20 -21 -22 22 -24 -25 27 -27 -28 -29 29 -31
leaf_value=0.049209738421984971 0.021794256526910069 -0.017143904897497914 -0.0029638986069730274 0.010536172607503471 -0.0043439487748399216 -0.032176925382109388 0.0023270534610401595 0.0081082331317430048 0.0025239281644246882 -0.010225397624145177 0.017573216749679491 -0.049327353633652857 -0.05482976616034016 0.00064440484249190751 -0.030685158993646725 0.01687583569018836 -0.041063170274627608 -0.036206535410550626 0.0028854100763548592 -0.047820339807512192 0.021017001329929199 -0.031202808545487522 -0.064569880693529827 -0.032765383674471737 -0.014085165908730964 0.00050417199296590241 0.033004235416931441 0.016493477364765533 0.032790226933027494 -0.0060366117565520761
leaf_weight=0.98086443806824064 7.6331215796817551 17.427340147238283 472.99281935587351 126.31759118722402 201.21626709931297 6.737313871009972 421.47098790381278 5.840066630509682 30.111526992637664 4.3673183065839094 26.298708339687437 5.3221132778562596 5.1853337682550773 184.48178169695893 7.2338178206264265 36.732061200775206 3.5459921401343335 10.036874029319732 24.164171192329377 2.4933611848391584 13.118133430834858 12.470951502327805 3.4077347754791836 7.4421128588728598 6.7811482141260049 52.094775983947329 2.0221150070428839 54.393330504768528 5.3698078123852602 29.894732387852855
leaf_count=72 179 6189 53457 4761 13502 352 10390 135 330 94 129 90 136 3916 1070 341 129 333 313 101 106 568 135 258 186 922 15 644 19 366
internal_value=-1.19238e-10 -0.0136083 0.000141594 4.77684e-05 0.00145863 0.00836222 7.6906e-05 -0.0134713 -0.00340334 -0.00570787 0.00446486 -0.00526411 -0.0344374 -0.00121753 -0.00338147 0.00109974 -0.000324928 -0.0116376 -0.00273857 0.000935818 0.0012974 0.000496748 -0.00737422 0.0026735 0.00374712 -0.00444714 -0.0222445 0.0131039 0.00854899 -0.000124365
internal_weight=1787.58 18.4082 1769.18 1761.54 832.867 138.895 693.972 12.5774 272.501 210.769 61.7323 35.4336 9.55265 928.676 480.227 448.449 376.452 37.747 27.7102 338.705 336.212 323.094 69.9956 253.098 245.656 66.5878 14.4931 61.1745 71.9966 35.2645
internal_count=99238 6261 92977 92798 29919 5248 24671 487 14281 13732 549 420 230 62879 54527 8352 7626 775 442 6851 6750 6644 1640 5004 4746 1505 583 830 726 385
is_linear=0
shrinkage=0.03


Tree=122
num_leaves=31
num_cat=0
split_feature=10 17 8 12 2 9 17 0 8 1 11 11 18 1 0 16 10 3 3 14 2 8 15 7 1 9 3 16 14 18
split_gain=4.12751 4.52466 4.87176 5.03266 6.32302 4.81088 4.41027 4.19377 3.75255 4.72401 4.90191 5.14319 3.68132 5.62397 3.66827 4.38955 3.63936 3.62601 7.80481 6.50135 6.50448 5.9051 5.27547 4.58556 4.34928 5.45306 5.89303 4.3141 4.13802 4.83731
threshold=3.8086426045280222 -44.058325472366484 0.84262705447784236 2.0174339484476449 10.969817502105352 1.7869530464336427 -39.735473678411886 -5.8962458316841024 3.2898637780218363 4.9489676335200086 1.2196884595946282 1.2898986862960953 31.227826645556174 -10.033386477835352 4.6684942264196714 3.5854798046640979 3.4518309411893502 11.794923407852322 7.9442621551811818 159.13370557913515 7.8420385359344715 3.7609285410184086 0.5272719258009787 1.6419124842034118 10.668728378950433 3.563706009045736 12.112602945755492 4.2906277802910422 86.010816874823391 80.202575314077549
decision_type=2 2 2 2 2 2 2 2 2 2 2 2 2 2 2 2 2 2 2 2 2 2 2 2 2 2 2 2 2 2
left_child=1 8 -3 4 5 -4 -7 -2 -1 10 -10 -12 13 -9 15 -8 -16 18 19 20 21 -5 23 -23 25 26 -19 -24 -26 -30
right_child=7 2 3 17 -6 6 14 12 9 -11 11 -13 -14 -15 16 -17 -18 24 -20 -21 -22 22 27 -25 28 -27 -28 -29 29 -31
leaf_value=0.016791815884023457 0.0094360283522963405 0.037245150214763025 -0.018575501207504602 0.016533204052672439 -0.028825212041488558 -0.022118135006182524 -0.0028163456765412441 -0.024607680289584169 -0.035843386264258696 0.018245111619014074 0.026434036732065045 -0.018203673282239236 0.00026427067416817272 0.01014728799770406 0.020400635817610372 -0.037354906727633592 -0.017960563663582209 0.027524134026393303 -0.017872649723243698 -0.026376940686298016 0.024745962727520002 0.0086405581942632908 -0.027735127025317951 -0.035921203470761519 0.01071151278406585 0.020353229397401442 -0.044628934544282378 0.0028284663206264641 -0.051574385751157789 0.0038390585895236771
leaf_weight=20.621704014163697 51.975957032060251 2.7623991037835358 18.717225148568104 16.987504769669613 9.1686348317307402 10.6652342590678 425.14180032727745 4.5087132053449741 4.8132899739139274 7.4715346004813901 4.135714174481107 5.3005566361825913 1002.3947664583102 59.347048236173578 10.996522551868109 3.3377217753441064 2.7906335378065696 1.6832399123813981 19.56802171767049 6.1393170946685123 13.296994433447251 22.718585032329432 11.53634788762429 2.2875776748405761 6.4175830068998021 27.08901156776119 2.5806888239749242 6.4974494295311152 2.8970533278770745 2.7767097894102335
leaf_count=1084 457 402 6794 1480 576 1228 58178 59 308 72 42 137 23003 661 183 256 122 26 748 587 166 951 825 133 65 276 159 154 87 19
internal_value=1.33869e-10 -0.00186507 -0.00250699 -0.00268317 -0.00415059 -0.00367093 -0.003055 0.00111481 0.00762595 -0.00107599 -0.0112067 0.00136007 0.000709182 0.00769332 -0.00259529 -0.00308539 0.012636 0.00226897 -0.000900918 0.00327839 0.00576137 0.00155599 -0.00435538 0.00456402 0.00949477 0.0153895 -0.0161456 -0.0167233 -0.00579024 -0.0244553
internal_weight=1786.63 668.399 626.056 623.294 480.818 471.649 452.932 1118.23 42.3428 21.7211 14.2496 9.43627 1066.25 63.8558 442.267 428.48 13.7872 142.476 99.0318 79.4638 73.3245 60.0275 43.04 25.0062 43.4443 31.3529 4.26393 18.0338 12.0913 5.67376
internal_count=99238 75058 73415 73013 67337 66761 59967 24180 1643 559 487 179 23723 720 58739 58434 305 5676 5044 4296 3709 3543 2063 1084 632 461 185 979 171 106
is_linear=0
shrinkage=0.03


Tree=123
num_leaves=31
num_cat=0
split_feature=3 5 10 2 17 10 8 1 0 10 13 5 9 13 13 1 0 11 1 0 13 9 1 12 5 11 6 18 11 2
split_gain=3.90398 6.20086 5.85367 5.57467 5.32322 6.05908 12.1739 7.68465 4.64491 5.74643 5.61618 4.76998 7.51613 4.74198 9.43153 5.60156 4.82495 5.93261 7.33951 6.99715 6.68812 6.63646 6.49356 8.02002 5.38684 9.73811 5.33324 6.34366 5.63842 5.37107
threshold=16.530690302907484 18.930767825942063 5.525100435651038 -2.0087049637399095 -29.906819273322601 5.3615562965098365 5.5633603495109094 13.119564796951446 4.6684942264196714 2.9872975930684018 2.8669113543458811 12.640929631338652 3.7660611472290162 2.4169426162521419 2.1374058726648961 -8.2379209450383382 -0.63024169692858001 1.1427247331231225 5.3148722568691529 -0.42982565755393015 0.73737214113476157 2.9228393099166263 4.5444793713275482 0.84795131162601234 8.2238965250385991 1.5421317382769348 10.038916558261233 77.957130869423011 1.6013886101455761 -7.7559775743426087
decision_type=2 2 2 2 2 2 2 2 2 2 2 2 2 2 2 2 2 2 2 2 2 2 2 2 2 2 2 2 2 2
left_child=1 2 4 -2 -1 7 -7 8 9 -6 11 13 -13 14 15 -11 26 19 24 -18 21 -21 -23 -24 25 -19 28 29 -17 -28
right_child=3 -3 -4 -5 5 6 -8 -9 -10 10 -12 12 -14 -15 -16 16 17 18 -20 20 -22 22 23 -25 -26 -27 27 -29 -30 -31
leaf_value=0.0025232538624578443 -0.031752127147913443 -0.067536767904863099 0.0038641480580187408 0.0040848761840876126 -0.0069734423417804952 -0.041386885112165712 0.0031307232913973014 -0.03452078342801939 0.0045197067565466865 0.010214402253952723 -0.042778687155465268 0.012241474651329321 -0.038932773206461317 0.015235623845949725 -0.035998823626395789 -0.0035232667314736297 0.016745798366161035 -0.0154221875251876 -0.027611582304380509 0.0043451987810430972 0.0038797127461611958 -0.015681714152473578 0.018558537528895015 -0.042773027006164831 0.01341002133217604 0.021880733407984857 0.023346602792808327 0.013310062487079223 0.027565723920875175 -0.021522493084570566
leaf_weight=262.87525574200845 3.9706182426307342 1.243118812330066 233.77858338231454 242.2860840032954 192.75631293456536 10.416890568332748 11.781014563515781 6.4648434517439446 97.398224440403283 39.88801024275017 2.9040128794731563 4.0480826889688597 7.1373719782568514 16.481797126631136 6.8791248334746333 172.51805183835677 27.047057754170964 32.764158150268486 13.275878973072393 40.379336385609349 218.49230549859931 53.799388199055102 10.91054034035187 2.3283950875047585 13.864341011707436 7.7973371896659947 2.5687546390108755 6.5413924448366734 5.4151289755245662 36.787209841859294
leaf_count=12492 124 25 2796 2598 40604 383 154 145 1642 685 128 68 231 249 419 11355 1381 2779 872 3500 10324 3055 245 103 293 242 24 166 120 2036
internal_value=9.6155e-11 -0.000561332 -0.000507173 0.00350704 -0.00129114 -0.00225469 -0.0177602 -0.00191674 -0.00170845 -0.00237172 -0.00114287 -0.000974691 -0.0204125 -0.000667486 -0.00104667 -0.00069534 -0.00137055 0.0005229 -0.00761178 0.00208324 0.000866399 -0.00526281 -0.01105 0.00777186 -0.00273331 -0.00825126 -0.00492904 -0.0140469 -0.00257712 -0.0185939
internal_weight=1784.8 1538.54 1537.3 246.257 1303.52 1040.64 22.1979 1018.45 1011.98 914.584 721.828 718.924 11.1855 707.738 691.256 684.377 644.489 420.659 67.7017 352.957 325.91 107.418 67.0383 13.2389 54.4258 40.5615 223.831 45.8974 177.933 39.356
internal_count=99238 96516 96491 2722 93695 81203 537 80666 80521 78879 38275 38147 299 37848 37599 37180 36495 22794 4186 18608 17227 6903 3403 348 3314 3021 13701 2226 11475 2060
is_linear=0
shrinkage=0.03


Tree=124
num_leaves=31
num_cat=0
split_feature=2 13 8 11 15 14 14 14 8 8 11 8 17 7 17 14 15 0 15 8 8 7 13 8 4 17 7 3 7 3
split_gain=3.61439 4.09101 4.1427 4.78864 5.56471 6.85966 5.17853 8.78701 25.2874 8.36458 7.22715 6.92819 5.98335 5.84777 6.71057 5.48872 5.12458 5.12075 4.79467 4.63706 4.55638 8.35507 4.21511 4.16395 4.09884 3.95514 4.01695 13.1534 8.49012 7.73545
threshold=9.7444500916364483 0.60934842859631322 2.0267211161148686 1.5421317382769348 0.91880700264265602 132.65725101390507 292.30198140812655 75.864704375712293 5.7180142636106321 3.8336389149423171 1.3233730544551341 2.2887317139589824 -10.155476540515281 3.1422834931246983 -4.0664593325718927 115.03029888752793 0.89516235216504969 4.9072240140324475 0.82177869296753514 6.2108119864383697 4.5454511244887987 3.259333486134786 2.3014396993652197 10.087957252637965 21.245992876136615 -59.403588857471597 3.6645934667501994 14.613091029053018 4.2097808803212571 29.961131419020727
decision_type=2 2 2 2 2 2 2 2 2 2 2 2 2 2 2 2 2 2 2 2 2 2 2 2 2 2 2 2 2 2
left_child=-1 -2 -3 4 6 19 7 9 10 11 13 -4 -12 14 -9 -10 20 -17 -19 -6 21 -8 -5 -22 -15 -24 27 -27 -28 -30
right_child=1 2 3 22 5 -7 16 8 15 -11 12 -13 -14 24 -16 17 -18 18 -20 -21 23 -23 25 -25 -26 26 28 -29 29 -31
leaf_value=-0.00063008179811401184 0.020086718815225692 0.023045756536569831 0.030035594485672577 0.015343885067675464 -0.022665562667302141 -0.045093370412923182 0.012042628095184192 0.0033312876264152583 -0.05432072726661611 0.0086641165673796879 0.0060018179064701867 -0.040372452242051646 -0.054258661129085596 0.032477893310737117 -0.054144123639796961 -0.046156431292265335 0.030753395332204329 -0.0017793840671723373 -0.038133139405322175 0.014508780250016734 0.013402114120208671 -0.043410909713377251 0.027736663301413556 -0.012367718869749978 0.0071838746415331094 0.011520813892322934 0.029368035899957384 -0.055604968461242195 -0.031119229471096594 0.0084458344671137098
leaf_weight=1462.5414364779353 11.994226236362008 8.3659750384394993 1.6073466634843487 37.004799252928933 6.1329626147635299 5.3768108298536381 5.2924223568988946 11.348213731776916 7.2437596009112921 63.28467011032626 2.8021426205523312 5.7842108899494633 3.1499159687373313 10.733970172936099 2.1793652673368387 6.5121377240866449 7.8818375486880532 9.5969386035576445 4.948900321032851 5.949588879942894 34.242331960005686 4.545525896595791 4.6117968279868355 6.7567139137536278 12.457793155976104 6.1334222722798568 8.4719579545781034 4.5958915619412437 7.2390042925253519 11.532582559622824
leaf_count=94970 79 173 30 337 77 112 105 341 142 687 65 295 167 72 132 148 30 87 87 44 281 163 12 56 155 74 35 104 112 66
internal_value=4.98984e-11 0.0028999 0.00222575 0.00164011 -0.000660888 -0.0169046 0.000754534 -0.00235068 -0.00980699 0.00513695 0.0047766 -0.0250617 -0.0258889 0.00974735 -0.00592831 -0.0317951 0.00824535 -0.0240465 -0.0141479 -0.00436048 0.00475567 -0.0135791 0.00793768 0.0091552 0.0188908 0.00150191 -0.0016843 -0.0172325 0.00443903 -0.00681189
internal_weight=1780.32 317.777 305.783 297.417 217.828 17.4594 200.368 141.649 70.9731 70.6762 42.6714 7.39156 5.95206 36.7193 13.5276 28.3017 58.7188 21.058 14.5458 12.0826 50.837 9.83795 79.5895 40.999 23.1918 42.5847 37.9729 10.7293 27.2435 18.7716
internal_count=99238 4268 4189 4016 3276 233 3043 2408 1396 1012 932 325 232 700 473 464 635 322 174 121 605 268 740 337 227 403 391 178 213 178
is_linear=0
shrinkage=0.03


Tree=125
num_leaves=31
num_cat=0
split_feature=13 13 16 0 15 15 0 11 11 12 11 9 18 6 6 3 1 7 15 16 0 0 1 3 14 7 3 1 16 13
split_gain=3.80198 5.49073 8.08552 5.68103 6.95585 5.38676 5.34596 5.29051 4.85404 4.70687 7.11012 4.37906 4.03315 3.92712 5.35756 4.18503 8.3846 5.57091 15.2087 9.0052 7.2588 6.74813 5.99731 5.91181 7.35145 6.58492 5.3339 10.5154 7.60099 8.77614
threshold=1.5787410338358796 1.3739014894132104 7.4703864115313676 4.9072240140324475 0.9142867730600549 0.13320001603963971 -5.8962458316841024 0.95190442535133812 0.99146637752105293 1.3346911663723771 1.0314367170800873 4.4967324738682484 31.227826645556174 -19.084800283809027 -22.994028992528083 -6.0401242612263752 -7.6980212725611166 0.73169043814022017 0.57142612468738674 2.102999481811278 -4.2634728820993866 1.8739987328800563 4.5444793713275482 -6.551174147138938 372.12698679428291 -2.5621218731352475 2.1441177747288269 -5.5087163230906784 -1.3281317642954742 1.3306487531864191
decision_type=2 2 2 2 2 2 2 2 2 2 2 2 2 2 2 2 2 2 2 2 2 2 2 2 2 2 2 2 2 2
left_child=1 3 5 4 6 -3 9 -2 -9 -1 -11 -6 -12 14 -8 17 -17 19 20 21 -19 22 23 24 25 -15 27 -18 29 -28
right_child=7 2 -4 -5 11 -7 13 8 -10 10 12 -13 -14 15 -16 16 26 18 -20 -21 -22 -23 -24 -25 -26 -27 28 -29 -30 -31
leaf_value=0.01831572773609039 0.016928852214157963 -0.027347521664812791 -0.068482431059397886 0.0058784628145807302 -0.011358108766780787 -0.0039187090756889666 -0.0024193177623041177 -0.034692261052679939 0.0021875210191670364 0.022570762635014733 0.009191029557359582 -0.046885055115167787 -0.038986534455651221 0.005234747340195833 -0.033864339304487331 -0.030470501833471157 0.014197227323284619 -0.02291908365310924 -0.042342179465000546 0.023047380972566173 0.0177036211822467 -0.032964772661420526 0.030011266867486945 0.016391963478284467 -0.046497401811993022 -0.011340136594891189 -0.011848412185990228 -0.0052597412500441374 0.0023069270301473706 0.024463867975068849
leaf_weight=24.747411891468801 22.27757028657652 9.5381884095550031 1.8701580702327181 128.79619763442315 18.889509461834681 119.33017520764406 13.759882577636747 3.2434922693646504 330.29919274534041 5.1438518985523825 2.2966657786164433 3.7409386555664232 4.9012186632025987 40.36620628704258 7.5533650345168999 8.8550290324492362 26.940984993125312 4.2668480132706454 4.5168586233921806 13.490708234225165 54.844575059149065 6.3327891522494602 5.3020688680262529 12.783890440012327 3.755213419761275 46.332795377202281 62.68629291922116 346.73661528957746 441.99813038163848 6.623052673705387
leaf_count=222 601 722 44 1522 1646 5864 221 224 8535 42 22 152 180 1792 255 287 935 119 269 292 972 508 103 982 283 4212 3921 39565 24592 154
internal_value=7.5794e-11 -0.000692054 -0.00655154 -0.000100803 -0.000760783 -0.00565279 -0.00043504 0.00277428 0.00182889 0.0107685 -0.00436504 -0.0172309 -0.0236143 -0.000810356 -0.0135634 -0.000560034 -0.00142321 0.00345859 0.010717 -0.000139289 0.0147713 -0.00286234 -0.00110601 -0.00270412 -0.00540297 -0.00362303 -0.00113257 -0.00385695 0.000858485 -0.00837849
internal_weight=1782.22 1426.4 130.739 1295.66 1166.86 128.868 1144.23 355.82 333.543 37.0891 12.3417 22.6304 7.19788 1107.15 21.3132 1085.83 893.84 191.992 63.6283 128.364 59.1114 114.873 108.54 103.238 90.4542 86.699 884.985 373.678 511.307 69.3093
internal_count=99238 89878 6630 83248 81726 6586 79928 9360 8759 466 244 1798 202 79462 476 78986 69454 9532 1360 8172 1091 7880 7372 7269 6287 6004 69167 40500 28667 4075
is_linear=0
shrinkage=0.03


Tree=126
num_leaves=31
num_cat=0
split_feature=2 2 3 7 7 3 2 1 5 5 12 11 11 10 15 12 15 15 1 9 1 12 14 4 7 3 5 8 15 13
split_gain=3.89745 3.98429 7.03907 4.84044 5.53566 4.74612 7.00118 5.99606 6.29924 5.29317 8.51113 9.20368 5.55756 5.25109 6.64421 5.81957 4.72873 4.97447 10.2406 8.87887 5.74428 7.35146 6.09404 8.41265 7.73315 6.03917 6.68514 5.6674 5.24459 5.0761
threshold=9.7444500916364483 -5.9764974451857622 10.678780832318049 1.5651777988245132 1.9204058591743014 2.45656208745807 -2.0559358728835293 0.26547740375181267 12.640929631338652 3.9017145850668062 0.96695414277254954 0.7278410020967051 0.90787818581538249 4.2638997879567198 0.073714064778243063 0.26724947267187632 0.073714064778243063 0.11928498282898224 -1.3814719783138638 2.9441791120436722 -4.926647245238307 1.072647547450476 14.673399656597942 1.6455369966298152 2.0353691580135007 -10.275618852507661 -4.5061869147136315 4.7521753628295471 0.077768819153539406 1.202959052939101
decision_type=2 2 2 2 2 2 2 2 2 2 2 2 2 2 2 2 2 2 2 2 2 2 2 2 2 2 2 2 2 2
left_child=1 2 3 -1 -5 9 7 8 13 16 11 -11 -13 15 -15 -7 -3 18 19 -18 -19 22 23 -22 -25 26 -24 -27 -21 -23
right_child=-2 5 -4 4 -6 6 -8 -9 -10 10 -12 12 -14 14 -16 -17 17 20 -20 28 21 29 25 24 -26 27 -28 -29 -30 -31
leaf_value=0.00055372440001738468 0.0030256731155028299 -0.024951385628845236 -0.044377684263303449 0.025148170684713041 0.005394977287978945 0.036321931499613318 0.0012351124693901075 0.0061769956705466679 0.020096400129093195 -0.048305288219739291 -0.042882400822704954 0.013795080156315215 -0.018695915748090694 0.015934250897582023 -0.046416210586477269 -0.018979170763389289 0.016035850761460045 0.0078613517038488689 0.020202769725833562 0.015890961105961984 -0.0069155227585922519 0.005868306050348002 0.010312862865700236 0.029897986020866525 -0.034786712413687498 -0.0083637186424025557 -0.043577365542991929 -0.024150393475091236 -0.037245574225842557 -0.0057091660750090527
leaf_weight=174.98803139892698 315.28050188432098 8.4263574701180897 2.8185824747197321 16.2508207973151 59.584511968423612 2.013978288654477 598.15525167997839 12.232233364280544 3.3229926573112598 3.9697406927298351 7.6251927153207353 12.678193617015497 7.5653680302784769 1.791203781380317 10.888957849208962 11.446339178219203 7.2361812253657289 39.176018658210523 24.42554717688472 2.0723761401604852 23.316006473272864 89.428602866202709 23.230037777102556 13.266734159318728 1.9018528880551446 218.01502495460591 2.2745842572767279 22.586955608450808 8.6473000791302166 55.073580262163887
leaf_count=6167 4268 1142 86 228 967 58 31467 393 27 250 449 367 394 31 515 1266 1162 1525 1611 54 2949 6802 788 693 162 29340 85 1228 764 4000
internal_value=2.11064e-10 -0.000651413 0.00276748 0.00329726 0.00962791 -0.00136763 0.000406586 -0.0114792 -0.0188095 -0.00335608 -0.0152423 -0.0065379 0.00165263 -0.0237552 -0.0376086 -0.0107048 -0.00265407 -0.0023 0.00755899 -0.00964049 -0.00315576 -0.00411682 -0.00676055 0.00439779 0.0217878 -0.00837428 0.00550676 -0.00984572 -0.026973 0.00145583
internal_weight=1779.69 1464.41 253.642 250.823 75.8353 1210.77 639.851 41.6957 29.4635 570.916 31.8385 24.2133 20.2436 26.1405 12.6802 13.4603 539.077 530.651 42.3814 17.9559 488.269 449.093 304.591 38.4846 15.1686 266.107 25.5046 240.602 10.7197 144.502
internal_count=99238 94970 7448 7362 1195 87522 33757 2290 1897 53765 1460 1011 761 1870 546 1324 52305 51163 3591 1980 47572 46047 35245 3804 855 31441 873 30568 818 10802
is_linear=0
shrinkage=0.03


Tree=127
num_leaves=31
num_cat=0
split_feature=2 10 17 1 11 2 2 2 1 3 4 9 0 10 16 11 2 16 8 2 1 1 9 16 17 0 0 11 9 6
split_gain=3.64675 3.7397 6.33301 4.91813 6.62846 6.96365 4.99312 9.99529 7.22167 6.74912 5.84333 7.43289 5.5814 6.62884 5.87505 5.56608 5.03708 4.49905 7.60894 7.66545 5.77809 11.9721 7.89718 5.82837 6.48139 5.77752 4.67682 12.735 6.5654 10.6942
threshold=9.7444500916364483 4.2416201128650188 -1.1282563914635717 8.7675114108531478 1.1797158050502945 4.9292250887529869 1.4718332461237551 2.4442206054971165 5.732407052798794 0.93788916873650552 26.529317525086388 6.2004131154891011 5.8458775845701192 4.9411512462865899 -0.23589086085048744 0.64324237669148998 1.3422858427318276 5.9009304216386864 4.583305662397815 4.0383434612040086 1.3730171711398012 3.0020880840920032 4.5684130187541827 0.21110606275025168 -47.202009479057701 1.2567552883327804 -2.7203481394753983 1.2239954960521329 5.0325876839770336 16.875813560515052
decision_type=2 2 2 2 2 2 2 2 2 2 2 2 2 2 2 2 2 2 2 2 2 2 2 2 2 2 2 2 2 2
left_child=1 2 -1 6 -5 -6 8 12 16 10 11 -9 13 14 -8 -11 -3 18 20 25 -17 -22 23 24 -23 -20 -21 28 29 -28
right_child=-2 3 -4 4 5 -7 7 9 -10 15 -12 -13 -14 -15 -16 17 -18 -19 19 26 21 22 -24 -25 -26 -27 27 -29 -30 -31
leaf_value=-0.0016364790159925137 0.0029260105856363 0.002216526873822101 -0.021328437623155231 0.01749609799585233 0.0092116576165451308 -0.043412357715343276 0.0069047355690748961 -0.027595641363520326 -0.032821216370595152 -0.035958671298761652 0.022142917703949321 0.0061455413607213643 0.017402990777536653 -0.046542456250104704 -0.03643720469300047 0.015607439423806041 0.023590614245232774 0.021516866307422951 -0.057273711726322257 0.015667040739307657 -0.040861466708705968 0.038314913501272987 -0.020861738282902116 0.021821994893972199 -0.03592016304051536 -0.013711277432298457 -0.0004755769142887844 -0.057739704379010846 0.010852857595498384 -0.056046188102243363
leaf_weight=789.6909760419876 315.42218500978197 392.8256332941819 14.977335647410653 32.289389535784721 5.9163566194474679 3.6651362043339759 6.3928728214232278 20.690886606927965 5.2010886310599735 3.4803153970569829 3.6761995060369363 8.2065345915034396 2.8539649257436386 9.0591215474996698 5.0289436838356805 38.392604042048333 10.180225397925822 10.336692790500818 4.0162240366626056 11.202043010620399 5.728913439292227 1.4974652435630558 7.4491528865182763 19.587633225950412 3.6109499123122104 8.6232262819830776 12.052174894604834 3.9034996496338854 19.897532254835824 4.2038871152326456
leaf_count=79421 4268 7884 2399 234 89 94 209 851 176 168 34 111 20 307 234 572 112 55 164 119 265 5 219 218 200 130 226 128 195 131
internal_value=1.81187e-10 -0.000630141 -0.00200301 0.00104373 0.0109939 -0.0109182 0.000369686 -0.00339061 0.00230315 -0.00107524 -0.0134816 -0.0180135 -0.0219013 -0.0273783 -0.0121784 0.00154921 0.00275645 0.00241657 0.00100799 -0.00662835 0.00740594 -0.000907837 0.00621269 0.0143792 -0.0141591 -0.0275534 -0.00146867 -0.0062607 -0.000702517 -0.0148464
internal_weight=1780.06 1464.64 804.668 659.969 41.8709 9.58149 618.098 209.891 408.207 186.556 32.5736 28.8974 23.3349 20.4809 11.4218 153.982 403.006 150.502 140.165 63.8986 76.2667 37.8741 32.1452 24.696 5.10842 12.6395 51.2591 40.0571 36.1536 16.2561
internal_count=99238 94970 81820 13150 417 183 12733 4561 8172 3791 996 962 770 750 443 2795 7996 2627 2572 1093 1479 907 642 423 205 294 799 680 552 357
is_linear=0
shrinkage=0.03


Tree=128
num_leaves=31
num_cat=0
split_feature=17 10 9 7 12 17 10 7 7 10 9 11 9 11 1 1 2 3 5 0 18 7 18 13 2 5 18 18 0 0
split_gain=3.43897 4.87925 7.56073 7.40158 5.2148 4.39859 4.48387 4.61546 5.30004 4.05853 4.92113 5.24099 4.61408 5.40427 4.07453 4.44117 3.67814 7.95782 10.1798 13.5328 12.5675 8.08761 6.5312 6.78386 6.15566 8.18061 6.32425 11.5892 6.36627 6.12323
threshold=-44.058325472366484 5.0939213037871935 8.4431389036551554 6.1640135484102752 1.6888148325301844 -0.58614213700962969 2.4347774809300904 0.28940471417916452 0.31049364759477843 5.0446501066180698 5.8290862474013334 1.4675487530765878 6.073615599337562 1.4262323785573459 13.119564796951446 8.7675114108531478 -8.377688175513347 7.9442621551811818 -1.6837310656931848 -1.4317046157092495 54.239045353815861 -3.0076144722927296 44.94175862628574 0.90581527807059481 -1.8185154226075471 9.2339233666492539 75.597850938636796 77.957130869423011 -2.7951631102837933 -0.048756627063017761
decision_type=2 2 2 2 2 2 2 2 2 2 2 2 2 2 2 2 2 2 2 2 2 2 2 2 2 2 2 2 2 2
left_child=-1 2 4 -4 5 6 7 -2 -9 10 11 -6 -12 -14 15 -13 -3 18 22 -20 21 -21 29 -24 25 -19 -26 28 -28 -18
right_child=1 16 3 -5 9 -7 -8 8 -10 -11 12 14 13 -15 -16 -17 17 24 19 20 -22 -23 23 -25 26 -27 27 -29 -30 -31
leaf_value=0.0044517750902760989 -0.018941921522039443 0.0091744322574358692 -0.063926182163520293 -0.00028169874148071178 0.0017745613738459954 -0.024276910197892954 -0.001615740510341476 0.059008080657322326 -0.0046789283776717322 -0.031554196507758016 0.022664044583585379 -0.022722481525053718 -0.024162484179363085 0.008569456335588789 -0.066892067919232134 0.0073541356781345749 -0.032266269143448816 -0.048464701513082721 -0.034786549218643797 0.007001148746356628 0.0016077310145874292 -0.03802431838405243 0.017112681425897551 -0.015439417986503381 0.0092177712445899625 0.0058999730355183263 -0.0024091740864317238 0.0028506126028249147 -0.06290384554317105 0.0023238698148885031
leaf_weight=143.57080555229913 28.239448006897874 61.038524587580469 3.4305921494960776 3.1587895173579454 244.92611507882248 8.2013041312457045 802.65961643320043 1.2248767022974814 29.492572507864679 3.2083565518259993 18.221268874476664 11.119015477946965 5.1550933923572293 38.034957095049322 1.2426978349685658 7.3323751931311554 6.546931974473412 4.3913283447036502 16.334404112654738 4.8399236535187837 62.44615308009088 13.907501054927705 37.157722850213759 6.8192646368406704 152.05913502239855 5.7569050970487297 2.5097685065120459 36.5404740748927 4.1619613156653932 15.535790286492555
leaf_count=3128 10364 514 108 29 9101 963 60544 114 8016 36 145 682 95 377 46 116 194 161 471 56 910 518 414 156 1227 74 26 301 94 258
internal_value=-1.31592e-12 -0.000390749 -0.00136932 -0.0334166 -0.00119321 -0.00241041 -0.00220227 -0.0101875 -0.00213937 0.00202251 0.00235293 0.000577361 0.0100038 0.00466263 -0.0143117 -0.0107704 0.00235272 0.00122432 -0.00371249 -0.00987162 -0.00485927 -0.0264003 0.0053806 0.012065 0.00515579 -0.0176246 0.00633969 -0.00378798 -0.040147 -0.00793117
internal_weight=1779.26 1635.69 1205.65 6.58938 1199.06 869.818 861.617 58.9569 30.7174 329.24 326.032 264.62 61.4113 43.1901 19.6941 18.4514 430.046 369.007 163.588 97.528 81.1936 18.7474 66.0597 43.977 205.42 10.1482 195.271 43.2122 6.67173 22.0827
internal_count=99238 96110 90736 137 90599 80001 79038 18494 8130 10598 10562 9945 617 472 844 798 5374 4860 2977 1955 1484 574 1022 570 1883 235 1648 421 120 452
is_linear=0
shrinkage=0.03


Tree=129
num_leaves=31
num_cat=0
split_feature=13 12 11 14 16 7 9 9 12 7 16 6 1 1 13 0 13 0 3 5 8 13 8 2 1 2 6 2 8 5
split_gain=3.68729 4.33785 4.76325 4.80689 4.15818 13.3037 5.34573 11.048 3.87077 5.44117 5.07232 6.55511 3.37125 3.24185 3.24174 10.5521 9.48565 8.71504 8.63063 9.0418 7.96634 7.73984 6.80441 7.26522 6.03349 9.38844 7.74626 5.68351 5.42465 5.07315
threshold=2.4169426162521419 3.9543291698517464 1.1293264418954367 22.290670239755865 2.4323951718981061 2.9463002599775527 5.1964422994463169 3.5803317580065985 2.6343705450370165 1.2659873162729098 3.4173308263923832 15.637538729079886 2.590021306183155 -8.2379209450383382 1.202959052939101 7.3776006052357053 1.1302798381280967 3.4389079813604559 16.530690302907484 14.155959574842568 7.4766221143039351 2.3014396993652197 3.8589504581826017 3.5019489623998483 2.5418602620885693 4.7299046296998224 16.003815969196069 2.597582869451998 4.1045899327231199 -0.18945510362449541
decision_type=2 2 2 2 2 2 2 2 2 2 2 2 2 2 2 2 2 2 2 2 2 2 2 2 2 2 2 2 2 2
left_child=1 14 -3 -4 12 6 7 -6 -2 -10 11 -11 13 -5 16 18 17 -1 19 21 -18 24 -19 27 -16 28 -27 -24 -26 -30
right_child=8 2 3 4 5 -7 -8 -9 9 10 -12 -13 -14 -15 15 -17 20 22 -20 -21 -22 -23 23 -25 25 26 -28 -29 29 -31
leaf_value=-0.0018914788928235627 0.010904770713585485 0.016064667324164224 -0.036336078865766515 0.010929062622001414 0.019384969027086866 -0.060805874120659943 0.015473208698803037 -0.0441131360279962 0.0096846430049756221 -0.0032607183832467673 -0.0038046055652044544 -0.074418497684735463 0.024904062237771876 -0.032619462573669517 -0.00010244312496597668 -0.027622158009283887 0.0040675868959418699 0.019241323923519196 0.0057257821380889331 -0.04416267894321034 0.023076367176453016 -0.045034643912930224 -0.0034786816159630327 0.0073676953506169483 -0.011189764612030442 0.00016070684307104447 -0.022670461072813518 -0.037639395575951605 -0.013181041583548778 -0.049739540659506983
leaf_weight=850.18692307280435 54.589004577224841 29.642662885598838 2.9455677389632902 5.6092961546964952 4.7806230022397411 3.2932595121674231 13.957273972220717 5.0935840923339128 17.014662376837805 2.1986879985779515 11.266775174066423 2.4786179852671921 10.865406834520398 2.1198947621160205 227.51094479580206 14.816726981895043 81.067579909911728 27.451321514818119 103.85325391052174 4.9935459175612769 26.272980417008512 3.9965487357985685 37.294720855599735 98.858728769293521 18.098308778688079 82.144098604723695 15.97564552281983 4.9671454695635466 5.5163685038278354 8.9731260013650136
leaf_count=66335 786 433 121 68 80 75 99 173 176 44 100 64 93 147 14123 214 4871 319 1224 127 191 262 997 1352 1830 3456 553 200 203 522
internal_value=1.76236e-10 -0.000310936 0.00658441 0.000809813 0.00320302 -0.00428787 0.00352232 -0.0133704 0.00600326 -0.00211504 -0.014707 -0.040969 0.0141303 -0.00101505 -0.000645902 -0.00269402 0.000237801 -0.000655942 -0.00190994 -0.00406946 0.00872023 -0.00351672 0.00557545 0.00291711 -0.00305352 -0.0081902 -0.00355661 -0.00749368 -0.0221416 -0.0358212
internal_weight=1777.83 1690.29 78.3076 48.6649 45.7193 27.1247 23.8315 9.87421 87.5477 32.9587 15.9441 4.67731 18.5946 7.72919 1611.98 485.879 1126.1 1018.76 471.062 367.209 107.341 362.215 168.572 141.121 358.218 130.708 98.1197 42.2619 32.5878 14.4895
internal_count=99238 98068 1289 856 735 427 352 253 1170 384 208 108 308 215 96779 22514 74265 69203 22300 21076 5062 20949 2868 2549 20687 6564 4009 1197 2555 725
is_linear=0
shrinkage=0.03


Tree=130
num_leaves=31
num_cat=0
split_feature=13 13 16 15 0 11 10 9 9 11 16 1 6 6 5 16 10 1 6 13 16 3 17 10 0 15 11 8 10 4
split_gain=3.74766 5.9628 7.31962 5.02202 4.95129 5.7053 4.74851 7.47989 7.71006 6.28943 5.82317 5.76031 7.39468 5.29086 5.91731 6.78772 8.44081 5.52502 5.41329 5.07896 4.9013 4.94751 8.02492 6.36961 8.61903 4.85597 4.7113 4.85197 4.66869 4.65768
threshold=1.5787410338358796 1.3739014894132104 7.4703864115313676 0.13320001603963971 4.1019210902327474 1.5206558573594704 5.525100435651038 5.2542211155698917 5.0848097665451268 1.0469686190863057 3.7888317641275391 0.062269273385373587 25.82587110735837 -19.084800283809027 -11.663062864011986 -1.5199305172338191 5.8959224165278892 -1.3463816172751439 18.413945183198852 1.0210226291162152 -2.3025744277261415 14.613091029053018 -1.7594867172366813 5.3615562965098365 -3.5218086645601172 0.12599853515625004 0.95190442535133812 4.2620357501020276 3.4166901902606042 3.7868335554339554
decision_type=2 2 2 2 2 2 2 2 2 2 2 2 2 2 2 2 2 2 2 2 2 2 2 2 2 2 2 2 2 2
left_child=1 4 3 -3 5 6 7 8 10 -9 20 -11 19 17 -15 16 -16 -8 29 -13 28 23 -23 -22 -25 -17 27 -2 -1 -18
right_child=26 2 -4 -5 -6 -7 13 9 -10 11 -12 12 -14 14 15 25 18 -19 -20 -21 21 22 -24 24 -26 -27 -28 -29 -30 -31
leaf_value=-0.010494386235736546 -0.0037906761416063085 -0.027235654288513246 -0.06086180802328723 -0.0042193915797693249 0.0045376124521070964 0.015163897934139988 -0.056886381539094061 -0.050381309779549896 0.014558277634606256 -0.01984375774605995 -0.041208256467100128 -0.016435652095908113 -0.056911147350651975 0.023597491954151301 -0.037939946452263618 0.021013281012847568 -0.015325067470658035 0.0023636759173114061 -0.020329806086228669 0.012405866278183835 -0.0027804486256310657 0.012621686099244484 -0.026926146471958221 0.031309708257624767 -0.049494120028406696 0.0038095255516908092 0.0018669622080885666 0.026008974894624396 0.0082608095197238846 0.012389031526179704
leaf_weight=14.345488837258015 7.3518574220652253 9.1950721128305286 2.2169944508932522 118.31948095613188 180.44267070997739 19.742015086681931 2.6605037334375083 3.6766405343078068 26.704300062905531 26.665108630026225 3.3647440973145413 7.8360729512060123 1.9397870944812883 12.940282959491013 6.9137127697467795 17.000945289619267 7.4487021485110771 3.0291491840616791 10.458893512375651 18.394786120567005 676.66909682374535 36.273293185397051 5.2914696201623874 1.5233770944178102 5.3974028566153711 112.34118572826264 331.75780556731479 14.850441965274511 71.392497163091321 20.418377664871514
leaf_count=2051 499 722 44 5864 2609 557 77 123 513 884 249 305 66 57 196 116 135 47 188 382 70080 702 227 11 244 1437 8759 102 1831 161
internal_value=1.27243e-10 -0.000687301 -0.0068187 -0.00587909 -7.20528e-05 -0.000819769 -0.00110855 -0.00202514 -0.00130352 -0.0123966 -0.00182372 -0.00984976 -0.000389882 0.00315852 0.00402326 0.00257238 -0.00742978 -0.0253419 -0.00192598 0.0037899 -0.0016603 -0.00246228 0.00758699 -0.00307331 -0.0317079 0.00607082 0.00276233 0.0161414 0.00512273 0.00498122
internal_weight=1776.56 1422.6 129.732 127.515 1292.87 1112.43 1092.69 899.474 840.962 58.5124 814.257 54.8358 28.1706 193.212 187.522 174.582 45.2397 5.68965 38.326 26.2309 810.893 725.155 41.5648 683.59 6.92078 129.342 353.96 22.2023 85.738 27.8671
internal_count=99238 89878 6630 6586 83248 80639 80082 77668 75908 1760 75395 1637 753 2414 2290 2233 680 124 484 687 75146 71264 929 70335 255 1553 9360 601 3882 296
is_linear=0
shrinkage=0.03


Tree=131
num_leaves=31
num_cat=0
split_feature=12 11 5 7 5 17 11 12 1 3 3 11 6 3 6 18 13 11 4 16 3 17 18 8 5 17 0 2 4 1
split_gain=3.72707 4.80002 3.95038 4.72064 5.93583 5.43021 8.72807 8.12955 9.46326 7.06209 8.83452 5.98657 5.84088 8.46047 5.43526 5.78735 5.94446 6.93467 5.34524 5.33795 5.91095 5.10544 4.99645 4.77607 4.66525 4.61869 4.5118 4.48104 4.45003 4.44213
threshold=3.9543291698517464 1.3233730544551341 -15.18812089508878 0.73169043814022017 -2.3953572445516467 -37.90400326655579 1.192223056305401 0.42554084664368441 4.5444793713275482 20.055109574488533 11.213182891868803 1.2239954960521329 6.7097752020974744 -1.638021190944233 -0.39782313846501921 42.819325739492747 0.6651793144696353 0.92091866280770052 -11.403913221554861 -3.0547893189091115 7.2622578472175361 -6.927835245011881 56.495662442173561 1.9611026580569968 4.6817651641576994 -11.160267052070806 -2.6488122334759505 -8.7395182181039353 0.34702334064974366 -4.926647245238307
decision_type=2 2 2 2 2 2 2 2 2 2 2 2 2 2 2 2 2 2 2 2 2 2 2 2 2 2 2 2 2 2
left_child=2 -2 -1 5 21 11 7 8 -7 10 12 14 19 -14 15 16 -4 23 -12 25 -21 -5 -15 -18 -8 27 -19 -9 -6 -17
right_child=1 -3 3 4 28 6 24 9 -10 -11 18 -13 13 22 -16 29 17 26 -20 20 -22 -23 -24 -25 -26 -27 -28 -29 -30 -31
leaf_value=0.0090536533771712734 0.011213345118054652 -0.0018036453967655301 0.011325685672105932 0.0096920028518263576 -0.021365103787189973 -0.018625342321275287 -0.009930093213804109 -0.013916578321223675 0.018540523859247263 0.03055858345861091 0.034450471138765218 0.011325822782252346 -0.038273236144385353 0.022467960743633129 -0.031568165101166661 0.035229824876009397 0.0085842287718052007 -0.044832459081492859 -0.039584798737752634 -0.0020595826523070633 -0.024450920801781142 -0.034450230530326628 0.00077711245393061125 -0.044513285806071626 -0.032287349075544987 -0.031475541854764144 -0.00061481138721175565 0.021841009764745938 0.00023257069854907278 0.0049686060115617572
leaf_weight=39.326695745927282 58.305664579354925 45.307273935119156 13.152904065776964 80.692795573704643 8.6686950592411431 43.391473587013024 87.226417614328966 3.8072442251723322 7.1871670312830238 6.4673196282237759 0.99172830395400513 48.014257439019275 3.0293162479938465 23.747466673550662 5.2529441113874773 5.6051012990064946 1.899244175030615 2.2689029752800698 7.6314776189246896 272.71221908240113 11.040130864785167 2.4291116352833333 15.995279161215874 7.7297197708539898 9.2951686119777133 2.038718408701242 24.53322374603886 18.387884974770714 900.20068395340786 19.745096834740252
leaf_count=357 894 666 512 1955 757 5838 8244 81 169 21 4 761 178 395 480 45 224 117 445 32314 1117 232 726 537 542 197 937 397 39139 957
internal_value=-1.99639e-10 0.00552135 -0.000342059 -0.000568312 0.000728377 -0.00257456 -0.00395481 -0.00207079 -0.0133441 -0.000512249 -0.00107139 0.002948 -0.000333885 0.0100544 -0.00206845 -5.0021e-07 -0.0059618 -0.0122032 -0.0310702 -0.00177657 -0.00293078 0.00840201 0.013738 -0.0340402 -0.0120831 0.011738 -0.00435801 0.0157073 2.65745e-05 0.0116596
internal_weight=1776.08 103.613 1672.47 1633.14 991.991 641.15 512.949 416.427 50.5786 365.849 359.381 128.201 350.758 42.7721 80.1871 74.9342 49.584 36.4311 8.62321 307.986 283.752 83.1219 39.7427 9.62896 96.5216 24.2338 26.8021 22.1951 908.869 25.3502
internal_count=99238 1560 97678 97321 42083 55238 50668 41882 6007 35875 35854 4570 35405 1299 3809 3329 2327 1815 449 34106 33431 2187 1121 761 8786 675 1054 478 39896 1002
is_linear=0
shrinkage=0.03


Tree=132
num_leaves=31
num_cat=0
split_feature=13 13 0 7 14 14 17 8 5 11 18 11 9 13 11 7 18 9 14 9 12 13 9 10 13 8 0 13 7 3
split_gain=3.38863 4.96041 5.51255 6.04031 6.03532 6.041 4.66843 6.11687 6.00566 4.54205 7.38677 4.78174 4.40731 5.04909 4.56478 5.30338 4.98378 5.59061 5.34245 9.38367 4.96461 4.58802 4.31226 7.9711 7.22194 6.61391 6.49864 8.61511 6.82575 4.7191
threshold=1.5787410338358796 1.3739014894132104 5.0426882192907216 3.8280253457312234 243.67874587608415 32.76132791889524 -2.8682445704809898 2.8722428439713319 15.18416787330853 0.95190442535133812 62.912347645388806 0.99146637752105293 4.3462167610679012 1.3477559456794097 0.67427392551204723 8.0632214784569971 43.127534683003844 3.7142117945902404 201.79943079885436 3.0948964974214408 0.43021247179691668 0.56043445203140052 4.1096921606505985 4.6417642936570589 0.84932456399060896 3.3789098730734946 4.1019210902327474 1.1676895088834669 -1.1045303562574824 5.202309122217053
decision_type=2 2 2 2 2 2 2 2 2 2 2 2 2 2 2 2 2 2 2 2 2 2 2 2 2 2 2 2 2 2
left_child=1 12 6 4 5 -4 8 -8 -3 10 -2 -11 14 -14 15 16 -1 18 20 21 -18 -20 26 24 -24 -25 -16 29 -29 -28
right_child=9 2 3 -5 -6 -7 7 -9 -10 11 -12 -13 13 -15 22 -17 17 -19 19 -21 -22 -23 23 25 -26 -27 27 28 -30 -31
leaf_value=-0.013998437750857896 0.021229194274579859 -0.0047264391914221757 0.0097336166679671734 -0.066865905873945572 0.016273120095588942 -0.050580180791147483 0.011080016623732983 -0.033418962885706734 0.017334935392788412 -0.035944967621582613 -0.039633780817537073 0.0020921874398262129 0.0015227444752234833 0.017617949613743571 -0.00260436968091475 -0.045816341918290933 -0.0035477044972334381 0.021504725725888903 0.010170719386074303 -0.053407366023778331 0.016416865664422919 -0.029398203098176541 0.0096710100382601822 -0.0054279514727601378 -0.014062199746629122 -0.043339275194504319 -0.0031742607357647468 0.019213459422272892 -0.043089109487259684 0.016935926517674327
leaf_weight=10.506720948098517 20.113894750771582 89.424638423370197 2.1916923918761295 2.4829501416534177 3.6601147861219943 4.6988486815243959 3.8941349997039643 9.7187933839304588 12.680229216814039 3.0016005280194795 1.9705172064132046 329.35032425309328 482.22272044533747 18.203505323501304 566.71288627283502 1.8464117553085078 18.035898767047911 20.637343661859632 10.871529507297966 3.6318104558740734 29.620279436552664 3.4819897869165279 20.981207424512831 7.1513377063674879 25.642414759524399 9.8404259454691765 14.185384741111191 2.3317207810468972 4.926372767542488 40.444138502993155
leaf_count=1195 477 5423 36 52 35 172 336 502 74 224 124 8535 9493 264 64165 43 1274 153 565 183 1832 474 612 167 1373 338 420 41 216 440
internal_value=1.07383e-10 -0.000654969 -0.00627017 -0.0247666 -0.0148592 -0.031396 -0.00418686 -0.0206895 -0.00198667 0.00262409 0.0157986 0.00174866 -9.50843e-05 0.00210822 -0.00148928 0.00454877 0.00550961 0.00788522 0.00360333 -0.0103283 0.0088611 0.000571778 -0.00234962 -0.00979281 -0.00338196 -0.0273835 -0.00159636 0.00763413 -0.0230739 0.011714
internal_weight=1774.46 1420.03 128.751 13.0336 10.5507 6.89054 115.718 13.6129 102.105 354.436 22.0844 332.352 1291.27 500.426 790.848 98.632 96.7856 86.2789 65.6415 17.9853 47.6562 14.3535 692.216 63.6154 46.6236 16.9918 628.601 61.8876 7.25809 54.6295
internal_count=99238 89878 6630 295 243 208 6335 838 5497 9360 601 8759 83248 9757 73491 5719 5676 4481 4328 1222 3106 1039 67772 2490 1985 505 65282 1117 257 860
is_linear=0
shrinkage=0.03


Tree=133
num_leaves=31
num_cat=0
split_feature=10 12 14 4 14 14 18 11 10 16 11 9 9 18 8 8 8 9 14 16 1 13 4 12 10 0 4 7 16 0
split_gain=3.2762 4.28801 5.72623 6.171 5.43434 5.88763 5.61417 4.8904 5.54945 4.82347 4.53775 12.2457 4.39122 5.08703 3.93319 4.25762 5.48924 3.91499 5.17611 3.80901 7.39981 6.2332 5.78767 6.01525 5.10988 4.85264 4.76126 4.72866 4.98182 9.12468
threshold=4.5711396015147656 3.9543291698517464 13.071684843588868 12.03526874907266 22.290670239755865 25.169433183378299 42.653900029526959 1.3233730544551341 4.0908175824168387 3.2503459181806345 1.4134337795279042 5.4693061610167382 5.2542211155698917 60.230585879096175 2.5925181447526104 7.2653198086616007 8.3825030702243719 7.3839281616548353 347.28070801576013 -2.3025744277261415 -0.38357115934456448 0.93043643206743742 -17.799580817619297 1.2744652703069503 4.537116203894449 -2.0845970900660458 8.0616825438787814 -3.1887561854065378 1.3085048721248151 2.8218740847256947
decision_type=2 2 2 2 2 2 2 2 2 2 2 2 2 2 2 2 2 2 2 2 2 2 2 2 2 2 2 2 2 2
left_child=1 2 3 9 6 -6 -3 -7 12 -1 11 19 13 -9 -12 17 -17 -16 -19 20 21 -4 -23 -24 -25 26 -21 28 -27 -30
right_child=-2 4 10 -5 5 7 -8 8 -10 -11 14 -13 -14 -15 15 16 -18 18 -20 25 -22 22 23 24 -26 27 -28 -29 29 -31
leaf_value=0.0032677512624551511 0.0016026584011241891 0.012670233484062611 0.016839874702265892 0.022108481070093833 0.033360746818690362 0.012767623013744803 -0.042870476420526341 -0.043563261533491493 -0.040899803454690735 -0.040761934333520683 -0.020559828743325469 -0.033534220213514897 0.011007832355931219 0.0021746527348532824 0.0092395532121606269 -0.035653839366219194 0.0015348899318333564 -0.046463895524029998 0.014601541712257075 -0.0088340489684132616 -0.018283104114171465 0.019274210582971442 0.0051783596850565276 -0.034770311237590161 0.037253677105465462 -0.024533058772039103 -0.037075061393506449 -0.0020583082526172474 0.018293967345573127 -0.039049908634360142
leaf_weight=73.367847277804685 696.84832432490657 2.7965918481349936 33.245341043482767 16.627035729994532 7.5416523211169979 34.539980336645385 3.9535959957865998 3.555029388808185 3.2703522350639096 2.3097924520843653 5.8132753298850721 11.699243163311619 14.61649078899063 5.6936448523774743 80.064851395145524 4.8564862707280581 13.507707345939705 2.686490138527005 2.3351571378298104 43.952158289808722 11.390982087774317 7.9829207717557464 10.26733231166145 8.9075875780690659 0.98452789336443025 17.510672309479563 6.1210976276779538 635.07085132903012 8.148408515728077 3.6010757071780963
leaf_count=6778 10530 76 1277 248 43 576 185 171 61 136 805 523 123 112 2796 196 261 90 26 4456 1110 83 656 737 3 1876 600 64231 289 184
internal_value=-8.06928e-11 -0.00103752 -0.00155929 0.00555979 0.00583384 0.00833956 -0.0198601 0.00527998 -0.00425081 0.0019239 -0.00228288 -0.00306714 0.000771371 -0.0154062 0.00345124 0.00480051 -0.00829982 0.00762795 -0.0180674 -0.00261433 0.00392388 0.00804457 -0.00234557 -0.0109068 -0.027602 -0.0032804 -0.0122863 -0.00260159 -0.0143931 0.000718759
internal_weight=1773.27 1076.42 1000.45 92.3047 75.9673 69.2171 6.75019 61.6755 27.1355 75.6776 908.146 798.882 23.8652 9.24867 109.264 103.451 18.3642 85.0865 5.02165 787.183 72.7787 61.3877 28.1424 20.1594 9.89212 714.404 50.0733 664.331 29.2602 11.7495
internal_count=99238 88708 87361 7162 1347 1086 261 1043 467 6914 80199 76025 406 283 4174 3369 457 2912 116 75502 3866 2756 1479 1396 740 71636 5056 66580 2349 473
is_linear=0
shrinkage=0.03


Tree=134
num_leaves=31
num_cat=0
split_feature=0 12 15 17 9 15 4 5 4 15 9 16 9 17 17 5 4 4 17 9 4 1 16 12 4 0 13 13 1 1
split_gain=3.1197 5.53362 4.99554 4.16863 13.6682 5.73705 6.11224 5.3848 6.67919 4.66596 7.30127 4.62313 6.90611 6.50062 5.14409 5.14375 7.64832 6.33387 9.79509 4.52369 4.40528 4.12904 3.93043 6.28038 5.93112 4.19872 3.796 4.496 3.75017 6.81148
threshold=4.1019210902327474 0.30982144341595752 0.9352983113069091 -3.474085980725746 6.2004131154891011 0.90210941036824066 26.529317525086388 5.4335244456576666 9.3052939475644649 0.86543283471345112 5.391244355236215 2.102999481811278 3.5803317580065985 -6.2194903386966525 -47.202009479057701 11.547048757829721 12.623364048534571 9.7539950454821351 -16.522251658738401 5.1964422994463169 -1.8668548851240638 6.8486357055448037 5.1078279496299261 1.1209535930512311 17.762051688656559 9.1856942771737859 1.1852077326171966 1.5957987654960282 5.8958940689116233 2.7346944027762281
decision_type=2 2 2 2 2 2 2 2 2 2 2 2 2 2 2 2 2 2 2 2 2 2 2 2 2 2 2 2 2 2
left_child=2 -2 -1 7 5 -5 -7 8 9 10 19 -9 -13 14 -14 16 17 18 -16 -3 -12 -10 23 -17 -25 -24 -15 -28 29 -11
right_child=1 3 -4 4 -6 6 -8 11 21 28 20 12 13 26 15 22 -18 -19 -20 -21 -22 -23 25 24 -26 -27 27 -29 -30 -31
leaf_value=-0.00046726032240235909 0.023556465573133727 -0.0072259565875999179 -0.028786008890111753 0.0069205186176510324 -0.040182776146805078 -0.051259092580161481 -0.0025864796155563368 0.018742968725721638 -0.053932518499110293 0.0075174655847582168 -0.053967565521260426 0.019065088661562698 0.014665180782398724 0.020335725604856792 0.00070746653255601016 0.0086894671943060098 -0.040404379602617689 0.011684388284578144 -0.06121165818070938 0.029059532980586656 -0.0075135669704157609 0.0017843899511318711 0.018457082871352587 -0.0085508454811077227 -0.068704743484795508 -0.0070110296584467722 -0.01916280289202698 0.010118508296441195 0.016557586095595215 -0.030840861823809837
leaf_weight=1459.0194883666481 11.089824896771459 17.119090521096958 5.6279304961644803 34.728018180205254 8.6252251067198795 3.4252256319159624 7.2098017930984497 24.215444630710408 3.5805445880978359 16.682658747537065 4.5001510030124336 24.551989610539749 11.401420123875139 19.965121789136901 5.9719246367458254 5.6588863776996714 8.6110025062225741 9.1176341129466874 3.7388903580140376 3.7738897488452485 3.1048698187805703 1.7982738297432659 13.350349138490856 3.3023498291149735 2.6662526875734329 10.336792268324643 6.2835166086442795 18.959388999734074 17.315934414044023 5.5533758446690618
leaf_count=94375 43 569 617 354 133 109 49 203 148 320 143 291 67 106 110 33 216 112 135 33 83 26 76 53 68 91 92 126 202 255
internal_value=7.5252e-11 0.00275161 -0.000576076 0.00197095 -0.0055655 0.00101655 -0.0182625 0.00365534 -0.00312239 -0.000578614 -0.00983315 0.00661541 0.00457481 0.00159429 -0.00387207 -0.00724 -0.0169838 -0.00627268 -0.0231328 -0.000671725 -0.035002 -0.035305 0.000330955 -0.0139539 -0.0354224 0.0073431 0.0105609 0.00282974 0.00608947 -0.0020624
internal_weight=1771.29 306.638 1464.65 295.548 53.9883 45.363 10.635 241.56 73.4288 68.05 28.498 168.131 143.916 119.364 74.1555 62.7541 27.4395 18.8284 9.71081 20.893 7.60502 5.37882 35.3146 11.6275 5.9686 23.6871 45.208 25.2429 39.552 22.236
internal_count=99238 4246 94992 4203 645 512 158 3558 1779 1605 828 1779 1576 1285 961 894 573 357 245 602 226 174 321 154 121 167 324 218 777 575
is_linear=0
shrinkage=0.03


Tree=135
num_leaves=31
num_cat=0
split_feature=9 9 18 15 15 16 14 17 6 7 9 11 14 13 12 16 8 18 12 18 11 2 11 14 8 3 16 2 7 5
split_gain=3.24877 6.4715 8.70906 8.4225 9.57226 5.97166 5.51768 4.32161 4.2682 5.73017 4.21247 4.45043 4.91359 10.0347 10.2534 6.85922 6.82883 6.78709 6.61272 5.31747 5.24867 5.15949 5.11222 4.85899 5.80939 4.85309 6.54386 4.98128 4.77065 7.33373
threshold=5.7262610964313145 5.5479096842719562 70.035375953105884 0.83519649746399549 0.13538108533102278 7.4703864115313676 507.23379436708251 -44.058325472366484 10.184224523321914 2.2943723136572562 1.7321174501770211 0.66322991322388536 159.13370557913515 0.89263232246454738 0.75458636288668379 4.6454240829263362 1.6087027997593548 71.3544544049699 0.61618216303822426 37.338104560298135 0.82965804416607447 -10.359376960445209 0.94318604950995943 156.95991728571207 5.0947882204586454 4.04614488088313 -1.2211392806978181 2.0970383981697265 1.748738390095417 12.640929631338652
decision_type=2 2 2 2 2 2 2 2 2 2 2 2 2 2 2 2 2 2 2 2 2 2 2 2 2 2 2 2 2 2
left_child=1 5 3 4 -3 7 -6 8 9 -1 -9 -12 23 14 18 -16 17 -15 21 -18 -21 -14 25 -13 -25 27 -27 -23 29 -22
right_child=-2 2 -4 -5 6 -7 -8 10 -10 -11 11 12 13 16 15 -17 19 -19 -20 20 28 22 -24 24 -26 26 -28 -29 -30 -31
leaf_value=0.0044071669907328878 0.0024213467184826917 0.015526508330750585 -0.050884212301595379 0.014748787509021505 -0.040751656642100391 0.015946074121161179 0.013954303093966036 -0.016073229241766011 0.020849399555549823 -0.038019983126652772 0.0057986099565795939 -0.00051593895449157407 0.032449326745305804 -0.024679003637421308 0.011068915650252226 -0.060247603902729346 -0.044125470214889988 0.042161703208174389 -0.024892737585930122 -0.034593375379191812 -0.0071614861683438041 -0.0033652268375917935 -0.024625785542861191 -0.023137684317261594 0.034477243060437555 -0.044617296996377689 0.013261434825927882 -0.034902445331526616 -0.015926766847310696 0.029702501850299448
leaf_weight=81.30675219630939 389.13534543733113 5.1003364062053214 4.8544015036895862 10.00883297153632 11.403786740876965 19.916862856131047 1.9418729111785058 16.652149474008183 13.909796210878993 2.9696268234984009 83.583642943660379 857.90794848808582 3.5767684651073059 2.0692021794384337 60.228901091744774 1.2387360188586161 4.7630387029785188 4.0302455097262282 14.554816605166705 8.3410771417475171 40.602051011381263 25.034826015064031 9.7192647386254958 2.0298405449429975 7.0304703348083422 1.9042189027532028 22.908110601681983 5.4972910182259502 53.347012121696025 5.5168842948041847
leaf_count=2402 5070 76 131 106 440 128 27 6164 150 143 3583 62536 19 561 2633 32 699 79 1550 693 3992 1973 1123 287 43 172 788 493 3110 35
internal_value=1.8177e-10 -0.000681813 -0.0137448 -0.00740884 -0.0194316 -0.000359178 -0.0327916 -0.000603585 0.00545329 0.00291217 -0.00108687 -0.000881288 -0.00137525 -0.00496425 0.000339854 0.0096317 -0.0114302 0.0194864 -0.00652529 -0.0131053 -0.0117348 -0.00263058 -0.00455904 -0.000285135 0.0215694 -0.00103504 0.00881954 -0.00904349 -0.00981794 -0.00275171
internal_weight=1771.08 1381.95 33.3092 28.4548 18.446 1348.64 13.3457 1328.72 98.1862 84.2764 1230.54 1213.88 1130.3 263.332 144.663 61.4676 118.67 6.09945 83.1953 112.57 107.807 68.6405 65.0637 866.968 9.06031 55.3444 24.8123 30.5321 99.4659 46.1189
internal_count=99238 94168 780 649 543 93388 467 93260 2695 2545 90565 84401 80818 17952 8783 2665 9169 640 6118 8529 7830 4568 4549 62866 330 3426 960 2466 7137 4027
is_linear=0
shrinkage=0.03


Tree=136
num_leaves=31
num_cat=0
split_feature=0 12 2 8 12 17 11 14 17 11 14 0 0 16 5 4 17 18 18 0 16 17 14 9 10 14 9 10 16 11
split_gain=3.35469 5.18631 3.73639 4.93459 4.67843 8.33581 4.72877 6.9884 7.62687 6.15611 5.43559 4.35787 5.79568 5.71947 7.07239 4.91765 6.46977 5.28325 6.04256 4.75544 5.49403 4.56167 4.34224 6.45259 4.73913 4.26899 7.39024 4.56839 6.15428 7.29167
threshold=4.1019210902327474 0.30982144341595752 -5.9764974451857622 2.0389086135140282 2.1186790818300998 -45.432431373365922 1.64148072040179 419.67788282937505 -6.5223048180446161 1.5206558573594704 38.976928045813615 2.8947976999023113 1.2289093450328583 1.0000000180025095e-35 3.4612734186460195 -2.578797458113629 -10.599813673738335 52.183292734111689 47.973169920972673 -0.37928461253955287 0.53143576910670565 -15.270725290623156 210.79264917651776 4.7577966047837297 3.9241921975292828 13.071684843588868 5.1964422994463169 4.5711396015147656 -3.1878554450756753 1.1962292741825438
decision_type=2 2 2 2 2 2 2 2 2 2 2 2 2 2 2 2 2 2 2 2 2 2 2 2 2 2 2 2 2 2
left_child=2 -2 3 -1 6 -6 9 8 -8 25 -11 12 13 14 15 16 17 18 22 -15 -21 -16 -5 24 -24 26 -4 -27 29 -29
right_child=1 -3 4 11 5 -7 7 -9 -10 10 -12 -13 -14 19 21 -17 -18 -19 -20 20 -22 -23 23 -25 -26 27 -28 28 -30 -31
leaf_value=-0.030229370400755181 0.023149499082594949 0.0021138267232979784 0.0067392645751309143 -0.0016877604300642713 -0.056171863753116218 0.0051816124792501044 -0.02924276946072291 -0.054589320019923344 0.0068942262621191153 -0.025384675184065199 0.015728463188288532 -0.029014404477443606 0.016942168150954198 -0.030334432265304287 -0.0030159085470403252 0.011074401935777179 -0.033101101185968797 0.028190237953736118 -0.046732442725433664 -0.039376651810191204 0.009410016468878523 -0.064731142817339923 0.007371773075536308 0.019744891054223987 -0.056630302545213382 -0.0041442023385284401 -0.033051212943184034 -0.041211206420974825 0.00098304694160278338 0.00031514439821093374
leaf_weight=4.0034850621741489 10.943661450874059 292.08944541940582 77.455969390037353 76.509257836980396 2.0254972490947685 124.30109577451367 9.1451680455356872 3.428816170198842 12.361177748040063 3.226118529506496 28.129905779263936 3.6856850485492023 26.99005444458453 8.3224775843555125 2.1359665318159387 68.483153959954507 4.819687809329479 6.7177146673202506 2.3585649502929291 2.641358005203073 9.7308515942277136 2.1760351876728228 2.3489387831214144 20.469699904380832 1.8703326146933248 603.26454430365266 4.4418086049845433 6.9356764759868375 339.98541404944262 8.4324724071193469
leaf_count=543 43 4203 6257 2502 65 4262 488 93 201 224 647 147 492 756 35 1405 290 48 95 208 323 74 143 157 91 68535 186 263 6353 109
internal_value=-6.06233e-12 0.0028735 -0.000593814 0.00280181 -0.00126915 0.00419788 -0.00189883 -0.0148139 -0.00847235 -0.00159838 0.0114985 0.00335452 0.00386095 0.00216828 0.00381697 0.004709 0.000921476 0.00240848 0.000736017 -0.0128003 -0.00100551 -0.0341603 0.00184233 0.0127818 -0.0209993 -0.00199306 0.00458119 -0.00255472 0.000143664 -0.0184258
internal_weight=1769.43 303.033 1466.4 243.263 1223.13 126.327 1096.81 24.9352 21.5063 1071.87 31.356 239.26 235.574 208.584 187.889 183.577 115.094 110.275 103.557 20.6947 12.3722 4.312 101.198 24.689 4.21927 1040.52 81.8978 958.618 355.354 15.3681
internal_count=99238 4246 94992 7309 87683 4327 83356 782 689 82574 871 6766 6619 6127 4840 4731 3326 3036 2988 1287 531 109 2893 391 234 81703 6443 75260 6725 372
is_linear=0
shrinkage=0.03


Tree=137
num_leaves=31
num_cat=0
split_feature=0 12 15 3 1 14 14 14 15 8 3 8 1 6 8 11 10 15 5 15 3 1 1 10 16 11 3 16 2 5
split_gain=3.02797 4.83542 4.46902 3.49471 6.31225 5.76226 5.75374 5.14021 17.4745 6.78728 5.29385 9.77993 4.67109 7.4831 4.5452 4.27438 4.0622 3.9992 10.5526 6.47855 3.93756 3.7827 7.65704 5.43542 5.28954 6.08876 5.10369 6.18679 3.67794 4.19316
threshold=4.1019210902327474 0.30982144341595752 0.9352983113069091 -1.1562506040450502 7.652482243835979 570.41412361904952 1109.1662680754564 300.11196189140094 0.6756119531307766 6.5821679313769321 17.450356741717822 3.0103880396791349 8.7675114108531478 3.2775236286405787 6.8950907584183208 1.0604945839041429 3.3941726829387155 0.91880700264265602 10.048445791125017 0.8620702758924822 10.458637278044117 5.8958940689116233 5.5950898756987009 4.2867407380770777 1.8975251112893259 0.90590616975488059 12.112602945755492 3.7888317641275391 6.3522802821464177 13.309152497138575
decision_type=2 2 2 2 2 2 2 2 2 2 2 2 2 2 2 2 2 2 2 2 2 2 2 2 2 2 2 2 2 2
left_child=2 -2 -1 12 21 7 -7 8 16 10 11 -10 13 15 -11 -3 -6 18 -16 -20 -13 22 24 28 -5 -26 -27 -28 -23 -30
right_child=1 3 -4 4 5 6 -8 -9 9 14 -12 20 -14 -15 17 -17 -18 -19 19 -21 -22 23 -24 -25 25 26 27 -29 29 -31
leaf_value=-0.0004630554657795906 0.022444827748073815 0.0096052021006615886 -0.027631603680230345 0.022539590896069359 -0.0093409808087163721 -0.048504395176040022 -0.0023304493544350035 0.011856586598525155 0.022103228826259359 0.028237342247087901 0.0049141050229938562 -0.027093221503692626 0.013763620532074411 -0.051064949991234558 -0.040854198665932907 -0.017647177647126998 -0.058702824621276233 0.017870912847479086 0.010276949419553432 -0.022082468534912938 -0.067641881803551726 0.015383272039235285 -0.038700566024974382 0.022666807338853789 -0.023909890076615245 0.010278347250624032 0.0082480803099671297 -0.032701987834078107 -0.020121770085913194 0.021499842090941568
leaf_weight=1460.4235473454246 10.797155269887297 8.8707710420712882 5.4694736860401454 13.849839263479224 2.0214593973942092 4.5349681947845948 5.2298405710607767 26.411708044353873 2.9111164733767536 7.2229236792772999 8.1332207801751775 6.4754951456561667 7.3765594321303061 3.9914360776310778 5.3536871825344852 12.448562732897697 5.82157124474179 12.412842534948139 29.820350232068449 6.846719133667647 3.2306520408019423 10.814956096000971 3.656138868071138 29.011391396634281 7.193266445567132 44.162971533427481 7.1023506401106697 6.235792781226337 8.2543506413639971 2.9594955053180447
leaf_count=94375 43 141 617 172 40 90 25 177 11 38 60 179 64 166 151 404 143 87 211 98 100 178 109 159 195 765 80 101 239 20
internal_value=-5.05644e-12 0.00272929 -0.000564426 0.00200116 0.00316489 -0.00163691 -0.0237745 0.000216052 -0.00319056 0.000881931 -0.013959 -0.0261249 -0.0072435 -0.0133658 0.00587666 -0.00630772 -0.0459803 0.00290956 -0.00150999 0.00423458 -0.0405897 0.00772112 0.003738 0.0141359 0.00571347 0.00211131 0.00536651 -0.0108967 0.00290102 -0.00913723
internal_weight=1769.04 303.152 1465.89 292.354 259.667 126.427 9.76481 116.662 90.25 82.407 20.7505 12.6173 32.6873 25.3108 61.6565 21.3193 7.84303 54.4336 42.0208 36.6671 9.70615 133.241 82.2004 51.0402 78.5442 64.6944 57.5011 13.3381 22.0288 11.2138
internal_count=99238 4246 94992 4203 3428 1410 115 1295 1118 935 350 290 775 711 585 545 183 547 460 309 279 2018 1422 596 1313 1141 946 181 437 259
is_linear=0
shrinkage=0.03


Tree=138
num_leaves=31
num_cat=0
split_feature=0 12 15 16 16 2 16 2 3 13 13 12 1 9 6 9 0 1 3 15 9 1 9 9 0 5 6 1 2 4
split_gain=3.31521 4.63225 3.95616 3.81273 3.96854 6.67327 3.81348 3.30569 5.38307 4.33624 8.19318 6.91389 6.55432 7.76482 6.19238 6.08748 4.79195 6.46769 5.36565 8.16786 5.80203 6.07322 5.30179 4.76686 6.06916 4.70278 6.60938 6.48614 4.61793 4.35097
threshold=4.1019210902327474 0.30982144341595752 0.9352983113069091 1.0000000180025095e-35 1.4184827688459449 1.3859661103312606 1.9481029927667022 -5.9764974451857622 10.678780832318049 0.73737214113476157 0.63002473049876084 0.85268447042505791 3.7743373050559863 3.0252567862143747 10.838667974190463 5.7262610964313145 -1.4317046157092495 -6.0962069837679307 -6.9774085294518882 0.62586828013365425 4.4967324738682484 5.3148722568691529 2.5898149646946211 4.064003132175384 -1.1596202162637597 10.357978413580394 15.637538729079886 2.1783923896652406 -5.2172417204438259 18.217934465214686
decision_type=2 2 2 2 2 2 2 2 2 2 2 2 2 2 2 2 2 2 2 2 2 2 2 2 2 2 2 2 2 2
left_child=2 -2 7 -3 5 -5 -6 8 -1 10 11 16 13 29 -13 -15 17 -9 19 -18 21 25 -19 24 -14 26 -20 -28 -11 -12
right_child=1 3 -4 4 6 -7 -8 9 -10 28 12 14 23 15 -16 -17 18 22 20 -21 -22 -23 -24 -25 -26 -27 27 -29 -30 -31
leaf_value=0.0031709053137482907 0.022305443895189337 0.016897229572037455 -0.026441591362091104 0.011265850096789456 0.018715692825343199 -0.054226111148123798 0.0011187974302291673 0.01751976296807687 -0.038989044637957354 -0.015010797213070347 -0.0088179282073988733 0.023074968478909792 0.039825068975127088 -0.028555458955654135 -0.020005632639937522 0.0080635347263014658 0.021353539121576087 0.0098249919003258364 -0.0056725260424321487 -0.038957284350886148 -0.021891255611143256 0.022287391294930507 -0.02527926683808699 0.01635327562937431 -0.027747197252976599 -0.050004810243009006 0.016301550406877405 -0.033125336958552257 0.00021972576409082023 0.025523098841503649
leaf_weight=241.07720114184485 10.642765975091605 14.974533024942501 5.3077543949475503 2.6311336832586667 11.580321712302974 2.9931637833360583 258.55575117928674 5.15664107268094 2.7568356617121017 18.284679882432101 34.463750565038936 17.16380816369929 1.4934864151291556 35.823175742349122 3.6396404501574571 4.6116770138032726 17.123099772070422 4.6899001377169069 89.576266916192253 2.2914198862126787 12.746011613402514 9.5961790429428202 22.205270608465071 11.65792463114485 6.0115151099453232 1.8484882572665799 23.919940968582527 2.6546581771981428 890.53898465944076 3.6745196641713838
leaf_count=7222 43 120 617 84 191 160 3648 63 82 1576 6945 837 11 2535 133 74 535 693 10144 209 372 144 1347 159 515 76 383 126 60078 116
internal_value=1.96763e-10 0.00286604 -0.000588266 0.00215443 0.00135386 -0.023588 0.00187315 -0.000494471 0.00269424 -0.00113221 -0.0041939 -0.000889007 -0.0113832 -0.0152199 0.0155379 -0.024379 -0.00267066 -0.013257 -0.000546724 0.0142353 -0.00259163 -0.000663719 -0.0191579 0.00434802 -0.0143004 -0.00253019 -0.00177466 0.0113641 -8.66981e-05 -0.00550926
internal_weight=1769.69 301.378 1468.31 290.735 275.76 5.6243 270.136 1463.01 243.834 1219.17 310.347 212.611 97.736 78.5731 20.8034 40.4349 191.808 32.0518 159.756 19.4145 140.342 127.596 26.8952 19.1629 7.505 117.999 116.151 26.5746 908.824 38.1383
internal_count=99238 4246 94992 4203 4083 244 3839 94375 7304 87071 25417 15062 10355 9670 970 2609 14092 2103 11989 744 11245 10873 2040 685 526 10729 10653 509 61654 7061
is_linear=0
shrinkage=0.03


Tree=139
num_leaves=31
num_cat=0
split_feature=8 14 11 15 4 13 4 7 7 14 7 14 10 11 7 14 15 15 18 7 5 15 17 14 17 8 9 12 13 13
split_gain=2.93167 4.3113 6.24237 3.68518 5.88058 3.20489 2.96172 4.58082 5.15871 6.45102 3.8506 6.18854 6.68248 5.6973 5.55643 5.22697 4.9471 5.59082 4.63538 7.52927 4.53134 6.21284 5.52344 5.56607 4.51876 4.15634 3.91843 4.41731 5.71444 8.47909
threshold=11.343058566326439 199.03909848263973 1.3162015037527997 0.74336444509260613 10.393010620489632 0.76065090269407565 -17.799580817619297 -3.5490193163139834 -4.2746708451899478 21.858329098769534 0.73169043814022017 292.30198140812655 5.630293180069855 1.691350157225324 0.66818146502173337 756.25402281124286 0.94405621028507603 0.91006984618606712 26.864553586630354 -0.7412321677161936 -2.3953572445516467 0.80070352440504988 -7.2233843656629064 14.673399656597942 -9.8275484274612825 2.7482675731470909 7.3839281616548353 0.38701279135027689 0.59991989330085105 0.76687353846670292
decision_type=2 2 2 2 2 2 2 2 2 2 2 2 2 2 2 2 2 2 2 2 2 2 2 2 2 2 2 2 2 2
left_child=6 2 -2 4 -4 -3 7 8 9 -1 11 13 15 14 16 18 17 26 -13 -20 21 22 23 -12 25 -21 27 -8 -29 -30
right_child=1 5 3 -5 -6 -7 10 -9 -10 -11 20 12 -14 -15 -16 -17 -18 -19 19 24 -22 -23 -24 -25 -26 -27 -28 28 29 -31
leaf_value=-0.028539068375676834 -0.022404215682327599 0.030597014742428073 0.0051722143179508007 0.014278642863795708 -0.037307132399630204 0.0084098999623920846 -0.011250446218334108 -0.023211607374868989 0.020293769993449201 0.0053975201187078069 -0.038050507004040002 0.030749916389656101 -0.051135558198458934 -0.034355186896725697 -0.024074955959452908 0.015664661742851759 0.013613494701236196 -0.02310733424970016 -0.035536561548229643 -0.038906165935025758 -3.6390847909336895e-05 -0.044001933001554729 -0.034590205394032202 0.011605987723788371 -0.033283727388956331 0.013042521333502014 0.015116356969260834 0.0095821019979251756 -0.01201405498430384 -1.3658171316160228e-05
leaf_weight=5.4816252907039589 9.8708424636861292 6.925092350691556 11.181320462725123 17.345603552646935 3.9758758591487995 38.076248329365626 38.862958194898965 4.9225611519068471 19.144566474366002 62.745421864965465 2.0894258160260497 1.853728850721384 3.9314788063056758 4.7611010682012411 9.5562918887881079 5.9758107054221901 20.08183818749967 10.617042819591004 12.380746900867964 1.6203747953841219 910.46662159365223 2.0614070247975169 2.5582364642759776 73.412916746194242 3.5552834310510653 9.5885974684788362 13.048073437996207 43.862512414241792 62.257313744790736 356.01986896213202
leaf_count=150 140 27 128 114 84 285 4473 176 212 999 114 22 158 351 1088 155 288 1187 1441 340 40207 91 254 1712 520 366 134 3872 8176 31974
internal_value=7.19772e-11 0.00535773 -0.00150974 0.00483575 -0.00597052 0.0118242 -0.000278508 0.00494597 0.00653238 0.00267092 -0.000582046 -0.00248308 -0.0140521 -0.00167797 -0.0013973 -0.0098836 -0.000999476 -0.00155879 -0.0151484 -0.0182828 0.00056552 0.00740533 0.00876288 0.0102318 -0.00381436 0.00553279 -0.00111374 -0.00153643 -0.000719545 -0.00179982
internal_weight=1768.23 87.375 42.3736 32.5028 15.1572 45.0013 1680.86 92.2942 87.3716 68.227 1588.56 597.973 38.906 559.067 554.306 34.9745 544.75 524.668 28.9987 27.145 990.589 80.122 78.0606 75.5023 14.7643 11.209 514.051 501.003 462.14 418.277
internal_count=99238 778 466 326 212 312 98460 1537 1361 1149 96923 54545 3002 51543 51192 2844 50104 49816 2689 2667 42378 2171 2080 1826 1226 706 48629 48495 44022 40150
is_linear=0
shrinkage=0.03


Tree=140
num_leaves=31
num_cat=0
split_feature=10 6 6 10 8 6 3 8 9 2 2 3 18 2 10 7 4 17 6 8 16 8 17 9 18 2 17 7 1 17
split_gain=2.77054 3.87606 5.68781 3.44185 2.58667 4.27347 2.73448 5.2426 4.92208 5.85911 4.25949 6.16702 8.2208 5.07616 3.9935 4.92778 15.8023 3.91411 6.78243 8.9836 9.64255 6.51686 9.45422 5.84871 5.2485 4.84466 5.69853 8.68839 5.32959 7.52955
threshold=2.0639928409447923 1.2201493529668368 1.7001150974277797 1.8909504238607842 0.84262705447784236 9.0591176412203023 15.17438718140142 2.0267211161148686 3.6616522142943384 12.89873301894028 15.216048403382223 18.653788412539608 71.3544544049699 -2.0087049637399095 4.3630434387872556 6.1640135484102752 25.022450924812492 -2.1627233298177346 24.313679887017695 5.5633603495109094 1.4184827688459449 3.7609285410184086 -0.47658234440609804 3.1288863125216273 71.001212591807658 9.3843177200815155 -6.927835245011881 3.3213894754575928 9.2489692397598109 -11.950690873328499
decision_type=2 2 2 2 2 2 2 2 2 2 2 2 2 2 2 2 2 2 2 2 2 2 2 2 2 2 2 2 2 2
left_child=1 -1 3 -3 5 -2 17 -8 9 -9 13 12 -12 -10 -13 16 -16 24 19 23 -21 -20 -23 -19 25 -6 27 28 -27 -30
right_child=4 2 -4 -5 6 -7 7 8 10 -11 11 14 -14 -15 15 -17 -18 18 21 20 -22 22 -24 -25 -26 26 -28 -29 29 -31
leaf_value=-0.021307581875735969 0.031134131471297562 0.076647403686194895 -0.0058890469742766205 -0.021168478518167663 -0.00030139262425103643 -0.018795198842280619 0.023744526460634994 -0.034017630642918385 -0.024634772366103074 0.015978568826229691 -0.0048609513684551523 0.010558982325034381 -0.064979289906514984 0.006614481594990897 -0.00024938707538162092 0.0018672500357923116 -0.064746463090403383 -0.0070153907487752413 0.028016790900646519 0.018928361340924692 -0.031713250544352083 -0.045028920091124948 0.029078345948893518 -0.029654086356126728 -0.01011084900236861 0.0095956649945530877 0.014286835885871475 -0.035787226695636498 -0.0015132894544559402 -0.053820522593693784
leaf_weight=13.003912777610823 5.6244879182777359 1.304961787915089 11.48462312488118 0.43057882382709056 1225.2504375761055 2.125963332480751 10.378397410517207 6.8908727777306904 4.8208849590737364 3.0403997015673667 5.7992079071700555 23.441493690392235 3.1640109363943338 158.29989329836098 12.888128407765182 37.968133687973022 4.6532694967463604 18.821622532079346 8.5549367958446947 13.336346285374022 4.5344755828846237 3.5002809374127528 2.7797477701678872 22.606997361246613 45.463189838890685 44.299328810768202 46.193881700106431 5.4161341590806833 17.305652563460175 2.8904680544510475
leaf_count=5286 191 157 3022 137 77183 41 158 429 131 27 78 180 87 1917 104 278 100 3163 82 262 141 108 15 1728 2323 909 507 123 283 88
internal_value=1.73276e-11 -0.00967844 0.00176047 0.0523798 0.000145863 0.0174384 6.84943e-05 0.00283419 0.00200261 -0.0187116 0.00282209 -0.00250093 -0.0260827 0.00569094 0.000176279 -0.0042083 -0.0173588 -0.000445182 -0.00716132 -0.0116999 0.00607875 0.0109807 -0.0122266 -0.019369 -8.61615e-05 0.00025361 0.0061105 0.00070801 0.00377277 -0.0089995
internal_weight=1766.27 26.2241 13.2202 1.73554 1740.05 7.75045 1732.3 271.345 260.966 9.93127 251.035 87.9142 8.96322 163.121 78.951 55.5095 17.5414 1460.95 74.1344 59.2994 17.8708 14.835 6.28003 41.4286 1386.82 1341.36 116.105 69.9116 64.4954 20.1961
internal_count=99238 8602 3316 294 90636 232 90404 3489 3331 456 2875 827 165 2048 662 482 204 86915 5499 5294 403 205 123 4891 81416 79093 1910 1403 1280 371
is_linear=0
shrinkage=0.03


Tree=141
num_leaves=31
num_cat=0
split_feature=0 15 18 12 16 3 18 16 16 5 5 3 9 1 14 18 7 12 11 18 18 14 3 8 15 1 14 18 10 14
split_gain=2.99286 5.64158 4.73531 4.45243 4.15904 4.8055 3.41269 3.32272 3.2936 3.266 3.89329 5.87789 5.09569 4.60999 7.66322 5.10407 10.1401 16.6944 5.33365 4.49149 4.63669 5.31699 4.28266 3.83672 3.66695 3.64744 3.23328 4.18989 3.015 5.88482
threshold=3.4389079813604559 0.87170643246585888 73.876311300183588 0.30982144341595752 2.8719756832287633 10.458637278044117 21.622303992098171 1.8113408829560698 4.2906277802910422 -10.828878132793257 -7.7337718628003467 0.93788916873650552 6.76901777243613 10.668728378950433 536.99966135897159 62.912347645388806 6.1640135484102752 3.9543291698517464 1.243885662219973 40.963552088517879 37.085891372506829 18.23407757110558 -0.23304221328311889 5.7180142636106321 0.82177869296753514 8.7675114108531478 116.05531809121219 51.282727899993553 2.5156191142258009 191.15097208840359
decision_type=2 2 2 2 2 2 2 2 2 2 2 2 2 2 2 2 2 2 2 2 2 2 2 2 2 2 2 2 2 2
left_child=1 6 -3 -2 5 -4 7 -1 -8 -5 -11 12 19 28 15 26 17 -17 -19 20 21 -12 -21 -22 -20 -23 -15 -28 29 -13
right_child=3 2 4 9 -6 -7 8 -9 -10 10 11 13 -14 14 -16 16 -18 18 24 22 23 25 -24 -25 -26 -27 27 -29 -30 -31
leaf_value=0.0043620721164641576 0.021263801622145077 -0.014499715515513493 0.021798578426237104 -0.026133893082148703 0.034722384657436274 -0.051494258124508085 -0.00040584486791756593 0.031581104442713469 -0.04462961374901496 0.01970817766366682 0.022383550035509316 -0.034040722533101704 0.0076259472645162111 0.015514935441101135 -0.031184356449612489 -0.052624407557288366 0.01046381715273322 0.025559773323096242 -0.035566541362564381 -0.043579952629340883 0.025581467375160431 -0.039624990397924928 -0.0064674343536700735 -0.021081823934989165 0.0037279537847330698 0.010304667098182842 0.016072700037590305 -0.030360107122236541 0.0057885088727998918 0.030098995992310435
leaf_weight=14.273352234653432 10.93862039176747 41.56479138758732 1.7365131354163161 3.7190823087003073 3.5855540800257586 1.501070762547897 1329.6170427914476 5.6278863606275982 1.5173887573764648 10.983178843744097 2.2160140424966874 4.4215401964611365 11.98250035359524 21.135011132340882 7.9770381180569521 8.763172563165428 16.873839423060417 4.889389263931661 3.8281340242829156 7.5183084451127797 5.353744590887799 6.7410197280114499 4.4576484834833519 2.2532375566661358 4.8394348891451955 1.6364389453083275 3.3733090353198341 3.6323590680258349 217.6526597487391 1.816268326481804
leaf_count=298 54 4833 78 71 13 107 87600 22 111 104 53 304 172 159 100 199 96 21 72 406 124 441 152 109 48 19 33 72 3328 39
internal_value=2.48366e-10 -0.000632378 -0.0106973 0.00241133 0.0124658 -0.0121829 -0.000271897 0.0120594 -0.000456256 0.00183217 0.00212736 0.0015617 -0.00892557 0.0030394 -0.0033812 -8.73978e-05 -0.00708611 -0.0203537 0.000505968 -0.0154979 -0.00610937 -0.0189407 -0.0297661 0.0117595 -0.0136269 -0.0298718 0.00966031 -0.00800218 0.00519915 -0.0153651
internal_weight=1766.43 1399.42 48.3879 367.002 6.82314 3.23758 1351.04 19.9012 1331.13 356.063 352.344 341.361 42.1589 299.202 75.3117 67.3346 39.194 22.3201 13.557 30.1764 18.2005 10.5935 11.976 7.60698 8.66757 8.37746 28.1407 7.00567 223.89 6.23781
internal_count=99238 93062 5031 6176 198 185 88031 320 87711 6122 6051 5947 1476 4471 800 700 436 340 141 1304 746 513 558 233 120 460 264 105 3671 343
is_linear=0
shrinkage=0.03


Tree=142
num_leaves=31
num_cat=0
split_feature=0 13 17 8 17 3 2 7 12 4 15 15 15 15 2 5 6 12 2 3 8 13 14 12 13 12 14 8 15 13
split_gain=3.29524 4.26445 3.87012 6.1232 3.58402 4.85013 4.16493 6.49997 6.19339 3.94939 3.4459 3.41703 7.05003 3.36484 3.28326 3.2588 4.54316 2.86947 4.2579 6.13997 5.45748 5.10299 8.94316 6.83423 5.26426 5.39246 6.04971 6.00041 4.84365 7.03232
threshold=4.1019210902327474 0.81909875408891475 -12.393047150178258 5.7180142636106321 -51.640766791552799 -0.517126578946142 20.953804024279613 6.1640135484102752 0.84314338013588785 -4.2357058684293785 0.9352983113069091 0.617694612821445 0.50923187977326745 0.63496235767437759 12.89873301894028 -2.5086526227328814 16.875813560515052 2.1730361564966336 -6.1372487246435785 10.678780832318049 2.0389086135140282 0.72022641734131099 36.463497932976402 0.4025612777853283 0.74076199702232925 0.53797891433985423 73.420177201951915 4.8987304064603352 0.12599853515625004 1.2979300033407661
decision_type=2 2 2 2 2 2 2 2 2 2 2 2 2 2 2 2 2 2 2 2 2 2 2 2 2 2 2 2 2 2
left_child=10 2 3 -2 -3 9 8 -8 -7 -6 17 12 -10 -13 -14 -5 -17 18 19 20 -1 22 -22 -23 -25 -26 -27 -28 -29 -30
right_child=1 4 -4 15 5 6 7 -9 11 -11 -12 13 14 -15 -16 16 -18 -19 -20 -21 21 23 -24 24 25 26 27 28 29 -31
leaf_value=-0.033165134920329041 0.012520792845475923 0.012634996469239382 0.016515760590273456 0.0046415459536326194 -0.0061387135109680496 -0.036729811363093189 -0.038597707534860949 0.00051316506920248185 0.0053916427996812833 -0.038074678350791931 -0.02559353523272178 0.027413835490541449 -0.059677885702883071 0.0037087060930919968 -0.010668456342328332 -0.05577105209746306 -0.0028330500219967297 0.0033929070028285682 -0.0016830054273194225 -0.041166867379268973 -0.021859988717427364 -0.052193756725401982 0.015466002704815357 -0.040462729465899815 0.021801115603063984 0.0083120465710230657 -0.018017668052919003 -0.01722131862187137 0.012644725846632078 -0.025162806328010452
leaf_weight=3.5579429815261383 15.766323597257726 21.8974806193728 34.778997084824368 3.5575795017648488 11.703343351051446 3.5457043168134978 5.854589024558666 11.028365495614706 8.6343218055553717 4.9629777574446043 4.941002558785839 5.5789768360555163 2.9456813556607804 158.41062674424029 2.1125007113441825 3.2124910036218335 2.6730814017355442 152.78522058704402 1108.2875472398737 2.7884971918538204 6.4598538548452771 2.1331479919608674 54.661098995013162 2.585056800977326 12.153949453495441 53.378433710327954 22.100952463166323 9.9020356872351822 28.050339700595941 5.257694062893278
leaf_count=489 212 138 277 56 313 88 99 73 95 271 617 28 112 2279 30 139 36 4667 83434 78 309 113 1040 124 236 1504 1565 269 394 153
internal_value=6.58672e-11 0.00288397 0.0100283 0.00107827 0.00107313 -0.000105649 0.00120193 -0.0130495 0.00252958 -0.0156488 -0.000582398 0.00331302 -0.0110846 0.00451516 -0.0392096 -0.0180262 -0.0317279 -0.000497991 -0.000951331 0.00304271 0.00365836 0.00432449 0.011521 0.00107977 0.00193146 0.00276904 0.00082013 -0.00530298 0.00120029 0.00667678
internal_weight=1765.71 296.663 59.9885 25.2095 236.675 214.777 198.111 16.883 181.228 16.6663 1469.04 177.682 13.6925 163.99 5.05818 9.44315 5.88557 1464.1 1311.32 203.029 200.241 196.683 61.121 135.562 133.428 130.843 118.689 65.311 43.2101 33.308
internal_count=99238 4246 720 443 3526 3388 2804 172 2632 584 94992 2544 237 2307 142 231 175 94375 89708 6274 6196 5707 1349 4358 4245 4121 3885 2381 816 547
is_linear=0
shrinkage=0.03


Tree=143
num_leaves=31
num_cat=0
split_feature=17 9 3 3 11 14 8 11 12 12 6 5 11 10 9 3 12 14 9 17 8 14 12 12 13 11 1 2 16 10
split_gain=3.03422 4.1245 3.68791 3.94985 9.11142 8.12449 4.87995 6.54915 5.42492 4.21667 4.48359 3.48345 3.18827 3.10684 7.6971 5.23961 4.75972 4.66176 4.39131 4.17456 4.99659 3.76361 4.85131 5.01862 5.01571 4.76768 7.30465 6.53795 8.02949 6.05923
threshold=-44.058325472366484 1.7321174501770211 20.055109574488533 -1.9429432678963574 1.0266513175510197 419.67788282937505 4.6242722010550326 1.4384145483137067 3.0073417574568317 0.72242434013215451 -3.8192237260622699 10.048445791125017 1.5686583254973152 5.0939213037871935 8.4431389036551554 24.629592740344322 2.1730361564966336 4.9895715749455274 2.0295743562644266 -0.58614213700962969 0.84262705447784236 13.071684843588868 2.0681655535204566 0.37165945045402227 1.356835736008797 1.0519865222478268 -5.2011724225373808 0.28175574208328952 2.1602856384029905 4.9911287141495073
decision_type=2 2 2 2 2 2 2 2 2 2 2 2 2 2 2 2 2 2 2 2 2 2 2 2 2 2 2 2 2 2
left_child=2 -2 3 4 5 -1 9 8 -8 10 -5 -12 -6 14 16 -16 19 -18 -19 20 -3 -22 23 -23 -24 26 -25 28 -28 -29
right_child=1 13 -4 6 12 -7 7 -9 -10 -11 11 -13 -14 -15 15 -17 17 18 -20 -21 21 22 24 25 -26 -27 27 29 -30 -31
leaf_value=-0.026469872071374991 -0.015356043728527592 0.035535362275751964 -0.021647281516051928 0.015645324988230836 0.0098673656318537407 0.017586678829353997 -0.026060978253658395 0.020937650206394921 0.014355750344769118 0.023896580416396345 -0.030972437275912285 0.026632419993919368 -0.014915456663118824 0.0020183256549318753 -0.056974244567490201 -0.0046382141112822602 -0.047748539530143241 0.039523487486929923 0.0030432743797045294 -0.021695595591086633 0.0044064677461970337 -0.0099067064611539826 -0.045963502999627516 0.012464818822889244 -0.0049178718783300102 -0.004177635705011497 -0.0039730027491970462 0.0029479526593918352 -0.038644568064067901 -0.02886585279829483
leaf_weight=16.211215374729367 16.35086072806007 3.2638689692685139 4.7832079143263391 10.677681589033456 44.682214938598918 4.9076361439656457 9.5250406116829271 7.8281155913136891 4.3557250705780453 26.262923822621815 4.1689557134523048 1.2216384657658634 5.2174686361104241 416.53775960527128 3.6884081377647808 3.2286724988371134 1.6063377419486631 3.0112104934960362 215.74835396576964 9.3197628144189348 84.27374912169762 66.32245580808376 4.5905605239386187 42.387054608159815 6.4359922546718735 315.28534959385433 158.68452708786936 263.79165237272537 6.248214145685778 5.5003567271924103
leaf_count=867 6164 140 73 279 643 35 258 48 37 501 304 10 73 5373 101 36 118 213 5512 972 6105 6230 371 1301 235 24285 18087 20158 540 169
internal_value=1.17908e-10 -0.000364633 0.00424046 0.0051573 0.00028549 -0.0162319 0.01056 -0.00100419 -0.0133784 0.0164905 0.00438555 -0.0179178 0.00727609 -0.000212376 -0.000990977 -0.0325455 -0.000807015 0.00317152 0.00354542 -0.00171451 -0.00151988 -0.00164672 -0.00223358 -0.00197954 -0.0220059 -0.00131563 0.000577632 -0.000582742 -0.00528648 0.00229815
internal_weight=1766.12 1626.28 139.842 135.059 71.0185 21.1189 64.0401 21.7089 13.8808 42.3312 16.0683 5.39059 49.8997 1609.92 1193.39 6.91708 1186.47 220.366 218.76 966.104 956.784 953.52 869.246 858.22 11.0266 791.897 476.612 434.225 164.933 269.292
internal_count=99238 96110 3128 3055 1618 902 1437 343 295 1094 593 314 716 89946 84573 137 84436 5843 5725 78593 77621 77481 71376 70770 606 64540 40255 38954 18627 20327
is_linear=0
shrinkage=0.03


Tree=144
num_leaves=31
num_cat=0
split_feature=8 0 16 16 5 2 1 11 3 0 7 16 0 8 8 16 7 0 5 5 3 2 3 8 3 9 15 15 18 18
split_gain=3.04815 2.87775 5.44215 4.93577 4.84276 6.86222 6.37967 5.79964 8.7009 7.52199 5.55166 5.43679 8.14632 11.4447 7.29081 7.89074 6.02479 5.14904 9.32551 5.10774 7.27954 4.97248 6.02335 7.16633 5.88506 5.4792 4.92943 5.23331 4.73414 6.99826
threshold=11.343058566326439 0.34650918197530345 0.39018037417124135 1.854947896877134 -6.4625336478732107 -2.0559358728835293 -3.979371450893137 1.1195516395111793 11.794923407852322 7.3776006052357053 4.0985627745683599 1.7704397563265215 1.0832552625671674 6.2108119864383697 3.3789098730734946 1.0782592603143408 -2.5046070429164451 1.2809263576664927 8.4128421453145013 -2.0319356494458778 -3.130563671124214 11.484609426069495 10.458637278044117 4.0760487570852488 10.953362534944779 3.6616522142943384 0.64285762057831031 0.37797957656962416 60.070658686202016 54.365954524466467
decision_type=2 2 2 2 2 2 2 2 2 2 2 2 2 2 2 2 2 2 2 2 2 2 2 2 2 2 2 2 2 2
left_child=1 3 -3 -1 -4 -6 -7 11 10 17 26 12 14 21 15 -8 -13 18 -10 -18 -21 22 23 -14 -24 -26 27 -9 29 -22
right_child=-2 2 4 -5 5 6 7 8 9 -11 -12 16 13 -15 -16 -17 19 -19 -20 20 28 -23 24 -25 25 -27 -28 -29 -30 -31
leaf_value=-0.0013627540533787679 0.0055193926951463352 0.0052265353649378907 0.0092644364324463626 -0.028338008713326354 -0.012537059740356054 -0.053926816636534425 -0.015875500563101011 -0.0020083659050056414 0.03338310566917805 -0.030212746681751758 -0.051709580819371256 -0.018588055913610929 -0.0038893834337342323 -0.06354735588709888 0.019547783656162995 0.016098321344854151 0.028299375595149098 0.005723325197106729 -0.058240204049863666 -0.040606858127246633 0.0012422965022466036 -0.04250516205194544 0.038468914970206658 -0.028352118533713503 -0.030187230333063326 0.0099513706187382197 -0.0057800870087463098 -0.033997519899936282 0.00088299408518835735 0.016209425503228535
leaf_weight=804.17055580896704 85.6795123165939 202.37490633303241 43.683957940360415 6.1514223666017633 43.663839019784064 1.9825458347331721 17.244981907242622 7.1591310512303634 1.5099578788503993 6.1164435534737995 2.8773134496441335 9.3955868690100015 51.444976032580598 3.189872541697695 23.352286576715414 11.632261451508382 8.8274491245101654 88.371512874844484 2.9589946978958324 3.1020850319764568 49.0258025421208 3.1930385278537861 4.7975017878925454 13.634155167135757 3.9391907812823801 13.726335767656563 73.00101979545434 12.889644803493864 99.297030241956236 65.922322506579803
leaf_count=56940 778 13966 871 692 3031 105 2569 311 11 97 116 369 5082 117 450 934 193 1173 143 208 2023 109 68 786 342 171 3784 1048 1683 1068
internal_value=1.13236e-10 -0.000281716 0.000918224 -0.00156753 -0.000391045 -0.00106889 -0.000203431 -1.8715e-05 -0.00422955 0.00201157 -0.0106678 0.00213107 -0.00241433 -0.0076959 0.00708359 -0.00299588 0.00495116 0.00413455 -0.0272828 0.00592901 0.00502045 -0.00573239 -0.00439113 -0.00901436 0.00900312 0.00100097 -0.00939869 -0.0225747 0.00568109 0.00982589
internal_weight=1764.32 1678.64 868.314 810.322 665.939 622.255 578.591 576.609 194.884 98.9569 95.9271 381.725 146.155 93.9251 52.2295 28.8772 235.57 92.8405 4.46895 226.175 217.347 90.7352 87.5422 65.0791 22.463 17.6655 93.0498 20.0488 214.245 114.948
internal_count=99238 98460 40828 57632 26862 25991 22960 22855 6683 1424 5259 16172 10628 6675 3953 3503 5544 1327 154 5175 4982 6558 6449 5868 581 513 5143 1359 4774 3091
is_linear=0
shrinkage=0.03


Tree=145
num_leaves=31
num_cat=0
split_feature=17 9 0 10 15 12 8 6 1 1 13 8 8 15 6 10 8 10 12 16 3 16 15 10 17 4 3 12 4 9
split_gain=2.85579 3.90587 3.66136 5.20635 4.78488 4.16213 5.43097 4.78941 4.06566 4.02763 5.59277 4.7446 7.03632 3.66289 4.49552 4.37855 3.43243 3.18183 3.17788 3.62785 4.15721 3.09465 3.96153 2.70251 5.08588 3.42355 7.58909 3.35252 6.38796 3.71879
threshold=-44.058325472366484 1.7321174501770211 0.68183884562303454 5.2862133222760006 0.64749388668236763 2.0174339484476449 11.343058566326439 6.6173709218417409 4.9489676335200086 -1.8610784771147524 2.0225170520343876 6.3319890495139708 3.4938538161517241 0.82843763103970058 -19.084800283809027 3.4755090435737417 3.4556861532349132 3.5894187917199871 1.1747069481346071 -0.20966865023564468 5.3751406224181411 3.5854798046640979 0.51851816966540809 6.0589170291175574 -2.1627233298177346 -11.697739966357739 -11.51710616623892 2.1186790818300998 46.6562282122933 2.0295743562644266
decision_type=2 2 2 2 2 2 2 2 2 2 2 2 2 2 2 2 2 2 2 2 2 2 2 2 2 2 2 2 2 2
left_child=2 -2 4 5 8 13 7 -7 9 10 11 12 16 -4 -15 -16 17 -1 19 -11 -21 22 -5 27 25 26 -25 -3 29 -29
right_child=1 23 3 21 -6 6 -8 -9 -10 18 -12 -13 -14 14 15 -17 -18 -19 -20 20 -22 -23 -24 24 -26 -27 -28 28 -30 -31
leaf_value=0.011235936906486124 -0.015040194279596778 -0.0013159399507915168 0.02088769619751317 -0.00011361097612865975 -0.042892986650341101 -0.039961158074334147 0.024052527495310019 0.0062012210859727487 -0.03689181148530675 0.019435455472453091 0.017365507375978039 0.007290823418120717 -0.038226932209274214 0.020153373981847179 0.013268904955324318 -0.04135489616864655 0.038371171373378046 -0.029266761073792107 -0.019683509290499772 -0.040662130249538166 0.024248442366661821 0.0052208698046719093 -0.04887055058697979 0.0071553237869611116 -0.026158456121529814 0.0054331983024793456 -0.045689063839169181 0.033907970855936019 -0.045443324003559389 0.0024582729077047703
leaf_weight=3.3651339819189214 16.134086747115362 1173.744277845246 37.199464463890763 3.0156024890020472 2.3679521341109639 4.1711216685362142 4.3283163029700509 3.9273260545451194 2.5071888475213191 20.038972772395944 7.9380124546587458 8.3609654768370074 9.273489856743252 5.537605918943882 2.2858821755362424 3.1279444398824126 1.6465161475352941 3.627187974343542 2.7418131630402049 2.0940866046439619 1.5418091799365354 6.7776432242244482 2.9837509226053953 6.6593512529507279 5.0875477925874284 153.49537922954187 3.8656794382259232 3.4285108766052863 2.4865176668390623 259.79836204269668
leaf_count=245 6164 81639 566 35 171 104 14 37 84 497 45 91 337 29 84 119 7 171 94 247 27 49 75 60 104 1539 102 241 32 6229
internal_value=9.39598e-11 -0.000352929 0.00412944 0.0087328 -0.0010257 0.0124034 -0.00307576 -0.0175748 0.000544574 0.00209271 -0.0047019 -0.0113692 -0.0200791 0.0163982 0.00114841 -0.0182911 -0.000598096 -0.00977438 0.0108922 0.0144332 -0.0131367 -0.00866987 -0.0243627 -0.000205615 0.00338198 0.00429825 -0.0122536 -0.000627086 0.00241581 0.0028679
internal_weight=1763.56 1624.7 138.858 73.3547 65.5031 60.5777 12.4268 8.09845 63.1352 60.628 34.2113 26.2733 17.9123 48.1509 10.9514 5.41383 8.63884 6.99232 26.4167 23.6749 3.6359 12.777 5.99935 1608.57 169.108 164.02 10.525 1439.46 265.713 263.227
internal_count=99238 96110 3128 1112 2016 953 155 141 1845 1761 896 851 760 798 232 203 423 416 865 771 274 159 110 89946 1805 1701 162 88141 6502 6470
is_linear=0
shrinkage=0.03


Tree=146
num_leaves=31
num_cat=0
split_feature=17 9 1 11 1 3 12 15 3 15 12 17 10 11 15 15 7 13 4 2 17 13 15 12 15 0 1 1 10 4
split_gain=3.49392 3.70546 3.36292 7.81685 4.68319 4.66487 4.10286 10.8549 4.37393 4.04029 3.98277 3.80236 3.77617 3.21513 3.90535 5.92013 8.13323 7.30136 7.15795 4.88814 5.08351 3.52758 3.31232 3.26218 3.05246 9.10135 4.61011 2.77312 2.75844 2.73873
threshold=-44.058325472366484 1.7321174501770211 -1.8610784771147524 0.8948003615004011 -3.2324619597131061 13.214507313405889 1.7443246058426569 0.73969472092074739 -14.636261045844348 0.76923011660109963 0.72242434013215451 -51.640766791552799 3.5502320520986737 0.66322991322388536 0.11436592811913723 0.44722040702988491 2.0353691580135007 1.0545705554030247 -3.0485944307961748 1.0967515612533065 -27.727723695970777 0.75047270996708304 0.81159500413792074 0.66779070728763423 0.35897443063024131 -3.389535497145638 -5.8918489897903035 6.8486357055448037 3.6304981716147884 4.4495456325914793
decision_type=2 2 2 2 2 2 2 2 2 2 2 2 2 2 2 2 2 2 2 2 2 2 2 2 2 2 2 2 2 2
left_child=2 -2 3 5 24 -1 9 8 -8 10 12 -11 -4 14 -3 16 19 -18 -17 20 -16 22 -20 -24 25 -5 -26 29 -14 -12
right_child=1 13 6 4 -6 -7 7 -9 -10 11 27 -13 28 -15 15 18 17 -19 21 -21 -22 -23 23 -25 26 -27 -28 -29 -30 -31
leaf_value=-0.041534826292519582 -0.0148172385051025 0.023075478609340554 -0.035348666158265894 0.0099076432783563751 -0.029754864537560686 0.031901268122135937 -0.00020220793362705621 0.010777943865490438 -0.056784413739122158 0.006414938626709746 0.015438164577403903 -0.026970037825851882 0.036992966530637675 -0.0005640650644337051 -0.035870630397367091 -0.026917178812557133 -0.038746528378564175 0.034894055033172625 0.0200321074752846 -0.033764752105857949 0.014250694171361973 -0.014382305100480693 -0.044551587013047435 0.022381960266588886 -0.0094139036439298447 -0.038452691121432278 0.024582710299180497 -0.0068581509500124874 0.0039261264073776388 0.032649267248582609
leaf_weight=5.8705525501718503 15.865919798212415 9.9696792328468273 1.9532613088813402 13.95352603367064 3.5656777335389043 0.89753150008618821 1.7894039368256933 12.557915305253117 3.9301368040614779 11.651088301558046 18.468510790989967 4.1690548404294523 2.6276310016401139 1525.1491427193905 2.0352113502158309 4.1614094538235795 8.8497112346230988 1.403988670092075 32.206124264601385 2.7497913532424709 17.320655788542361 3.4599380649160585 1.4759464005037437 1.1786750832688992 4.973990224942102 4.67618705343921 12.901030442590125 3.0113619850017121 16.705391612893436 15.144215218140742
leaf_count=396 6164 225 331 143 192 6 14 108 133 147 481 203 22 86356 177 431 492 7 790 288 812 192 128 48 81 200 123 57 386 105
internal_value=1.79364e-10 -0.0003901 0.00456789 -0.00197581 0.00306101 -0.0317963 0.00789909 -0.00482473 -0.0390822 0.0110533 0.0147238 -0.00238295 0.00440406 -0.000247922 0.00543723 0.00308763 -0.00657997 -0.0286633 0.0104516 0.00366336 0.00898059 0.0145097 0.0173772 -0.0148325 0.00626637 -0.00223114 0.0151226 0.0207217 0.00842038 0.0231926
internal_weight=1764.67 1625.83 138.846 46.8385 40.0704 6.76808 92.008 18.2775 5.71954 73.7305 57.9104 15.8201 21.2863 1609.96 84.8111 74.8415 32.3594 10.2537 42.4821 22.1057 19.3559 38.3207 34.8607 2.65462 36.5047 18.6297 17.875 36.6241 19.333 33.6127
internal_count=99238 96110 3128 1141 739 402 1987 255 147 1732 1382 350 739 89946 3590 3365 1776 499 1589 1277 989 1158 966 176 547 343 204 643 408 586
is_linear=0
shrinkage=0.03


Tree=147
num_leaves=31
num_cat=0
split_feature=17 9 11 0 5 15 17 4 8 5 2 0 16 16 12 12 15 16 6 16 8 8 4 0 7 0 16 7 13 0
split_gain=3.40058 3.56401 3.17578 3.54991 5.82002 4.08713 9.28374 5.73441 5.04763 4.43428 5.63337 3.11108 4.71839 5.11415 7.51402 4.63124 5.9943 4.35263 4.70245 3.85047 3.61699 3.74154 4.04642 3.54484 3.38918 3.22121 4.6093 4.7367 4.11788 5.60636
threshold=-44.058325472366484 1.7321174501770211 0.66322991322388536 -3.389535497145638 -6.286164810743327 0.44722040702988491 -7.7457644850820104 -3.0485944307961748 4.6656422437523828 -4.1427723089219652 -1.7284448750541468 0.68183884562303454 -0.17049549422479257 1.5139129391460993 0.92726135714451496 0.7386320203946446 0.24291515983476034 -0.20966865023564468 -4.0162107032124821 1.1981142323022083 4.6242722010550326 13.811529858943468 -13.616096860590236 5.0426882192907216 0.26718197458189824 1.0000000180025095e-35 -0.49133310230059718 -1.4281323864165805 0.93043643206743742 -3.389535497145638
decision_type=2 2 2 2 2 2 2 2 2 2 2 2 2 2 2 2 2 2 2 2 2 2 2 2 2 2 2 2 2 2
left_child=11 -2 3 -3 -5 6 8 -7 9 -6 -11 17 24 14 15 16 -14 25 -19 -20 -15 22 -22 -24 -13 26 27 28 -1 -30
right_child=1 2 -4 4 5 7 -8 -9 -10 10 -12 12 13 20 -16 -17 -18 18 19 -21 21 -23 23 -25 -26 -27 -28 -29 29 -31
leaf_value=0.020974091652315605 -0.014632970073451426 0.023734692861328732 -0.00055695148063899234 -0.043489570075338713 0.029128892404990409 -0.025194291525570064 -0.042059234323834259 0.014585636063466131 -0.063114977206184891 -0.026806865060821881 0.0088621501312004802 0.0071494161748215978 0.044147901136511652 0.019134172694293284 -0.042174316190622618 0.025953618647725978 -0.040429074359907384 -0.039504723113777333 -0.017992531747344911 0.039982827495008151 0.012421252517847019 0.025550748666778946 -0.037089318157907489 -0.0028904254243857066 0.043907293647995498 -0.032632395685860426 0.027098967367030102 -0.014105128089346502 0.0098850678156313983 -0.023115974805092365
leaf_weight=12.14317439298611 15.644200730064766 8.5686304785776866 1526.1308375617446 2.3135217418021048 5.8201715893374084 3.5729083201440508 4.7152798785246004 37.406688428338384 0.98617601115256448 5.4107372932048774 15.123285892652346 3.8431449415802472 1.0203732640948131 22.555775743472623 4.5110378518875214 4.6389949444564991 2.8909721112140687 4.8862988885230152 2.8317410241870657 1.6213540350436231 9.3974649813026208 5.3020103704184285 3.9605774774681803 8.7638521224725974 5.4718071481911466 2.1994028200861058 7.0043974993750444 13.334527401995727 14.076911620795721 6.9059948350768599
leaf_count=254 6164 68 86356 134 149 401 496 1145 38 386 773 96 8 198 197 75 184 389 188 20 69 16 122 106 41 131 145 538 126 225
internal_value=3.41615e-11 -0.00038298 -0.000244518 0.00543743 0.00335667 0.00484061 -0.00318348 0.0111173 0.00352126 0.00601479 -0.000536674 0.00453267 0.00881203 0.00586721 -0.0108475 0.00568009 -0.018365 -0.000230699 -0.0191828 0.00311606 0.0102353 0.00291615 -0.00250874 -0.0135351 0.0287418 0.00294909 0.00441282 0.000992653 0.00707009 -0.000976394
internal_weight=1763.05 1625.69 1610.05 83.9174 75.3488 73.0352 32.0557 40.9796 27.3404 26.3542 20.534 137.36 72.356 63.0411 13.0614 8.55034 3.91135 65.0038 9.33939 4.4531 49.9797 27.4239 22.1219 12.7244 9.31495 55.6644 53.465 46.4606 33.1261 20.9829
internal_count=99238 96110 89946 3590 3522 3388 1842 1546 1346 1308 1159 3128 1112 975 464 267 192 2016 597 208 511 313 297 228 137 1419 1288 1143 605 351
is_linear=0
shrinkage=0.03


Tree=148
num_leaves=31
num_cat=0
split_feature=17 9 1 13 11 13 12 9 11 2 4 6 8 12 12 15 15 9 11 11 2 4 2 14 2 1 11 9 10 14
split_gain=3.70147 3.34961 3.27155 9.33479 3.19295 4.69792 4.48835 8.24045 5.42165 4.85638 5.29501 4.33872 4.76223 4.4102 3.72822 3.46892 4.23435 3.75765 3.1663 3.36432 7.09107 6.21315 5.21009 5.15212 4.3668 3.92286 3.61639 3.26251 3.02313 2.78963
threshold=-44.058325472366484 1.7321174501770211 -6.0962069837679307 1.8195251606297111 1.2663851707449572 0.98961791433095903 1.7443246058426569 5.8290862474013334 1.1757145685263464 -1.1111146004245451 0.094171742097926017 10.184224523321914 4.5048177395749311 1.2528976408840291 2.0174339484476449 0.60426169572290767 0.4430371434112354 4.8882481146799597 0.66322991322388536 0.63582205801862279 -0.62705065710754726 -6.5732879262706758 -2.1589250180303106 59.826887068735196 -6.1372487246435785 1.1380095253415214 0.62824937171646511 4.5684130187541827 2.6301138977025595 173.31466442252454
decision_type=2 2 2 2 2 2 2 2 2 2 2 2 2 2 2 2 2 2 2 2 2 2 2 2 2 2 2 2 2 2
left_child=2 -2 3 -1 6 -6 8 14 9 10 15 12 -11 -14 -8 16 17 28 19 20 22 -21 24 25 -3 -22 27 -25 -4 -10
right_child=1 18 4 -5 5 -7 7 -9 29 11 -12 -13 13 -15 -16 -17 -18 -19 -20 21 23 -23 -24 26 -26 -27 -28 -29 -30 -31
leaf_value=-0.026454904216152517 -0.014316666950108735 0.013354163241518967 0.031913544596601472 0.015967666262942534 0.036306782721555401 0.0088276730757265928 -0.010597573848409127 0.016613382348580369 -0.055514845429529301 0.012736349236124782 -0.032180268212324004 0.028282800536718632 -0.04843636330391838 0.0060704950266572697 -0.066732042011868928 -0.028974429874548211 0.025887735908794677 0.019134048625098737 -0.00057590204946286251 -0.040423031428128406 -0.021500133860071602 0.016713133619660443 0.021563628466338542 -0.035213362673259252 -0.017428069103452976 0.024446524123496127 0.019631779238645414 0.021790194621188232 -0.027822060915845659 -0.00085631231295977953
leaf_weight=10.116238364396851 15.414011620283416 8.1188424914143997 0.89422338330769857 8.6683255434036237 6.8165032931137821 31.360442410077667 1.7365683810494363 3.4550715330988169 1.9025993130344425 25.909639327466724 4.6429410860291673 12.525372839008922 2.4094920773059121 2.9985833978280425 2.7528657406801358 2.5783186780899987 7.1768765391607294 3.7629553782753646 1527.2357462517975 1.820941785757898 2.6756338700943187 28.869221751301666 16.147262938407948 10.422158310728259 8.4797249707335123 4.460239807551261 1.4760275122243918 0.98941293545067388 5.1757896994095063 1.5052396585233507
leaf_count=275 6164 83 117 52 30 385 50 19 112 819 233 95 104 45 111 145 90 27 86356 227 233 942 468 889 516 119 104 9 388 31
internal_value=1.5382e-10 -0.00039816 0.00474713 -0.00687858 0.00660408 0.0137341 0.003177 -0.0182148 0.00555448 0.00740305 -0.00337525 0.01336 0.00739167 -0.0182143 -0.0450185 0.00345234 0.00836753 -0.0044201 -0.000264963 0.00542496 0.000831485 0.0133231 0.00943108 -0.0132321 -0.00237158 0.00721858 -0.0245556 -0.030271 -0.0190219 -0.0313722
internal_weight=1762.5 1626.11 136.388 18.7846 117.603 38.1769 79.4265 7.94451 71.482 68.0742 24.2311 43.8431 31.3177 5.40808 4.48943 19.5882 17.0098 9.83297 1610.7 83.4595 52.7693 30.6902 32.7458 20.0235 16.5986 7.13587 12.8876 11.4116 6.07001 3.40784
internal_count=99238 96110 3128 327 2801 415 2386 180 2206 2063 1000 1063 968 149 161 767 622 532 89946 3590 2421 1169 1067 1354 599 352 1002 898 505 143
is_linear=0
shrinkage=0.03


Tree=149
num_leaves=31
num_cat=0
split_feature=17 3 6 12 7 14 7 7 8 8 6 12 6 17 14 8 15 13 15 11 11 3 14 5 5 17 5 12 5 6
split_gain=4.07331 3.32754 4.31895 3.68009 3.34418 4.26787 4.02167 2.95287 2.92189 5.90831 4.77186 5.49247 5.08106 4.88254 7.32512 6.65507 4.65322 7.11369 6.91624 5.73579 7.13945 5.64314 7.63768 5.29299 7.62187 11.1473 9.86881 9.11479 7.01322 6.57695
threshold=-44.058325472366484 20.055109574488533 6.6173709218417409 0.76752648726524808 0.60578383669909208 65.192305245847791 0.50146105786400563 5.0781632702433974 3.576451304230337 3.7358486750855029 1.2201493529668368 3.1804438441311573 1.5289266850263397 -23.282286262682344 164.82227718084772 0.99967427572609735 0.4055504035098893 0.35259194622396189 0.33667756287126593 0.65712571098354255 0.82965804416607447 -4.0680806417541229 111.80819719506546 5.4335244456576666 3.9017145850668062 -18.294549674460335 3.2824890442643944 1.2744652703069503 -1.4806357749098675 9.1886069063852016
decision_type=2 2 2 2 2 2 2 2 2 2 2 2 2 2 2 2 2 2 2 2 2 2 2 2 2 2 2 2 2 2
left_child=1 2 4 7 6 -6 -1 -4 10 -10 11 13 -12 14 -2 -16 17 -11 19 -19 21 22 -21 24 26 29 27 28 -18 -26
right_child=8 -3 3 -5 5 -7 -8 -9 9 16 12 -13 -14 -15 15 -17 23 18 -20 20 -22 -23 -24 -25 25 -27 -28 -29 -30 -31
leaf_value=0.0040685553315736754 0.0018648566641863175 -0.020539393052306613 -0.028574336023344048 0.023200185934466273 0.012476314444926329 -0.02574350833903271 0.04226427018461551 0.017465198886086001 0.0093116375913065083 -0.036374376714963394 0.019192810989934656 0.026683560231992649 -0.00070330605735155526 -0.010408017353779041 0.088198100778751565 -0.029620814646058993 -0.0058008535700160525 0.020977281305176475 0.011181403077416189 -0.03674347274587899 0.0014615373852715319 -0.029022117364858421 0.015544669367315696 0.00041643475655533301 -0.018481841877061291 -0.034286517308456964 0.014256770951918914 0.0017846880572106366 -0.024273055272966772 0.025971789211249249
leaf_weight=93.954242713065469 81.438575629559637 4.4512270595878354 2.517301932617559 19.306441012304276 4.0936737124575284 7.3519318958278745 2.5482495075557372 2.4979364685714245 65.096193242090521 4.227151737897656 11.910445073845038 4.6240155108389436 383.94889411636541 118.07980805625266 0.45059892292192572 10.171555887347493 45.211834227127838 12.405064206948735 72.111980728339404 3.6137196600175256 303.01337310267991 12.903034581177051 8.2631218398455513 334.71582756028511 6.2299326554057206 18.370786283077905 24.678270159172826 67.17940284901124 31.306648787736776 5.769284748705104
leaf_count=2290 9641 73 133 142 93 335 38 24 2636 162 1153 200 32578 22196 30 1665 2059 126 1396 161 9021 628 137 5420 318 1048 603 2727 2158 47
internal_value=7.08049e-11 0.00497328 0.00583185 0.0172525 0.00325867 -0.0120737 0.00507715 -0.00564346 -0.000418247 0.000568178 -0.00205807 -0.00565861 -0.00010468 -0.00637028 -0.00119135 -0.0246229 -3.09442e-05 0.00234513 0.0027421 0.000953219 0.000195425 -0.0152869 -0.000364837 -0.00188623 -0.00576424 -0.0195974 -0.00326916 -0.00627901 -0.0133585 0.00289169
internal_weight=1762.44 136.721 132.27 24.3217 107.948 11.4456 96.5025 5.01524 1625.72 1015.1 610.624 214.765 395.859 210.141 92.0607 10.6222 949.999 416.537 412.31 340.198 327.793 24.7799 11.8768 533.462 198.746 30.37 168.376 143.698 76.5185 11.9992
internal_count=99238 3128 3055 299 2756 428 2328 157 96110 28647 67463 33732 33731 33532 11336 1695 26011 11631 11469 10073 9947 926 298 14380 8960 1413 7547 6944 4217 365
is_linear=0
shrinkage=0.03


end of trees

feature_importances:
atr_20d=354
dist_52w_high=334
adv_20d_cr=289
vol_surge_t=273
stock_vs_sector=273
range_position=272
true_range_pct=263
atr_5d=260
ret_1d=257
rsi_prev=225
ret_10d=213
vol_accel_feat=213
dist_sma50_feat=211
compression_ratio=209
ret_3d=198
ret_5d=181
dist_sma20_feat=168
sma20_trend=158
ret_20d=149

parameters:
[boosting: gbdt]
[objective: lambdarank]
[metric: ndcg]
[tree_learner: serial]
[device_type: cpu]
[data_sample_strategy: bagging]
[data: ]
[valid: ]
[num_iterations: 150]
[learning_rate: 0.03]
[num_leaves: 31]
[num_threads: 6]
[seed: 42]
[deterministic: 0]
[force_col_wise: 0]
[force_row_wise: 0]
[histogram_pool_size: -1]
[max_depth: -1]
[min_data_in_leaf: 50]
[min_sum_hessian_in_leaf: 0.001]
[bagging_fraction: 0.8]
[pos_bagging_fraction: 1]
[neg_bagging_fraction: 1]
[bagging_freq: 0]
[bagging_seed: 400]
[bagging_by_query: 0]
[feature_fraction: 0.8]
[feature_fraction_bynode: 1]
[feature_fraction_seed: 30056]
[extra_trees: 0]
[extra_seed: 12879]
[early_stopping_round: 0]
[early_stopping_min_delta: 0]
[first_metric_only: 0]
[max_delta_step: 0]
[lambda_l1: 0]
[lambda_l2: 0]
[linear_lambda: 0]
[min_gain_to_split: 0]
[drop_rate: 0.1]
[max_drop: 50]
[skip_drop: 0.5]
[xgboost_dart_mode: 0]
[uniform_drop: 0]
[drop_seed: 17869]
[top_rate: 0.2]
[other_rate: 0.1]
[min_data_per_group: 100]
[max_cat_threshold: 32]
[cat_l2: 10]
[cat_smooth: 10]
[max_cat_to_onehot: 4]
[top_k: 20]
[monotone_constraints: ]
[monotone_constraints_method: basic]
[monotone_penalty: 0]
[feature_contri: ]
[forcedsplits_filename: ]
[refit_decay_rate: 0.9]
[cegb_tradeoff: 1]
[cegb_penalty_split: 0]
[cegb_penalty_feature_lazy: ]
[cegb_penalty_feature_coupled: ]
[path_smooth: 0]
[interaction_constraints: ]
[verbosity: 1]
[saved_feature_importance_type: 0]
[use_quantized_grad: 0]
[num_grad_quant_bins: 4]
[quant_train_renew_leaf: 0]
[stochastic_rounding: 1]
[linear_tree: 0]
[max_bin: 255]
[max_bin_by_feature: ]
[min_data_in_bin: 3]
[bin_construct_sample_cnt: 200000]
[data_random_seed: 175]
[is_enable_sparse: 1]
[enable_bundle: 1]
[use_missing: 1]
[zero_as_missing: 0]
[feature_pre_filter: 1]
[pre_partition: 0]
[two_round: 0]
[header: 0]
[label_column: ]
[weight_column: ]
[group_column: ]
[ignore_column: ]
[categorical_feature: ]
[forcedbins_filename: ]
[precise_float_parser: 0]
[parser_config_file: ]
[objective_seed: 16083]
[num_class: 1]
[is_unbalance: 0]
[scale_pos_weight: 1]
[sigmoid: 1]
[boost_from_average: 1]
[reg_sqrt: 0]
[alpha: 0.9]
[fair_c: 1]
[poisson_max_delta_step: 0.7]
[tweedie_variance_power: 1.5]
[lambdarank_truncation_level: 30]
[lambdarank_norm: 1]
[label_gain: ]
[lambdarank_position_bias_regularization: 0]
[eval_at: 1,3,5]
[multi_error_top_k: 1]
[auc_mu_weights: ]
[num_machines: 1]
[local_listen_port: 12400]
[time_out: 120]
[machine_list_filename: ]
[machines: ]
[gpu_platform_id: -1]
[gpu_device_id: -1]
[gpu_device_id_list: ]
[gpu_use_dp: 0]
[num_gpu: 1]

end of parameters

pandas_categorical:[]
