tree
version=v4
num_class=1
num_tree_per_iteration=1
label_index=0
max_feature_idx=18
objective=huber
feature_names=ret_1d ret_3d ret_5d ret_10d ret_20d dist_sma20_feat dist_sma50_feat sma20_trend true_range_pct atr_5d atr_20d compression_ratio vol_surge_t vol_accel_feat adv_20d_cr range_position stock_vs_sector dist_52w_high rsi_prev
feature_infos=[-74.613166909377554:28.691355995629259] [-74.969778780079935:58.224646717096284] [-75.299835180512019:64.915536203126962] [-75.782651548032405:118.29779267462199] [-78.595747414402268:119.09346250730141] [-73.388046646855301:77.5727396709445] [-73.683026974682136:88.728723762513866] [-35.402816260418092:24.676369870433135] [0:27.933851678272088] [0:15.302477638056619] [1.0931229463902636:10.388414644247224] [0:2.6473529317882116] [0:17.204831382082379] [0.06108995552189081:3.7153713626857918] [0.27045906250000001:3952.3753735037512] [0:1] [-72.751910192878697:26.321513490897448] [-86.735000588667816:0] [8.1330582185739928:96.590875288292978]
tree_sizes=2843 3009 2992 3018 3009 3014 2997 3014 3010 3033 3004 2990 3019 3016 2994 3012 3025 2999 3020 3011 3001 3039 3028 3008 3019 3010 3032 3026 3012 3022 3000 2996 3023 2992 3024 3047 3034 3019 3017 3032 2998 2986 3014 3008 2956 3029 3052 2999 3016 3021 2996 3040 2994 3026 3038 3030 3025 3022 3002 3019 2969 3027 2992 3007 2965 2992 2970 3023 3032 3050 3021 3007 2994 3004 2994 3024 3033 3020 3021 2998 2996 3005 3011 3019 3001 3012 3001 3035 3012 2983 2979 2974 2989 3012 2997 2937 3014 2990 2996 2939 3009 3007 2971 2992 2982 2995 2935 2936 2975 3002 2981 2941 3012 2945 2946 2999 3002 2916 2945 2983 2992 2964 2950 3018 2975 2930 2903 3018 3013 2969 2921 3003 3001 2950 2957 3007 2993 2944 2990 2965 2914 2940 2961 2943 2922 2936 2955 3014 2921 2962

Tree=0
num_leaves=31
num_cat=0
split_feature=0 8 16 18 0 16 0 17 1 0 16 15 8 12 17 6 8 2 16 6 11 14 7 7 7 15 15 16 0 17
split_gain=57.6111 33.9279 31.3544 29.3537 27.1482 39.0407 27.0855 23.2478 19.4938 17.4385 16.6204 15.1243 14.346 13.6105 13.2993 11.3375 11.2029 11.1344 10.4742 13.8125 10.3394 9.83544 9.19405 8.89173 8.5765 8.46761 8.43031 8.16064 17.8865 8.16741
threshold=-5.231183314645901 3.576451304230337 -3.5373262929677258 37.338104560298135 -0.5152624269931646 -0.36688908640818069 1.4451634066349575 -19.776567892540559 -6.0962069837679307 4.6684942264196714 0.58113094309636992 0.88863331402236889 8.3825030702243719 0.70616051658936341 -30.890602197217792 1.7807442079320037 2.0038211369701879 -3.4076734665187733 0.80703059329665205 9.4535626040454943 1.2898986862960953 146.64320481119384 9.6283230085399545 -2.5046070429164451 -2.1871365414509012 0.57958174317711142 0.10714157120985951 -1.0000000180025095e-35 -2.7203481394753983 -49.07469848051128
decision_type=2 2 2 2 2 2 2 2 2 2 2 2 2 2 2 2 2 2 2 2 2 2 2 2 2 2 2 2 2 2
left_child=2 4 12 20 7 -6 10 16 21 18 13 22 -1 14 -7 -4 17 -2 19 -8 23 -5 -10 -3 -25 27 -14 29 -29 -18
right_child=1 3 15 8 5 6 9 -9 11 -11 -12 -13 26 -15 -16 -17 25 -19 -20 -21 -22 -23 -24 24 -26 -27 -28 28 -30 -31
leaf_value=0.11590680895736118 0.10892059304452645 0.12177732033594423 0.13278593822497833 0.11981410509349157 0.11941005892207722 0.11349635995478952 0.12129796885707339 0.117393303050405 0.11803489627284923 0.13030802731517538 0.11597670945809595 0.12051110729302521 0.11776557994920744 0.11854547888596283 0.1171899761454835 0.12301843407646683 0.11118270789330414 0.11455340112685655 0.11801389232346389 0.11559069180557138 0.1235175065441335 0.12496157258846238 0.11217811313286315 0.11277632066489318 0.11946060237912839 0.12043374815893976 0.12834636387705511 0.13014718078448712 0.11220839222787053 0.11661510213075224
leaf_weight=338 394 1347 379 837 12532 989 2217 15488 21248 120 9557 2334 101 7026 7771 149 265 1592 5304 461 1242 556 244 216 863 371 206 53 891 4147
leaf_count=338 394 1347 379 837 12532 989 2217 15488 21248 120 9557 2334 101 7026 7771 149 265 1592 5304 461 1242 556 244 216 863 371 206 53 891 4147
internal_value=0.117999 0.11792 0.124609 0.118784 0.11756 0.117982 0.117447 0.116723 0.118419 0.118957 0.116964 0.118217 0.120171 0.117562 0.116773 0.13003 0.115377 0.113436 0.118786 0.120315 0.121291 0.121869 0.117968 0.120152 0.118123 0.116051 0.124865 0.115747 0.113216 0.116289
internal_weight=99238 98065 1173 28887 69178 45977 33445 23201 25219 8102 25343 23826 645 15786 8760 528 7713 1986 7982 2678 3668 1393 21492 2426 1079 5727 307 5356 944 4412
internal_count=99238 98065 1173 28887 69178 45977 33445 23201 25219 8102 25343 23826 645 15786 8760 528 7713 1986 7982 2678 3668 1393 21492 2426 1079 5727 307 5356 944 4412
is_linear=0
shrinkage=1


Tree=1
num_leaves=31
num_cat=0
split_feature=0 3 9 0 17 15 12 15 15 11 3 17 8 3 12 11 7 10 12 12 7 6 6 2 11 6 6 18 2 12
split_gain=56.8293 33.4609 31.3362 28.6537 23.6471 17.9644 16.9924 16.8127 15.0219 14.3124 14.3773 12.555 12.3242 12.2891 9.99094 9.96831 9.56109 9.49339 9.01071 8.78583 8.31209 8.32085 8.67418 7.6389 10.9519 10.3848 7.57303 7.80495 7.50486 8.48098
threshold=-5.231183314645901 -8.8307100176081548 3.3665163191589906 1.3615121066006166 -20.118828515048254 0.38195268770500806 2.294650494883764 0.3480234086968465 0.96105965272177774 1.1165380034985051 7.0207362328512994 -51.640766791552799 3.8078240160900854 -2.201883536686005 1.0440219745159462 1.4384145483137067 9.6283230085399545 3.1997715097163817 0.93309955698510105 1.6888148325301844 -1.0539820388625274 0.4095447040984786 -0.39782313846501921 1.0000000180025095e-35 0.89075037314062089 2.172603273480274 -8.6369466929298753 38.278896135258059 -8.377688175513347 0.93831138863109331
decision_type=2 2 2 2 2 2 2 2 2 2 2 2 2 2 2 2 2 2 2 2 2 2 2 2 2 2 2 2 2 2
left_child=6 2 28 4 7 12 13 11 16 18 -11 -3 -4 -1 23 -12 26 -10 -6 -19 -20 22 -22 25 -25 -13 27 -5 29 -2
right_child=1 3 5 8 9 -7 -8 -9 17 10 15 14 -14 -15 -16 -17 -18 19 20 -21 21 -23 -24 24 -26 -27 -28 -29 -30 -31
leaf_value=0.01038831134433291 -0.014965364567415658 -0.0077517650508545062 -0.0022586747432608951 0.0035290678021109865 -0.0018801530816024976 0.0047916636907605614 -8.5974183715775273e-05 -0.001662068501670527 -0.0062893029078841204 0.00015999815970320184 -0.0033030576309279001 -0.0049132947404524445 0.002551415848865141 0.0026021057724952695 -0.0014254947696597429 0.00060877415725141206 -0.009428074647568993 0.011489873641941147 -0.0028110806769078428 0.00046008345315751338 0.00019651245273209089 -0.0010397881095249939 0.0049069952266505863 -0.00024002313841981022 -0.0040793687389612584 -0.00083754486321128659 -0.00059916449001712248 -0.0040503573546076801 -0.0016573319163908458 -0.002338834572583437
leaf_weight=542 86 559 801 727 28942 1739 356 10082 50 9114 2165 4228 1194 275 2358 804 108 197 1601 97 1877 5994 433 1197 1515 649 19827 147 1466 108
leaf_count=542 86 559 801 727 28942 1739 356 10082 50 9114 2165 4228 1194 275 2358 804 108 197 1601 97 1877 5994 433 1197 1515 649 19827 147 1466 108
internal_value=-0.00118011 -0.00125863 0.00103831 -0.00139233 -0.00167922 0.00256291 0.005384 -0.00253721 -0.00042235 -0.00133238 -0.000430642 -0.00337703 0.000620146 0.0077675 -0.00313118 -0.00224374 -0.00052514 0.00579555 -0.00161286 0.00785079 -0.000831847 -0.000450254 0.00107947 -0.00366116 -0.00238479 -0.00437092 -0.000478692 0.00225427 -0.00239112 -0.00793616
internal_weight=99238 98065 5394 92671 71518 3734 1173 20588 21153 50930 12083 10506 1995 817 9947 2969 20809 344 38847 294 9905 8304 2310 7589 2712 4877 20701 874 1660 194
internal_count=99238 98065 5394 92671 71518 3734 1173 20588 21153 50930 12083 10506 1995 817 9947 2969 20809 344 38847 294 9905 8304 2310 7589 2712 4877 20701 874 1660 194
is_linear=0
shrinkage=0.03


Tree=2
num_leaves=31
num_cat=0
split_feature=0 3 16 0 16 0 11 0 16 15 16 17 8 6 11 8 2 6 3 15 2 10 17 8 2 16 2 11 15 11
split_gain=55.9971 32.7769 30.8388 27.9059 26.2608 41.1964 23.9206 22.309 17.1482 19.9082 15.6254 15.3759 14.1987 14.188 12.5281 11.264 11.7352 11.2114 10.7642 10.4742 12.2588 10.2731 10.2266 10.1445 10.1264 10.6877 9.56563 8.89522 9.77821 8.83191
threshold=-5.231183314645901 -8.8307100176081548 -3.5373262929677258 1.3615121066006166 -1.0000000180025095e-35 -3.0517693073183372 1.0291303700508412 -0.49730636990654503 0.50102589751302407 0.96105965272177774 -0.9979280286639346 -20.118828515048254 8.3825030702243719 10.184224523321914 0.96688247940317329 3.576451304230337 -1.54456391609023 1.7807442079320037 -6.0401242612263752 0.38195268770500806 0.12573332902707793 3.9414058872571895 -19.944445028727724 2.1196645575032629 -0.084390130814077077 2.5111757616569252 -8.0526308544424818 0.70574989097083962 0.20595877939343024 1.5206558573594704
decision_type=2 2 2 2 2 2 2 2 2 2 2 2 2 2 2 2 2 2 2 2 2 2 2 2 2 2 2 2 2 2
left_child=2 6 12 4 7 14 15 11 13 -10 18 23 -1 29 -6 26 27 -4 -9 20 -8 -11 24 -3 25 -7 -2 -17 -29 -5
right_child=1 3 17 8 5 22 19 10 9 21 -12 -13 -14 -15 -16 16 -18 -19 -20 -21 -22 -23 -24 -25 -26 -27 -28 28 -30 -31
leaf_value=-0.0032909268865770982 -0.0097690795552975752 -0.0049255300086722322 0.013469488028938192 0.002011016559497173 6.9336612917939006e-05 -0.0047306539124699655 0.0016800741977852443 0.006092891375518451 -0.00096155931341783288 -0.0011521421503275632 -0.00093362427842753101 -0.0013246885168583578 0.0056215408073089024 -0.0022869330021349013 0.013240343324304437 -0.0095229863296262922 0.0091505132084274843 0.0037564544254701407 0.00065525427670046449 0.0046885572208009013 -0.011724993991374503 0.010270093596976147 -0.0021546360052893307 -0.0023196293266916457 -0.0023360630855671421 0.0067026053480803956 -0.0019662704678464413 -0.0026738329650726408 0.0045938209503747886 0.011599596578920825
leaf_weight=338 158 1742 379 3023 98 3899 1510 354 16958 105 13823 19380 307 760 193 80 149 149 4401 1420 64 218 17947 5892 3714 75 1346 324 343 89
leaf_count=338 158 1742 379 3023 98 3899 1510 354 16958 105 13823 19380 307 760 193 80 149 149 4401 1420 64 218 17947 5892 3714 75 1346 324 343 89
internal_value=-0.00116368 -0.00124162 0.0053522 -0.00137394 -0.00165707 -0.0024194 0.00103172 -0.00122357 -0.000416708 -0.00082103 -0.000423341 -0.00177389 0.000951131 0.00138781 0.00880475 -0.00119965 0.00146311 0.0107285 0.00106008 0.0028204 0.00113501 0.00655698 -0.00254681 -0.00291427 -0.00346231 -0.00451488 -0.00278598 -7.02546e-05 0.00106351 0.00228524
internal_weight=99238 98065 1173 92671 71518 25926 5394 45592 21153 17281 18578 27014 645 3872 291 2400 896 528 4755 2994 1574 323 25635 7634 7688 3974 1504 747 667 3112
internal_count=99238 98065 1173 92671 71518 25926 5394 45592 21153 17281 18578 27014 645 3872 291 2400 896 528 4755 2994 1574 323 25635 7634 7688 3974 1504 747 667 3112
is_linear=0
shrinkage=0.03


Tree=3
num_leaves=31
num_cat=0
split_feature=0 3 9 16 0 16 0 0 15 16 15 6 7 6 15 16 10 9 18 0 16 11 0 16 1 14 11 16 16 3
split_gain=55.2478 32.0393 30.4793 30.4454 27.1434 25.5057 37.1358 29.7509 17.4186 16.7194 19.7387 13.8591 11.9395 11.1051 10.6558 10.4055 10.1955 9.86901 9.56378 12.5248 9.03645 8.69287 8.15936 9.76347 9.03373 8.01356 7.8692 8.88368 7.78807 12.1413
threshold=-5.231183314645901 -8.8307100176081548 3.3665163191589906 -3.5373262929677258 1.3615121066006166 -0.35432406745127348 -3.0517693073183372 -0.49730636990654503 0.38195268770500806 0.50102589751302407 0.96105965272177774 10.184224523321914 -0.58750418249366432 1.7807442079320037 0.10460245703410839 -1.4401160897772962 3.9414058872571895 3.4062557191557481 49.620205955730952 -3.5218086645601172 0.59915555626214634 1.5206558573594704 3.146731484279083 1.692728419262522 8.2958090140567116 21.396375515525516 0.96265481191990376 -1.0000000180025095e-35 -1.1407275452921521 -6.2906858732824249
decision_type=2 2 2 2 2 2 2 2 2 2 2 2 2 2 2 2 2 2 2 2 2 2 2 2 2 2 2 2 2 2
left_child=3 2 -2 14 5 7 26 15 -4 11 22 21 -8 -5 -1 -3 -12 -16 19 -17 -14 -6 23 -11 -24 -22 -7 -28 29 -9
right_child=1 4 8 13 9 6 12 28 -10 10 16 -13 20 -15 17 18 -18 -19 -20 -21 25 -23 24 -25 -26 -27 27 -29 -30 -31
leaf_value=-0.0041584928094958642 -0.0023594343238045584 -0.0010277236494425077 0.0006133680233777381 0.013394583284677962 0.001985132811842922 0.00086870735484949303 -0.0031518626563628539 0.0075654286633653096 0.0047210264684700671 -0.00070916167433356342 -0.0011442417124552385 -0.0022616834022919649 -0.0015251227097128281 0.003727713744312325 -0.0084896986430291737 0.0051632956972088211 0.010234760706774343 0.0056110627339221531 -0.0016441837690050786 -0.0036156479427120842 -0.0051032829660366315 0.01149793718428759 0.00050157756516680746 -0.0025629869886526963 -0.0022302158989256238 -0.0023793301097783399 0.001633981681344184 0.013135384925052408 -0.00037773680233730862 0.00079317416563770462
leaf_weight=234 1660 11069 1995 379 3023 142 10699 256 1739 6316 105 760 15755 149 51 151 218 360 7914 4661 1124 89 4949 4296 1397 7188 88 193 8841 3437
leaf_count=234 1660 11069 1995 379 3023 142 10699 256 1739 6316 105 760 15755 149 51 151 218 360 7914 4661 1124 89 4949 4296 1397 7188 88 193 8841 3437
internal_value=-0.00114742 -0.00122484 0.00102278 0.00532472 -0.00135566 -0.00163489 -0.00221054 -0.00107731 0.00252639 -0.000411593 -0.000810829 0.00137022 -0.00231803 0.0106666 0.000951815 -0.00170039 0.0065357 0.00386133 -0.00228547 -0.00334017 -0.00194736 0.00225719 -0.000950758 -0.00145964 -9.97958e-05 -0.00274768 0.00662477 0.00953352 0.000105578 0.00126263
internal_weight=99238 98065 5394 1173 92671 71518 35189 36329 3734 21153 17281 3872 34766 528 645 23795 323 411 12726 4812 24067 3112 16958 10612 6346 8312 423 281 12534 3693
internal_count=99238 98065 5394 1173 92671 71518 35189 36329 3734 21153 17281 3872 34766 528 645 23795 323 411 12726 4812 24067 3112 16958 10612 6346 8312 423 281 12534 3693
is_linear=0
shrinkage=0.03


Tree=4
num_leaves=31
num_cat=0
split_feature=0 3 16 9 0 16 0 0 15 16 15 8 6 8 7 8 0 10 6 8 10 15 6 12 16 12 11 15 11 16
split_gain=54.436 31.3913 30.088 29.8668 26.4135 24.6322 36.1172 30.4402 17.1272 14.3115 18.7296 13.9633 13.615 12.0691 11.2039 11.0411 11.1371 13.7591 10.9955 10.9794 10.5388 9.57928 10.1847 8.88954 8.54166 9.65973 8.53822 8.25421 7.74305 8.74511
threshold=-5.231183314645901 -8.8307100176081548 -3.5373262929677258 3.3665163191589906 1.5033796568553977 -0.35432406745127348 -3.0517693073183372 -0.49730636990654503 0.38195268770500806 0.50102589751302407 0.96105965272177774 8.3825030702243719 10.184224523321914 3.8078240160900854 -0.58750418249366432 2.3121540394185414 -1.378399270088895 3.1222571623563184 1.7807442079320037 3.576451304230337 3.9414058872571895 0.30960561175096385 -6.587959742541412 0.30188179533413634 0.59915555626214634 0.56060055812503395 1.5206558573594704 0.10714157120985951 0.96265481191990376 -1.0000000180025095e-35
decision_type=2 2 2 2 2 2 2 2 2 2 2 2 2 2 2 2 2 2 2 2 2 2 2 2 2 2 2 2 2 2
left_child=2 3 11 -2 5 7 28 15 13 12 -11 -1 26 -5 19 16 17 -3 -4 -8 -12 22 -17 -19 25 -16 -6 -13 -7 -30
right_child=1 4 18 8 9 6 14 -9 -10 10 20 27 -14 -15 24 21 -18 23 -20 -21 -22 -23 -24 -25 -26 -27 -28 -29 29 -31
leaf_value=-0.0032605988868462618 -0.0023312313182064959 -0.0033008543335277018 0.013318244755448709 -0.0022405664758470734 0.002176002743364457 0.00086154967861276275 -0.0033854014357637117 0.0001378631090426758 0.0046814568452286688 -0.00085785260663191905 -0.0014069377539607767 -0.0014475788574407596 -0.0024152717872711945 0.0025194854911208507 -0.0024846635210462624 -0.0037306028412532688 -0.0021653766842585887 -0.022200523732602596 0.0036991931138022631 -0.00051693842270571883 0.010199549393386605 -7.1261542687763374e-05 -0.0013550793537692027 -0.0084968220079220669 -0.0026312430947989527 -0.00094448274059238675 0.012385957481364082 0.0090221114514522169 0.0016189416603777896 0.013030295643540475
leaf_weight=338 1660 797 379 801 2453 142 9834 12747 1739 15791 104 101 640 1194 5624 1896 5088 50 149 1368 218 4340 11336 288 9077 10521 76 206 88 193
leaf_count=338 1660 797 379 801 2453 142 9834 12747 1739 15791 104 101 640 1194 5624 1896 5088 50 149 1368 218 4340 11336 288 9077 10521 76 206 88 193
internal_value=-0.0011311 -0.00120794 0.00529332 0.00101683 -0.00133744 -0.00159705 -0.00214438 -0.00104514 0.00250526 -0.000349335 -0.000711796 0.00094615 0.00149362 0.000608307 -0.0022456 -0.00167888 -0.0027648 -0.00545189 0.0106038 -0.0030351 0.00645087 -0.00129431 -0.00169547 -0.010524 -0.00189495 -0.00148099 0.00248283 0.00557769 0.00657129 0.00945663
internal_weight=99238 98065 1173 5394 92671 73389 36847 36542 3734 19282 16113 645 3169 1995 36424 23795 6223 1135 528 11202 322 17572 13232 338 25222 16145 2529 307 423 281
internal_count=99238 98065 1173 5394 92671 73389 36847 36542 3734 19282 16113 645 3169 1995 36424 23795 6223 1135 528 11202 322 17572 13232 338 25222 16145 2529 307 423 281
is_linear=0
shrinkage=0.03


Tree=5
num_leaves=31
num_cat=0
split_feature=3 11 12 16 1 4 11 15 17 3 5 6 12 3 4 6 1 4 11 13 4 15 7 16 15 2 15 12 3 14
split_gain=49.5828 26.7699 23.8243 16.9631 21.5986 13.2182 11.5386 11.0862 10.6245 9.57098 9.34019 10.3889 9.51899 9.23774 10.6658 8.85926 8.70016 8.6947 9.30477 7.58628 7.78506 7.50092 9.64132 8.4219 10.7194 9.47181 7.4648 7.30221 6.76971 9.05093
threshold=-8.8307100176081548 0.86637818400732824 0.92122241073102229 -2.3025744277261415 0.44247871633141816 -4.8445869045655057 1.1136400145835028 0.19588795595887573 -23.497598420981845 20.055109574488533 -5.713273024996699 1.0555982320409221 0.72638408908869079 -14.636261045844348 -15.280559898866306 -14.869054759517267 -5.6916707712982841 -7.9795633715126533 1.691350157225324 0.95925643546436234 17.762051688656559 0.9352983113069091 5.3003887123473161 0.58113094309636992 0.3200002659390348 20.953804024279613 0.39786276383361935 0.44308313216911765 3.8102467370135455 292.30198140812655
decision_type=2 2 2 2 2 2 2 2 2 2 2 2 2 2 2 2 2 2 2 2 2 2 2 2 2 2 2 2 2 2
left_child=1 -1 3 -2 6 7 10 -6 -8 -7 12 27 15 -3 -15 -5 17 -4 28 20 -10 23 -23 24 -18 -25 -16 -12 29 -19
right_child=2 13 16 4 5 9 8 -9 19 -11 11 -13 -14 14 26 -17 21 18 -20 -21 -22 22 -24 25 -26 -27 -28 -29 -30 -31
leaf_value=-0.0024363208072828153 0.00065350121269975995 0.0051878730976670194 -0.0021676251245196908 -0.0086849997200838785 -0.0070527302023579022 -0.00069061748983095339 -0.0035683294232664291 -0.0021134986875990724 0.0019139647670056057 -0.0060388360252859544 -0.0044509128816892446 -0.0020442946226050134 0.0042451402052782125 -0.0012291788670865276 0.0014547325792978964 -0.000339922003666047 -0.0011733608745196399 0.0021862894967388065 0.01481884414036023 -0.0012348961645379246 -0.0095981447777964846 0.0012587522575449837 0.014239812950004956 -0.001287613151721537 0.00024211728316741329 -0.0080108642174389344 0.0045275664539938722 -0.0028376198921584357 -0.0041128641986618126 0.011744318987325867
leaf_weight=1202 2698 971 400 136 476 18994 1152 2905 1364 306 3453 12025 344 775 1717 724 9136 761 57 2739 55 640 56 14941 10181 191 1215 9396 127 101
leaf_count=1202 2698 971 400 136 476 18994 1152 2905 1364 306 3453 12025 344 775 1717 724 9136 761 57 2739 55 640 56 14941 10181 191 1215 9396 127 101
internal_value=-0.001115 0.00155699 -0.00128329 -0.00166805 -0.0017839 -0.00107854 -0.00229359 -0.00280888 -0.0010189 -0.000775413 -0.00255314 -0.00267805 2.74624e-05 0.00258307 0.00190077 -0.00165961 -0.000686367 0.00159421 0.00303278 -0.000312561 0.00146776 -0.000780199 0.00230321 -0.000842496 -0.000427335 -0.00137248 0.00272809 -0.00327117 0.0023535 0.0033062
internal_weight=99238 5880 93358 56767 54069 22681 31388 3381 5310 19300 26078 24874 1204 4678 3707 860 36591 1446 1046 4158 1419 35145 696 34449 19317 15132 2932 12849 989 862
internal_count=99238 5880 93358 56767 54069 22681 31388 3381 5310 19300 26078 24874 1204 4678 3707 860 36591 1446 1046 4158 1419 35145 696 34449 19317 15132 2932 12849 989 862
is_linear=0
shrinkage=0.03


Tree=6
num_leaves=31
num_cat=0
split_feature=0 3 16 0 16 0 0 15 16 15 17 16 7 15 3 12 1 0 17 2 16 7 14 13 12 17 1 12 3 12
split_gain=53.3422 30.0097 29.704 25.4802 24.1119 38.8641 21.0573 17.9992 15.8747 19.2986 14.681 14.508 11.2566 10.4435 10.2509 10.1221 11.6654 9.86645 9.73777 9.79112 10.3957 9.58333 8.79195 8.65985 8.61144 11.9715 8.65805 8.49584 8.46718 8.35879
threshold=-5.231183314645901 -8.8307100176081548 -3.5373262929677258 1.3615121066006166 -1.0000000180025095e-35 -3.0517693073183372 -0.49730636990654503 0.50404860586349931 0.50102589751302407 0.96105965272177774 -20.118828515048254 -0.9979280286639346 2.6417104128604767 0.10460245703410839 -6.0401242612263752 1.6888148325301844 4.8382553901968786 1.2035479688553423 -19.944445028727724 -0.084390130814077077 2.5111757616569252 0.10328635263455734 325.98162554704203 0.69893154610613339 0.69430962062172619 -17.725803935253222 1.3356667224283749 0.4025612777853283 -1.3329987286974263 0.50734627251452358
decision_type=2 2 2 2 2 2 2 2 2 2 2 2 2 2 2 2 2 2 2 2 2 2 2 2 2 2 2 2 2 2
left_child=2 7 13 4 6 23 10 17 12 -10 29 14 -5 -1 -8 16 -11 24 19 20 -7 -4 -15 -6 25 -2 -26 -20 -25 -3
right_child=1 3 21 8 5 18 11 -9 9 15 -12 -13 -14 22 -16 -17 -18 -19 27 -21 -22 -23 -24 28 26 -27 -28 -29 -30 -31
leaf_value=-0.0041187482714079892 -0.004349627366072987 -0.0046473545234387761 0.014239849116043138 0.0020369884115786739 -0.0013477770827950968 -0.004568408693881176 0.0059605601543888161 0.0035452017106956351 -0.00091517853284553495 0.0024643101653718689 -0.0012533649637309291 -0.00087188303339380687 -0.002451449734319914 0.0020244283073539422 0.00065415860192583183 -0.00055951037850135411 0.016840187749137047 0.0070355584818521293 -0.0037398580264851886 -0.0022131570390820708 0.0067076028242707255 0.0061256250672629756 0.014538174069533914 0.015890553370650325 0.0010733872870597907 0.0016976681506453916 -0.0078794618804172104 -0.00179325273556473 0.0040560713636406346 -0.0022712570159452677
leaf_weight=234 913 1720 287 3278 62 3899 354 1708 16958 91 19380 13823 594 352 4401 117 115 163 2317 3714 75 241 59 140 2073 435 102 15630 89 5914
leaf_count=234 913 1720 287 3278 62 3899 354 1708 16958 91 19380 13823 594 352 4401 117 115 163 2317 3714 75 241 59 140 2073 435 102 15630 89 5914
internal_value=-0.0010998 -0.00117587 0.00525974 -0.00130248 -0.00157302 -0.0023035 -0.00115764 0.000999389 -0.000387798 -0.000776818 -0.0016923 -0.000380183 0.00134842 0.000940409 0.00104921 0.00648734 0.0104897 -0.000180277 -0.00242725 -0.00332061 -0.0043556 0.0105362 0.00382081 0.0085983 -0.000514135 -0.00239816 0.00065353 -0.00204456 0.0112911 -0.00280661
internal_weight=99238 98065 1173 92671 71518 25926 45592 5394 21153 17281 27014 18578 3872 645 4755 323 206 3686 25635 7688 3974 528 411 291 3523 1348 2175 17947 229 7634
internal_count=99238 98065 1173 92671 71518 25926 45592 5394 21153 17281 27014 18578 3872 645 4755 323 206 3686 25635 7688 3974 528 411 291 3523 1348 2175 17947 229 7634
is_linear=0
shrinkage=0.03


Tree=7
num_leaves=31
num_cat=0
split_feature=0 3 9 0 17 15 12 15 3 15 11 3 17 8 1 12 10 11 1 12 2 11 1 17 15 5 2 12 8 2
split_gain=52.559 29.3231 29.1098 24.8058 20.8241 17.0414 16.5359 16.4953 13.526 13.4716 13.2226 14.9307 13.0478 11.8311 10.9284 9.97802 9.27454 8.99419 8.86367 10.9862 9.64643 8.7917 8.38998 8.45156 8.01692 7.58378 7.56778 8.40079 7.39011 7.17075
threshold=-5.231183314645901 -8.8307100176081548 3.3665163191589906 1.5033796568553977 -20.118828515048254 0.3480234086968465 2.8681418094803672 0.38195268770500806 -2.201883536686005 0.96105965272177774 1.0979839830588694 7.9442621551811818 -51.640766791552799 3.8078240160900854 7.9672298202314149 1.0440219745159462 3.7614263421292935 1.4384145483137067 0.44247871633141816 0.93831138863109331 -5.9764974451857622 1.057828162404409 -3.8952207259439926 -51.640766791552799 0.084336937786305202 5.9942864035632839 -8.377688175513347 0.93831138863109331 4.8509222948214861 1.0000000180025095e-35
decision_type=2 2 2 2 2 2 2 2 2 2 2 2 2 2 2 2 2 2 2 2 2 2 2 2 2 2 2 2 2 2
left_child=6 2 26 4 5 12 8 13 28 14 18 -12 -3 -4 -5 29 -11 -13 19 20 -6 -20 23 -15 -24 -17 27 -2 -1 -14
right_child=1 3 7 9 10 -7 -8 -9 -10 16 11 17 15 22 -16 25 -18 -19 21 -21 -22 -23 24 -25 -26 -27 -28 -29 -30 -31
leaf_value=-0.00097135561395366235 -0.014879374303096948 -0.0076330560172313084 -0.002222723035291814 -0.0001711570661515936 0.00083055723700354884 -0.0014825966177269187 -0.0013652867659012665 0.0045952300161671948 0.0019526748705741971 -0.0024511132838125243 9.6449546646967192e-05 -0.00338215163896286 -0.0041526051029884842 -0.0071592825568384593 -0.0024079132972563153 -0.00082174785575136967 0.0086148904271483896 0.00046237761554948517 -0.00074737554001164715 -0.00065600181633262316 -0.0023915788670445799 -0.0033954608225587675 -0.012012539622015678 0.0051379628810772739 0.00060238987791462473 -0.0081177130622381802 -0.0015783860282016357 -0.0023126761454881893 0.010754596157140679 -0.0022293162720714399
leaf_weight=53 86 562 801 16712 880 10617 265 1739 301 94 10789 2060 4885 54 2228 2242 248 746 14583 5143 16809 1223 52 734 354 136 1466 108 554 2714
leaf_count=53 86 562 801 16712 880 10617 265 1739 301 94 10789 2060 4885 54 2228 2242 248 746 14583 5143 16809 1223 52 734 354 136 1466 108 554 2714
internal_value=-0.00108461 -0.00116012 0.00099011 -0.00128528 -0.00153687 -0.00233091 0.00522806 0.00245955 0.00715233 -0.000327721 -0.00121525 -0.00041057 -0.0031855 0.000597923 -0.000434277 -0.00293497 0.00557336 -0.00236005 -0.00149839 -0.00187644 -0.00223128 -0.000952273 0.00249017 0.00429526 -0.00101332 -0.00123901 -0.00231525 -0.00788348 0.00973075 -0.0034657
internal_weight=99238 98065 5394 92671 73389 21156 1173 3734 908 19282 52233 13595 10539 1995 18940 9977 342 2806 38638 22832 17689 15806 1194 788 406 2378 1660 194 607 7599
internal_count=99238 98065 5394 92671 73389 21156 1173 3734 908 19282 52233 13595 10539 1995 18940 9977 342 2806 38638 22832 17689 15806 1194 788 406 2378 1660 194 607 7599
is_linear=0
shrinkage=0.03


Tree=8
num_leaves=31
num_cat=0
split_feature=3 9 12 16 1 8 6 8 15 11 6 4 1 15 10 3 1 4 11 3 1 15 7 7 15 10 16 15 2 7
split_gain=46.743 34.4892 22.2444 16.3884 20.3133 19.1184 14.4439 14.3089 16.86 14.0516 13.8867 12.8301 11.0467 10.7635 10.3124 9.01912 8.35136 8.56262 9.13476 7.93693 8.97818 10.1889 8.66002 7.38837 7.26138 10.5053 8.28134 10.386 9.42155 7.10404
threshold=-8.8307100176081548 3.1054595106588794 0.92122241073102229 -2.3025744277261415 0.44247871633141816 3.6202354382575677 1.0555982320409221 3.576451304230337 0.38582543036709172 0.71329231115407132 25.82587110735837 -4.8445869045655057 -7.6980212725611166 0.19588795595887573 6.9048077284979366 -6.838412312167141 -5.6916707712982841 -7.9795633715126533 1.691350157225324 -14.636261045844348 4.8382553901968786 0.13538108533102278 -1.4281323864165805 1.0374913745443639 0.9352983113069091 2.4347774809300904 0.58113094309636992 0.30960561175096385 20.953804024279613 5.3003887123473161
decision_type=2 2 2 2 2 2 2 2 2 2 2 2 2 2 2 2 2 2 2 2 2 2 2 2 2 2 2 2 2 2
left_child=1 12 3 -2 5 6 15 8 -3 -9 -7 13 -1 -6 -13 -5 17 -4 -19 -11 21 22 -21 -17 26 -26 27 -18 -28 -27
right_child=2 7 16 4 11 10 -8 9 -10 19 -12 14 -14 -15 -16 23 24 18 -20 20 -22 -23 -24 -25 25 29 28 -29 -30 -31
leaf_value=-0.012936945527791977 0.00067718327922862366 -0.0024186856339934262 -0.0021548917707055809 -0.00073513963862562135 -0.0069209002773913345 -0.00014771427302194711 -0.0017589437341047598 -0.0083295042260929392 0.0036822989254433193 0.0069186653390668493 -0.0086876252954930389 -0.00067768049571434127 -0.0020411759362637194 -0.0020540966807063923 -0.0089983698874711981 -0.0032054967681037169 -0.0011520611629019406 0.0023328152257352085 0.014683760471249882 -0.0039075192926711893 -0.0077777529224043792 0.0048824444998498383 0.0043265270423144099 -0.00606377471408754 -0.005630351594608651 0.0029003742904277776 -0.0012502593825974189 0.00024376882541524204 -0.0079556488173560327 0.014150392936010446
leaf_weight=90 2698 854 400 1258 476 4601 12060 81 780 782 178 19165 1205 2905 135 12420 8877 989 57 254 63 1561 210 871 124 516 14941 10440 191 56
leaf_count=90 2698 854 400 1258 476 4601 12060 81 780 782 178 19165 1205 2905 135 12420 8877 989 57 254 63 1561 210 871 124 516 14941 10440 191 56
internal_value=-0.00106952 0.00152482 -0.00123292 -0.00160471 -0.00171857 -0.00221287 -0.00252664 0.00274589 0.000493657 0.00399297 -0.000465794 -0.00103452 -0.00279841 -0.00273928 -0.000735882 -0.00316301 -0.000656132 0.00157827 0.00300586 0.00434075 0.00337527 0.00372225 -0.000180903 -0.00339281 -0.000748064 0.00228571 -0.000809357 -0.000397676 -0.0013349 0.00400177
internal_weight=99238 5880 93358 56767 54069 31388 26609 4585 1634 2951 4779 22681 1295 3381 19300 14549 36591 1446 1046 2870 2088 2025 464 13291 35145 696 34449 19317 15132 572
internal_count=99238 5880 93358 56767 54069 31388 26609 4585 1634 2951 4779 22681 1295 3381 19300 14549 36591 1446 1046 2870 2088 2025 464 13291 35145 696 34449 19317 15132 572
is_linear=0
shrinkage=0.03


Tree=9
num_leaves=31
num_cat=0
split_feature=0 16 3 9 0 16 0 0 15 8 16 15 6 8 6 10 8 0 10 15 6 6 8 2 10 16 12 1 0 16
split_gain=51.4547 29.2353 28.096 28.1276 23.8722 23.0973 34.5496 29.3208 15.994 13.7913 13.445 18.1031 13.1824 11.4268 10.7886 10.3534 9.97803 11.0703 13.6578 9.19773 9.81024 9.17398 10.9709 10.8578 9.11631 9.02898 8.91735 8.68258 9.84373 9.07078
threshold=-5.231183314645901 -3.5373262929677258 -8.8307100176081548 3.3665163191589906 1.5033796568553977 -0.35432406745127348 -3.0517693073183372 -0.49730636990654503 0.38195268770500806 8.3825030702243719 0.50102589751302407 0.96105965272177774 10.184224523321914 3.8078240160900854 1.7807442079320037 3.9414058872571895 2.3121540394185414 -1.378399270088895 3.1222571623563184 0.30960561175096385 -6.587959742541412 -0.62841740216535202 3.576451304230337 -0.12185400576666393 3.0486207121232121 0.77165217354732762 0.30188179533413634 7.9672298202314149 3.146731484279083 1.4805451163043413
decision_type=2 2 2 2 2 2 2 2 2 2 2 2 2 2 2 2 2 2 2 2 2 2 2 2 2 2 2 2 2 2
left_child=1 9 3 -2 5 7 -7 16 13 -1 12 27 -6 -5 -3 -13 17 18 -4 20 -18 22 23 -8 25 -23 -20 28 29 -12
right_child=2 14 4 8 10 6 21 -9 -10 -11 11 15 -14 -15 -16 -17 19 -19 26 -21 -22 24 -24 -25 -26 -27 -28 -29 -30 -31
leaf_value=-0.00327435301090508 -0.0022735459563316754 0.013115010088344047 -0.0031542908447330705 -0.0021851410496236986 0.0024473135144459468 0.0064959175292904486 -0.0037935968935282069 0.00019697428703186647 0.0045229792180695545 0.0055093269502738016 -0.00011756710819702567 -0.0014101717826158096 -0.0023723264040709179 0.002446515194911699 0.0035868590965166987 0.010093746639002081 -0.0036109228202737161 -0.0020207482254769051 -0.022045574733987452 -2.2021384774020566e-05 -0.0012794802559047442 -0.00075535539896292398 -0.00041292723407939898 -0.0019604959464368274 -0.002439736109100189 -0.0025691523895133147 -0.0083204538979528772 -0.0026178677512422397 0.00055886841394229159 -0.0020349740193997593
leaf_weight=338 1660 379 797 801 2529 423 7184 12747 1739 307 4227 104 640 1194 149 218 1896 5088 50 4340 11336 9459 1607 4886 9945 3343 288 2071 4815 4678
leaf_count=338 1660 379 797 801 2529 423 7184 12747 1739 307 4227 104 640 1194 149 218 1896 5088 50 4340 11336 9459 1607 4886 9945 3343 288 2071 4815 4678
internal_value=-0.00105448 0.00519153 -0.00112919 0.000975568 -0.0012517 -0.00149851 -0.00202852 -0.000964078 0.00242001 0.000906406 -0.000312336 -0.000663653 0.00147396 0.000586888 0.0104262 0.0063782 -0.00158605 -0.00261837 -0.00529739 -0.00122047 -0.00161355 -0.00212751 -0.00274152 -0.00305155 -0.00175833 -0.00122899 -0.0103508 -0.000807246 -0.000533937 -0.00112482
internal_weight=99238 1173 98065 5394 92671 73389 36847 36542 3734 645 19282 16113 3169 1995 528 322 23795 6223 1135 17572 13232 36424 13677 12070 22747 12802 338 15791 13720 8905
internal_count=99238 1173 98065 5394 92671 73389 36847 36542 3734 645 19282 16113 3169 1995 528 322 23795 6223 1135 17572 13232 36424 13677 12070 22747 12802 338 15791 13720 8905
is_linear=0
shrinkage=0.03


Tree=10
num_leaves=31
num_cat=0
split_feature=0 16 3 9 0 16 0 0 15 16 15 16 17 8 6 8 6 12 1 3 17 15 0 8 1 17 12 15 15 0
split_gain=50.7714 28.8585 27.5666 27.577 23.2823 22.7824 37.394 20.3127 15.7007 15.0712 18.7629 13.8545 13.8089 13.6156 12.8636 11.2347 10.6841 10.0592 11.5885 9.97604 9.17899 9.00721 10.3516 8.96769 8.23006 8.33818 8.15322 8.0862 7.89857 7.71712
threshold=-5.231183314645901 -3.5373262929677258 -8.8307100176081548 3.3665163191589906 1.3615121066006166 -1.0000000180025095e-35 -3.0517693073183372 -0.49730636990654503 0.38195268770500806 0.50102589751302407 0.96105965272177774 -0.9979280286639346 -20.118828515048254 8.3825030702243719 10.184224523321914 3.8078240160900854 1.7807442079320037 1.6888148325301844 4.8382553901968786 -6.0401242612263752 -19.944445028727724 0.17768424603406671 -2.0845970900660458 2.1196645575032629 -3.8952207259439926 -51.640766791552799 0.4025612777853283 0.10714157120985951 0.084336937786305202 -1.4886500118560235
decision_type=2 2 2 2 2 2 2 2 2 2 2 2 2 2 2 2 2 2 2 2 2 2 2 2 2 2 2 2 2 2
left_child=1 13 3 -2 5 7 -7 12 15 14 -11 19 23 -1 -6 -5 -3 18 -12 -9 21 -8 -23 29 25 -17 -22 -15 -26 -4
right_child=2 16 4 8 9 6 20 11 -10 10 17 -13 -14 27 -16 24 -18 -19 -20 -21 26 22 -24 -25 28 -27 -28 -29 -30 -31
leaf_value=-0.0032467438198333968 -0.0022462243917685688 0.013041289964789711 -0.010432830509126179 -0.0021636988438468786 0.0021853230648056754 0.0084896974901179072 -0.0060860393336997099 0.0059153808639148021 0.0044847711509651269 -0.00087638072351141957 0.0024136725279942646 -0.00080700519440494805 -0.0011895153003997141 -0.0014726054675803326 -0.0021682319962014608 -0.0071607834866477373 0.0035594160839815267 -0.00060224254830525473 0.01674212960542544 0.00068060278203587561 -0.0036145165423393556 0.0063858322944078177 -0.0029763027868249308 -0.0021368394588407199 -0.011958799148694826 0.0050537000677094105 -0.0017075666984217085 0.0088899839658615667 0.00056266466455565664 -0.0039049083097085643
leaf_weight=338 1660 379 182 801 3112 291 860 354 1739 16958 91 13823 19380 101 760 54 149 117 115 4401 2317 108 6720 5892 52 734 15630 206 354 1560
leaf_count=338 1660 379 182 801 3112 291 860 354 1739 16958 91 13823 19380 101 760 54 149 117 115 4401 2317 108 6720 5892 52 734 15630 206 354 1560
internal_value=-0.00103969 0.00516471 -0.0011139 0.000970935 -0.00123525 -0.00149386 -0.00220391 -0.00109009 0.00240117 -0.000360907 -0.000739954 -0.000326507 -0.00161522 0.000907293 0.0013308 0.000584931 0.0103655 0.00642268 0.0104126 0.00107032 -0.0023253 -0.00319265 -0.00282822 -0.00269592 0.00242886 0.00421667 -0.00195376 0.00548079 -0.00104107 -0.00458693
internal_weight=99238 1173 98065 5394 92671 71518 25926 45592 3734 21153 17281 18578 27014 645 3872 1995 528 323 206 4755 25635 7688 6828 7634 1194 788 17947 307 406 1742
internal_count=99238 1173 98065 5394 92671 71518 25926 45592 3734 21153 17281 18578 27014 645 3872 1995 528 323 206 4755 25635 7688 6828 7634 1194 788 17947 307 406 1742
is_linear=0
shrinkage=0.03


Tree=11
num_leaves=31
num_cat=0
split_feature=3 8 12 16 1 8 15 6 6 4 11 9 15 10 5 15 17 3 15 16 1 16 1 1 5 11 14 1 4 11
split_gain=44.3715 33.1205 21.0903 15.8022 19.4427 18.057 15.2542 13.7217 13.6508 12.4694 11.9945 11.1298 10.4658 10.1926 10.0443 9.37822 10.9451 9.27093 10.1483 11.091 10.6675 8.94698 8.6076 8.22126 8.03281 8.68484 8.49894 8.0227 8.38789 8.9982
threshold=-8.8307100176081548 3.576451304230337 0.92122241073102229 -2.3025744277261415 0.44247871633141816 3.6202354382575677 0.50404860586349931 25.82587110735837 1.0555982320409221 -4.8445869045655057 0.70574989097083962 3.3665163191589906 0.19588795595887573 6.9048077284979366 -2.7450643815560891 0.34428781937972958 -12.633735550361509 -14.636261045844348 0.14017114014741175 -1.2211392806978181 4.8382553901968786 0.48379751955532269 -8.94460775392856 -4.0649352606138214 -3.8172023715393029 1.3089816040656677 6.2231497709096537 -5.6916707712982841 -7.9795633715126533 1.691350157225324
decision_type=2 2 2 2 2 2 2 2 2 2 2 2 2 2 2 2 2 2 2 2 2 2 2 2 2 2 2 2 2 2
left_child=1 6 3 -2 5 8 -1 -7 14 12 -3 21 -6 -11 15 16 -5 -12 19 22 24 -8 -19 -21 25 26 -20 28 -4 -30
right_child=2 10 27 4 9 7 11 -9 -10 13 17 -13 -14 -15 -16 -17 -18 18 20 23 -22 -23 -24 -25 -26 -27 -28 -29 29 -31
leaf_value=-0.0024705267074706734 0.00069453283311112922 -0.006035143815112852 -0.002127415323117748 -0.0040226669629339932 -0.0067927650568083307 -0.00012750484594037373 0.0025027680827085582 -0.0086165146335038575 -0.0017001879640933003 -0.00063647943464703073 0.0066980268757787986 0.0054269837776566602 -0.0019937363873733203 -0.0089086612222923182 -0.0037075133191744728 -0.00074019034505334955 0.00038469780812451585 0.0043491758778691292 -0.0094879550021141762 0.011113942913394771 -0.0085284265580362287 -0.0071304232247223123 -0.0056247199932413713 -0.0024372962993354751 0.01322542551004297 0.0075016861102338156 0.0031744238094487138 -0.00071263938602115725 0.0023124132311904823 0.014570687003433704
leaf_weight=1852 2698 113 400 2617 476 4601 204 178 12060 19165 799 475 2905 135 8743 2560 629 104 50 106 58 151 310 65 91 462 1040 35145 989 57
leaf_count=1852 2698 113 400 2617 476 4601 204 178 12060 19165 799 475 2905 135 8743 2560 629 104 50 106 58 151 310 65 91 462 1040 35145 989 57
internal_value=-0.00102496 0.00150272 -0.00118416 -0.00154618 -0.00165799 -0.00214157 -0.000955901 -0.000443689 -0.00244651 -0.000988755 0.00356464 0.00242372 -0.00266938 -0.000694342 -0.00306516 -0.00209787 -0.00316862 0.00391626 0.00294399 -0.000464436 0.00411619 -0.00159473 -0.0031192 0.00596289 0.00456257 0.00405463 0.00259358 -0.000622535 0.00156745 0.00298041
internal_weight=99238 5880 93358 56767 54069 31388 2682 4779 26609 22681 3198 830 3381 19300 14549 5806 3246 3085 2286 585 1701 355 414 171 1643 1552 1090 36591 1446 1046
internal_count=99238 5880 93358 56767 54069 31388 2682 4779 26609 22681 3198 830 3381 19300 14549 5806 3246 3085 2286 585 1701 355 414 171 1643 1552 1090 36591 1446 1046
is_linear=0
shrinkage=0.03


Tree=12
num_leaves=31
num_cat=0
split_feature=0 16 3 9 0 16 0 0 15 8 17 16 15 16 11 8 7 3 7 17 0 16 0 12 1 0 16 8 12 15
split_gain=49.6903 28.474 26.4739 26.586 22.3132 21.7999 36.2917 21.0569 15.2573 13.4411 13.3379 13.0796 13.0462 15.2627 11.9106 10.3855 10.3471 9.99888 9.39933 9.04427 9.56946 9.59892 8.82081 11.4984 8.59155 9.56536 8.88263 8.51919 8.44843 8.08296
threshold=-5.231183314645901 -3.5373262929677258 -8.8307100176081548 3.3665163191589906 1.5033796568553977 -1.0000000180025095e-35 -3.0517693073183372 -0.49730636990654503 0.29598899402837647 8.3825030702243719 -20.118828515048254 -0.9979280286639346 0.96105965272177774 0.50102589751302407 0.96688247940317329 3.576451304230337 3.1982704668622413 -6.0401242612263752 0.10328635263455734 -19.944445028727724 0.079227543811384957 2.4323951718981061 4.4607547113147747 1.6888148325301844 7.9672298202314149 3.146731484279083 1.4805451163043413 2.1196645575032629 0.4025612777853283 0.15898652961091361
decision_type=2 2 2 2 2 2 2 2 2 2 2 2 2 2 2 2 2 2 2 2 2 2 2 2 2 2 2 2 2 2
left_child=1 9 3 -2 5 7 14 10 15 -1 27 17 13 16 -7 -5 -6 -9 -3 20 21 -8 -14 -24 25 26 -15 -4 -21 -20
right_child=2 18 4 8 12 6 19 11 -10 -11 -12 -13 22 24 -16 -17 -18 -19 29 28 -22 -23 23 -25 -26 -27 -28 -29 -30 -31
leaf_value=-0.0032286029908538813 -0.0021994380351262593 0.013961673655485545 -0.0044845420950098795 -0.0031464425902561961 0.0020981041629320402 -8.9578181505203244e-05 -0.0044844249950354324 0.0058738288002274418 0.0040534057829539685 0.0054428355159171242 -0.0011609383279505173 -0.00073667711489058753 -0.0057378420620313227 -9.3466506846169123e-05 0.012752745763297371 0.0019052880000622039 -0.0035014513799786029 0.00068377457928863795 0.010712624995486581 -0.0035333502866669256 -0.0021938988345438842 0.0083841844351153893 0.012232537570564698 -0.00011384375325036704 -0.002580727405979988 0.00056949351585072652 -0.0019908831958889584 -0.0020965057690947603 -0.0016254659005607332 -0.00038009828449083632
leaf_weight=338 1660 287 1742 555 2817 98 3322 361 2102 307 19380 14092 53 4227 193 1077 332 4480 137 2389 4759 53 180 109 2071 4815 4678 5892 16628 104
leaf_count=338 1660 287 1742 555 2817 98 3322 361 2102 307 19380 14092 53 4227 193 1077 332 4480 137 2389 4759 53 180 109 2071 4815 4678 5892 16628 104
internal_value=-0.0010103 0.00512769 -0.00108372 0.000959383 -0.00120264 -0.00144125 -0.00211029 -0.00104166 0.00236368 0.000898733 -0.00157932 -0.00027452 -0.000294461 -0.000399321 0.00842784 0.000187328 0.00150774 0.0010708 0.0102937 -0.00222324 -0.00306045 -0.00428234 0.0055127 0.00757594 -0.000779622 -0.00050775 -0.00109022 -0.00264143 -0.00186514 0.00592572
internal_weight=99238 1173 98065 5394 92671 73389 27442 45947 3734 645 27014 18933 19282 18940 291 1632 3149 4841 528 27151 8134 3375 342 289 15791 13720 8905 7634 19017 241
internal_count=99238 1173 98065 5394 92671 73389 27442 45947 3734 645 27014 18933 19282 18940 291 1632 3149 4841 528 27151 8134 3375 342 289 15791 13720 8905 7634 19017 241
is_linear=0
shrinkage=0.03


Tree=13
num_leaves=31
num_cat=0
split_feature=0 16 3 9 0 16 0 0 15 16 15 8 16 8 10 8 18 7 16 12 1 15 3 7 7 12 13 3 7 0
split_gain=49.019 28.0968 25.9688 26.0633 21.7397 21.4258 35.9319 19.507 14.999 14.3985 18.4684 13.2699 13.0638 11.7253 13.3819 10.7412 10.5976 10.5237 10.5158 10.0326 10.5578 9.63967 9.47017 9.31874 8.8292 8.47681 8.41227 8.28741 8.24113 8.48981
threshold=-5.231183314645901 -3.5373262929677258 -8.8307100176081548 3.3665163191589906 1.3615121066006166 -1.0000000180025095e-35 -3.0517693073183372 -0.49730636990654503 0.38195268770500806 0.50102589751302407 0.96105965272177774 8.3825030702243719 -0.9979280286639346 2.8444006296102438 3.6304981716147884 4.2936167039222024 53.34452157783705 2.6417104128604767 -0.89890815512277944 1.5161898599744819 4.8382553901968786 0.30960561175096385 -6.0401242612263752 0.10328635263455734 -2.0134779570868284 0.78632704342641735 0.69893154610613339 -1.3329987286974263 -0.58750418249366432 -2.1302500965107054
decision_type=2 2 2 2 2 2 2 2 2 2 2 2 2 2 2 2 2 2 2 2 2 2 2 2 2 2 2 2 2 2
left_child=1 11 3 -2 5 7 26 13 15 17 -11 -1 22 14 16 -5 18 -6 -4 20 -12 24 -9 -3 -15 -20 -7 -28 29 -8
right_child=2 23 4 8 9 6 28 12 -10 10 19 -13 -14 21 -16 -17 -18 -19 25 -21 -22 -23 -24 -25 -26 -27 27 -29 -30 -31
leaf_value=-0.0032013795535030536 -0.0021729778244653827 0.013884325014842666 -0.001446503747754569 -0.001491299352360239 0.001977533314919299 -0.0014455268772379044 0.0031667298280243119 0.0057803036990749131 0.0043815761526308575 -0.0008476119064161861 0.0030094585301620623 0.0054146462281504555 -0.00076328046842203854 -0.0040149442420030273 -0.0045950045956789668 0.0029207836537394082 -0.00080377026629848444 -0.0023623339288087204 -0.0052061234041707169 0.00019412775729399395 0.017340240791729352 0.00034386131244577091 0.00067997567305812061 0.0058829003263045588 -0.0011458508766257485 -0.0017480170970890464 0.015561738969492058 0.0038535557330449974 -0.0018843060622179011 -0.0032033570041169264
leaf_weight=338 1660 287 2953 1063 3278 62 193 354 1739 16958 84 307 13823 1072 1839 932 4933 594 1842 136 103 3698 4401 241 9701 976 140 89 17710 7732
leaf_count=338 1660 287 2953 1063 3278 62 193 354 1739 16958 84 307 13823 1072 1839 932 4933 594 1842 136 103 3698 4401 241 9701 976 140 89 17710 7732
internal_value=-0.000995953 0.00510044 -0.00106887 0.000954642 -0.00118666 -0.00143655 -0.00212514 -0.00104498 0.00234507 -0.000341769 -0.00071226 0.000899582 -0.000296696 -0.00155959 -0.00223092 0.000569884 -0.00182476 0.00131176 -0.0026975 0.00639393 0.0109029 -0.000977702 0.00105968 0.0102322 -0.00143135 -0.00400843 0.00835734 0.0110114 -0.00224413 -0.00304822
internal_weight=99238 1173 98065 5394 92671 71518 25926 45592 3734 21153 17281 645 18578 27014 12543 1995 10704 3872 5771 323 187 14471 4755 528 10773 2818 291 229 25635 7925
internal_count=99238 1173 98065 5394 92671 71518 25926 45592 3734 21153 17281 645 18578 27014 12543 1995 10704 3872 5771 323 187 14471 4755 528 10773 2818 291 229 25635 7925
is_linear=0
shrinkage=0.03


Tree=14
num_leaves=31
num_cat=0
split_feature=0 16 3 0 11 16 0 0 8 15 16 18 7 8 8 2 2 15 4 7 10 16 18 11 15 16 0 4 18 15
split_gain=48.3524 27.7213 25.4801 21.1691 21.036 20.7526 32.1145 27.0191 13.1009 12.8912 14.6354 11.0377 9.87097 10.0372 9.82809 11.4365 9.58992 9.52336 9.28166 9.23621 9.04927 8.82015 8.65353 8.42378 9.08277 8.40849 8.18655 8.1686 9.45027 10.397
threshold=-5.231183314645901 -3.5373262929677258 -8.8307100176081548 1.5033796568553977 1.0291303700508412 -0.35432406745127348 -3.2730761314484855 -0.49730636990654503 8.3825030702243719 0.96105965272177774 0.77165217354732762 62.576440088049999 -0.58750418249366432 3.576451304230337 3.576451304230337 -1.54456391609023 -8.0526308544424818 0.92360119774682148 -1.074445206040475 0.10328635263455734 3.7614263421292935 -1.4401160897772962 39.866029863377783 0.70574989097083962 0.20595877939343024 1.8113408829560698 -3.5218086645601172 -7.3789331816287982 37.338104560298135 0.29598899402837647
decision_type=2 2 2 2 2 2 2 2 2 2 2 2 2 2 2 2 2 2 2 2 2 2 2 2 2 2 2 2 2 2
left_child=1 8 4 5 14 7 -7 18 -1 10 11 -5 13 -8 16 23 -2 27 21 -3 -11 -4 -15 -16 -25 -14 -23 28 -6 -30
right_child=2 19 3 9 17 6 12 -9 -10 20 -12 -13 25 22 15 -17 -18 -19 -20 -21 -22 26 -24 24 -26 -27 -28 -29 29 -31
leaf_value=-0.0031743856807123624 -0.0096160026719864407 0.013806339525544645 -0.0011832679655292794 0.0018296752670315072 0.0023557579974710407 0.0075123857556274242 -0.00306650774495654 0.00021789925837490995 0.0053866029156414419 -0.0024400719855614799 -0.00084303422566051544 -0.0022268819716597388 -0.0015432613682105059 0.0026338021696517486 -0.0093675716584548357 0.0089339212928242328 -0.0018032939242927134 0.015480484658961787 -0.0010059899166640323 0.0058404262420910704 0.0084907102486073607 0.0029879012795373193 -0.0022150310335881801 -0.0026674257204595724 0.004337019651270208 -0.004224007216625407 -0.0032422831120527723 0.0053103887322296425 -0.0076996084721758958 0.0028935856929967634
leaf_weight=338 158 287 4206 3583 1932 323 9843 12747 307 94 14631 726 24180 538 80 149 1346 51 14184 241 248 197 862 324 343 1101 5208 672 191 148
leaf_count=338 158 287 4206 3583 1932 323 9843 12747 307 94 14631 726 24180 538 80 149 1346 51 14184 241 248 197 862 324 343 1101 5208 672 191 148
internal_value=-0.000981725 0.00507307 -0.00105415 -0.00117082 0.000950236 -0.00140323 -0.00190562 -0.000896651 0.000900379 -0.00028623 -0.000390466 0.00114621 -0.0019889 -0.00272845 -0.00114228 0.00134498 -0.00262404 0.0026276 -0.00149372 0.0101704 0.00548634 -0.00221351 -0.000351694 -0.000168747 0.00093456 -0.00166001 -0.00301521 0.00240487 0.00154511 -0.00307485
internal_weight=99238 1173 98065 92671 5394 73389 36847 36542 645 19282 18940 4309 36524 11243 2400 896 1504 2994 23795 528 342 9611 1400 747 667 25281 5405 2943 2271 339
internal_count=99238 1173 98065 92671 5394 73389 36847 36542 645 19282 18940 4309 36524 11243 2400 896 1504 2994 23795 528 342 9611 1400 747 667 25281 5405 2943 2271 339
is_linear=0
shrinkage=0.03


Tree=15
num_leaves=31
num_cat=0
split_feature=0 16 3 0 17 16 15 15 16 0 15 16 0 17 6 15 12 16 15 0 6 0 14 0 16 12 17 14 12 5
split_gain=47.6883 27.3432 24.9141 20.6608 21.211 16.0237 18.5184 15.8112 14.6609 19.8523 14.4235 17.0997 13.2438 11.9266 10.4522 10.1744 10.0004 9.88733 9.49996 9.39332 9.11277 8.89575 8.68946 8.34823 8.83115 7.97385 11.9056 7.93919 7.58176 9.86855
threshold=-5.231183314645901 -3.5373262929677258 -8.8307100176081548 1.2809263576664927 -20.118828515048254 0.50102589751302407 0.96105965272177774 0.50404860586349931 0.80703059329665205 -2.7203481394753983 0.3480234086968465 -0.35432406745127348 -2.0000346763656967 -51.640766791552799 1.7807442079320037 0.10460245703410839 1.5161898599744819 -0.9979280286639346 0.10989006689551975 1.2035479688553423 10.184224523321914 -0.28246237969261895 325.98162554704203 2.974540098839149 1.692728419262522 0.69430962062172619 -17.725803935253222 6.7379461098311237 0.92122241073102229 9.4905577146526188
decision_type=2 2 2 2 2 2 2 2 2 2 2 2 2 2 2 2 2 2 2 2 2 2 2 2 2 2 2 2 2 2
left_child=1 15 7 4 10 20 23 19 28 -10 13 -12 -13 -4 -3 -1 -8 21 -11 25 -5 -15 -17 24 -7 26 -2 -27 29 -6
right_child=2 14 3 5 8 6 16 -9 9 18 11 12 -14 17 -16 22 -18 -19 -20 -21 -22 -23 -24 -25 -26 27 -28 -29 -30 -31
leaf_value=-0.0040923671082903935 -0.0042481017996965588 0.012754312273124749 -0.0072626004584903335 0.0019533027273304394 -0.0010453598220291718 -0.00074804085885753799 0.010866310927434201 0.0033283784311964769 0.011344998201922229 0.0070809160404711625 0.00028832992677416141 0.0094315660841324742 -0.0024909217920142941 -0.0020279417001262011 0.0033758889203703642 0.0019583323329359038 0.00017473838305758204 -0.0035040533635377121 -0.0028516306083682659 0.0068773705541424774 -0.0015370511300355136 0.0029104483175266547 0.014398928552360857 -8.0652106438013933e-05 -0.0025383640093280444 -0.0083530656438978289 0.0017825088954755456 0.0010000498995043419 -0.00029804177602770014 -0.0039229262831311472
leaf_weight=234 913 379 559 3492 29563 6656 187 1708 92 88 3486 85 6218 3433 149 352 136 6129 5712 163 834 363 59 7007 3952 85 435 2090 13566 1113
leaf_count=234 913 379 559 3492 29563 6656 187 1708 92 88 3486 85 6218 3433 149 352 136 6129 5712 163 834 363 59 7007 3952 85 435 2090 13566 1113
internal_value=-0.000967757 0.00504531 -0.00103968 -0.00115505 -0.00140694 -0.000358467 -0.000753704 0.000942316 -0.00107582 -0.00248161 -0.00222578 -0.00139767 -0.00233014 -0.002999 0.0101077 0.000901172 0.0063646 -0.00275887 -0.00270093 -0.000163326 0.00128041 -0.0015557 0.00374421 -0.00088423 -0.00141502 -0.000489081 -0.00230202 0.000634526 -0.0008886 -0.00114976
internal_weight=99238 1173 98065 92671 70407 22264 17938 5394 50134 5892 20273 9789 6303 10484 528 645 323 9925 5800 3686 4326 3796 411 17615 10608 3523 1348 2175 44242 30676
internal_count=99238 1173 98065 92671 70407 22264 17938 5394 50134 5892 20273 9789 6303 10484 528 645 323 9925 5800 3686 4326 3796 411 17615 10608 3523 1348 2175 44242 30676
is_linear=0
shrinkage=0.03


Tree=16
num_leaves=31
num_cat=0
split_feature=0 16 3 9 0 17 16 15 15 11 13 15 16 0 8 16 17 8 18 16 10 0 0 11 7 11 0 10 16 0
split_gain=46.9816 27.014 24.3358 25.2591 20.1772 21.3181 17.5148 17.9559 14.4385 13.3492 16.326 13.2522 16.3215 13.2358 12.9361 11.2969 11.096 10.0411 9.91221 9.89381 9.66593 9.56936 9.25815 9.1336 9.10814 9.07929 8.92875 9.26268 8.65392 8.54931
threshold=-5.231183314645901 -3.5373262929677258 -8.8307100176081548 3.3665163191589906 1.0605179265985272 -20.118828515048254 0.34811823774228917 0.96105965272177774 0.29598899402837647 1.1136400145835028 1.3739014894132104 0.3480234086968465 -0.35432406745127348 -2.0000346763656967 8.3825030702243719 -0.3403719317094685 -51.640766791552799 3.576451304230337 55.431018812867826 -0.9979280286639346 3.9414058872571895 -3.8524770464041218 -0.48037190934029145 1.2775432648576743 0.10328635263455734 1.4134337795279042 2.974540098839149 6.9048077284979366 3.1131644938638594 -0.28246237969261895
decision_type=2 2 2 2 2 2 2 2 2 2 2 2 2 2 2 2 2 2 2 2 2 2 2 2 2 2 2 2 2 2
left_child=1 14 3 -2 5 11 18 26 17 15 -11 16 -13 -14 -1 22 -4 -5 23 29 -9 -17 -7 -6 -3 -12 27 28 -8 -18
right_child=2 24 4 8 6 9 7 20 -10 10 25 12 13 -15 -16 21 19 -19 -20 -21 -22 -23 -24 -25 -26 -27 -28 -29 -30 -31
leaf_value=-0.0031541388727911917 -0.00214581894089681 0.013656579878486251 -0.0071142518320389848 -0.0030931975367208438 0.0015522140783651075 -0.0013421422169684605 -0.001195487453546903 -0.0012132617550962997 0.0039457347571726208 0.00077800380496426732 -0.0023971494858375411 0.00024464258632785063 0.0093450176102273588 -0.0025845039860524182 0.0053528539584615916 0.010047336937859653 -0.0020035980600442049 0.0018740587107878384 -0.00064109838799371961 -0.003503953883729035 0.009787881739743768 -0.0019544298191660897 4.1553891239936865e-05 0.0063313947290846778 0.0057460845667575153 0.00039997680818030292 -5.9592023378421101e-05 -0.014139818715698579 -0.0057150273917257102 0.0029119501666277328
leaf_weight=338 1660 287 554 555 2799 12283 12808 107 2102 6678 3300 3359 85 5490 307 60 3433 1077 1747 6041 219 17154 6740 413 241 1528 7078 51 393 351
leaf_count=338 1660 287 554 555 2799 12283 12808 107 2102 6678 3300 3359 85 5490 307 60 3433 1077 1747 6041 219 17154 6740 413 241 1528 7078 51 393 351
internal_value=-0.000954303 0.00501404 -0.00102569 0.000933169 -0.00113971 -0.00141331 -0.000423482 -0.000807853 0.00230197 -0.0010731 -0.000182854 -0.00225433 -0.0014073 -0.00240262 0.000894926 -0.00135577 -0.00298342 0.000184826 0.00117756 -0.0027505 0.00617708 -0.0019126 -0.000851888 0.00216672 0.0100459 -0.00151189 -0.000919859 -0.00137933 -0.00133004 -0.00154764
internal_weight=99238 1173 98065 5394 92671 67056 25615 20656 3734 47743 11506 19313 8934 5575 645 36237 10379 1632 4959 9825 326 17214 19023 3212 528 4828 20330 13252 13201 3784
internal_count=99238 1173 98065 5394 92671 67056 25615 20656 3734 47743 11506 19313 8934 5575 645 36237 10379 1632 4959 9825 326 17214 19023 3212 528 4828 20330 13252 13201 3784
is_linear=0
shrinkage=0.03


Tree=17
num_leaves=31
num_cat=0
split_feature=0 3 9 0 17 15 13 15 15 17 1 2 10 10 1 9 2 13 3 6 10 10 7 0 7 9 6 6 18 0
split_gain=46.3417 23.8732 24.7618 19.6715 17.636 15.4251 14.7138 14.1775 12.5863 12.2477 10.4202 10.3141 9.65323 8.92382 8.46704 7.76497 7.68267 7.14725 7.05247 6.81086 6.67864 6.65438 7.82696 6.63595 6.59193 8.57874 7.02488 6.40438 6.26645 6.1169
threshold=-5.231183314645901 -8.8307100176081548 3.3665163191589906 1.5033796568553977 -20.118828515048254 0.3480234086968465 0.99749005878481767 0.38195268770500806 0.96105965272177774 -51.640766791552799 7.9672298202314149 -6.1372487246435785 2.70590274792217 3.7614263421292935 -5.8918489897903035 3.5040563900930306 -8.377688175513347 1.0093052878552078 15.775536925184277 -8.6369466929298753 6.9048077284979366 4.3630434387872556 -0.6977949510428848 0.50827000824442614 -0.54180620604891694 3.4882907545203659 -4.9232647827696585 -8.2814259311699967 38.278896135258059 -1.254370640645788
decision_type=2 2 2 2 2 2 2 2 2 2 2 2 2 2 2 2 2 2 2 2 2 2 2 2 2 2 2 2 2 2
left_child=6 2 16 4 5 9 21 -4 10 -3 19 14 -13 -10 -6 -8 -2 -15 23 28 24 22 -1 -11 25 -14 -26 -7 -5 -16
right_child=1 3 7 8 11 27 15 -9 13 18 -12 12 20 17 29 -17 -18 -19 -20 -21 -22 -23 -24 -25 26 -27 -28 -29 -30 -31
leaf_value=0.020368937846966261 -0.0077302972818772808 -0.0072013821333084998 0.00055794910420278515 0.0038616882648263959 0.0037176922525825724 0.00029198415532284108 -0.0051076283108662159 0.00426379786672573 -0.0024391732850369617 -0.0027882431544836591 -0.0023019835179309235 -0.00062579702359516541 -0.0030514985431400765 0.013549717164984564 -0.0022971761704703125 0.003768832454971476 -0.001377519743636474 0.0033635893227159973 -0.011814412040635944 -0.00024775198090814908 -0.0063010630642020256 0.0056508806353823384 0.0084690530673932202 0.00031892692060230882 0.0047456710220519773 -0.00061749893028517438 -0.0012532604487619395 -0.0016192861945930033 -0.0039325771934070851 0.0017256837089907177
leaf_weight=86 194 562 1995 626 697 1928 102 1739 94 9239 2228 19950 4279 123 702 680 1466 125 75 15977 256 187 118 663 177 1874 23638 8689 109 660
leaf_count=86 194 562 1995 626 697 1928 102 1739 94 9239 2228 19950 4279 123 702 680 1466 125 75 15977 256 187 118 663 177 1874 23638 8689 109 660
internal_value=-0.000940678 -0.00101158 0.000928575 -0.00112451 -0.00134855 -0.00207929 0.00498689 0.00228384 -0.000271787 -0.00289234 -0.000374783 -0.00105258 -0.00113798 0.00543211 0.00102844 0.00261103 -0.00211995 0.00841558 -0.00264962 -0.000117853 -0.00147605 0.0097386 0.0134857 -0.0025802 -0.00143484 -0.00231018 -0.00120867 -0.00127221 0.0027058 -0.000347773
internal_weight=99238 98065 5394 92671 73389 21156 1173 3734 19282 10539 18940 52233 50174 342 2059 782 1660 248 9977 16712 30224 391 204 9902 29968 6153 23815 10617 735 1362
internal_count=99238 98065 5394 92671 73389 21156 1173 3734 19282 10539 18940 52233 50174 342 2059 782 1660 248 9977 16712 30224 391 204 9902 29968 6153 23815 10617 735 1362
is_linear=0
shrinkage=0.03


Tree=18
num_leaves=31
num_cat=0
split_feature=0 16 3 9 0 17 16 15 12 15 11 13 13 16 6 15 18 12 0 9 0 11 11 11 0 16 2 12 9 15
split_gain=45.7348 26.5646 23.3785 24.3081 19.1706 20.2376 17.1074 17.6912 15.7457 14.442 12.8577 15.9327 11.3038 10.9492 10.3155 10.0187 9.6369 9.33423 9.30542 9.1564 9.03767 8.90476 8.89888 8.86404 8.70186 8.56252 8.40322 7.91834 7.8493 7.59773
threshold=-5.231183314645901 -3.5373262929677258 -8.8307100176081548 2.9113777050881651 1.0605179265985272 -20.118828515048254 0.34811823774228917 0.96105965272177774 0.52305798015142968 0.38582543036709172 1.1136400145835028 1.3739014894132104 1.0815130891522755 -0.3403719317094685 1.7807442079320037 0.10460245703410839 55.431018812867826 1.5161898599744819 -3.8524770464041218 3.4062557191557481 -0.48037190934029145 0.68460410507035163 1.2775432648576743 1.4134337795279042 2.974540098839149 3.1131644938638594 -0.51298974753174453 0.30188179533413634 3.7315058138551165 0.23728756574424612
decision_type=2 2 2 2 2 2 2 2 2 2 2 2 2 2 2 2 2 2 2 2 2 2 2 2 2 2 2 2 2 2
left_child=1 15 3 27 5 8 16 24 26 -5 13 -12 -10 20 -3 -1 22 28 -15 -17 -7 -11 -6 -13 25 -8 -4 -2 -9 -14
right_child=2 14 4 9 6 10 7 17 12 21 11 23 29 18 -16 19 -18 -19 -20 -21 -22 -23 -24 -25 -26 -27 -28 -29 -30 -31
leaf_value=-0.0040788926157909319 -0.012817681246764353 0.012580036347692631 -0.0047688959080404904 0.0003330236772669708 0.0015393991615452339 -0.0013107566715072298 -0.0012228438155896513 0.00023325634896755217 -0.0010543277247687393 -0.0084671191957134458 0.00077789355491469795 -0.0023589558551773901 -0.0043031858643759503 0.0099232159052044158 0.0032631361132000117 -0.0081992845916572729 -0.00062259175112897719 0.00014159231419291567 -0.0019118832444123945 0.0053828575426632594 5.6363753628387129e-05 0.0041151075205979014 0.0062567729238515429 0.00040481571115797793 -5.3465505425887209e-05 -0.0057126536607171458 -0.0023427165409456766 -0.0026057007582962494 0.014080536057108215 -0.0018988338909952007
leaf_weight=234 74 379 2704 2463 2799 12283 12858 50 9174 52 6678 3300 1929 60 149 51 1747 136 17154 360 6740 1912 413 1528 7078 394 2448 893 140 3058
leaf_count=234 74 379 2704 2463 2799 12283 12858 50 9174 52 6678 3300 1929 60 149 51 1747 136 17154 360 6740 1912 413 1528 7078 394 2448 893 140 3058
internal_value=-0.000927625 0.00496099 -0.000998062 0.000921882 -0.00110981 -0.0013765 -0.00041168 -0.000791554 -0.00219593 0.00186312 -0.00104502 -0.000171321 -0.00167925 -0.00132244 0.00995084 0.000876286 0.00117063 0.0061417 -0.00187063 0.00369748 -0.000826375 0.00378197 0.00214596 -0.00148426 -0.000902732 -0.00135633 -0.00361608 -0.00338718 0.0104365 -0.00282885
internal_weight=99238 1173 98065 5394 92671 67056 25615 20656 19313 4427 47743 11506 14161 36237 528 645 4959 326 17214 411 19023 1964 3212 4828 20330 13252 5152 967 190 4987
internal_count=99238 1173 98065 5394 92671 67056 25615 20656 19313 4427 47743 11506 14161 36237 528 645 4959 326 17214 411 19023 1964 3212 4828 20330 13252 5152 967 190 4987
is_linear=0
shrinkage=0.03


Tree=19
num_leaves=31
num_cat=0
split_feature=0 16 3 9 0 16 0 0 6 15 12 16 15 16 6 6 15 16 6 9 3 10 1 0 15 2 12 3 12 13
split_gain=45.0692 26.2414 22.8926 23.9365 18.7429 19.5755 33.7818 14.8827 14.532 13.7944 13.3575 13.1097 12.4092 13.6125 12.565 10.2109 9.89755 9.64327 9.22928 8.99696 8.92229 8.82519 7.91727 9.93293 7.82452 7.63567 8.50781 7.38519 7.15237 7.09273
threshold=-5.231183314645901 -3.5373262929677258 -8.8307100176081548 3.3665163191589906 1.5033796568553977 0.59915555626214634 -2.4450668674149534 -0.08157051040774381 -0.55734068210372734 0.29598899402837647 0.93831138863109331 -0.72967636426410853 0.96105965272177774 0.80703059329665205 9.1886069063852016 1.7807442079320037 0.10460245703410839 -1.0148654895603897 -12.966942522659711 3.4062557191557481 -6.1663739750924975 3.7614263421292935 9.2489692397598109 3.146731484279083 0.3232839942653577 -8.377688175513347 0.93831138863109331 -4.9683186220970219 0.71027779848080608 1.0093052878552078
decision_type=2 2 2 2 2 2 2 2 2 2 2 2 2 2 2 2 2 2 2 2 2 2 2 2 2 2 2 2 2 2
left_child=1 16 3 25 5 7 -7 8 10 -5 17 20 13 14 -6 -3 -1 18 -4 -18 -9 -14 23 -15 -16 26 -2 -20 -13 -23
right_child=2 15 4 9 12 6 -8 11 -10 -11 -12 28 21 22 24 -17 19 -19 27 -21 -22 29 -24 -25 -26 -27 -28 -29 -30 -31
leaf_value=-0.0040537917369212481 -0.014715284181022366 0.012506348534062073 -0.0074006873929068785 0.00017858265522055958 0.0019381323877421476 0.0089374908128192123 -0.0025635555635615654 0.0060590853668826142 -0.00094086663320470574 0.003854644689420956 -0.00090702154941201462 -0.0014377013066437141 -0.002426688314237176 -0.001251650943620664 -0.012853128764439711 0.0032368425187348517 -0.008117291747647172 -0.0034218219739220652 0.0010191644508014159 0.0053460747007241776 0.00063109796393932794 0.013482424751287553 -0.0029701780600722085 0.0004414849920045452 -0.0012204170298821292 -0.001341655598459435 -0.002068794836393661 -0.0019936713494748265 -0.00019079202757748612 0.0033352269709110262
leaf_weight=234 86 379 231 1632 3471 234 12970 291 22700 2102 5476 8587 94 7917 55 149 51 6746 982 360 4298 123 1385 5145 967 1466 108 2879 7995 125
leaf_count=234 86 379 231 1632 3471 234 12970 291 22700 2102 5476 8587 94 7917 55 149 51 6746 982 360 4298 123 1385 5145 967 1466 108 2879 7995 125
internal_value=-0.000914486 0.00493113 -0.000984408 0.00091548 -0.00109499 -0.00131368 -0.00235974 -0.00108419 -0.00143171 0.00224797 -0.00211469 -0.00044378 -0.000262641 -0.000364909 0.00107727 0.00989052 0.000871345 -0.00272487 -0.00157588 0.00367544 0.0009753 0.00540097 -0.000813427 -0.00058474 -0.00184644 -0.00208181 -0.00767497 -0.00122739 -0.000836505 0.00836791
internal_weight=99238 1173 98065 5394 92671 73389 13204 60185 39014 3734 16314 21171 19282 18940 4493 528 645 10838 4092 411 4589 342 14447 13062 1022 1660 194 3861 16582 248
internal_count=99238 1173 98065 5394 92671 73389 13204 60185 39014 3734 16314 21171 19282 18940 4493 528 645 10838 4092 411 4589 342 14447 13062 1022 1660 194 3861 16582 248
is_linear=0
shrinkage=0.03


Tree=20
num_leaves=31
num_cat=0
split_feature=0 3 9 0 12 12 15 15 3 6 8 2 3 0 7 1 8 6 18 0 12 7 6 15 8 2 1 2 13 3
split_gain=44.4124 22.3987 23.5115 18.2798 15.7473 14.3169 13.562 12.8983 12.5828 12.1257 19.4998 15.3607 14.7282 10.9566 10.193 12.0775 9.87072 9.78234 10.0344 9.66076 11.396 9.34665 8.92054 9.1918 8.86466 8.06096 7.5939 7.51776 7.29953 7.23243
threshold=-5.231183314645901 -8.8307100176081548 3.3665163191589906 1.0605179265985272 2.8681418094803672 0.93309955698510105 0.29598899402837647 0.96105965272177774 -2.201883536686005 1.0555982320409221 3.576451304230337 -0.24069025358809945 16.530690302907484 -0.58081237536391395 -1.8499257256914479 1.0412722917128694 3.576451304230337 -7.9148360138065916 38.278896135258059 4.2652221638901482 1.6888148325301844 9.6283230085399545 -13.495696990005712 0.26666783962120005 1.7387333977754256 -8.377688175513347 -8.2379209450383382 -5.9764974451857622 1.5464706062093179 7.0207362328512994
decision_type=2 2 2 2 2 2 2 2 2 2 2 2 2 2 2 2 2 2 2 2 2 2 2 2 2 2 2 2 2 2
left_child=4 2 26 5 8 9 16 17 28 10 11 13 27 24 15 -7 -4 18 -5 -9 -21 -19 23 -12 -3 -24 -2 -11 -1 -16
right_child=1 3 6 7 -6 14 -8 19 -10 12 22 -13 -14 -15 29 -17 -18 21 -20 20 -22 -23 25 -25 -26 -27 -28 -29 -30 -31
leaf_value=0.010304522991797928 -0.011325596152363639 -0.0070292267028105853 -0.003073013326939749 0.003395960146367164 -0.0015328524677820925 -0.0013770808238808305 0.0038220575267757391 -0.0068424531966447821 0.0017641007609083704 0.0019270480277195302 -0.010374861600759781 -0.0014602443392119798 -0.0055069590106803625 -0.0022843197059019874 -0.00017056928987761207 -0.0066879389795686788 0.0018519328145341412 -0.00057343888901455013 -0.0031179888991625117 0.011941539215434702 -0.00023965764418244358 -0.0090734394773458807 0.0081505802274477891 0.0028736735321581363 -0.0036322772751762864 0.00041161282115679426 -0.0016177426504013551 -0.0011406064436019537 -0.0011562040405432609 -0.0017697662389653942
leaf_weight=552 76 812 555 1034 265 1627 2102 50 301 742 133 8131 685 6057 15008 505 1077 23850 268 186 110 117 128 73 4655 2258 1584 23177 55 3065
leaf_count=552 76 812 555 1034 265 1627 2102 50 301 742 133 8131 685 6057 15008 505 1077 23850 268 186 110 117 128 73 4655 2258 1584 23177 55 3065
internal_value=-0.000901507 -0.000970918 0.000908366 -0.0010803 0.00490136 -0.00134072 0.00222897 -0.000398582 0.00677918 -0.00162859 -0.00213614 -0.00245868 -0.00116966 -0.00316315 -0.000673207 -0.00263505 0.000177089 -0.000477356 0.00205515 0.00535445 0.00741474 -0.000614933 0.000309652 -0.00567999 -0.00413682 0.00082678 -0.0020622 -0.00104544 0.00926607 -0.000441777
internal_weight=99238 98065 5394 92671 1173 67056 3734 25615 908 46851 22247 19655 24604 11524 20205 2132 1632 25269 1302 346 296 23967 2592 206 5467 2386 1660 23919 607 18073
internal_count=99238 98065 5394 92671 1173 67056 3734 25615 908 46851 22247 19655 24604 11524 20205 2132 1632 25269 1302 346 296 23967 2592 206 5467 2386 1660 23919 607 18073
is_linear=0
shrinkage=0.03


Tree=21
num_leaves=31
num_cat=0
split_feature=0 16 3 9 0 16 0 0 0 8 15 16 18 17 8 16 17 15 7 17 16 12 18 0 12 13 18 7 13 11
split_gain=43.792 25.8011 21.9521 20.5294 16.7779 18.7509 28.0514 16.3844 14.0329 12.6917 11.2038 12.4806 11.5647 9.78379 9.32322 9.11129 9.05261 9.5744 9.0315 8.91126 9.71156 10.1609 12.2084 8.70111 10.5134 8.6423 9.30433 9.25579 10.5049 9.84326
threshold=-5.231183314645901 -3.5373262929677258 -7.4577509361860406 3.3665163191589906 1.5033796568553977 -1.0000000180025095e-35 -3.8524770464041218 -0.49730636990654503 0.47586642631169579 8.3825030702243719 0.96105965272177774 0.80703059329665205 62.576440088049999 -51.640766791552799 2.8444006296102438 -0.9979280286639346 -19.944445028727724 0.26339187762193733 -0.51982294752765934 -13.508686185873632 -1.3948601217652961 0.79494585778280358 53.712158808252418 4.4607547113147747 1.6888148325301844 1.4327254181057454 37.338104560298135 -2.0134779570868284 1.1460859068636209 1.2775432648576743
decision_type=2 2 2 2 2 2 2 2 2 2 2 2 2 2 2 2 2 2 2 2 2 2 2 2 2 2 2 2 2 2
left_child=1 9 3 -2 5 7 -7 13 -5 -1 11 12 -6 -4 19 -9 17 -8 -3 20 -15 22 -22 -12 -25 27 -27 28 -16 -29
right_child=2 18 4 8 10 6 16 15 -10 -11 23 -13 -14 14 25 -17 -18 -19 -20 -21 21 -23 -24 24 -26 26 -28 29 -30 -31
leaf_value=-0.0031624329920180317 -0.0014197444774646459 0.014008300842375171 -0.0062622601666858764 0.00063641206065378803 0.0017171493210872499 0.013544905164412089 -0.0049084487813323063 0.00089814000735093948 0.0040377004500487257 0.0052638160159389699 -0.0062352658172740655 -0.00082597525365524444 -0.002352768074385773 -0.00082510199495892998 -0.0018276120016926011 -0.00063150115776414715 -0.0016359068765896044 -0.002314023982632956 0.0061407085855626382 -0.0011553013217793443 -0.0058226340364091857 -0.0013790347012301541 -0.0015559194797890594 0.011784327738950478 -0.00016596693963369475 0.0099735820902739896 -0.0027403976685795436 -0.00046233566867722272 -0.010071570382963777 0.0029089218006434015
leaf_weight=338 3007 245 369 3455 3605 105 1615 4698 1596 307 51 14221 761 1633 833 13797 18827 6175 283 6184 2024 1328 860 174 107 53 2296 9273 167 851
leaf_count=338 3007 245 369 3455 3605 105 1615 4698 1596 307 51 14221 761 1633 833 13797 18827 6175 283 6184 2024 1328 860 174 107 53 2296 9273 167 851
internal_value=-0.000888409 0.00487378 -0.000957333 0.00054279 -0.00109163 -0.00130294 -0.00193074 -0.000924803 0.00171114 0.0008482 -0.00029767 -0.00039524 0.00100776 -0.00141226 -0.00134208 -0.00024295 -0.00199179 -0.00285189 0.00979139 -0.00194914 -0.00278903 -0.00355044 -0.00455031 0.00516481 0.00723386 -0.000800078 -0.00245353 -0.000450926 -0.00320435 -0.000178956
internal_weight=99238 1173 98065 8058 90007 71088 26722 44366 5051 645 18919 18587 4366 25871 25502 18495 26617 7790 528 12029 5845 4212 2884 332 281 13473 2349 11124 1000 10124
internal_count=99238 1173 98065 8058 90007 71088 26722 44366 5051 645 18919 18587 4366 25871 25502 18495 26617 7790 528 12029 5845 4212 2884 332 281 13473 2349 11124 1000 10124
is_linear=0
shrinkage=0.03


Tree=22
num_leaves=31
num_cat=0
split_feature=0 16 3 9 0 17 16 0 12 8 11 3 16 16 0 0 12 0 0 11 0 9 6 8 14 3 12 2 6 7
split_gain=43.2038 25.4779 21.5344 22.9081 17.4195 19.3442 15.7864 16.7042 15.429 12.926 12.4777 14.9415 10.4867 10.0304 17.4589 12.613 9.79804 9.15683 8.94646 8.88262 8.72339 8.30824 8.25614 7.93385 7.85953 8.4814 7.84113 7.78395 7.65544 7.31606
threshold=-5.231183314645901 -3.0547893189091115 -8.8307100176081548 2.9113777050881651 1.0373493140868522 -20.118828515048254 0.77165217354732762 3.146731484279083 0.52305798015142968 8.3825030702243719 1.1136400145835028 7.0207362328512994 -0.3403719317094685 0.39018037417124135 -2.4450668674149534 -0.019402819152488822 1.8006408681774244 0.47586642631169579 -3.8524770464041218 1.4384145483137067 -0.48037190934029145 4.9335327434826555 1.7807442079320037 4.583305662397815 9.3774827265879832 -0.45868651131023558 0.30188179533413634 -0.51298974753174453 9.1886069063852016 9.6283230085399545
decision_type=2 2 2 2 2 2 2 2 2 2 2 2 2 2 2 2 2 2 2 2 2 2 2 2 2 2 2 2 2 2
left_child=1 9 3 26 5 8 28 -8 27 -1 12 -12 20 15 -15 -10 -9 23 -14 -13 29 -18 -3 -5 25 -20 -2 -4 -6 -7
right_child=2 22 4 17 6 10 7 16 13 -11 11 19 18 14 -16 -17 21 -19 24 -21 -22 -23 -24 -25 -26 -27 -28 -29 -30 -31
leaf_value=-0.0020786002378405271 -0.012668953780084848 0.013378678217332884 -0.004629234558527459 -0.00015144609642292421 0.0011880908937577676 -0.0011924503886546096 -0.0015851783582474239 0.0014292587257164892 -0.0018086420562114368 0.0058499572275085201 0.00049140512060217288 -0.0030641271744257905 0.0097666368186473847 0.011090910644643008 -0.0035784338758401584 0.0004515819515569869 0.00012536877215792603 0.0039623055001903971 -0.008694586239517757 0.00078295151599772701 9.8778088731757383e-05 -0.0032472814558768422 0.0041847683819791967 0.0030071946053698644 -0.0017030626037469385 -0.0020839727558001086 -0.0025068823531012429 -0.0022891568969825187 -0.0010579324917858038 -0.011060039215885541
leaf_weight=409 74 302 2698 2059 6364 12215 11356 3414 8193 338 8683 2030 60 75 2765 3049 2165 1271 306 736 6698 944 124 1097 16273 407 893 2433 1739 68
leaf_count=409 74 302 2698 2059 6364 12215 11356 3414 8193 338 8683 2030 60 75 2765 3049 2165 1271 306 736 6698 944 124 1097 16273 407 893 2433 1739 68
internal_value=-0.000875614 0.00484775 -0.000944074 0.000898592 -0.00105133 -0.00130806 -0.000392369 -0.000890196 -0.00211123 0.00150889 -0.000983022 -0.000120277 -0.00125719 -0.00159806 -0.00319104 -0.00119564 0.000319712 0.00181232 -0.00179729 -0.00204046 -0.000772154 -0.000898685 0.0107025 0.000946472 -0.00183814 -0.00492107 -0.00328454 -0.00351962 0.000706068 -0.00124708
internal_weight=99238 1173 98065 5394 92671 66689 25982 17879 19213 747 47476 11449 36027 14082 2840 11242 6523 4427 17046 2766 18981 3109 426 3156 16986 713 967 5131 8103 12283
internal_count=99238 1173 98065 5394 92671 66689 25982 17879 19213 747 47476 11449 36027 14082 2840 11242 6523 4427 17046 2766 18981 3109 426 3156 16986 713 967 5131 8103 12283
is_linear=0
shrinkage=0.03


Tree=23
num_leaves=31
num_cat=0
split_feature=0 16 15 3 9 12 3 0 17 8 0 12 15 11 13 6 16 15 16 15 8 11 6 11 4 10 16 8 4 14
split_gain=42.6064 25.1667 21.4541 19.2728 18.3335 15.603 12.7029 13.5124 15.1645 12.3903 11.9334 12.4112 11.5239 11.0408 10.5447 9.98643 9.63862 8.78823 9.28393 7.7139 7.62254 8.95908 7.26628 7.26263 7.21741 7.18269 8.12389 6.96605 7.94063 6.58346
threshold=-5.231183314645901 -3.5373262929677258 0.96105965272177774 -7.4577509361860406 3.3665163191589906 0.92122241073102229 20.055109574488533 1.4171603671678423 -19.944445028727724 8.3825030702243719 3.3323169266206834 1.6888148325301844 0.4096074842062965 1.1136400145835028 1.0014855665784426 1.7807442079320037 1.3617742139382991 0.3480234086968465 -0.35432406745127348 0.10714157120985951 3.8078240160900854 0.71698827169484558 1.7807442079320037 0.56726919424535016 -14.646336614202026 2.6470563489698304 -0.62843460306998833 5.1549731567656343 2.988392887041436 23.757732450989383
decision_type=2 2 2 2 2 2 2 2 2 2 2 2 2 2 2 2 2 2 2 2 2 2 2 2 2 2 2 2 2 2
left_child=1 9 3 4 23 6 7 8 17 -1 -4 -12 20 25 -15 -3 -9 22 -19 -11 24 -22 -5 -2 -6 -10 -27 -16 -29 -25
right_child=2 15 10 5 12 -7 -8 16 13 19 11 -13 -14 14 27 -17 -18 18 -20 -21 21 -23 -24 29 -26 26 -28 28 -30 -31
leaf_value=-0.0031182408462741449 -0.0092725292012533714 0.01226396129331441 -0.0075701795943081372 -0.0036451543700200045 -0.0055267580859210399 -0.00058843221131100662 -0.0060049643789763362 0.0008753342239800272 -0.00076327941008280751 -0.0015840981852742705 0.012480736383518506 0.00053221574371180877 0.0031543204951131098 0.0017514489986164823 -0.0012073289559827974 0.003096889227053663 -0.0014200536461757369 -3.6856099731946416e-05 -0.0023831575413604377 0.0085371259662313653 -0.01060843374293584 0.0020553993986824732 -0.0012683955157639039 -0.0045301544329408427 -0.00017772022574963803 -0.0010566779705152658 -0.0023262868465634698 0.013673321392387151 0.00061485535541395216 -0.00052683041055673167
leaf_weight=338 102 379 50 5381 305 34801 534 3882 9321 101 215 123 2250 2006 3763 149 2859 2253 4651 206 52 1518 1475 435 888 7916 10623 60 139 2463
leaf_count=338 102 379 50 5381 305 34801 534 3882 9321 101 215 123 2250 2006 3763 149 2859 2253 4651 206 52 1518 1475 435 888 7916 10623 60 139 2463
internal_value=-0.000863396 0.00482026 -0.000931381 -0.000959347 0.000450294 -0.00108532 -0.00140051 -0.00135526 -0.00153332 0.000844478 0.00610905 0.00813261 0.00156038 -0.00119177 -2.07621e-05 0.00967704 -9.81881e-05 -0.00237301 -0.00161748 0.00520734 0.000262389 0.00163596 -0.00313382 -0.00140467 -0.00154524 -0.00144262 -0.00178417 -0.00091805 0.00455208 -0.00112774
internal_weight=99238 1173 98065 97677 8013 89664 54863 54329 47588 645 388 338 5013 33828 5968 528 6741 13760 6904 307 2763 1570 6856 3000 1193 27860 18539 3962 199 2898
internal_count=99238 1173 98065 97677 8013 89664 54863 54329 47588 645 388 338 5013 33828 5968 528 6741 13760 6904 307 2763 1570 6856 3000 1193 27860 18539 3962 199 2898
is_linear=0
shrinkage=0.03


Tree=24
num_leaves=31
num_cat=0
split_feature=0 16 15 3 11 12 8 3 4 8 0 12 0 16 15 11 11 18 7 18 6 17 11 2 0 17 3 6 10 7
split_gain=42.035 24.8516 21.2886 18.8595 17.6922 15.1777 12.6287 12.5479 13.2954 12.4736 11.7816 12.3299 11.5334 12.6376 11.1775 9.41784 8.7204 8.1386 9.91314 8.97789 8.08877 7.63456 7.33647 8.96199 7.18683 8.25407 8.24839 7.34306 7.12179 7.01377
threshold=-5.231183314645901 -3.0547893189091115 0.96105965272177774 -7.4577509361860406 1.0291303700508412 0.92122241073102229 8.3825030702243719 20.055109574488533 -0.98460519417152825 3.9877326353868141 3.3323169266206834 1.6888148325301844 0.12501780118897424 -0.45091789494997692 0.50000016228402444 0.67990226368794271 0.542834091525915 70.336763887809553 -0.49810903266433998 57.026382617944023 1.7807442079320037 -5.7133756629992485 1.1165380034985051 -5.2172417204438259 1.4451634066349575 -12.633735550361509 7.1428566933487323 7.1400980019614311 2.8384636711572884 0.35300327232581369
decision_type=2 2 2 2 2 2 2 2 2 2 2 2 2 2 2 2 2 2 2 2 2 2 2 2 2 2 2 2 2 2
left_child=1 6 3 4 14 7 -1 8 9 12 -4 -12 -5 -14 -2 -16 -10 18 -7 21 -3 -20 -18 -24 25 29 -27 -26 -28 -25
right_child=2 20 10 5 -6 17 -8 -9 16 -11 11 -13 13 -15 15 -17 22 -19 19 -21 -22 -23 23 24 27 26 28 -29 -30 -31
leaf_value=-0.00204941011759769 -0.0020519182887094325 0.013225397903114458 -0.0074975059265736483 -0.0028124841130221178 0.0017852344518338257 -0.0011937370363371339 0.0057874229411489855 -0.0059584090162822035 -0.0056465582958101727 0.00038017928421403265 0.01243894042906373 0.00052961957527369993 0.001387010617554689 -0.0018659532288795749 -0.0073345949423989061 0.002472271898059035 -0.0011435381458794987 -0.0018976142752851867 0.00087223527762989863 -0.00065292581921645352 0.0041251575772560415 -0.0018022251384398299 0.0044159152798977112 0.00087867365413769611 0.0045102087736432987 0.001168361550532493 0.0023980330512017368 -0.00064219475005464839 -0.0033957193266206348 -0.0035588552250443925
leaf_weight=409 2735 302 50 10879 4217 10091 338 534 357 1861 215 123 1324 5712 97 964 27832 3769 9100 10767 124 1074 386 427 516 2200 249 481 819 1286
leaf_count=409 2735 302 50 10879 4217 10091 338 534 357 1861 215 123 1324 5712 97 964 27832 3769 9100 10767 124 1074 386 427 516 2200 249 481 819 1286
internal_value=-0.000851269 0.00479414 -0.000918796 -0.000946655 0.000447791 -0.00107127 0.00149657 -0.00138214 -0.00133716 -0.0019575 0.00609443 0.00810508 -0.00220033 -0.00125383 -0.00103798 0.0015757 -0.000982113 -0.000581202 -0.000421317 -4.91047e-05 0.0105765 0.000589911 -0.000933417 -1.44826e-05 -0.000300554 -0.000765927 0.000118241 0.00202445 -0.00204493 -0.00245271
internal_weight=99238 1173 98065 97677 8013 89664 747 54863 54329 19776 388 338 17915 7036 3796 1061 34553 34801 31032 20941 426 10174 34196 6364 5978 4981 3268 997 1068 1713
internal_count=99238 1173 98065 97677 8013 89664 747 54863 54329 19776 388 338 17915 7036 3796 1061 34553 34801 31032 20941 426 10174 34196 6364 5978 4981 3268 997 1068 1713
is_linear=0
shrinkage=0.03


Tree=25
num_leaves=31
num_cat=0
split_feature=0 15 3 9 12 12 4 5 3 0 12 15 17 2 15 0 17 7 2 2 0 13 1 2 2 2 10 1 15 14
split_gain=41.4496 21.1228 18.4031 17.7954 15.3628 14.8942 12.5015 13.6047 12.1344 11.6316 12.2484 11.233 10.2651 10.1189 9.68448 8.99942 10.9443 8.23841 8.1912 7.89896 7.27568 7.19864 7.16927 6.88248 6.7646 6.71923 10.0587 6.35763 6.34307 6.16078
threshold=-5.231183314645901 0.96105965272177774 -7.4577509361860406 3.3665163191589906 2.8681418094803672 0.50330608445074676 -4.8445869045655057 -1.4806357749098675 -2.201883536686005 3.3323169266206834 1.6888148325301844 0.4096074842062965 -21.540889130436806 20.953804024279613 0.60426169572290767 0.41097465206302747 -45.432431373365922 -2.4450087679492523 -0.19823345298206616 -12.365777054650438 1.2289093450328583 1.5464706062093179 -7.2765077015031867 -2.7048934829236422 -0.12185400576666393 -7.0438801370713167 6.9048077284979366 0.97845998026145919 0.88178596766246986 23.757732450989383
decision_type=2 2 2 2 2 2 2 2 2 2 2 2 2 2 2 2 2 2 2 2 2 2 2 2 2 2 2 2 2 2
left_child=4 2 3 19 8 12 7 15 21 -3 -11 18 14 22 24 16 -7 -17 20 -2 -5 -1 -8 -9 -4 -14 -27 -18 -24 -21
right_child=1 9 5 11 -6 6 13 23 -10 10 -12 -13 25 -15 -16 17 27 -19 -20 29 -22 -23 28 -25 -26 26 -28 -29 -30 -31
leaf_value=0.010094954498041339 -0.013089780207065976 -0.00742552987486124 -0.0049467519633945101 0.00041570256872648003 -0.0015884057940598927 -0.0071846797867436644 0.0032767959775255738 -0.0104648967706195 0.0016966086780351504 0.012396927442315013 0.00052703608372589431 0.0031108335319021715 0.0033835578881002762 -0.0060087649877411577 -0.00076837024745306172 0.0020770116721188555 -0.0012106005065251058 -0.0011653525748004092 -0.0050770620953385966 -0.004500435524403529 0.0083742646014110904 -0.0012862970256669955 -0.00076052252345787657 -0.0033035888041297039 -0.0022203420450999769 -0.0014068945911111148 -0.0089483187109324503 -0.0042427789231253201 0.00043918303670942359 -0.00061510324167562199
leaf_weight=552 51 50 2041 2418 265 324 417 127 301 215 123 2250 259 318 1253 1213 5810 1685 237 430 108 55 53185 2467 1368 14053 161 697 4286 2519
leaf_count=552 51 50 2041 2418 265 324 417 127 301 215 123 2250 259 318 1253 1213 5810 1685 237 430 108 55 53185 2467 1368 14053 161 697 4286 2519
internal_value=-0.000839199 -0.000906254 -0.000934004 0.000443466 0.00476677 -0.0010571 -0.000855708 -0.00172376 0.00662153 0.00607961 0.00807741 0.00153714 -0.00179942 -0.000671931 -0.00302371 -0.00120905 -0.00180334 0.000191786 0.000255637 -0.00138407 0.000755974 0.0090637 -0.000642614 -0.0036542 -0.00385267 -0.00140506 -0.00149232 -0.00153539 -0.000671052 -0.00118163
internal_weight=99238 98065 97677 8013 1173 89664 70529 12323 908 388 338 5013 19135 58206 4662 9729 6831 2898 2763 3000 2526 607 57888 2594 3409 14473 14214 6507 57471 2949
internal_count=99238 98065 97677 8013 1173 89664 70529 12323 908 388 338 5013 19135 58206 4662 9729 6831 2898 2763 3000 2526 607 57888 2594 3409 14473 14214 6507 57471 2949
is_linear=0
shrinkage=0.03


Tree=26
num_leaves=31
num_cat=0
split_feature=0 16 3 9 0 17 16 12 0 10 8 13 11 13 1 12 16 5 7 0 0 11 10 0 3 9 8 2 16 7
split_gain=40.872 24.4297 19.9606 21.8373 15.9239 17.7812 15.929 13.8604 12.5347 12.6304 12.1053 11.406 11.3494 15.2527 10.8261 10.2718 9.71867 9.11524 8.91985 8.75373 8.6784 8.57028 8.39955 8.37212 8.31723 7.86619 7.74042 7.71144 7.69105 7.27559
threshold=-5.231183314645901 -3.5373262929677258 -8.8307100176081548 2.9113777050881651 1.0605179265985272 -20.118828515048254 0.34811823774228917 0.52305798015142968 3.146731484279083 6.9048077284979366 8.3825030702243719 1.0815130891522755 1.1136400145835028 1.3739014894132104 -7.6980212725611166 1.8006408681774244 -0.3403719317094685 -4.7981576706607418 -0.51982294752765934 0.47586642631169579 -3.8524770464041218 1.4134337795279042 2.6971000713018634 -0.48037190934029145 -2.268759439556078 4.9335327434826555 4.583305662397815 -0.51298974753174453 1.692728419262522 9.6283230085399545
decision_type=2 2 2 2 2 2 2 2 2 2 2 2 2 2 2 2 2 2 2 2 2 2 2 2 2 2 2 2 2 2
left_child=1 10 3 14 5 7 17 27 9 28 -1 -9 16 -14 -2 -10 23 -6 -3 26 -18 -15 24 29 -22 -17 -5 -4 -8 -7
right_child=2 18 4 19 6 12 8 11 15 -11 -12 -13 13 21 -16 25 20 -19 -20 -21 22 -23 -24 -25 -26 -27 -28 -29 -30 -31
leaf_value=-0.0030946488148042347 -0.016256317150675586 0.013715265775370239 -0.0044451610453895424 -0.00015884002710336609 0.0066008074346136569 -0.0011346024971250154 -0.00068057175178999054 -0.00089589340733004657 0.0014499449362515046 -0.015332412609928533 0.0051346327967832549 -0.0026784187287872572 0.00081999989156539266 -0.002253428698221449 -0.0024321448588389329 7.9230300667088312e-05 0.0096828609006479379 0.00086148637295185957 0.0058964550700211444 0.0038743170101454231 -0.0030138111431458991 0.00046416034635612914 -0.0023261351358228543 0.00012674027020024453 -0.00048865340822147401 -0.0031831070386678442 0.0029610595125671045 -0.0021209904247157904 -0.0021753502591468706 -0.010974855186308132
leaf_weight=338 54 245 2704 2059 263 12215 9242 9174 3537 57 307 4987 6678 3300 913 2208 60 4696 283 1271 1462 1528 9734 6740 5958 952 1097 2448 4660 68
leaf_count=338 54 245 2704 2059 263 12215 9242 9174 3537 57 307 4987 6678 3300 913 2208 60 4696 283 1271 1462 1528 9734 6740 5958 952 1097 2448 4660 68
internal_value=-0.000827401 0.00473937 -0.000893987 0.00088007 -0.000997248 -0.0012403 -0.000360972 -0.00200839 -0.000727529 -0.00123941 0.000822234 -0.00152364 -0.000929593 -0.000108736 -0.00320413 0.000339417 -0.00119023 0.00116587 0.0095245 0.00177219 -0.0017067 -0.00139335 -0.00174654 -0.000722874 -0.000986198 -0.0009036 0.000925612 -0.00334082 -0.00118163 -0.00118908
internal_weight=99238 1173 98065 5394 92671 67056 25615 19313 20656 13959 645 14161 47743 11506 967 6697 36237 4959 528 4427 17214 4828 17154 19023 7420 3160 3156 5152 13902 12283
internal_count=99238 1173 98065 5394 92671 67056 25615 19313 20656 13959 645 14161 47743 11506 967 6697 36237 4959 528 4427 17214 4828 17154 19023 7420 3160 3156 5152 13902 12283
is_linear=0
shrinkage=0.03


Tree=27
num_leaves=31
num_cat=0
split_feature=3 9 12 16 1 4 1 15 10 11 11 4 7 3 4 5 18 13 16 4 18 5 4 1 7 3 9 11 18 7
split_gain=33.6232 26.6983 15.7888 14.214 17.1041 11.6495 11.2687 10.8833 9.99836 9.67382 9.24596 8.34761 10.3664 9.37124 10.0571 8.24373 7.57081 9.75011 8.05988 9.81233 8.26984 7.67851 7.55877 7.15007 7.24173 14.1201 12.1027 7.43165 7.05763 9.81554
threshold=-8.8307100176081548 3.1054595106588794 0.92122241073102229 -2.3025744277261415 0.44247871633141816 -5.0766279781227208 -7.6980212725611166 0.19588795595887573 6.9048077284979366 0.86857545138918091 1.2196884595946282 -9.8453793752189203 -1.8499257256914479 -14.636261045844348 -15.280559898866306 -8.6857754587904186 62.223748741260074 1.1460859068636209 0.77165217354732762 1.740105577375284 55.836999431401644 -3.2479482090008851 5.1573149206103244 9.2489692397598109 -0.49810903266433998 -3.6658381532587874 3.2635340199726817 1.2898986862960953 38.894002034064435 -0.93302223093937864
decision_type=2 2 2 2 2 2 2 2 2 2 2 2 2 2 2 2 2 2 2 2 2 2 2 2 2 2 2 2 2 2
left_child=1 6 3 -2 10 7 -1 -6 16 -3 15 12 13 -11 -15 -5 18 -18 19 21 22 -7 -21 24 27 26 -26 -4 29 -13
right_child=2 9 23 4 5 8 -8 -9 -10 11 -12 28 -14 14 -16 -17 17 -19 -20 20 -22 -23 -24 -25 25 -27 -28 -29 -30 -31
leaf_value=-0.012659351414690415 0.0008572644022662914 -0.001162459561525009 -0.0013394413438454866 0.0056110490276478232 -0.0067050280287266756 0.0052827030988410106 -0.0016546327167526816 -0.0017079795163248339 -0.008575093772892348 0.0055048546323441796 -0.0001481011463303297 0.0053354269220205587 -0.0028676021829897791 -0.0012887730050945934 0.0036829405648330618 -0.0020193820088311399 -0.00054869399984582045 -0.0031795045205200438 -0.0011904778517419594 0.0015063662221530406 0.0004168837753588212 -0.00072391668697179955 0.0054654700098406882 -0.002235750940655559 3.5413139694181049e-05 -0.00029608360432260004 0.0047602882505847124 0.00091938453891138381 0.0064986019457282289 -0.0025899678317465535
leaf_weight=90 2698 580 9189 128 457 200 1205 2769 136 722 2697 362 348 695 774 28563 4792 1724 3607 1119 2640 4528 709 1951 989 21970 963 1529 874 230
leaf_count=90 2698 580 9189 128 457 200 1205 2769 136 722 2697 362 348 695 774 28563 4792 1724 3607 1119 2640 4528 709 1951 989 21970 963 1529 874 230
internal_value=-0.000816051 0.00138428 -0.000954635 -0.00126786 -0.0013739 -0.000746211 -0.00241944 -0.00241587 -0.00046935 0.00245862 -0.00182748 0.00298302 0.00194229 0.00270625 0.00133077 -0.00198534 -0.000412288 -0.00124475 1.13885e-05 0.000482804 0.00149087 -0.00046983 0.00304193 -0.000468698 -0.000369173 -7.88302e-05 0.00236638 -0.0010172 0.00478548 0.0022563
internal_weight=99238 5880 93358 56767 54069 22681 1295 3226 19455 4585 31388 4005 2539 2191 1469 28691 19319 6516 12803 9196 4468 4728 1828 36591 34640 23922 1952 10718 1466 592
internal_count=99238 5880 93358 56767 54069 22681 1295 3226 19455 4585 31388 4005 2539 2191 1469 28691 19319 6516 12803 9196 4468 4728 1828 36591 34640 23922 1952 10718 1466 592
is_linear=0
shrinkage=0.03


Tree=28
num_leaves=31
num_cat=0
split_feature=0 16 3 9 0 16 0 0 17 8 16 1 16 11 0 5 3 0 16 16 17 18 11 8 2 5 16 1 0 10
split_gain=40.0892 24.104 19.127 21.0401 15.361 18.4618 32.5371 14.0214 20.4039 12.3472 11.9099 10.6618 10.1811 9.73277 9.39648 8.96405 8.64264 8.57181 8.163 7.94814 7.79812 7.69805 8.88519 7.63811 7.39823 6.7736 7.52685 11.3894 6.73415 9.11851
threshold=-5.231183314645901 -3.0547893189091115 -8.8307100176081548 2.9113777050881651 1.5033796568553977 0.59915555626214634 -2.4450668674149534 -0.08157051040774381 -18.294549674460335 8.3825030702243719 -0.72967636426410853 -7.6980212725611166 0.50102589751302407 1.4384145483137067 3.146731484279083 0.50136399468975068 -6.1663739750924975 0.47586642631169579 1.692728419262522 -1.305627233231953 -32.328068111912835 62.576440088049999 1.5206558573594704 4.583305662397815 -7.5112405861542539 -5.713273024996699 4.6454240829263362 15.761284595024495 -2.7951631102837933 2.325314170152557
decision_type=2 2 2 2 2 2 2 2 2 2 2 2 2 2 2 2 2 2 2 2 2 2 2 2 2 2 2 2 2 2
left_child=1 9 3 11 5 7 15 8 19 -1 16 -2 21 24 18 -7 -9 23 -14 28 -12 22 -6 -5 -10 -16 27 -27 29 -4
right_child=2 -3 4 17 12 6 -8 10 13 -11 20 -13 14 -15 25 -17 -18 -19 -20 -21 -22 -23 -24 -25 -26 26 -28 -29 -30 -31
leaf_value=-0.0020452559129481925 -0.016095674534638723 0.010403295454739685 0.0075424454392244407 -0.00017326872125711254 0.0016887690781185332 0.012195088837787591 -0.0023855243953277505 0.0060308991052863215 0.0023170947335798948 0.0057037315601565644 -0.0027815316056943166 -0.0023768079437892823 -0.00037084172152482644 0.0019430533061897369 0.0076902470697422292 -0.0015667765394651464 0.00068865346188468253 0.0038218963794050451 -0.0021513684665683637 -0.0027759555307762742 -0.0004961988051635039 -0.0020009649745457302 0.011966502870647953 0.0029259422253740909 -0.0010090031193670673 0.00092355753943450215 -0.0017215281956994238 -0.010931969704232304 -0.00050397789476047715 -0.0042966354520244648
leaf_weight=409 54 426 63 2059 2571 178 12970 291 617 338 1475 913 5433 1110 111 56 4298 1271 4041 8742 15107 520 78 1097 24539 5041 1413 74 3114 829
leaf_count=409 54 426 63 2059 2571 178 12970 291 617 338 1475 913 5433 1110 111 56 4298 1271 4041 8742 15107 520 78 1097 24539 5041 1413 74 3114 829
internal_value=-0.000804628 0.00470857 -0.000870574 0.000866043 -0.000971655 -0.00116963 -0.00218549 -0.000946765 -0.00128408 0.00146098 -0.000325162 -0.00314291 -0.000218129 -0.000806118 -0.000523843 0.00890165 0.00102742 0.00174173 -0.0011303 -0.00226887 -0.000699483 0.00133629 0.0019914 0.000903992 -0.000927424 0.000341585 0.000216631 0.000752041 -0.00116229 -0.00346047
internal_weight=99238 1173 98065 5394 92671 73389 13204 60185 39014 747 21171 967 19282 26266 16113 234 4589 4427 9474 12748 16582 3169 2649 3156 25156 6639 6528 5115 4006 892
internal_count=99238 1173 98065 5394 92671 73389 13204 60185 39014 747 21171 967 19282 26266 16113 234 4589 4427 9474 12748 16582 3169 2649 3156 25156 6639 6528 5115 4006 892
is_linear=0
shrinkage=0.03


Tree=29
num_leaves=31
num_cat=0
split_feature=0 16 15 12 0 16 15 3 17 0 12 0 1 3 16 6 1 6 15 14 4 11 1 13 12 1 15 11 13 13
split_gain=39.5087 23.7889 20.7682 17.0964 15.9963 16.4023 17.9503 14.4469 11.8085 11.4472 12.1301 10.5646 10.1207 10.0545 9.91026 12.5243 9.87728 9.81883 9.65732 8.6191 8.08931 8.02855 8.79692 10.956 7.89729 9.80366 7.79523 7.789 19.4472 8.04754
threshold=-5.231183314645901 -3.5373262929677258 0.96105965272177774 0.92122241073102229 1.4171603671678423 -1.0000000180025095e-35 0.50000016228402444 -14.636261045844348 -20.278877044621989 3.3323169266206834 1.6888148325301844 -2.4450668674149534 -0.063082012965004472 -7.2989429771560967 1.2808555046986569 17.907419667535603 9.2489692397598109 1.7807442079320037 0.10460245703410839 325.98162554704203 -4.0421345339523347 1.092091903337324 -6.3510620538957223 0.99332120628919973 0.52305798015142968 -4.5743163200282924 0.48581936497685968 1.2898986862960953 1.4557749656106633 1.2905407085105869
decision_type=2 2 2 2 2 2 2 2 2 2 2 2 2 2 2 2 2 2 2 2 2 2 2 2 2 2 2 2 2 2
left_child=1 18 3 4 5 6 8 -5 24 -4 -11 -7 -13 -8 15 -6 27 -3 -1 -20 -14 -10 -23 -24 25 -2 -26 -9 29 -29
right_child=2 17 9 7 14 11 13 16 21 10 -12 12 20 -15 -16 -17 -18 -19 19 -21 -22 22 23 -25 26 -27 -28 28 -30 -31
leaf_value=-0.0040504494254501207 -0.0090047091400986233 0.011967052961383284 -0.0073293288476765153 0.0046247799055760394 0.0015363982786961072 0.0031628649203709219 0.0045730509538984589 -0.00054709514282163477 -0.0012808190090410044 0.01234884687253209 0.00053640725409112317 -0.0029332989989350575 -0.0032638385168340446 1.8345935118690789e-05 -0.0010919531061197012 -0.0054769814631626858 -0.0025875914362008139 0.0028772296185211447 0.0018057683465568432 0.014195897854485754 -0.0010872602576541678 0.0067066774893943118 0.0021491972232494175 -0.0012378187868249439 -0.0014186502038238346 -0.0030167644314698485 -0.0097612214269731379 0.0013268021647609505 -0.00087351739017955856 0.0047737157680498681
leaf_weight=234 271 379 50 510 3768 337 465 29751 14136 215 123 8779 1922 7042 3398 244 1864 149 352 59 7667 181 1316 2478 4725 2676 103 1711 3386 947
leaf_count=234 271 379 50 510 3768 337 465 29751 14136 215 123 8779 1922 7042 3398 244 1864 149 352 59 7667 181 1316 2478 4725 2676 103 1711 3386 947
internal_value=-0.000793175 0.00467997 -0.000858642 -0.000886158 -0.00120402 -0.00138952 -0.000991128 -0.000390582 -0.0013657 0.00606833 0.00805024 -0.00210076 -0.00219733 0.000300474 0.000100177 0.00110986 -0.000458503 0.00940193 0.000814548 0.0035844 -0.00152353 -0.000945874 0.000245267 -6.29867e-05 -0.00234362 -0.0035674 -0.00159663 -0.000347632 0.000634205 0.00255488
internal_weight=99238 1173 98065 97677 59508 52098 33393 38169 25886 388 338 18705 18368 7507 7410 4012 37659 528 645 411 9589 18111 3975 3794 7775 2947 4828 35795 6044 2658
internal_count=99238 1173 98065 97677 59508 52098 33393 38169 25886 388 338 18705 18368 7507 7410 4012 37659 528 645 411 9589 18111 3975 3794 7775 2947 4828 35795 6044 2658
is_linear=0
shrinkage=0.03


Tree=30
num_leaves=31
num_cat=0
split_feature=5 8 4 1 12 11 5 1 8 10 9 11 18 8 16 8 2 17 6 4 2 2 12 6 12 16 10 14 17 6
split_gain=30.3754 29.8531 15.0198 13.6795 13.0703 12.6647 10.9648 9.33808 8.70865 8.6192 8.56337 8.30862 11.9524 10.8777 7.70279 7.89058 12.9055 7.43153 8.06874 9.95491 9.77486 7.58938 7.22727 10.7802 6.73744 6.54271 6.48865 6.33577 6.4105 6.28822
threshold=-5.713273024996699 3.576451304230337 -4.8445869045655057 -3.2950576487714596 0.50330608445074676 0.70574989097083962 -2.6803523208120024 -6.6328981983414295 8.8599832140698567 6.9048077284979366 7.0387950819912755 1.1165380034985051 71.001212591807658 3.6202354382575677 0.48379751955532269 8.3825030702243719 -1.54456391609023 -54.7886904489635 -10.594267967794545 -8.4723096993075711 -2.6486341063847836 0.43503979744802251 0.52696213921671442 -14.116205093474663 0.19751567635144465 -0.64307346448493119 4.3365052061469234 136.95104223512593 -16.920436131918198 -0.62841740216535202
decision_type=2 2 2 2 2 2 2 2 2 2 2 2 2 2 2 2 2 2 2 2 2 2 2 2 2 2 2 2 2 2
left_child=1 3 6 22 11 -3 10 27 17 14 24 29 13 -13 15 -9 -17 -7 21 20 -20 -19 23 -1 -2 -25 -5 28 -6 -4
right_child=2 5 4 26 7 8 -8 9 -10 -11 -12 12 -14 -15 -16 16 -18 18 19 -21 -22 -23 -24 25 -26 -27 -28 -29 -30 -31
leaf_value=-0.017953817739405412 -0.0096281770836295823 -0.0063801173278450092 -0.0029475385659331861 0.0011194263181825842 -0.0059966245972152268 -0.0034870406820749242 -0.0027477451795768419 -0.00035218668331270302 0.0072166235719286782 -0.0055213244070473587 0.011155712991295492 -0.00010065490761526712 -0.0064203442959550102 0.0057101590337569489 -0.0010124525497500075 0.011761200017208467 -0.00019964777062882235 0.0047449187059196048 -0.0016460942053578246 0.0037039322560511088 0.0062713742816651414 -0.0036881949940888101 -0.0021000478777160022 0.0011512927899861502 -0.0010883773039583428 -0.0091310420908519759 -0.0035553180674825994 0.0055379283855947845 0.0024827453341703634 -0.0014416552711302719
leaf_weight=66 84 137 3229 2109 112 180 6451 35196 381 320 51 1425 214 364 22973 128 222 1645 939 969 165 102 1424 108 8180 115 306 371 283 10989
leaf_count=66 84 137 3229 2109 112 180 6451 35196 381 320 51 1425 214 364 22973 128 222 1645 939 969 165 102 1424 108 8180 115 306 371 283 10989
internal_value=-0.000782111 0.000916838 -0.000944256 -0.000927376 -0.000773793 0.00260186 -0.00181962 -0.000568321 0.00288274 -0.000611165 -0.00109955 -0.00152881 0.000280135 0.00108165 -0.000584315 -0.000307614 0.00417461 0.00246993 0.00275063 0.0014849 -0.000462777 0.00425254 -0.0029779 -0.0073034 -0.00117518 -0.00415126 0.000527098 0.00272267 7.84683e-05 -0.00178365
internal_weight=99238 8646 90592 4128 75826 4518 14766 59605 4381 58839 8315 16221 2003 1789 58519 35546 350 4000 3820 2073 1104 1747 1713 289 8264 223 2415 766 395 14218
internal_count=99238 8646 90592 4128 75826 4518 14766 59605 4381 58839 8315 16221 2003 1789 58519 35546 350 4000 3820 2073 1104 1747 1713 289 8264 223 2415 766 395 14218
is_linear=0
shrinkage=0.03


Tree=31
num_leaves=31
num_cat=0
split_feature=3 8 12 15 1 8 6 11 4 18 10 7 3 15 1 15 13 7 5 11 14 1 12 1 8 12 13 14 1 11
split_gain=31.6638 27.9835 14.5256 12.7013 11.4519 20.2144 11.2882 11.1499 10.5226 10.8307 10.6288 9.75239 9.21047 9.19926 10.4487 8.86661 8.83337 8.3489 8.05026 8.10605 8.30065 7.40492 7.00817 6.94629 7.30169 14.9067 10.3176 10.0903 9.25302 10.213
threshold=-8.8307100176081548 3.576451304230337 0.92122241073102229 0.50404860586349931 0.44247871633141816 3.6202354382575677 1.0555982320409221 0.70574989097083962 -4.8445869045655057 62.223748741260074 6.5369096556467978 9.6283230085399545 -14.636261045844348 0.14017114014741175 4.8382553901968786 0.19588795595887573 1.2561271861649486 1.1052885521561697 -3.8172023715393029 1.3089816040656677 6.2231497709096537 -4.2526462144461528 1.9707273494138071 9.2489692397598109 6.8950907584183208 2.0174339484476449 0.78687398381923856 24.663141219050143 1.0726601310811825 1.1427247331231225
decision_type=2 2 2 2 2 2 2 2 2 2 2 2 2 2 2 2 2 2 2 2 2 2 2 2 2 2 2 2 2 2
left_child=1 3 4 -1 5 6 17 -3 15 -10 16 -7 -9 21 18 -6 -11 -2 19 20 -15 22 -14 24 -4 26 -26 -28 29 -29
right_child=2 7 23 -5 8 11 -8 12 9 10 -12 -13 13 14 -16 -17 -18 -19 -20 -21 -22 -23 -24 -25 25 -27 27 28 -30 -31
leaf_value=-0.0022779436415445047 -0.0022806249362060664 -0.0059962758125193354 -0.00046404062606811286 0.0021880286133719091 -0.0058028222284716262 0.00021297930980124287 -0.0012394111999421515 0.0063710443931573463 7.8680531820024527e-05 -0.00069539324179899347 -0.011003249941790914 -0.0089285706540691515 0.0038032221663863042 -0.0096726901307702066 -0.0087689162932079404 -0.001579406666529899 -0.0033632517527819967 -0.0052766460271356733 0.012859355183420601 0.007008812975920071 0.0028411023607387994 -0.0055399473369579745 -0.0058289725617666176 -0.0021812804714802353 -0.0025078001843088847 -0.0010687211393407483 -0.0032116870076528614 0.0011434432725573693 0.0023950430213581378 0.010871872058749654
leaf_weight=1852 14086 113 32099 830 527 5705 12570 799 13007 5404 102 107 311 50 58 2961 1408 890 91 462 1040 187 87 1951 212 1283 126 129 398 393
leaf_count=1852 14086 113 32099 830 527 5705 12570 799 13007 5404 102 107 311 50 58 2961 1408 890 91 462 1040 187 87 1951 212 1283 126 129 398 393
internal_value=-0.000771198 0.00136406 -0.000905684 -0.000895857 -0.00120612 -0.00156307 -0.00190229 0.00325934 -0.000697467 -0.000431319 -0.00139076 4.46817e-05 0.00359837 0.00262926 0.00374532 -0.00221752 -0.00124682 -0.00245867 0.00418709 0.0036786 0.00226708 -0.000615878 0.00169769 -0.00043959 -0.000341494 0.00120656 0.00352707 0.0047502 0.00584063 0.00846772
internal_weight=99238 5880 93358 2682 56767 33358 27546 3198 23409 19921 6914 5812 3085 2286 1701 3488 6812 14976 1643 1552 1090 585 398 36591 34640 2541 1258 1046 920 522
internal_count=99238 5880 93358 2682 56767 33358 27546 3198 23409 19921 6914 5812 3085 2286 1701 3488 6812 14976 1643 1552 1090 585 398 36591 34640 2541 1258 1046 920 522
is_linear=0
shrinkage=0.03


Tree=32
num_leaves=31
num_cat=0
split_feature=0 16 15 3 11 4 10 8 8 0 15 6 18 11 17 3 0 0 16 0 1 1 6 16 11 17 8 15 9 13
split_gain=38.2486 23.4492 20.5265 16.1872 16.1388 12.4003 14.4681 11.7631 11.2968 11.2946 10.5021 9.71916 9.58528 9.15115 8.8084 8.29136 8.17185 7.87033 15.6175 13.2238 9.36175 7.98201 13.2188 11.4691 9.36812 9.70158 9.09627 7.52994 7.49298 7.41885
threshold=-5.231183314645901 -3.5373262929677258 0.96105965272177774 -7.4577509361860406 1.0291303700508412 -4.8445869045655057 6.9048077284979366 8.3825030702243719 3.6904596400573917 3.3323169266206834 0.50000016228402444 1.7807442079320037 38.278896135258059 0.67990226368794271 -31.210922360252741 10.678780832318049 4.1019210902327474 1.5033796568553977 0.80703059329665205 -3.1534909473492072 7.9672298202314149 0.44247871633141816 8.2719518590890839 -1.4401160897772962 1.1229274573951666 -23.497598420981845 1.8220915662216965 0.10714157120985951 2.9911540016010365 0.64596134384749859
decision_type=2 2 2 2 2 2 2 2 2 2 2 2 2 2 2 2 2 2 2 2 2 2 2 2 2 2 2 2 2 2
left_child=1 7 3 4 10 8 17 -1 12 -4 -2 -3 -5 -12 -14 16 -8 18 21 -20 -19 23 -23 -7 28 -26 -24 -9 -25 -15
right_child=2 11 9 5 -6 6 15 27 -10 -11 13 -13 14 29 -16 -17 -18 20 19 -21 -22 22 26 24 25 -27 -28 -29 -30 -31
leaf_value=-0.0030737565318535811 -0.0019618283049007658 0.011865282546099778 -0.0072460004333406687 -0.001079604114228905 0.0017174276423947033 2.2779150398425095e-05 -0.004961047815382643 -0.0016716045807899519 -0.00026438123381825312 0.0080307174220504846 -0.0072287455054249649 0.0028217152931614958 -0.0052224756520254274 0.0069840864799647351 -0.0023880530859924269 -0.010067623347251402 0.0076453433990285834 9.0376100544318859e-05 0.012887463191380866 -0.0022923711957263701 -0.0020857871219541872 0.00022524897313856061 0.00097395594581891221 -0.0013435799899922402 -0.0033612060011059498 0.00054571487510914984 -0.0018858402161057071 0.0083282086851744399 -0.0027714748194259172 0.00091460334029373736
leaf_weight=338 2735 379 50 4529 4217 6664 229 101 3633 338 97 149 1166 242 6419 229 58 14104 52 7660 2036 14226 1217 13294 687 3418 5640 206 4403 722
leaf_count=338 2735 379 50 4529 4217 6664 229 101 3633 338 97 149 1166 242 6419 229 58 14104 52 7660 2036 14226 1217 13294 687 3418 5640 206 4403 722
internal_value=-0.000760066 0.00462509 -0.00082448 -0.000851835 0.000440047 -0.000967287 -0.000804449 0.000787363 -0.00173165 0.00606207 -0.000979003 0.00931322 -0.00217169 0.00155448 -0.00282377 -0.00581034 -0.00241341 -0.000769258 -0.000934184 -0.00219002 -0.000184139 -0.000738721 -0.000296279 -0.00106641 -0.00139933 -0.000108135 -0.00137828 0.00503837 -0.00169884 0.00243827
internal_weight=99238 1173 98065 97677 8013 89664 73917 645 15747 388 3796 528 12114 1061 7585 516 287 73401 57261 7712 16140 49549 21083 28466 21802 4105 6857 307 17697 964
internal_count=99238 1173 98065 97677 8013 89664 73917 645 15747 388 3796 528 12114 1061 7585 516 287 73401 57261 7712 16140 49549 21083 28466 21802 4105 6857 307 17697 964
is_linear=0
shrinkage=0.03


Tree=33
num_leaves=31
num_cat=0
split_feature=0 16 15 3 9 12 8 0 12 4 15 2 16 18 3 1 6 2 2 2 6 8 0 16 0 0 18 16 0 0
split_gain=37.7378 23.1613 20.3491 15.8023 15.8202 12.9837 12.0098 11.1449 12.0519 11.0895 10.654 10.0332 9.71936 9.40267 8.46827 8.38204 12.5187 8.04988 7.96763 7.88703 7.80062 7.60589 7.02282 7.36899 21.6569 16.1552 7.00509 6.92805 12.7728 12.2511
threshold=-5.231183314645901 -3.0547893189091115 0.96105965272177774 -7.4577509361860406 3.3665163191589906 0.50330608445074676 8.3825030702243719 3.3323169266206834 1.6888148325301844 -4.8445869045655057 0.4096074842062965 20.953804024279613 -2.3025744277261415 40.963552088517879 16.530690302907484 -0.1772808014320448 0.96993521229323187 -6.291801726795442 -12.365777054650438 -0.19823345298206616 1.7807442079320037 3.8833292383896736 1.2289093450328583 -1.0868287878185208 -0.84741553612261111 -2.9583396898284291 65.128275890698191 0.48379751955532269 1.3077311181828624 -2.511839161527373
decision_type=2 2 2 2 2 2 2 2 2 2 2 2 2 2 2 2 2 2 2 2 2 2 2 2 2 2 2 2 2 2
left_child=1 6 3 4 18 12 -1 -4 -9 13 19 27 -5 -7 15 16 21 -18 -2 22 -3 -14 23 24 -6 -25 -22 28 -11 -29
right_child=2 20 7 5 10 9 -8 8 -10 11 -12 -13 14 -15 -16 -17 17 -19 -20 -21 26 -23 -24 25 -26 -27 -28 29 -30 -31
leaf_value=-0.0020420300448957341 -0.013044054034878225 0.012782954748053819 -0.0071764388769865028 0.0015473603602064341 0.0005238160015999427 -0.0008274102836223295 0.005600348558079192 0.012283375976044076 0.00050906655991949691 -0.00047081685281440648 0.0029993474222789517 -0.0059080116385248054 -0.0038281824075698449 -0.0024915542692499439 -0.006903754562181696 -0.0010528312817876442 0.0045955812118831088 -0.0015517147925361659 -0.0010842527497426199 -0.00501403831252003 -0.00401111009397677 0.0016141514784219313 0.0081944099070581922 0.0061541008830125277 0.012733208016701499 -0.0032118311085594957 0.010317056402564048 0.0077776579414917659 0.0016295220120977423 -0.0010312643357484861
leaf_weight=409 51 302 50 820 1183 6717 338 215 123 32501 2250 318 4077 5606 287 8876 200 4630 2949 237 56 245 108 204 147 884 68 143 2833 22411
leaf_count=409 51 302 50 820 1183 6717 338 215 123 32501 2250 318 4077 5606 287 8876 200 4630 2949 237 56 245 108 204 147 884 68 143 2833 22411
internal_value=-0.000749653 0.00459942 -0.000813635 -0.000840872 0.000435558 -0.000954943 0.00141597 0.00604309 0.00799864 -0.000766907 0.00146675 -0.000593818 -0.00164802 -0.00158447 -0.00179108 -0.00170969 -0.00234674 -0.00129717 -0.00128757 0.000218713 0.0101817 -0.00351967 0.000709671 0.000375366 0.00187328 -0.00145572 0.00384627 -0.000564626 -0.000302416 -0.000975413
internal_weight=99238 1173 98065 97677 8013 89664 747 388 338 70529 5013 58206 19135 12323 18315 18028 9152 4830 3000 2763 426 4322 2526 2418 1330 1088 124 57888 35334 22554
internal_count=99238 1173 98065 97677 8013 89664 747 388 338 70529 5013 58206 19135 12323 18315 18028 9152 4830 3000 2763 426 4322 2526 2418 1330 1088 124 57888 35334 22554
is_linear=0
shrinkage=0.03


Tree=34
num_leaves=31
num_cat=0
split_feature=5 8 4 1 11 15 16 8 5 5 1 11 6 16 8 8 15 9 9 2 4 17 17 6 4 2 2 14 15 17
split_gain=28.4271 28.4935 13.6601 13.3862 12.3575 11.2781 11.0609 11.6156 10.3619 9.84235 12.0475 15.5952 14.8219 11.2432 8.77473 8.53451 9.26415 8.35941 8.32795 8.05471 7.99678 8.03666 7.32983 7.90525 9.70909 9.63378 7.41542 7.25682 7.1214 9.58919
threshold=-5.713273024996699 3.576451304230337 -4.8445869045655057 -3.2950576487714596 0.70574989097083962 0.88178596766246986 0.80703059329665205 10.087957252637965 -2.6803523208120024 9.2339233666492539 0.44247871633141816 1.2239954960521329 8.2719518590890839 -2.3025744277261415 1.8220915662216965 8.8599832140698567 0.10181149490881376 4.064003132175384 7.0387950819912755 -5.008922652962327 12.237229038993092 -19.944445028727724 -54.7886904489635 -10.594267967794545 -8.4723096993075711 -2.6486341063847836 0.43503979744802251 121.36630266108025 0.3480234086968465 -13.263655465617335
decision_type=2 2 2 2 2 2 2 2 2 2 2 2 2 2 2 2 2 2 2 2 2 2 2 2 2 2 2 2 2 2
left_child=1 3 8 -1 -3 6 7 9 18 10 11 13 19 -4 -14 22 -17 -7 28 -12 21 -16 -6 26 25 -25 -24 -9 29 -2
right_child=2 4 5 -5 15 17 -8 27 -10 -11 12 -13 14 -15 20 16 -18 -19 -20 -21 -22 -23 23 24 -26 -27 -28 -29 -30 -31
leaf_value=-0.0029256653317903539 -0.0027570411528799383 -0.0063216693944086987 0.00086325422025277981 0.0005415688003905071 -0.0034965789229609071 -5.5910170119879635e-05 -0.0014926560286193668 -0.00082895966058366751 -0.0026329669507667774 -0.0024039314683803967 0.0083523017824788017 0.00096698178516924722 0.0011411210107630171 -0.0013875808847634754 -0.0083616779426903976 -0.0040346395224332811 0.0090806132295229297 0.0027712529481877684 0.011054901954005747 0.00041706903976216584 -0.00043382382057555532 -0.0024479333666368166 0.0046715852323224493 -0.0016527997869295727 0.0036368884885270613 0.0062073250670324669 -0.0036643171360414913 0.009970863545868569 -0.00022805575724983482 0.00074201232390234593
leaf_weight=1713 3213 137 2181 2415 180 3968 17266 89 6451 2728 116 3386 1067 23715 226 57 324 1234 51 15278 1984 2437 1645 939 969 165 102 151 4148 903
leaf_count=1713 3213 137 2181 2415 180 3968 17266 89 6451 2728 116 3386 1067 23715 226 57 324 1234 51 15278 1984 2437 1645 939 969 165 102 151 4148 903
internal_value=-0.000739062 0.000904498 -0.000895922 -0.000897233 0.0025507 -0.000733358 -0.000832655 -0.000619087 -0.00173072 -0.00064884 -0.000553823 -0.000947665 -7.46804e-06 -0.00119801 -0.0013123 0.00282815 0.00711849 0.000614739 -0.00103073 0.000476864 -0.00187563 -0.00294981 0.0024195 0.00269826 0.00144543 -0.000478053 0.00418489 0.00596593 -0.00110531 -0.00198939
internal_weight=99238 8646 90592 4128 4518 75826 70624 53358 14766 53118 50390 29282 21108 25896 5714 4381 381 5202 8315 15394 4647 2663 4000 3820 2073 1104 1747 240 8264 4116
internal_count=99238 8646 90592 4128 4518 75826 70624 53358 14766 53118 50390 29282 21108 25896 5714 4381 381 5202 8315 15394 4647 2663 4000 3820 2073 1104 1747 240 8264 4116
is_linear=0
shrinkage=0.03


Tree=35
num_leaves=31
num_cat=0
split_feature=0 16 0 16 0 0 3 16 0 10 7 6 0 8 1 8 7 3 16 6 16 12 6 9 16 13 3 0 11 7
split_gain=36.8451 22.8479 17.2569 20.3961 30.0819 19.7479 17.2607 14.2486 28.9243 15.0494 13.9409 13.2987 11.5208 12.1735 11.7865 11.4505 11.2275 10.6962 10.1675 9.539 9.13072 8.86818 8.68937 8.59026 7.83633 7.66607 9.2553 8.05854 7.31729 7.80408
threshold=-5.231183314645901 -3.5373262929677258 2.1300850817886423 0.80703059329665205 -2.6488122334759505 0.28437139088094193 -6.551174147138938 -1.1807863381137882 -3.8524770464041218 3.1222571623563184 0.58506711309069825 -7.9148360138065916 -0.79016184660142497 2.0038211369701879 -3.7351739225005671 8.3825030702243719 -2.0513477639368722 -9.9403093620571514 -0.54437695448444823 1.7807442079320037 -0.50456948092349085 0.2460846441471998 6.6173709218417409 3.8018018498707398 -0.3403719317094685 1.3830401486526005 -14.636261045844348 -1.4317046157092495 1.0469686190863057 -0.81081232654309765
decision_type=2 2 2 2 2 2 2 2 2 2 2 2 2 2 2 2 2 2 2 2 2 2 2 2 2 2 2 2 2 2
left_child=1 15 3 5 -5 7 -4 12 20 10 21 18 13 14 -2 -1 17 -11 -7 -3 -9 -10 -14 -20 -13 26 -15 28 29 -28
right_child=2 19 6 4 -6 11 -8 8 9 16 -12 24 22 25 -16 -17 -18 -19 23 -21 -22 -23 -24 -25 -26 -27 27 -29 -30 -31
leaf_value=-0.003041261685126979 -0.013672709580059025 0.011712338465381422 0.0040022545075035273 0.010658450345369334 -0.0021508163614086819 0.0070542686987143484 -9.9316472004134477e-05 0.0017832084676689085 -0.0076579091971506977 -0.00028772821601423678 -1.1266720863942349e-05 0.00085403580858378701 0.0018795270287871549 0.0058753486185213503 -0.0028688135953336929 0.0049623600130518503 -0.0019260613668238451 -0.005460982986800679 -0.00041621491537430607 0.0027529780165723608 0.010584717446525171 -0.0015250321408722615 -0.0013038318076013084 0.0052928958096890707 -0.00054898584810446024 -0.0020037280579904182 -0.0033504950846723358 0.0012110338901330751 0.00043807890628928722 -0.00071697697171654829
leaf_weight=338 101 379 997 167 13820 378 12513 204 216 461 7802 5008 2959 223 907 307 10808 1637 764 149 221 12067 1044 344 12590 2554 1413 2421 2871 3575
leaf_count=338 101 379 997 167 13820 378 12513 204 216 461 7802 5008 2959 223 907 307 10808 1637 764 149 221 12067 1044 344 12590 2554 1413 2421 2871 3575
internal_value=-0.000729016 0.00455641 -0.000792237 -0.000951313 -0.00199788 -0.000743877 0.000203368 -0.00104942 -0.00141641 -0.00151659 -0.00100297 8.04109e-05 -0.000370697 -0.000774837 -0.00395135 0.000768214 -0.00231591 -0.00432425 0.00280571 0.00918403 0.00635999 -0.00163288 0.00104929 0.00135629 -0.000149717 -0.00052961 -0.000171151 -0.000302316 -0.00076851 -0.001463
internal_weight=99238 1173 98065 84555 13987 70568 13510 51484 33416 32991 20085 19084 18068 14065 1008 645 12906 2098 1486 528 425 12283 4003 1108 17598 13057 10503 10280 7859 4988
internal_count=99238 1173 98065 84555 13987 70568 13510 51484 33416 32991 20085 19084 18068 14065 1008 645 12906 2098 1486 528 425 12283 4003 1108 17598 13057 10503 10280 7859 4988
is_linear=0
shrinkage=0.03


Tree=36
num_leaves=31
num_cat=0
split_feature=2 8 15 15 6 17 16 8 16 11 15 17 10 1 13 13 16 15 15 10 8 13 10 11 16 11 1 18 18 15
split_gain=27.2781 26.3742 15.142 12.7043 21.2938 21.1496 16.5874 12.5654 11.3648 10.6372 9.87158 9.02877 9.71072 8.62238 9.00314 8.46253 8.41698 8.59421 8.39618 8.34478 8.09186 7.87338 7.6438 8.7832 7.44949 7.38932 8.31939 7.50554 7.12864 7.12352
threshold=-5.8329061870982626 3.8078240160900854 0.96105965272177774 0.34034875320394969 -7.9148360138065916 -19.608626284958039 0.78839346484745032 7.7421944792098456 -1.033892627838825 1.0949385051031675 0.75000337760228486 -15.639220449303952 6.9048077284979366 4.8382553901968786 1.0093052878552078 1.6498414330568842 -2.1901678754755136 0.74739417300938571 0.18261291004526412 5.525100435651038 1.0527934087180069 0.74721937118645809 2.6470563489698304 1.2898986862960953 -0.67050550425581024 0.81997257472910878 4.3584577580430777 28.734143937644195 38.278896135258059 0.16666486488277057
decision_type=2 2 2 2 2 2 2 2 2 2 2 2 2 2 2 2 2 2 2 2 2 2 2 2 2 2 2 2 2 2
left_child=1 20 3 5 16 8 9 19 18 -6 11 -8 -13 -4 -15 -11 -5 25 -2 -3 -1 -21 -7 24 -24 -18 27 -27 -20 -26
right_child=2 7 13 4 6 22 10 -9 -10 15 -12 12 -14 14 -16 -17 17 -19 28 21 -22 -23 23 -25 29 26 -28 -29 -30 -31
leaf_value=-0.012339580877260729 -0.0023419532371068983 0.0023512908260374496 -0.00066701603567470677 0.010633547601600487 -0.00065075092321222429 -5.5948717612828149e-05 -0.0033392509314684677 0.0062128052520978297 -0.0031905022424515905 0.0010891984285328279 -0.00082178554022572137 -0.0013161231587721217 -0.013866684782052678 0.016634983803544726 0.0042444870885933791 -0.0014527270132977882 -0.0024185618635596648 0.0034322116685485487 0.0044862740698560985 -0.0068568432378163053 -0.00074298139919999975 0.0017262690223972586 -0.0008809718821758901 0.00077121905462591465 -0.00069423108168425529 -0.0020530335814204111 -0.0050057871367659088 0.0029818148061944729 -0.00050229141810892279 -0.0029499972123439543
leaf_weight=55 2306 3168 138 90 24171 7571 3531 711 6798 6397 11189 6021 56 84 142 1445 647 1198 319 182 3520 204 8368 1788 1806 334 170 1318 1344 4167
leaf_count=55 2306 3168 138 90 24171 7571 3531 711 6798 6397 11189 6021 56 84 142 1445 647 1198 319 182 3520 204 8368 1788 1806 334 170 1318 1344 4167
internal_value=-0.000719104 0.000979137 -0.000864777 -0.000889194 -0.000612554 -0.00134321 -0.000767803 0.00257219 -0.00244576 -0.000339265 -0.00142745 -0.00213279 -0.00143178 0.00524178 0.0088498 0.000620813 0.00156969 0.00134724 -0.00117019 0.00184387 -0.000921391 -0.00232069 -0.000842322 -0.00121145 -0.00145864 0.000335571 0.00131358 0.00196387 0.000454625 -0.00226794
internal_weight=99238 7840 91398 91034 56567 34467 52810 4265 10767 32013 20797 9608 6077 364 226 7842 3757 3667 3969 3554 3575 386 23700 16129 14341 2469 1822 1652 1663 5973
internal_count=99238 7840 91398 91034 56567 34467 52810 4265 10767 32013 20797 9608 6077 364 226 7842 3757 3667 3969 3554 3575 386 23700 16129 14341 2469 1822 1652 1663 5973
is_linear=0
shrinkage=0.03


Tree=37
num_leaves=31
num_cat=0
split_feature=3 9 15 12 3 17 2 1 14 2 12 6 1 11 11 5 5 7 3 9 4 6 1 15 9 1 13 15 2 13
split_gain=29.0392 24.4477 13.5928 12.5985 12.9174 12.3122 12.669 11.2158 10.2526 10.0154 11.6256 9.99899 9.49837 10.1551 9.05245 8.60302 8.31081 11.8271 8.32996 10.9667 8.26634 16.0562 8.31332 9.29955 7.94377 7.32239 7.18013 6.8888 6.70281 6.52991
threshold=-8.8307100176081548 3.1054595106588794 0.88178596766246986 0.92726135714451496 20.055109574488533 -21.171118346867193 -6.1372487246435785 -7.6980212725611166 15.854716801958618 -0.35592376506257123 0.64941177076260692 -14.116205093474663 0.44247871633141816 1.1136400145835028 0.86857545138918091 -5.1102188294012221 2.5202915749792254 -0.49810903266433998 -3.6658381532587874 3.2635340199726817 -9.8453793752189203 -10.594267967794545 1.1380095253415214 0.39375503461376971 2.4716229508468928 -3.7351739225005671 1.283447994924106 0.85166182433489779 -4.8093629058753136 0.73053562157078378
decision_type=2 2 2 2 2 2 2 2 2 2 2 2 2 2 2 2 2 2 2 2 2 2 2 2 2 2 2 2 2 2
left_child=1 7 3 4 5 9 25 -1 -4 10 -2 -10 13 27 -3 29 17 -5 19 -19 21 22 -16 -24 -13 -7 -11 -8 -23 -12
right_child=2 14 8 16 -6 6 12 -9 11 26 15 24 -14 -15 20 -17 -18 18 -20 -21 -22 28 23 -25 -26 -27 -28 -29 -30 -31
leaf_value=-0.012520072861147733 -0.0036183700404242981 -0.0011391645286970868 0.005531645764391282 -0.00083534491025330027 -0.0058870670421997109 0.0036293878128568014 -0.0016198962227211005 -0.0015412339344736637 0.013328536031051323 -0.00074463134601306991 0.0070042281583882872 -0.0017280230614629293 -0.00044472751371093448 3.6283752226930686e-05 0.0040568392004923315 -0.0020535192117150918 -0.0010131114435676914 0.00024010082755723043 0.00024805201171964496 0.0048563920382173843 0.0046646302436450992 -0.0037807667428512775 -0.013248331076553406 0.0015506187744819334 0.00080409772659169169 -0.00076217187585792055 -0.003697981165011062 -0.0061026561178955108 0.0024668680140706475 8.2341187270263211e-05
leaf_weight=90 4578 580 349 8962 527 860 17705 1205 52 6223 165 1534 16167 3655 1614 2373 14300 952 7771 902 1466 514 53 137 4083 567 841 314 221 478
leaf_count=90 4578 580 349 8962 527 860 17705 1205 52 6223 165 1534 16167 3655 1614 2373 14300 952 7771 902 1466 514 53 137 4083 567 841 314 221 478
internal_value=-0.00070922 0.00133563 -0.000838011 -0.000933032 -0.00121304 -0.00116737 -0.000890411 -0.00230424 0.000541039 -0.00190931 -0.00266564 0.000233803 -0.000995053 -0.00140555 0.00236369 -0.00121948 -0.000469401 -5.10952e-05 0.000679133 0.002486 0.00287097 0.00183532 0.0033581 -0.00257751 0.000112577 0.00188446 -0.00109624 -0.00169801 -0.00190223 0.00185856
internal_weight=99238 5880 93358 87340 54453 53926 39268 1295 6018 14658 7594 5669 37841 21674 4585 3016 32887 18587 9625 1854 4005 2539 1804 190 5617 1427 7064 18019 735 643
internal_count=99238 5880 93358 87340 54453 53926 39268 1295 6018 14658 7594 5669 37841 21674 4585 3016 32887 18587 9625 1854 4005 2539 1804 190 5617 1427 7064 18019 735 643
is_linear=0
shrinkage=0.03


Tree=38
num_leaves=31
num_cat=0
split_feature=0 15 12 12 0 3 3 3 8 1 0 12 1 1 7 12 0 3 13 11 13 7 18 13 14 11 10 15 7 10
split_gain=35.7826 19.7751 14.9606 14.757 14.4532 13.3392 11.3898 11.2751 13.4852 12.9861 10.9414 11.961 9.5581 8.63628 7.944 9.26085 7.61658 7.60461 7.18395 7.04159 18.6856 9.01117 10.3295 7.88236 8.41502 7.02335 7.02324 7.04238 8.15968 6.91759
threshold=-5.231183314645901 0.96105965272177774 2.8681418094803672 0.92122241073102229 1.4171603671678423 -14.636261045844348 -2.201883536686005 16.530690302907484 3.8589504581826017 -0.47137372613549883 3.3323169266206834 1.6888148325301844 9.2489692397598109 -6.6328981983414295 -0.58750418249366432 0.13072999160381657 -4.9320255012881757 -7.7952085494148387 1.5464706062093179 1.2898986862960953 1.4557749656106633 -0.45314279679048436 57.026382617944023 1.2905407085105869 25.169433183378299 1.2196884595946282 5.7605423068383379 0.12599853515625004 -1.1823455751853282 6.0589170291175574
decision_type=2 2 2 2 2 2 2 2 2 2 2 2 2 2 2 2 2 2 2 2 2 2 2 2 2 2 2 2 2 2
left_child=2 3 6 4 7 -5 18 8 9 16 -3 -12 19 -10 15 -11 -2 -6 -1 21 23 -7 -23 24 -21 29 27 -15 -29 -19
right_child=1 10 -4 5 17 12 -8 -9 13 14 11 -13 -14 26 -16 -17 -18 25 -20 20 -22 22 -24 -25 -26 -27 -28 28 -30 -31
leaf_value=0.0097361264474254677 -0.013084957886825907 -0.0071003968924283978 -0.0017618920195074576 0.0044914126531220965 0.0037717162320630316 -0.0011888450740653812 0.0015684552825337577 -0.004904279086109904 0.0037517419583768582 -0.011503860145038384 0.012204090050659901 0.00047426329880225952 -0.0024875160068171865 -0.0020294193223539111 -0.00055919692865688303 -0.0016044847656536091 -0.001906038213148515 -0.00027165397500009499 -0.001633503545329652 -0.0029079923609216861 -0.00082840826786946987 0.0006683725560888028 -0.00072208455088753894 0.0047281337871446184 0.0023644969444423895 0.0023916279026574608 -0.0033752267677355798 0.0034934142739321689 3.9511602837218304e-05 -0.0057761059846387994
leaf_weight=552 55 50 265 510 489 10344 301 753 547 86 215 123 1864 1017 17214 7705 20568 5820 55 340 3386 8787 10620 947 1371 888 563 789 2801 213
leaf_count=552 55 50 265 510 489 10344 301 753 547 86 215 123 1864 1017 17214 7705 20568 5820 55 340 3386 8787 10620 947 1371 888 563 789 2801 213
internal_value=-0.000699114 -0.000761417 0.00450955 -0.000788267 -0.00108359 -0.000327845 0.00633987 -0.00125991 -0.00120647 -0.00137856 0.00599792 0.00793554 -0.00039311 0.000167047 -0.000918932 -0.00171376 -0.00193585 0.000156113 0.00870593 -0.000284045 0.000649497 -0.000473697 -9.25207e-05 0.00253219 0.00131678 -9.93456e-05 -0.000212224 0.000174312 0.000798601 -0.000465993
internal_weight=99238 98065 1173 97677 59508 38169 908 52098 51345 45628 388 338 37659 5717 25005 7791 20623 7410 607 35795 6044 29751 19407 2658 1711 6921 5170 4607 3590 6033
internal_count=99238 98065 1173 97677 59508 38169 908 52098 51345 45628 388 338 37659 5717 25005 7791 20623 7410 607 35795 6044 29751 19407 2658 1711 6921 5170 4607 3590 6033
is_linear=0
shrinkage=0.03


Tree=39
num_leaves=31
num_cat=0
split_feature=0 16 15 3 11 10 8 0 0 16 0 0 16 6 15 17 15 11 0 6 17 7 16 3 6 8 10 15 18 16
split_gain=35.2797 22.4114 19.6239 14.2463 14.9355 12.3007 11.6891 10.802 10.2879 16.2305 24.2761 14.8957 10.5506 10.5354 10.0537 9.07796 9.57261 8.92698 8.86306 8.83929 8.7519 8.66547 8.44592 8.29998 7.56938 7.55368 11.4878 8.79614 7.78645 9.38976
threshold=-5.231183314645901 -3.0547893189091115 0.96105965272177774 -7.4577509361860406 1.0291303700508412 6.9048077284979366 8.3825030702243719 3.3323169266206834 1.5033796568553977 0.013034396529631039 -3.8524770464041218 -0.49730636990654503 0.80703059329665205 9.1886069063852016 0.50000016228402444 -19.944445028727724 0.26339187762193733 0.67990226368794271 -2.0451149062857543 -7.9148360138065916 -51.640766791552799 -0.58750418249366432 -0.9979280286639346 10.678780832318049 1.7807442079320037 2.8444006296102438 3.68634339709098 0.30960561175096385 53.34452157783705 -0.89890815512277944
decision_type=2 2 2 2 2 2 2 2 2 2 2 2 2 2 2 2 2 2 2 2 2 2 2 2 2 2 2 2 2 2
left_child=1 6 3 4 14 8 -1 -4 9 11 -11 20 13 -10 -2 16 -12 -16 -18 -17 -5 -21 -13 -7 -3 26 28 -27 29 -22
right_child=2 24 7 5 -6 23 -8 -9 12 10 15 22 -14 -15 17 19 18 -19 -20 21 25 -23 -24 -25 -26 27 -28 -29 -30 -31
leaf_value=-0.0020602677789150138 -0.0018925807571567048 0.012536323543835355 -0.0070322330720722671 -0.0058155779994296932 0.0016629979435484991 -0.002175384094602243 0.0054793822008719628 0.0079076216339006924 0.001872692082691251 0.014776000391553948 -0.0047018837753091906 0.0010679663590075434 -0.00062566302621977867 -0.00164357553773686 -0.0071271455032539729 0.004850498819048853 0.0098613656152571946 0.0024207294521385405 -0.0021299353463918079 -0.0026632074547630544 -0.0008195179659555887 -0.0010470756009523818 -0.0004011106876272674 -0.009606204115464036 0.0037330979454301056 -0.00104034324787021 -0.0039786608545649485 0.00071548893262489497 -0.0004102343513270376 -0.0032970828253265148
leaf_weight=409 2735 302 50 356 4217 317 338 338 3345 81 1495 4682 14054 995 97 207 56 964 5912 3773 2793 14314 14217 236 124 9992 1613 3456 5055 2715
leaf_count=409 2735 302 50 356 4217 317 338 338 3345 81 1495 4682 14054 995 97 207 56 964 5912 3773 2793 14314 14217 236 124 9992 1613 3456 5055 2715
internal_value=-0.000689191 0.00448274 -0.000751055 -0.000777802 0.000434157 -0.000886112 0.00135125 0.00598238 -0.000858431 -0.00102283 -0.00162182 -0.000677976 -0.000226393 0.00106654 -0.000930969 -0.00167338 -0.00255517 0.00154783 -0.00201742 -0.00131366 -0.00114413 -0.00138421 -3.71645e-05 -0.00534658 0.00997388 -0.00107923 -0.00162055 -0.000589112 -0.00126046 -0.00204076
internal_weight=99238 1173 98065 97677 8013 89664 747 388 89111 70717 25838 44879 18394 4340 3796 25757 7463 1061 5968 18294 25980 18087 18899 553 426 25624 12176 13448 10563 5508
internal_count=99238 1173 98065 97677 8013 89664 747 388 89111 70717 25838 44879 18394 4340 3796 25757 7463 1061 5968 18294 25980 18087 18899 553 426 25624 12176 13448 10563 5508
is_linear=0
shrinkage=0.03


Tree=40
num_leaves=31
num_cat=0
split_feature=0 16 15 5 8 4 1 8 0 7 5 0 7 2 11 16 15 16 0 0 0 15 17 1 14 15 15 1 16 17
split_gain=34.7758 22.0903 19.456 12.6782 15.3592 12.6765 11.5046 11.1642 10.6592 10.2624 10.0855 11.1426 8.97382 8.95378 8.36862 8.08459 7.68772 9.67809 11.9474 10.1451 9.46083 7.54846 9.06165 8.89804 7.42934 7.40641 7.27511 11.8709 9.43909 8.98098
threshold=-5.231183314645901 -3.5373262929677258 0.96105965272177774 -5.713273024996699 3.576451304230337 -4.8445869045655057 -3.2950576487714596 8.3825030702243719 3.3323169266206834 9.6283230085399545 -2.6803523208120024 -0.75448900510473382 -1.2880182086840217 -8.377688175513347 0.70574989097083962 -1.033892627838825 0.88178596766246986 0.80703059329665205 1.0605179265985272 1.3077311181828624 -2.511839161527373 0.3480234086968465 -31.210922360252741 1.267465932506129 54.346600610470588 0.10714157120985951 0.13320001603963971 -3.7351739225005671 -1.8240860090873827 -14.66947375751573
decision_type=2 2 2 2 2 2 2 2 2 2 2 2 2 2 2 2 2 2 2 2 2 2 2 2 2 2 2 2 2 2
left_child=1 7 3 4 6 10 -2 -1 -4 13 21 24 -3 -7 -6 -13 17 18 -15 20 -19 22 23 -5 -12 -9 27 28 -16 -30
right_child=2 12 8 5 14 9 -8 25 -10 -11 11 15 -14 16 26 -17 -18 19 -20 -21 -22 -23 -24 -25 -26 -27 -28 -29 29 -31
leaf_value=-0.0030311241151610687 -0.0027882683574068897 0.014265132361076811 -0.0069647236414253711 -0.0035842703255522064 -0.0058647978305816648 0.0033579290373982186 0.00043794666103640702 -0.0017829262354586383 0.0078760379421133429 -0.0059274759129262881 -0.0072649838466010992 0.0019070012006918561 0.0060972692357266654 -0.00075314299796881733 -0.0019670803105691446 -0.0022384961668254189 0.00043842799744183282 0.0068914282093850933 0.00069188502597333855 -0.000848991734740312 -0.0025018199375112489 -8.3511517743068111e-05 -0.0011787557608835379 -0.013422347336647012 -0.0031279385720460982 0.0081345225789231576 0.0027203517253928007 -0.0061232700702898643 0.0028506398638203406 0.01545569106732728
leaf_weight=338 1698 188 50 750 126 489 2402 101 338 338 625 470 340 46486 308 4270 4861 98 5791 10682 6317 4162 3247 93 1042 206 2872 238 248 64
leaf_count=338 1698 188 50 750 126 489 2402 101 338 338 625 470 340 46486 308 4270 4861 98 5791 10682 6317 4162 3247 93 1042 206 2872 238 248 64
internal_value=-0.000679589 0.00445527 -0.000741009 -0.000767642 0.000380125 -0.00086942 -0.000898178 0.000730413 0.00596357 -0.000711835 -0.00167634 -0.00256938 0.00900552 -0.000688243 0.00173932 -0.00182744 -0.000714895 -0.000795708 -0.00059307 -0.00141531 -0.00235832 -0.000982971 -0.00189826 -0.00466961 -0.00467902 0.00487178 0.00199619 -0.000427828 0.00175849 0.00543629
internal_weight=99238 1173 98065 97677 7956 89721 4100 645 388 75062 14659 6407 528 74724 3856 4740 74235 69374 52277 17097 6415 8252 4090 843 1667 307 3730 858 620 312
internal_count=99238 1173 98065 97677 7956 89721 4100 645 388 75062 14659 6407 528 74724 3856 4740 74235 69374 52277 17097 6415 8252 4090 843 1667 307 3730 858 620 312
is_linear=0
shrinkage=0.03


Tree=41
num_leaves=31
num_cat=0
split_feature=3 8 1 11 2 10 4 9 11 11 3 17 8 5 1 16 8 1 5 11 13 8 3 17 2 16 4 10 8 14
split_gain=27.3897 25.7271 11.8364 12.7796 11.0101 11.1827 10.6593 13.0665 10.6118 9.68418 9.01032 8.66583 8.64652 8.56831 7.6494 7.22688 7.08033 7.01277 6.9969 6.83114 6.33386 6.04652 7.28218 7.12151 7.05276 9.08734 7.33292 7.90295 7.31598 7.42871
threshold=-8.8307100176081548 3.576451304230337 -1.8610784771147524 0.8640693660996458 -8.377688175513347 6.9048077284979366 -1.1588564519157849 7.0387950819912755 0.70574989097083962 0.75761156655969109 -14.636261045844348 -47.202009479057701 1.9493245936979036 -3.8172023715393029 4.8382553901968786 0.51645160833800086 9.3969282438620461 -6.0962069837679307 -6.286164810743327 0.542834091525915 1.7148244897453317 2.2887317139589824 -2.3918391100787857 -31.210922360252741 -4.5226645170858601 1.7704397563265215 -4.650806697110947 2.3860401982897259 3.6656361456322588 21.396375515525516
decision_type=2 2 2 2 2 2 2 2 2 2 2 2 2 2 2 2 2 2 2 2 2 2 2 2 2 2 2 2 2 2
left_child=1 2 12 -4 16 6 7 9 -3 11 20 -6 18 14 -12 -14 -2 -7 -1 -8 -10 23 -23 -11 -24 26 28 -28 29 -26
right_child=4 8 3 -5 5 17 19 -9 10 21 13 -13 15 -15 -16 -17 -18 -19 -20 -21 -22 22 24 -25 25 -27 27 -29 -30 -31
leaf_value=-0.011332677609304556 0.0014622319440068807 -0.0058961960172231216 -0.0031114161837601331 0.0034739707087304318 -0.0082704380177257755 0.004715380304950779 -0.0046442079147622408 0.0065536665305262433 0.007589880516414441 -0.003657541404601465 0.0023599960313119401 -0.0021944205965488844 -0.0006835945665413087 0.010449414584416382 -0.0092866298828560567 -0.0067241319072714372 0.010509004349421178 -0.0062218404401006002 0.001418313473353491 -0.00054420484706161113 0.0010493142651421563 -0.00011127786351707738 -0.0046469977469352835 -0.0013205304277915462 0.0013423349029278453 -0.003631518005833799 -0.0028018000536675488 0.00099123011878218836 0.00031704555063818887 -0.0036922284828860455
leaf_weight=161 1065 113 392 820 220 59 368 192 630 1370 2118 5317 1043 116 52 215 84 499 51 59436 169 8719 550 8183 316 1104 606 2684 990 1596
leaf_count=161 1065 113 392 820 220 59 368 192 630 1370 2118 5317 1043 116 52 215 84 499 51 59436 169 8719 550 8183 316 1104 606 2684 990 1596
internal_value=-0.00066986 0.00131607 -0.000850829 0.00134404 -0.00079494 -0.000831307 -0.000805529 -0.00124888 0.00313333 -0.00129621 0.00346407 -0.00243584 -0.00266048 0.00250556 0.00208091 -0.00171596 0.00212361 -0.0050654 -0.00826522 -0.000569434 0.00620646 -0.00105461 -0.000707966 -0.00165568 -0.00137104 -0.00112409 -0.000677031 0.000292575 -0.00177627 -0.00286016
internal_weight=99238 5880 2682 1212 93358 92209 91651 31847 3198 31655 3085 5537 1470 2286 2170 1258 1149 558 212 59804 799 26118 16565 9553 7846 7296 6192 3290 2902 1912
internal_count=99238 5880 2682 1212 93358 92209 91651 31847 3198 31655 3085 5537 1470 2286 2170 1258 1149 558 212 59804 799 26118 16565 9553 7846 7296 6192 3290 2902 1912
is_linear=0
shrinkage=0.03


Tree=42
num_leaves=31
num_cat=0
split_feature=3 8 15 15 12 3 14 6 1 8 4 6 9 7 1 6 13 9 15 1 3 15 1 2 8 2 4 5 15 1
split_gain=26.8932 25.3508 12.765 11.7404 11.5003 12.6835 9.94868 9.83691 9.50013 17.667 10.0557 8.98985 8.41026 8.34031 8.24796 8.00649 11.6761 7.58146 7.43924 7.13844 6.88977 7.13693 7.98731 6.76888 6.36675 6.1828 6.28714 6.0955 10.059 6.02549
threshold=-8.8307100176081548 3.576451304230337 0.88178596766246986 0.50404860586349931 0.92726135714451496 20.055109574488533 15.854716801958618 -14.116205093474663 0.44247871633141816 3.6202354382575677 -4.8445869045655057 1.0555982320409221 3.3665163191589906 1.1052885521561697 7.9672298202314149 8.0496306178498216 2.4169426162521419 2.4716229508468928 0.19588795595887573 -0.47137372613549883 -14.636261045844348 0.14017114014741175 4.8382553901968786 -14.484028047423328 5.8062947187532457 -6.1372487246435785 12.623364048534571 -2.1320529379971656 0.34428781937972958 -4.2526462144461528
decision_type=2 2 2 2 2 2 2 2 2 2 2 2 2 2 2 2 2 2 2 2 2 2 2 2 2 2 2 2 2 2
left_child=1 3 4 23 5 8 -4 -8 9 11 18 13 -5 27 -6 -12 -17 -9 -10 -15 -3 29 -23 -1 -16 26 -11 28 -2 -22
right_child=2 20 6 12 14 -7 7 17 10 25 15 -13 -14 19 24 16 -18 -19 -20 -21 21 22 -24 -25 -26 -27 -28 -29 -30 -31
leaf_value=-0.012443213940465023 -0.002422585794112525 0.0054559753417446136 0.0054683716988383141 -0.0013715457015254363 -0.00030324258934423797 -0.0057752250851550802 0.013237818821978111 -0.0016687246477114512 -0.0054181901840759166 0.0032642499705508674 0.00010499146778869897 -0.0011373964348347374 0.0047323064707244103 -0.0061121462956750866 -0.00061402976195767186 -0.0010938978296564095 -0.014179717419789203 0.00080497893892578622 -0.0015181918500038424 0.0019029830119208146 0.0015308076256111156 0.0036376572216221038 -0.0073250486665675718 -0.0018518224661228768 -0.0037781441042515681 -0.00033122051092587324 -0.0040294402043838974 -0.0027194313919152837 -0.00016241940085332703 -0.0048838474259942227
leaf_weight=56 4152 834 349 355 30597 527 52 1534 525 830 12226 12213 475 767 1164 6014 62 4083 2725 115 411 1697 62 1796 1126 4507 122 6576 3092 194
leaf_count=56 4152 834 349 355 30597 527 52 1534 525 830 12226 12213 475 767 1164 6014 62 4083 2725 115 411 1697 62 1796 1126 4507 122 6576 3092 194
internal_value=-0.000660158 0.00130768 -0.000784099 -0.000843306 -0.000876181 -0.00114371 0.000552299 0.000249651 -0.00109845 -0.00142333 -0.000610423 -0.00173895 0.00212162 -0.00223867 -0.000433218 -0.000337352 -0.00122743 0.000129412 -0.00214819 -0.00506709 0.00311161 0.00228454 0.00325125 -0.00217208 -0.00216983 0.000132794 0.00232955 -0.00205816 -0.00145787 -0.000526123
internal_weight=99238 5880 93358 2682 87340 54453 6018 5669 53926 32374 21552 26915 830 14702 32887 18302 6076 5617 3250 882 3198 2364 1759 1852 2290 5459 952 13820 7244 605
internal_count=99238 5880 93358 2682 87340 54453 6018 5669 53926 32374 21552 26915 830 14702 32887 18302 6076 5617 3250 882 3198 2364 1759 1852 2290 5459 952 13820 7244 605
is_linear=0
shrinkage=0.03


Tree=43
num_leaves=31
num_cat=0
split_feature=0 16 0 16 0 0 3 17 6 16 0 7 8 0 1 16 0 9 4 2 3 14 6 0 8 6 14 14 0 2
split_gain=33.8373 21.7866 15.4025 19.4182 35.7927 17.4738 16.1222 13.3242 12.6778 11.819 25.9309 12.5512 11.3728 11.2678 10.6828 9.11145 9.34372 8.42956 8.36564 7.85627 7.74337 9.11994 7.41936 7.36614 7.24184 8.07405 7.1865 7.03934 6.99455 6.71277
threshold=-5.231183314645901 -3.0547893189091115 2.1300850817886423 0.59915555626214634 -2.4450668674149534 0.28437139088094193 -6.551174147138938 -49.07469848051128 -7.9148360138065916 -1.0148654895603897 -3.8524770464041218 -2.0134779570868284 8.3825030702243719 -0.49730636990654503 1.2031921592395192 -0.54437695448444823 0.78363462029612518 4.9335327434826555 33.503359514755189 -2.3172686998078169 1.0540126186544321 8.8954970452015711 1.7807442079320037 -3.8524770464041218 3.6904596400573917 -10.284217009039256 30.270366035000006 18.23407757110558 -0.12936742120884889 13.847800163817682
decision_type=2 2 2 2 2 2 2 2 2 2 2 2 2 2 2 2 2 2 2 2 2 2 2 2 2 2 2 2 2 2
left_child=1 12 3 5 -5 7 -4 17 15 13 -11 14 -1 -9 20 -7 24 23 26 -18 21 -12 -3 -2 25 -17 -10 28 -6 -29
right_child=2 22 6 4 27 8 -8 9 18 10 11 -13 -14 -15 -16 16 19 -19 -20 -21 -22 -23 -24 -25 -26 -27 -28 29 -30 -31
leaf_value=-0.0020382245999139284 -0.014830468775970594 0.012365323952183324 0.0039007216717355667 0.0088188591185516044 -0.0071302594286069727 0.0070004156165819108 -6.3275987209065356e-05 -0.0005871875322184532 0.0013372870957941124 0.0069119305894228406 -0.0083691239665901317 -0.001103409226409995 0.0053987283776541781 0.0013391381814849706 -0.0067451596090296814 -0.0081843133690662293 0.0085869690214661568 0.0015716676899920339 -0.0085379148699406496 0.00096629697357056505 -0.0073283949709020378 -0.0011851990875743198 0.0036497685259147998 -0.0046766867343046407 0.0086555586589555089 0.00086317164977803263 -0.0002906585722728861 -0.0016151463236615056 -0.0026980743447652059 -0.0076980285338041458
leaf_weight=409 70 302 997 285 393 378 12513 17204 3065 348 172 24942 338 3249 593 169 212 184 103 286 246 2111 124 790 51 187 11978 15638 1736 165
leaf_count=409 70 302 997 285 393 378 12513 17204 3065 348 172 24942 338 3249 593 169 212 184 103 286 246 2111 124 790 51 187 11978 15638 1736 165
internal_value=-0.000650752 0.00441435 -0.000711338 -0.000861624 -0.00172918 -0.000623385 0.000229256 -0.000902736 0.000225243 -0.000831088 -0.00122695 -0.00132787 0.00132682 -0.000281187 -0.00312111 0.00308858 0.00145469 -0.00425625 -1.73068e-05 0.00421044 -0.00227134 -0.00172643 0.0098284 -0.00550316 -0.0019172 -0.00343184 4.10341e-05 -0.00189683 -0.00351623 -0.00167866
internal_weight=99238 1173 98065 84555 18217 66338 13510 49909 16429 48865 28412 28064 747 20453 3122 1283 905 1044 15146 498 2529 2283 426 860 407 356 15043 17932 2129 15803
internal_count=99238 1173 98065 84555 18217 66338 13510 49909 16429 48865 28412 28064 747 20453 3122 1283 905 1044 15146 498 2529 2283 426 860 407 356 15043 17932 2129 15803
is_linear=0
shrinkage=0.03


Tree=44
num_leaves=31
num_cat=0
split_feature=0 15 13 3 9 15 4 10 0 10 3 5 2 1 8 0 1 4 7 17 7 0 10 7 14 15 14 9 2 1
split_gain=33.3467 19.0944 13.3658 13.1076 17.8129 14.6913 12.2699 11.7887 10.4903 10.378 9.55997 9.17971 9.66822 8.99355 8.59124 8.40003 7.44293 7.13872 7.04213 6.92285 11.5257 6.91768 6.84672 8.0732 6.72539 6.6088 6.43667 6.32055 9.68836 8.76009
threshold=-5.231183314645901 0.96105965272177774 0.99749005878481767 -5.9247414392425748 3.3665163191589906 0.3480234086968465 -4.8445869045655057 6.9048077284979366 3.3323169266206834 2.8571897750318098 10.678780832318049 -1.3882917031081423 1.8157647202650009 -10.033386477835352 8.3825030702243719 1.2567552883327804 -3.979371450893137 -14.646336614202026 -2.4450087679492523 -23.705788625857085 3.3777271842468486 4.1019210902327474 4.3630434387872556 -0.6977949510428848 140.19097710899294 0.88178596766246986 347.28070801576013 4.6043692278362895 -8.377688175513347 2.1783923896652406
decision_type=2 2 2 2 2 2 2 2 2 2 2 2 2 2 2 2 2 2 2 2 2 2 2 2 2 2 2 2 2 2
left_child=2 3 22 4 13 9 11 25 -3 -6 21 12 -5 -2 18 16 26 -18 -4 -10 -21 -9 23 -1 -13 -8 -11 28 -7 -30
right_child=1 8 14 6 5 27 7 10 19 15 -12 24 -14 -15 -16 -17 17 -19 -20 20 -22 -23 -24 -25 -26 -27 -28 -29 29 -31
leaf_value=0.019706919362205404 -0.01373915360122919 -0.0068853234887123107 0.006534860098734498 -0.0015779896819010551 0.0059467210153647029 -0.0038023911525588826 -0.00074993539316290053 -0.0038645666996830873 0.013406546055561019 1.3970278205747888e-05 -0.0098179263814340244 -0.0022644336195057966 0.0013378107052954607 -0.00095768067037272525 0.0056428283096562198 0.0076277319820863866 -0.0063375855539626437 -0.0013652006086486647 -0.0027039638035177417 -0.0018360046295706053 0.012216621832340024 0.0083809233560728346 0.0047690032962410846 0.0076213003474019337 -0.0053507179512937023 0.00040794288206469522 0.0077170793051646912 0.0040967726257464775 0.0031910720909486432 -0.0026452713033982686
leaf_weight=86 50 50 95 8927 227 269 66819 206 126 1236 229 2450 1156 5461 347 105 331 1209 340 116 96 52 187 118 858 4752 106 1440 1521 273
leaf_count=86 50 50 95 8927 227 269 66819 206 126 1236 229 2450 1156 5461 347 105 331 1209 340 116 96 52 187 118 858 4752 106 1440 1521 273
internal_value=-0.000641688 -0.000701833 0.00438656 -0.000728217 0.00019046 0.0012276 -0.000859682 -0.00070471 0.00594015 -0.000237142 -0.00535646 -0.0016936 -0.0012437 -0.00107364 0.00212216 -0.00070709 -0.00101075 -0.00243394 -0.00068629 0.00783741 0.00452745 -0.00139648 0.00891538 0.0127162 -0.00306493 -0.000673057 0.000622413 0.0025715 0.00150684 0.00230293
internal_weight=99238 98065 1173 97677 12228 6717 85449 72058 388 3214 487 13391 10083 5511 782 2987 2882 1540 435 338 212 258 391 204 3308 71571 1342 3503 2063 1794
internal_count=99238 98065 1173 97677 12228 6717 85449 72058 388 3214 487 13391 10083 5511 782 2987 2882 1540 435 338 212 258 391 204 3308 71571 1342 3503 2063 1794
is_linear=0
shrinkage=0.03


Tree=45
num_leaves=31
num_cat=0
split_feature=0 16 0 16 0 0 17 12 6 1 8 6 16 11 6 16 11 2 9 9 4 16 1 16 0 14 6 14 14 1
split_gain=32.9562 21.407 14.8337 19.0444 28.5856 18.2931 15.5439 12.499 12.4722 11.2058 10.7776 9.82943 9.62658 9.21111 9.13593 8.94757 8.30509 8.39149 8.28423 8.00245 7.72021 7.3771 7.32446 7.27113 7.25324 7.24474 7.17254 8.74717 7.44805 6.98924
threshold=-5.231183314645901 -3.5373262929677258 2.1300850817886423 0.80703059329665205 -2.6488122334759505 0.28437139088094193 -20.278877044621989 0.52305798015142968 -7.9148360138065916 -6.0962069837679307 8.3825030702243719 -10.284217009039256 -0.54437695448444823 1.5421317382769348 1.7807442079320037 0.48379751955532269 1.092091903337324 6.3522802821464177 2.7587466884883272 3.8018018498707398 -2.9599868190294418 -0.3403719317094685 -7.2765077015031867 -0.62843460306998833 -2.0451149062857543 93.282905004002558 5.4974936560449921 507.23379436708251 135.43299021226588 -4.5743163200282924
decision_type=2 2 2 2 2 2 2 2 2 2 2 2 2 2 2 2 2 2 2 2 2 2 2 2 2 2 2 2 2 2
left_child=1 10 3 5 -5 6 7 29 12 13 -1 -4 -7 -8 -3 -9 18 -18 20 -14 -11 -10 -13 25 -17 -20 28 -28 -19 -2
right_child=2 14 11 4 -6 8 9 15 21 16 -12 22 19 -15 -16 24 17 26 23 -21 -22 -23 -24 -25 -26 -27 27 -29 -30 -31
leaf_value=-0.0029964047629705125 -0.00728456071486497 0.011319865384544577 0.0038926846627479147 0.010486477978393704 -0.0020001457970676506 0.0069272885171489584 0.0014260304750835378 -0.0010242077925292018 0.00090505762299778381 -0.0016418657926130578 0.0047684606112515498 0.0098718187745715329 -0.00032784876522516063 0.011406892931946877 0.0025518411525443895 0.0060176278026226691 0.00046568134289394074 0.0070370963886380198 -2.7247735682156994e-05 0.0051824693730152431 -9.8033884520870368e-05 -0.00045623213741959084 -1.5298503189748583e-07 -0.0026522033552095437 -0.0058144569196188324 -0.0020435125602699818 -0.0035670163859316006 0.0053169166838425552 -0.0059920078624378552 -0.0027695058867545784
leaf_weight=338 336 379 629 167 13820 378 1281 11114 5008 4010 307 68 764 89 149 51 7812 140 3295 344 10678 12590 12813 3891 544 3125 1175 109 55 3779
leaf_count=338 336 379 629 167 13820 378 1281 11114 5008 4010 307 68 764 89 149 51 7812 140 3295 344 10678 12590 12813 3891 544 3125 1175 109 55 3779
internal_value=-0.000632491 0.00436623 -0.000692283 -0.000839768 -0.00185106 -0.000639324 -0.0009334 -0.00171592 0.000154023 -0.000586157 0.00069943 0.000230779 0.00279328 0.00207442 0.00884556 -0.00121609 -0.000692457 7.33867e-05 -0.000977086 0.00138294 -0.000519518 -6.88393e-05 5.19621e-05 -0.00162889 -0.00480028 -0.00100869 -0.00199869 -0.00281285 0.00336222 -0.00313817
internal_weight=99238 1173 98065 84555 13987 70568 51484 15824 19084 35660 645 13510 1486 1370 528 11709 34290 9291 24999 1108 14688 17598 12881 10311 595 6420 1479 1284 195 4115
internal_count=99238 1173 98065 84555 13987 70568 51484 15824 19084 35660 645 13510 1486 1370 528 11709 34290 9291 24999 1108 14688 17598 12881 10311 595 6420 1479 1284 195 4115
is_linear=0
shrinkage=0.03


Tree=46
num_leaves=31
num_cat=0
split_feature=0 16 15 12 17 15 8 2 0 12 16 0 0 0 6 14 11 13 17 2 11 13 16 0 4 15 18 2 18 15
split_gain=32.5012 21.1066 18.924 13.4785 12.5308 11.3307 11.0241 10.5698 10.3525 11.9332 9.39951 30.5785 18.2622 18.2592 17.779 8.74097 9.27414 11.4693 7.86915 7.40394 7.36029 10.4098 9.89976 14.0352 13.2522 9.0726 10.6807 7.78852 7.95627 7.22016
threshold=-5.231183314645901 -3.0547893189091115 0.96105965272177774 0.52696213921671442 -22.118756016933901 0.70836454403232962 8.3825030702243719 20.953804024279613 3.3323169266206834 1.6888148325301844 0.43648000699418499 -2.4450668674149534 1.5317994675012552 0.28437139088094193 -7.7495600425788647 30.270366035000006 1.5206558573594704 1.7645752132882289 -19.944445028727724 -0.43241274055250128 1.4134337795279042 1.4027749798885962 -1.4654647560844609 -4.0488156616650324 -7.3789331816287982 0.12408723353026289 40.963552088517879 1.6874983501445675 46.934140009416126 0.39786276383361935
decision_type=2 2 2 2 2 2 2 2 2 2 2 2 2 2 2 2 2 2 2 2 2 2 2 2 2 2 2 2 2 2
left_child=1 6 3 4 5 19 -1 10 -4 -10 13 -12 18 20 -15 -16 -17 -18 -13 -2 21 22 25 -24 -25 -5 -27 29 -29 -26
right_child=2 -3 8 7 -6 -7 -8 -9 9 -11 11 12 -14 14 15 16 17 -19 -20 -21 -22 -23 23 24 27 26 -28 28 -30 -31
leaf_value=-0.0020117727694247364 -0.0041546826884132707 0.0096691394096214151 -0.0068119126886129382 -0.0012267774347494021 -0.0009383053157487395 0.00034922176683607406 0.0053102873661417579 -0.0059545722337206826 0.012077395183748976 0.00036119632922658104 0.008327746571059216 -0.0029612535309441936 -0.00031265071507355309 0.004528274388797179 0.0022029673782549487 -0.00015493995852002286 0.011255147834502471 -0.0013903509534131258 -0.0013589783524520704 -0.0017612758675798442 0.0011718392581263361 -0.0020677299663506891 0.0059846753645132278 -0.0026943971612588937 -0.0014676222307219689 0.0038139191199957098 0.00043919794211107416 0.0063113384776670722 0.0002265329850427146 9.5922288698299473e-05
leaf_weight=409 2796 426 50 2210 17201 1002 338 320 215 123 318 3988 14916 1044 2027 8482 144 117 8949 1992 2038 4266 268 3200 8361 1023 4825 203 4090 3897
leaf_count=409 2796 426 50 2210 17201 1002 338 320 215 123 318 3988 14916 1044 2027 8482 144 117 8949 1992 2038 4266 268 3200 8361 1023 4825 203 4090 3897
internal_value=-0.000623841 0.00434025 -0.000683219 -0.000709484 -0.00134465 -0.00255182 0.00130129 -0.000513958 0.00592905 0.00781381 -0.000490547 -0.000922447 -0.00102806 -0.000227162 0.000790317 0.000427974 1.64554e-05 0.00558648 -0.0018529 -0.00315893 -0.000576789 -0.000686973 -0.000477182 -0.000834579 -0.000927109 0.000410721 0.00102954 -0.000585418 0.000514261 -0.000970548
internal_weight=99238 1173 98065 97677 22991 5790 747 74686 388 338 74366 28171 27853 46195 11814 10770 8743 261 12937 4788 34381 32343 28077 20019 19751 8058 5848 16551 4293 12258
internal_count=99238 1173 98065 97677 22991 5790 747 74686 388 338 74366 28171 27853 46195 11814 10770 8743 261 12937 4788 34381 32343 28077 20019 19751 8058 5848 16551 4293 12258
is_linear=0
shrinkage=0.03


Tree=47
num_leaves=31
num_cat=0
split_feature=0 16 15 3 11 15 4 10 8 0 3 16 0 0 6 5 2 8 15 17 17 17 9 0 16 1 11 6 16 8
split_gain=32.0223 20.8096 18.7798 12.6769 18.2336 11.9623 11.7701 11.6846 10.5146 10.2143 9.4716 9.20948 10.4919 9.74685 9.05266 8.98123 9.32179 8.45649 7.2915 7.23065 6.89796 7.96084 8.89508 6.81075 6.59632 8.40138 13.8856 11.1066 9.90973 8.00787
threshold=-5.231183314645901 -3.5373262929677258 0.96105965272177774 -5.9247414392425748 1.0341786587286357 0.20312518625971879 -4.8445869045655057 6.9048077284979366 8.3825030702243719 3.3323169266206834 10.678780832318049 -0.96309612817497803 -4.2634728820993866 -3.2730761314484855 1.7807442079320037 -1.3882917031081423 1.8157647202650009 3.2738072690323294 0.10714157120985951 -41.158969618475048 -23.705788625857085 -4.9311236737959705 4.7577966047837297 4.1019210902327474 -2.2429226499946959 0.44247871633141816 1.4016383927771627 8.2719518590890839 0.80703059329665205 1.8220915662216965
decision_type=2 2 2 2 2 2 2 2 2 2 2 2 2 2 2 2 2 2 2 2 2 2 2 2 2 2 2 2 2 2
left_child=1 8 3 4 5 -2 15 24 -1 -4 23 12 -7 -13 -3 16 -5 19 -10 -6 -11 22 -22 -9 -8 26 -26 28 -27 -29
right_child=2 14 9 6 17 11 7 10 18 20 -12 13 -14 -15 -16 -17 -18 -19 -20 -21 21 -23 -24 -25 25 27 -28 29 -30 -31
leaf_value=-0.0029532870202540204 -0.0027957098615999892 0.011191849046998648 -0.0067424311593174933 -0.0015293166852550157 0.005867106661932661 -0.010685656156677466 0.00056371014161683841 -0.0038160125631386938 -0.0018866203291950251 0.013344414074506079 -0.0097495052435610224 0.011936935171625524 0.0031417526862035018 -0.0010388829813801289 0.0024638744712425957 -0.0030025011210954261 0.0013337671564044801 0.0022788806561840603 0.0079535963588837286 -0.00050807043860590637 -0.0083076790729094113 0.011449612958220249 0.0076984082931472412 0.0083344644680227453 -0.0012117647933881333 0.00044343769874517503 0.0020700003964841305 0.0010190702646567754 -0.00084664987420272387 -0.0013394462078769728
leaf_weight=338 2072 379 50 8927 173 52 3839 206 101 126 229 53 983 3068 149 3308 1156 3677 206 2150 63 87 62 52 29421 15109 1208 1449 8304 12241
leaf_count=338 2072 379 50 8927 173 52 3839 206 101 126 229 53 983 3068 149 3308 1156 3677 206 2150 63 87 62 52 29421 15109 1208 1449 8304 12241
internal_value=-0.000614932 0.00431245 -0.000673871 -0.000700036 0.000203422 -0.000933632 -0.000829324 -0.000677541 0.00069718 0.00591317 -0.00530871 -5.28072e-06 0.00244704 -0.000818531 0.00872884 -0.00164608 -0.00120107 0.00138368 0.00471626 -3.3294e-05 0.0077853 0.00448129 -0.00036866 -0.00136708 -0.000646028 -0.000714595 -0.00108233 -0.000411024 -1.41238e-05 -0.00108981
internal_weight=99238 1173 98065 97677 12228 6228 85449 72058 645 388 487 4156 1035 3121 528 13391 10083 6000 307 2323 338 212 125 258 71571 67732 30629 37103 23413 13690
internal_count=99238 1173 98065 97677 12228 6228 85449 72058 645 388 487 4156 1035 3121 528 13391 10083 6000 307 2323 338 212 125 258 71571 67732 30629 37103 23413 13690
is_linear=0
shrinkage=0.03


Tree=48
num_leaves=31
num_cat=0
split_feature=0 15 12 12 3 11 17 15 1 3 0 12 2 1 0 17 15 0 14 8 7 15 2 5 6 0 13 3 1 5
split_gain=31.5763 18.654 14.4401 13.0387 13.0376 14.4623 12.2021 11.0251 10.7574 10.672 10.0825 11.8547 9.89235 9.32954 8.49668 8.56926 8.0872 8.79721 7.5223 7.0685 6.55181 7.25212 8.15462 13.747 7.66245 6.4861 10.1271 6.67069 6.27822 6.27524
threshold=-5.231183314645901 0.96105965272177774 2.8681418094803672 0.52696213921671442 -5.9247414392425748 1.0341786587286357 -22.118756016933901 0.70836454403232962 -3.1666673398485385 -2.201883536686005 3.3323169266206834 1.6888148325301844 20.953804024279613 -3.979371450893137 -0.33140624237770722 -17.725803935253222 0.1469596660135383 -1.5780483551414346 19.394859564998018 4.8509222948214861 -0.45314279679048436 0.3480234086968465 -1.7763666550991595 -3.8172023715393029 -6.4728999651460155 0.44272066194646792 0.93043643206743742 -14.636261045844348 -7.2765077015031867 12.060374500961316
decision_type=2 2 2 2 2 2 2 2 2 2 2 2 2 2 2 2 2 2 2 2 2 2 2 2 2 2 2 2 2 2
left_child=2 3 9 6 5 16 7 8 -2 19 -3 -12 20 -8 29 -16 -5 18 -18 -1 21 22 23 -6 -23 26 -7 -28 -22 -15
right_child=1 10 -4 4 12 25 13 -9 -10 -11 11 -13 -14 14 15 -17 17 -19 -20 -21 28 24 -24 -25 -26 -27 27 -29 -30 -31
leaf_value=-0.0020915619733760942 -0.0063794504078013179 -0.0066736583814024919 -0.0018747649986367179 -0.0033057809827046719 -0.00089235900118404279 0.0036174809199753773 0.0017365186749840774 0.00035473920599924134 -0.0024881025709107868 0.001466178447503188 0.012009613164852178 0.00033200553731947409 -0.0059114419994875786 -0.0017645928066588286 0.0018047018270647022 -0.00086292469715976638 -0.0046533835737814977 -0.00098290285365021791 0.0037470580567111806 0.0093764016623457472 0.0034213372144112656 0.00076438500552558348 -0.0010291600326443721 -0.0050919898372299745 -0.0010492714485874747 0.0031372950824018007 0.0037761767419619619 -0.00061759329050678263 -0.00046100999724204954 -0.0086285391368246707
leaf_weight=53 760 50 265 895 1332 908 1117 1002 4028 301 215 123 320 6879 1258 7825 111 2467 707 554 378 2709 4324 1482 9273 1659 358 2368 45395 122
leaf_count=53 760 50 265 895 1332 908 1117 1002 4028 301 215 123 320 6879 1258 7825 111 2467 707 554 378 2709 4324 1482 9273 1659 358 2368 45395 122
internal_value=-0.000606355 -0.000664882 0.0042866 -0.00069096 -0.00049865 0.000541328 -0.00131568 -0.00250691 -0.00310578 0.00608479 0.00590005 0.00776007 -0.00064972 -0.000914697 -0.00109882 -0.000493457 -0.000777716 -8.89427e-05 0.00260714 0.00837508 -0.000623773 -0.00109018 -0.00184716 -0.0031041 -0.000639223 0.00158301 0.000873441 -4.05685e-05 -0.000428949 -0.0018842
internal_weight=99238 98065 1173 97677 74686 9473 22991 5790 4788 908 388 338 65213 17201 16084 9083 4180 3285 818 607 64893 19120 7138 2814 11982 5293 3634 2726 45773 7001
internal_count=99238 98065 1173 97677 74686 9473 22991 5790 4788 908 388 338 65213 17201 16084 9083 4180 3285 818 607 64893 19120 7138 2814 11982 5293 3634 2726 45773 7001
is_linear=0
shrinkage=0.03


Tree=49
num_leaves=31
num_cat=0
split_feature=3 9 15 1 12 3 17 15 11 13 14 6 1 11 13 5 7 3 3 9 9 15 11 15 3 4 17 5 11 6
split_gain=24.8128 22.0655 11.9339 11.3323 10.3811 12.5253 10.8365 12.0557 10.6474 10.6858 9.61721 9.5591 8.40547 8.30736 8.30237 8.23769 10.8582 7.94324 7.74306 10.3558 7.16902 6.92305 6.71994 6.5875 6.58431 14.1956 6.36085 6.12373 6.01188 5.82174
threshold=-8.8307100176081548 3.1054595106588794 0.88178596766246986 -7.6980212725611166 0.92726135714451496 20.055109574488533 -19.944445028727724 0.3480234086968465 1.1136400145835028 0.90581527807059481 15.854716801958618 -14.116205093474663 0.44247871633141816 0.86857545138918091 0.54407756868284607 2.5202915749792254 -0.49810903266433998 -6.9774085294518882 -3.6658381532587874 3.2635340199726817 2.4716229508468928 0.84858988628571064 1.0122984604128564 0.13320001603963971 -14.636261045844348 -15.280559898866306 -34.07206591184206 9.0151855731971349 0.90376542151969819 1.8583488518219864
decision_type=2 2 2 2 2 2 2 2 2 2 2 2 2 2 2 2 2 2 2 2 2 2 2 2 2 2 2 2 2 2
left_child=1 3 4 -1 5 6 7 29 12 23 -4 -12 17 26 -15 16 -6 -8 19 -18 -13 -19 -14 -10 -16 -26 -3 -25 -27 -2
right_child=2 13 10 -5 15 -7 8 -9 9 -11 11 20 22 14 24 -17 18 21 -20 -21 -22 -23 -24 27 25 28 -28 -29 -30 -31
leaf_value=-0.012434210661798716 -0.0029784161336620296 -0.0064296934107356029 0.0054089308720226149 -0.0013985006321531707 -0.00071987147803964202 -0.0056624806762109216 0.001758854872874529 -0.00090886830381521676 0.0072361784341234345 -0.0003616164114056869 0.013081337978633549 -0.0015891867517829098 -7.0967737816924147e-05 0.0098279468920857947 0.004722339686771322 -0.00092620668280824945 0.00029085496604024872 -0.0014310056912361854 0.00031562872935867706 0.0047767166124965 0.00081628922138130119 -0.0058177179300480273 -0.0019192328475289228 0.0020066646324007477 -0.001900066411264746 0.010798214804381132 0.00076083911081512403 -0.0084662336906274928 0.0026641859907320931 -0.00087972327027167744
leaf_weight=90 5916 149 349 1205 8962 527 694 8686 217 5206 52 1534 10512 144 910 14300 952 17203 7771 902 4083 330 2129 1492 708 85 431 52 2158 1489
leaf_count=90 5916 149 349 1205 8962 527 694 8686 217 5206 52 1534 10512 144 910 14300 952 17203 7771 902 4083 330 2129 1492 708 85 431 52 2158 1489
internal_value=-0.000597665 0.00129253 -0.000716716 -0.00216546 -0.000805751 -0.00105993 -0.00101495 -0.00166706 -0.00073761 0.000321713 0.000575447 0.000277884 -0.000976702 0.00226922 0.00275517 -0.000384894 3.1568e-05 -0.00138897 0.000731246 0.0024733 0.000159355 -0.00151357 -0.000382253 0.00234182 0.00249139 0.00180343 -0.00108638 0.00165395 0.00297243 -0.00255641
internal_weight=99238 5880 93358 1295 87340 54453 53926 16091 37835 6967 6018 5669 30868 4585 4005 32887 18587 18227 9625 1854 5617 17533 12641 1761 3861 2951 580 1544 2243 7405
internal_count=99238 5880 93358 1295 87340 54453 53926 16091 37835 6967 6018 5669 30868 4585 4005 32887 18587 18227 9625 1854 5617 17533 12641 1761 3861 2951 580 1544 2243 7405
is_linear=0
shrinkage=0.03


Tree=50
num_leaves=31
num_cat=0
split_feature=0 15 12 12 3 11 3 0 12 2 3 4 5 4 15 0 2 1 6 11 1 1 13 12 15 5 1 0 13 1
split_gain=30.9665 18.4157 14.2572 12.5444 12.5211 14.0182 10.5033 9.94101 11.7657 9.81144 9.61563 9.59285 9.88453 9.27155 7.92126 8.60281 7.54677 7.49434 9.86386 8.0832 7.55533 7.30156 7.05727 6.89774 6.82496 9.68013 7.11521 6.60306 8.54071 8.80015
threshold=-5.231183314645901 0.96105965272177774 2.8681418094803672 0.52696213921671442 -5.9247414392425748 1.0341786587286357 -2.201883536686005 3.3323169266206834 1.6888148325301844 20.953804024279613 16.530690302907484 -4.8445869045655057 -1.4806357749098675 -0.72181090286714256 0.1469596660135383 -1.5780483551414346 1.8157647202650009 -0.26864953927163698 4.1193704559659716 0.89275649649782529 -3.0504154332510356 5.1901823520728589 1.5464706062093179 0.21787184922764716 0.23128847484148271 -5.479352062525912 -2.023081683863309 0.45991706549453987 0.8791414235747036 -6.3510620538957223
decision_type=2 2 2 2 2 2 2 2 2 2 2 2 2 2 2 2 2 2 2 2 2 2 2 2 2 2 2 2 2 2
left_child=2 3 6 10 5 14 22 -3 -9 11 17 12 16 27 -5 -16 -6 18 19 -2 -20 -18 -1 -19 -21 26 -26 28 29 -7
right_child=1 7 -4 4 9 13 -8 8 -10 -11 -12 -13 -14 -15 15 -17 21 23 20 24 -22 -23 -24 -25 25 -27 -28 -29 -30 -31
leaf_value=0.009336235515935265 -0.0032238227699373169 -0.0066094358280301092 -0.0018659555637892686 -0.0032659001269445403 -0.0012518595978668261 0.010076486451209199 0.0014610931076777733 0.0119561971788143 0.00032251016214126496 -0.0058726452427217742 -0.0060764369521681674 -0.00045095385931385968 -0.0031018592447046964 0.0056644113950002689 0.0025838959046362267 -0.00096626301264179134 0.0029374842544181256 -0.0034110423982220803 0.0018269049805266372 -0.0030416764913519263 -0.0012580874291009513 -0.0052142384803813436 -0.0019327078763056885 -0.00044583381817501702 0.0016444322837474332 -0.0010767570563166374 0.011432835537707433 0.0028368605343409214 -0.000262331250633023 0.0016007613100516957
leaf_weight=552 4321 50 265 895 6696 147 301 215 123 320 371 54892 2484 453 818 2467 706 758 941 1221 2968 115 55 10303 220 1792 96 1491 2761 441
leaf_count=552 4321 50 265 895 6696 147 301 215 123 320 371 54892 2484 453 818 2467 706 758 941 1221 2968 115 55 10303 220 1792 96 1491 2761 441
internal_value=-0.000589198 -0.000647157 0.00425628 -0.000673068 -0.000484438 0.00053473 0.00604305 0.00587572 0.00772264 -0.000632485 -0.00128583 -0.000606645 -0.00146118 0.00156029 -0.000763905 -8.22356e-05 -0.000919014 -0.00120726 -0.00174143 -0.00236788 -0.000515448 0.00179565 0.00831516 -0.000649037 -0.00125687 -0.000223065 0.00461812 0.00117617 0.000436812 0.00371969
internal_weight=99238 98065 1173 97677 74686 9473 908 388 338 65213 22991 64893 10001 5293 4180 3285 7517 22620 11559 7650 3909 821 607 11061 3329 2108 316 4840 3349 588
internal_count=99238 98065 1173 97677 74686 9473 908 388 338 65213 22991 64893 10001 5293 4180 3285 7517 22620 11559 7650 3909 821 607 11061 3329 2108 316 4840 3349 588
is_linear=0
shrinkage=0.03


Tree=51
num_leaves=31
num_cat=0
split_feature=0 16 0 16 0 0 3 17 16 1 16 11 18 18 3 14 11 13 9 17 13 5 4 9 2 16 16 14 17 9
split_gain=30.5296 20.2645 13.711 18.4026 27.6346 17.2324 14.79 14.5243 11.2728 10.501 10.1703 8.91725 8.47991 8.35358 7.76914 8.84049 7.67113 12.9404 8.46784 7.36251 8.13034 7.44633 7.23036 7.18574 7.2529 11.8374 7.07921 7.1315 6.98592 6.89006
threshold=-5.231183314645901 -3.0547893189091115 2.1300850817886423 0.80703059329665205 -2.6488122334759505 0.28437139088094193 -6.551174147138938 -20.278877044621989 -0.3403719317094685 -6.0962069837679307 0.61588187304159359 1.5421317382769348 32.614433366481009 57.570134857312347 -11.51710616623892 153.2563809244144 1.092091903337324 1.3739014894132104 2.7587466884883272 -54.7886904489635 1.3387841017197475 1.0134857417736647 -2.9599868190294418 4.9811536404407972 -14.484028047423328 -2.1901678754755136 -0.62843460306998833 93.282905004002558 -16.920436131918198 5.1389029845888858
decision_type=2 2 2 2 2 2 2 2 2 2 2 2 2 2 2 2 2 2 2 2 2 2 2 2 2 2 2 2 2 2
left_child=1 14 3 5 -5 7 -4 10 13 11 12 -9 23 -7 -1 -16 18 28 22 -14 21 -21 -11 24 -2 -26 27 -20 -18 -28
right_child=2 -3 6 4 -6 8 -8 9 -10 16 -12 -13 19 -15 15 -17 17 -19 26 20 -22 -23 -24 -25 25 -27 29 -29 -30 -31
leaf_value=0.0061613734918713357 -0.011039820143746003 0.0094519146390810178 0.0037656429923714468 0.010356378165759636 -0.0019207898236699612 0.0021022023803310089 -3.104633262573164e-05 0.0014047618210043067 -0.0002770662631394876 -0.0015328230802535876 -0.006197439942561815 0.011225121582157157 -0.0053378886602967936 -0.00044333720043413866 -0.0035189312734409651 0.0045082289667334402 -0.0018740626249141436 -0.0012778329045462179 1.7437272068651532e-05 -0.0017446405442471061 -0.0035251875200281893 8.0787712825244277e-05 -3.8772242948580945e-05 0.0057866487016991729 0.0069728299408645632 -0.00086965489710348739 -0.0023557051195642427 -0.0019830066514891572 0.0013993900867003953 -0.0097478323143262123
leaf_weight=209 54 426 997 167 13820 3838 12513 1281 13583 4010 426 89 497 1663 346 192 666 3694 3295 8755 1744 2611 10678 201 199 1337 3774 3125 4931 117
leaf_count=209 54 426 997 167 13820 3838 12513 1281 13583 4010 426 89 497 1663 346 192 666 3694 3295 8755 1744 2611 10678 201 199 1337 3774 3125 4931 117
internal_value=-0.000580756 0.00423041 -0.000638305 -0.000780099 -0.0017742 -0.000583061 0.000249139 -0.000868484 0.000186942 -0.000532824 -0.00162491 0.00204273 -0.0014984 0.00133266 0.00125269 -0.00065422 -0.000635726 0.000100307 -0.000909276 -0.00175382 -0.00161795 -0.0013253 -0.000446666 0.000442117 -0.000233513 0.000146396 -0.00156826 -0.000956299 0.00100987 -0.00257798
internal_weight=99238 1173 98065 84555 13987 70568 13510 51484 19084 35660 15824 1370 15398 5501 747 538 34290 9291 24999 13607 13110 11366 14688 1791 1590 1536 10311 6420 5597 3891
internal_count=99238 1173 98065 84555 13987 70568 13510 51484 19084 35660 15824 1370 15398 5501 747 538 34290 9291 24999 13607 13110 11366 14688 1791 1590 1536 10311 6420 5597 3891
is_linear=0
shrinkage=0.03


Tree=52
num_leaves=31
num_cat=0
split_feature=0 15 12 12 17 5 15 1 8 2 0 12 8 4 5 1 0 17 2 1 0 17 13 1 2 0 5 0 17 6
split_gain=30.098 18.2286 13.9959 12.1514 11.5887 10.7377 10.5309 10.6523 10.0295 9.86646 9.82486 10.8181 9.75302 9.5584 9.80495 9.00385 8.22915 8.3488 8.13887 7.22036 7.0312 8.7587 11.5249 7.03526 6.83061 7.97498 6.16422 7.39686 6.15598 6.68794
threshold=-5.231183314645901 0.96105965272177774 2.8681418094803672 0.52696213921671442 -22.118756016933901 -5.713273024996699 0.70836454403232962 -3.1666673398485385 4.8509222948214861 20.953804024279613 4.2652221638901482 1.6888148325301844 3.576451304230337 -4.9557039697009522 -1.4806357749098675 -3.979371450893137 -0.33140624237770722 -17.725803935253222 -2.2138630670887331 -6.6328981983414295 0.37812105711850974 -12.393047150178258 0.58625222791076392 5.5950898756987009 -8.377688175513347 1.4451634066349575 12.060374500961316 -1.6076279672953733 -51.640766791552799 -19.084800283809027
decision_type=2 2 2 2 2 2 2 2 2 2 2 2 2 2 2 2 2 2 2 2 2 2 2 2 2 2 2 2 2 2
left_child=2 3 8 4 6 12 7 -2 -1 13 -3 -12 19 14 20 -6 26 -18 -10 -5 21 22 -7 -24 25 -15 -17 -28 29 -14
right_child=1 10 -4 5 15 9 -8 -9 18 -11 11 -13 28 24 -16 16 17 -19 -20 -21 -22 -23 23 -25 -26 -27 27 -29 -30 -31
leaf_value=-0.0047693577346701469 -0.0062628295138542614 -0.0051934030542119597 -0.0018618046064281238 -0.0047061493104902669 0.0017363168187514481 0.0042889017430134116 0.00037688777972330633 -0.0023905330198683316 0.0084282565719437444 -0.0058376766722649329 0.012048689301143615 0.00070729617311173127 0.0023824657390222829 0.0017198752860588227 -0.0030688052548070721 -0.0017034650413262277 0.0018150677093209285 -0.00081802032906943406 0.0011675638001708484 -3.3056283123508413e-05 0.00034168044251689457 0.00089200830311603739 -0.0023330305856101019 -0.013436856345775034 -0.00042946111110605883 0.013694480743259192 -7.7895678333797538e-05 -0.014980511801398318 0.0021009308624489191 -0.0082588595610011261
leaf_weight=72 760 61 265 333 1117 240 1002 4028 660 320 208 119 102 302 2401 6879 1258 7825 176 2797 2770 1095 4136 52 56704 60 53 69 3263 111
leaf_count=72 760 61 265 333 1117 240 1002 4028 660 320 208 119 102 302 2401 6879 1258 7825 176 2797 2770 1095 4136 52 56704 60 53 69 3263 111
internal_value=-0.00057298 -0.00063012 0.00420407 -0.000655899 -0.00125898 -0.000470248 -0.00241989 -0.00300518 0.00597439 -0.000582299 0.00585953 0.00792139 0.000684531 -0.000557481 -0.00138057 -0.000868212 -0.00104909 -0.000453336 0.00689969 -0.000530226 -0.000891787 -0.00151042 -0.00210452 -0.0024709 -0.000403236 0.00370462 -0.00182201 -0.00850642 0.00177837 -0.00316301
internal_weight=99238 98065 1173 97677 22991 74686 5790 4788 908 68080 388 327 6606 67760 10694 17201 16084 9083 836 3130 8293 5523 4428 4188 57066 362 7001 122 3476 213
internal_count=99238 98065 1173 97677 22991 74686 5790 4788 908 68080 388 327 6606 67760 10694 17201 16084 9083 836 3130 8293 5523 4428 4188 57066 362 7001 122 3476 213
is_linear=0
shrinkage=0.03


Tree=53
num_leaves=31
num_cat=0
split_feature=0 16 15 12 5 8 0 12 8 7 16 15 0 15 6 1 0 16 1 7 5 5 6 5 14 15 1 10 8 15
split_gain=29.6936 19.8575 18.0946 11.8513 10.5179 10.3651 9.70708 10.7452 9.57982 9.02421 9.01629 15.9178 15.1693 13.4335 11.5827 8.51115 8.11453 9.13063 7.89646 7.76953 7.71128 7.45132 7.44604 7.24679 7.2308 7.22003 7.07946 7.06532 9.36892 8.37253
threshold=-5.231183314645901 -3.5373262929677258 0.96105965272177774 0.52696213921671442 -5.713273024996699 8.3825030702243719 4.2652221638901482 1.6888148325301844 3.576451304230337 -1.2880182086840217 0.58113094309636992 0.35554608711020425 -2.511839161527373 0.75000337760228486 -8.4496367395877883 9.2489692397598109 -0.33140624237770722 -0.30082626912369542 0.82794546857617457 -0.47668375899717058 1.2082850562686749 -0.77996987831783682 -0.62841740216535202 15.18416787330853 22.290670239755865 0.10714157120985951 -6.6328981983414295 5.630293180069855 3.2204595932373152 0.31290695202277413
decision_type=2 2 2 2 2 2 2 2 2 2 2 2 2 2 2 2 2 2 2 2 2 2 2 2 2 2 2 2 2 2
left_child=1 5 3 16 8 -1 -4 -8 26 -3 11 19 21 15 -15 20 22 -18 -19 -6 -14 -12 27 -17 -22 -7 -5 28 -2 -30
right_child=2 9 6 4 10 25 7 -9 -10 -11 12 -13 13 14 -16 23 17 18 -20 -21 24 -23 -24 -25 -26 -27 -28 -29 29 -31
leaf_value=-0.0029760159744699238 -0.0033936655438530517 0.013768529906829302 -0.0051423204274939705 -0.0046599357715296046 -0.0017154344872907178 -0.0019316245626547549 0.012006982288171108 0.00070390824635489649 0.0017630484949312806 0.0055777638272437096 0.013125492081479492 0.00027253236711876163 -0.0024718449648245731 0.0050067106937455143 -0.00052106800913386746 -0.0027454299890301288 0.00048655272084473082 -0.0019980832685040466 -0.00013787549135041939 -0.00050442619381730301 -0.0033307564053348796 -0.00059779858589172367 -0.0012353363045930793 -0.0093305835032310245 -0.00054906120762657467 0.0078602478844882213 -3.2662732088302381e-05 -0.010209921665732627 -0.0014414955084626586 0.0059599841740599815
leaf_weight=338 3098 188 61 333 6850 101 208 119 3476 340 101 21210 5115 352 11071 421 3862 5239 3378 15688 978 55 6545 234 6005 206 2797 115 573 181
leaf_count=338 3098 188 61 333 6850 101 208 119 3476 340 101 21210 5115 352 11071 421 3862 5239 3378 15688 978 55 6545 234 6005 206 2797 115 573 181
internal_value=-0.000564839 0.00418001 -0.000621595 -0.000647278 -0.000463934 0.000648409 0.00584416 0.00789363 0.000678965 0.00849417 -0.000574833 -0.000317357 -0.00103776 -0.00109793 -0.000350729 -0.00176721 -0.00124287 -0.00072559 -0.00126885 -0.000872489 -0.00158688 0.00828715 -0.00185695 -0.00509799 -0.00093865 0.00463882 -0.000524957 -0.00288251 -0.00266376 0.000335252
internal_weight=99238 1173 98065 97677 74686 645 388 327 6606 528 68080 43748 24332 24176 11423 12753 22991 12479 8617 22538 12098 156 10512 655 6983 307 3130 3967 3852 754
internal_count=99238 1173 98065 97677 74686 645 388 327 6606 528 68080 43748 24332 24176 11423 12753 22991 12479 8617 22538 12098 156 10512 655 6983 307 3130 3967 3852 754
is_linear=0
shrinkage=0.03


Tree=54
num_leaves=31
num_cat=0
split_feature=0 16 0 16 0 0 3 17 6 8 1 16 16 7 11 18 9 10 7 16 0 5 17 13 16 0 5 3 9 17
split_gain=29.2961 19.5839 13.1768 17.7803 26.8977 16.5009 14.3736 13.9191 11.7616 10.223 10.1558 9.89602 9.18499 8.96723 8.71593 8.15887 7.63599 7.44459 7.76589 7.19446 7.89377 7.21372 7.11694 8.01554 7.23263 12.1531 8.88681 7.08164 7.02296 6.74607
threshold=-5.231183314645901 -3.5373262929677258 2.1300850817886423 0.80703059329665205 -2.6488122334759505 0.28437139088094193 -6.551174147138938 -20.278877044621989 -7.9148360138065916 8.3825030702243719 -6.0962069837679307 0.61588187304159359 -0.54437695448444823 -1.2880182086840217 1.5421317382769348 32.614433366481009 3.8018018498707398 2.5874226360729398 0.68925380075027809 -1.0148654895603897 -1.3269454661681446 10.048445791125017 -54.7886904489635 1.3387841017197475 -1.305627233231953 -4.0488156616650324 -0.9182407446949824 14.124081249575573 4.9811536404407972 -30.890602197217792
decision_type=2 2 2 2 2 2 2 2 2 2 2 2 2 2 2 2 2 2 2 2 2 2 2 2 2 2 2 2 2 2
left_child=1 9 3 5 -5 7 -4 11 12 -1 14 15 -7 -3 -9 28 29 18 -12 20 -19 -22 -17 24 -24 -26 -27 -10 -2 -14
right_child=2 13 6 4 -6 8 -8 10 27 -11 17 -13 16 -15 -16 22 -18 19 -20 -21 21 -23 23 -25 25 26 -28 -29 -30 -31
leaf_value=-0.0029504850253286447 -0.0002179859426506259 0.01369822250436397 0.0037234800075586702 0.01023844971990737 -0.0018739233494094009 0.0067960518058056809 -1.9378292782254939e-05 0.0013929526138160839 9.0868853928099914e-05 0.0046119758789503413 -0.00061982213882802201 -0.0060887296063600856 -0.0037585005655828827 0.0055333582734798685 0.011101824178287152 -0.0052278102739804029 0.0050918751221615821 -0.0010110845229469895 0.0010215977104669021 -0.0013849773773019604 0.00093506080373400918 -0.004689428207154075 -4.5202305770343031e-05 -0.003464160416716626 0.0092202012985944746 -0.0027327828241263106 -0.00073731524516395955 -0.0032469129064663098 0.0057335979488692176 0.0020009027640638952
leaf_weight=338 1590 188 997 167 13820 378 12513 1281 17006 307 6429 426 304 340 89 497 344 6265 4349 12916 4115 216 3104 1744 90 4616 3556 592 201 460
leaf_count=338 1590 188 997 167 13820 378 12513 1281 17006 307 6429 426 304 340 89 497 344 6265 4349 12916 4115 216 3104 1744 90 4616 3556 592 201 460
internal_value=-0.000556775 0.0041562 -0.000613149 -0.000752153 -0.00172931 -0.000558476 0.000256834 -0.000837775 0.000195006 0.000649012 -0.000509182 -0.00157827 0.00275797 0.00844054 0.00202367 -0.00145349 0.00138036 -0.000610378 4.25025e-05 -0.000909661 -0.000330274 0.000654551 -0.00170402 -0.00157044 -0.00127986 -0.00174372 -0.00186447 -2.14147e-05 0.000449947 -0.000290797
internal_weight=99238 1173 98065 84555 13987 70568 13510 51484 19084 645 35660 15824 1486 528 1370 15398 1108 34290 10778 23512 10596 4331 13607 13110 11366 8262 8172 17598 1791 764
internal_count=99238 1173 98065 84555 13987 70568 13510 51484 19084 645 35660 15824 1486 528 1370 15398 1108 34290 10778 23512 10596 4331 13607 13110 11366 8262 8172 17598 1791 764
is_linear=0
shrinkage=0.03


Tree=55
num_leaves=31
num_cat=0
split_feature=0 16 0 16 0 0 3 17 6 8 1 16 16 11 18 11 13 10 16 6 17 13 18 3 17 16 0 5 17 17
split_gain=28.9143 19.3328 12.8678 17.3058 26.4532 16.0866 14.1249 13.5273 11.5102 10.4842 9.9497 9.67574 8.9673 8.51096 7.97663 7.37627 12.6487 8.06062 8.36084 6.99558 6.97584 8.06709 6.93925 6.92961 6.79083 6.73585 11.7466 8.05137 6.7832 6.68829
threshold=-5.231183314645901 -3.0547893189091115 2.1300850817886423 0.80703059329665205 -2.6488122334759505 0.28437139088094193 -6.551174147138938 -20.278877044621989 -7.9148360138065916 8.3825030702243719 -6.0962069837679307 0.61588187304159359 -0.54437695448444823 1.5421317382769348 32.614433366481009 1.092091903337324 1.3739014894132104 2.4804537239875954 -0.62843460306998833 1.7807442079320037 -51.640766791552799 1.3387841017197475 65.128275890698191 14.124081249575573 -16.920436131918198 -1.305627233231953 -4.0488156616650324 -0.9182407446949824 -41.158969618475048 -7.7457644850820104
decision_type=2 2 2 2 2 2 2 2 2 2 2 2 2 2 2 2 2 2 2 2 2 2 2 2 2 2 2 2 2 2
left_child=1 9 3 5 -5 7 -4 11 12 -1 13 14 -7 -9 -2 17 24 -12 -19 -3 -16 25 -21 -10 -17 -22 -27 -28 -29 -25
right_child=2 19 6 4 -6 8 -8 10 23 -11 15 -13 -14 -15 20 16 -18 18 -20 22 21 -23 -24 29 -26 26 27 28 -30 -31
leaf_value=-0.0020063044130119033 0.00044829864593729147 0.011696551110724986 0.0036911671568145422 0.01016197902356793 -0.0018498922845990348 0.0067179564182232648 -1.9172993830724587e-05 0.0013805563279277093 8.9564940338875151e-05 0.0051342131564746322 3.67001204373015e-05 -0.0060171227101203789 0.0013668224600174516 0.010974589733595257 -0.0047020298939055294 -0.0018257494607147433 -0.0012441420341489163 -0.00063789726507830881 -0.0019265907229619396 -0.004586803295782634 -3.2484386412986138e-05 -0.0034356058830599906 0.0096738691769732051 -0.0076764203034108509 0.0014016718900890883 0.0092173665888946165 -0.0026351044604679265 0.0039672262331739011 -0.0010948065053049407 -0.00093452913805424254
leaf_weight=409 1791 302 997 167 13820 378 12513 1281 17006 338 6505 426 1108 89 655 666 3694 10555 7939 56 3053 1730 68 200 4931 88 4559 257 3265 392
leaf_count=409 1791 302 997 167 13820 378 12513 1281 17006 338 6505 426 1108 89 655 666 3694 10555 7939 56 3053 1730 68 200 4931 88 4559 257 3265 392
internal_value=-0.000549079 0.00413308 -0.000605085 -0.000742449 -0.00170647 -0.000551374 0.00025464 -0.000827144 0.000192588 0.00122461 -0.000503208 -0.00155715 0.00272801 0.00200382 -0.00143376 -0.000603372 0.000118376 -0.000871614 -0.0011911 0.00923315 -0.00168148 -0.00152873 0.00323357 -2.15069e-05 0.00101763 -0.00123476 -0.00168408 -0.0018028 -0.00072543 -0.0032122
internal_weight=99238 1173 98065 84555 13987 70568 13510 51484 19084 747 35660 15824 1486 1370 15398 34290 9291 24999 18494 426 13607 12952 124 17598 5597 11222 8169 8081 3522 592
internal_count=99238 1173 98065 84555 13987 70568 13510 51484 19084 747 35660 15824 1486 1370 15398 34290 9291 24999 18494 426 13607 12952 124 17598 5597 11222 8169 8081 3522 592
is_linear=0
shrinkage=0.03


Tree=56
num_leaves=31
num_cat=0
split_feature=0 16 15 12 3 0 16 15 3 0 8 8 16 0 12 16 0 1 6 7 3 2 17 15 6 6 15 1 1 0
split_gain=28.4951 19.0626 17.8652 11.4699 12.3244 12.8676 13.7515 15.3468 11.6642 10.3382 10.1662 9.96764 9.8454 9.5847 10.6665 9.4321 9.40709 9.39578 9.00062 8.90946 8.40571 8.02478 8.9478 8.5063 7.98806 7.17043 7.12784 6.94717 6.99845 6.93552
threshold=-5.231183314645901 -3.5373262929677258 0.96105965272177774 0.92122241073102229 20.055109574488533 1.4171603671678423 -1.0000000180025095e-35 0.50000016228402444 -14.636261045844348 -3.8524770464041218 1.0000000180025095e-35 8.3825030702243719 1.2808555046986569 4.2652221638901482 1.6888148325301844 -2.3025744277261415 -0.54852171796453442 9.2489692397598109 -14.116205093474663 -1.2880182086840217 -7.2989429771560967 -0.35592376506257123 -23.282286262682344 0.28315977160521216 -7.7495600425788647 -8.4496367395877883 0.10714157120985951 4.1764536642336827 -6.0962069837679307 -3.1534909473492072
decision_type=2 2 2 2 2 2 2 2 2 2 2 2 2 2 2 2 2 2 2 2 2 2 2 2 2 2 2 2 2 2
left_child=1 11 3 4 5 6 7 10 -5 -8 -2 -1 -7 -4 -15 29 18 -10 -17 -3 -9 22 23 -11 -24 -25 -13 28 -20 -12
right_child=2 19 13 8 -6 12 9 20 17 21 15 26 -14 14 -16 16 -18 -19 27 -21 -22 -23 24 25 -26 -27 -28 -29 -30 -31
leaf_value=-0.0029078097160652105 -0.013992782777382267 0.013574287034769325 -0.0050894453266604996 0.004289866824884323 -0.0054200143348216339 0.0013463224698745432 0.010876506054300373 0.0044624981747624732 -0.00016956524239811728 -0.0065706348588224495 -0.0019686186597455968 -0.0019687630750393347 -0.00086856361381542637 0.011962328154857878 0.00070072126175676076 -0.0063107181354934549 -0.000338241754998874 -0.0023542457047770952 0.0017512193972555299 0.0054357646193957934 0.00029692367336950338 -0.0011407512961981658 0.0028056588286636481 0.00026724339512708997 -0.0020219256454352824 -0.0039774102905698596 0.0077603905481620893 0.0024660262171236516 -0.0017313828791726161 0.0016499497701087486
leaf_weight=338 54 188 61 510 534 3970 59 465 35795 750 632 101 3314 208 119 357 8187 1864 540 340 6986 10254 327 504 5446 1238 206 389 13562 1940
leaf_count=338 54 188 61 510 534 3970 59 465 35795 750 632 101 3314 208 119 357 8187 1864 540 340 6986 10254 327 504 5446 1238 206 389 13562 1940
internal_value=-0.000541468 0.00410663 -0.000597066 -0.000622587 -0.000882946 -0.000841863 -0.00100821 -0.000641691 -0.00021667 -0.00166147 -0.000989714 0.000646443 0.000338616 0.00582756 0.00786407 -0.000962293 -0.00115469 -0.0002777 -0.00160486 0.00833357 0.000556888 -0.00170142 -0.00239701 -0.00389941 -0.00174848 -0.00274934 0.00455959 -0.00148893 -0.00159803 0.000760784
internal_weight=99238 1173 98065 97677 59508 58974 51690 33112 38169 18578 25661 645 7284 388 327 25607 23035 37659 14848 528 7451 18519 8265 2492 5773 1742 307 14491 14102 2572
internal_count=99238 1173 98065 97677 59508 58974 51690 33112 38169 18578 25661 645 7284 388 327 25607 23035 37659 14848 528 7451 18519 8265 2492 5773 1742 307 14491 14102 2572
is_linear=0
shrinkage=0.03


Tree=57
num_leaves=31
num_cat=0
split_feature=3 8 15 15 16 11 14 6 3 5 17 15 10 10 15 5 16 2 10 2 6 18 14 16 13 2 15 16 2 15
split_gain=22.5915 22.4943 11.1398 10.8635 10.7261 10.2403 9.30782 9.29072 8.59935 8.70385 8.59489 13.6662 9.62606 8.67971 8.3438 10.924 8.14695 8.01008 8.24761 7.30968 7.29183 8.95429 7.28454 7.07197 11.1043 6.88554 6.87365 8.29697 6.84807 6.79217
threshold=-8.8307100176081548 3.576451304230337 0.88178596766246986 0.50404860586349931 -1.2001096125166415 0.70574989097083962 15.854716801958618 -14.116205093474663 -14.636261045844348 -3.8172023715393029 -21.171118346867193 0.35554608711020425 3.6582729847934323 6.9048077284979366 0.2401474169310909 11.106282466465277 0.066742163327878121 -5.8329061870982626 2.6470563489698304 -8.377688175513347 -12.966942522659711 32.221334829393314 24.213225320711214 0.4679854968145199 1.0676821049501815 10.113048162982297 0.13538108533102278 -1.2211392806978181 -14.484028047423328 0.75421778795110328
decision_type=2 2 2 2 2 2 2 2 2 2 2 2 2 2 2 2 2 2 2 2 2 2 2 2 2 2 2 2 2 2
left_child=1 3 4 28 14 -3 -4 -8 -7 26 11 12 -6 17 20 19 -13 -12 -19 -16 -2 -22 -21 -5 -25 -17 27 -10 -1 -18
right_child=2 5 6 23 10 8 7 -9 9 -11 13 16 -14 -15 15 25 29 18 -20 22 21 -23 -24 24 -26 -27 -28 -29 -30 -31
leaf_value=-0.012365757862904241 -0.0056887646999017171 -0.0059011454207707299 0.0053559825378323347 0.0044660247598302264 -0.0019493050724638231 0.0059729252419122979 0.012930579785114296 0.00019128991920910613 -0.0033384465478187384 0.01036385630297571 0.0013800949345293223 0.00023888874649827236 -0.0047488867026896867 -0.0058998778638939403 0.0072850818571984569 -0.010240518384193644 -0.0020598534682717065 -0.00021344579208941976 -0.0010293092966686239 0.0028218195710404438 0.0082881498380815068 -0.00060338424676668466 0.00030610280608559231 -0.0056425106663529467 0.0051834413069555508 -0.00027152650809588553 0.0028988462798567043 0.004952958547787753 -0.0017125931761216139 -0.00021064243930075981
leaf_weight=56 251 113 349 479 5620 799 52 5617 387 116 1662 4173 1376 287 157 131 5034 17347 31224 1253 103 9852 5979 205 146 119 1632 151 1796 2772
leaf_count=56 251 113 349 479 5620 799 52 5617 387 116 1662 4173 1376 287 157 131 5034 17347 31224 1253 103 9852 5979 205 146 119 1632 151 1796 2772
internal_value=-0.000533953 0.00126966 -0.00064755 -0.000756527 -0.000733571 0.00296891 0.000600881 0.000308144 0.00329381 0.00235741 -0.000902039 -0.00144642 -0.00249994 -0.000697572 -7.74937e-05 0.000672322 -0.000831148 -0.000667849 -0.000737926 0.000880997 -0.000638717 -0.000511387 0.00074197 0.00209553 -0.00113941 -0.00549528 0.00192942 -0.0010113 -0.00203472 -0.00140318
internal_weight=99238 5880 93358 2682 87340 3198 6018 5669 3085 2286 69495 18975 6996 50520 17845 7639 11979 50233 48571 7389 10206 9955 7232 830 351 250 2170 538 1852 7806
internal_count=99238 5880 93358 2682 87340 3198 6018 5669 3085 2286 69495 18975 6996 50520 17845 7639 11979 50233 48571 7389 10206 9955 7232 830 351 250 2170 538 1852 7806
is_linear=0
shrinkage=0.03


Tree=58
num_leaves=31
num_cat=0
split_feature=1 8 15 12 10 15 12 6 16 15 6 6 16 1 15 8 8 9 12 9 5 11 13 10 1 13 1 13 4 5
split_gain=20.3658 24.97 16.0102 15.548 12.3688 11.6426 10.5098 12.4255 10.9499 11.8059 14.7712 10.3363 9.34768 10.4976 9.14701 8.40926 8.33191 8.17076 11.3891 8.08705 7.87894 9.4877 8.45866 7.47528 7.43696 7.19618 7.52578 7.1278 10.3157 6.88694
threshold=-7.2765077015031867 3.8078240160900854 0.96105965272177774 1.8989757847384667 6.9048077284979366 0.77660992968077924 0.92122241073102229 -10.594267967794545 -2.498223433635101 0.34034875320394969 -4.6009143191538078 -7.9148360138065916 -0.26273106573540522 -0.26864953927163698 0.62586828013365425 10.087957252637965 1.9493245936979036 3.4062557191557481 1.6888148325301844 2.6586064230795192 6.412967598268648 1.1604432872424579 1.7148244897453317 3.6447159805960498 2.0143485061177029 0.98577453378045876 4.7337533831035126 1.2629064802187315 2.5376631759790218 9.0151855731971349
decision_type=2 2 2 2 2 2 2 2 2 2 2 2 2 2 2 2 2 2 2 2 2 2 2 2 2 2 2 2 2 2
left_child=1 16 4 5 6 15 8 19 -2 10 23 14 20 -14 -11 27 -1 -4 -19 -8 21 -13 -22 -10 -21 -12 -27 28 -3 -6
right_child=2 3 17 -5 29 -7 7 -9 9 11 25 12 13 -15 -16 -17 -18 18 -20 24 22 -23 -24 -25 -26 26 -28 -29 -30 -31
leaf_value=-0.013722370552920525 0.0012936139689007165 0.00733526650779229 -0.0028675043759526821 -0.00089507305507091856 -0.0023672087543704745 0.018480115896090863 -0.0026295119404308631 -0.00032625113607646217 -0.0021229602171936078 -0.00046385763894583301 -0.00065331270918631684 -4.0723988411141409e-05 -0.0020202901600340269 -0.00059730261198558631 0.0030686880085617303 0.013750860297714697 -0.0020443335400296397 0.012148566751059183 -4.2906517911458686e-05 0.0037687302103558101 -0.0015797539792386684 0.0029070677134557729 -0.010926150223528294 -0.0046213855953388949 -0.0016542448834395826 -0.0022907250445916619 0.0028440854249535785 0.00027977479432544428 -0.00045254732102003632 -0.0087295054206010213
leaf_weight=62 2085 699 82 447 414 60 277 35435 3797 1367 12813 7582 6981 14069 1275 91 486 194 107 1421 858 1129 97 1505 271 4624 272 299 196 243
leaf_count=62 2085 699 82 447 414 60 277 35435 3797 1367 12813 7582 6981 14069 1275 91 486 194 107 1421 858 1129 97 1505 271 4624 272 299 196 243
internal_value=-0.000527089 0.00223847 -0.000593875 0.0039522 -0.000618167 0.00556315 -0.000590051 -0.000197359 -0.000841329 -0.000920298 -0.00144304 -0.000559703 -0.00071458 -0.00106922 0.00124091 0.00496003 -0.00336557 0.00552766 0.00781472 0.00212224 5.77327e-05 0.000341328 -0.00252907 -0.00283215 0.00290016 -0.00102714 -0.00200546 0.00429004 0.00562978 -0.00472039
internal_weight=99238 2340 96898 1792 96515 1345 95858 37404 58454 56369 23011 33358 30716 21050 2642 1285 548 383 301 1969 9666 8711 955 5302 1692 17709 4896 1194 895 657
internal_count=99238 2340 96898 1792 96515 1345 95858 37404 58454 56369 23011 33358 30716 21050 2642 1285 548 383 301 1969 9666 8711 955 5302 1692 17709 4896 1194 895 657
is_linear=0
shrinkage=0.03


Tree=59
num_leaves=31
num_cat=0
split_feature=1 8 15 12 10 15 12 6 16 15 17 6 16 1 15 8 8 9 12 9 5 11 1 11 7 18 17 5 5 17
split_gain=20.0682 24.6659 15.8877 15.3571 12.2237 11.5195 10.2427 12.2105 10.6946 11.5217 15.1052 10.082 9.09383 10.2282 8.93393 8.38659 8.313 8.0918 11.3116 7.90621 7.67843 9.23311 7.30833 7.12043 6.8725 15.0996 7.50264 9.51662 6.80901 6.73006
threshold=-7.2765077015031867 3.8078240160900854 0.96105965272177774 1.8989757847384667 6.9048077284979366 0.77660992968077924 0.92122241073102229 -10.594267967794545 -2.498223433635101 0.34034875320394969 -19.776567892540559 -7.9148360138065916 -0.26273106573540522 -0.26864953927163698 0.62586828013365425 10.087957252637965 1.9493245936979036 3.4062557191557481 1.6888148325301844 2.6586064230795192 6.412967598268648 1.1604432872424579 2.0143485061177029 0.76350213937043721 -0.49810903266433998 57.026382617944023 -5.7133756629992485 5.520016066749232 9.0151855731971349 -19.267361437390921
decision_type=2 2 2 2 2 2 2 2 2 2 2 2 2 2 2 2 2 2 2 2 2 2 2 2 2 2 2 2 2 2
left_child=1 16 4 5 6 15 8 19 -2 10 -10 14 20 -14 29 23 -1 -4 -19 -8 21 -13 -21 -3 -9 26 -26 -28 -6 -11
right_child=2 3 17 -5 28 -7 7 24 9 11 -12 12 13 -15 -16 -17 -18 18 -20 22 -22 -23 -24 -25 25 -27 27 -29 -30 -31
leaf_value=-0.013689171258480317 0.0012797099528725345 -0.006182610269222226 -0.0028423262566254224 -0.00088846513238929263 -0.0023483449134743054 0.018378475258126855 -0.0025933442898901575 -0.00096772661853691225 -0.0025193866426721514 -0.0011666805927532857 -0.00088498271694178446 -4.0145353431813976e-05 -0.001993553043297301 -0.00058893943161316862 0.0030326764790532998 0.01370902984024404 -0.0020243949784586827 0.012107236563544911 -4.2702007829864441e-05 0.0037351790519269349 -0.0024968962728259816 0.0028678285209793042 -0.001640693514686889 0.0047748907491053667 0.0010998077083101937 -0.00067289218558948564 -0.0022068806670748156 0.010388152066029999 -0.0086745418617386865 0.0057981141951444336
leaf_weight=62 2085 56 82 447 414 60 277 10462 7598 1228 15413 7582 6981 14069 1275 91 486 194 107 1421 955 1129 271 1138 9279 14614 1023 57 243 139
leaf_count=62 2085 56 82 447 414 60 277 10462 7598 1228 15413 7582 6981 14069 1275 91 486 194 107 1421 955 1129 271 1138 9279 14614 1023 57 243 139
internal_value=-0.000519588 0.00222568 -0.000585884 0.00392895 -0.000610083 0.00552998 -0.000582132 -0.000194463 -0.000830197 -0.000908239 -0.00142465 -0.000552012 -0.000704972 -0.00105476 0.00122631 0.00493006 -0.00334413 0.00551218 0.00778816 0.00210498 5.67826e-05 0.000336746 0.00287415 0.00426097 -0.000322235 -5.18178e-05 0.000824365 -0.00154214 -0.00468817 -0.000458483
internal_weight=99238 2340 96898 1792 96515 1345 95858 37404 58454 56369 23011 33358 30716 21050 2642 1285 548 383 301 1969 9666 8711 1692 1194 35435 24973 10359 1080 657 1367
internal_count=99238 2340 96898 1792 96515 1345 95858 37404 58454 56369 23011 33358 30716 21050 2642 1285 548 383 301 1969 9666 8711 1692 1194 35435 24973 10359 1080 657 1367
is_linear=0
shrinkage=0.03


Tree=60
num_leaves=31
num_cat=0
split_feature=0 16 15 3 11 15 8 4 10 0 11 5 2 16 0 2 8 3 17 6 18 0 11 17 4 6 11 15 16 10
split_gain=27.6488 18.7516 17.4013 10.5253 15.7766 11.1159 10.1855 10.1701 11.4129 9.42873 8.6776 8.46491 8.67212 8.34384 8.89814 7.46607 7.46516 7.08097 7.03881 6.82131 6.85758 6.64794 6.56156 7.00824 6.43128 9.66341 7.22589 7.98042 7.54859 7.01119
threshold=-5.231183314645901 -3.0547893189091115 0.96105965272177774 -5.9247414392425748 1.0341786587286357 0.20312518625971879 8.3825030702243719 -4.8445869045655057 6.2398355768662155 4.2652221638901482 0.6502470958842298 -1.3882917031081423 1.8157647202650009 -0.96309612817497803 -2.2250675239649991 -6.8367819282773681 3.2738072690323294 0.88076246119456203 -41.158969618475048 1.7807442079320037 65.128275890698191 5.0426882192907216 0.956172883655379 -11.482559355363106 -10.048080851980304 -10.594267967794545 1.2341143548214297 0.25714418579606152 -1.2408381491031468 3.2085530438683487
decision_type=2 2 2 2 2 2 2 2 2 2 2 2 2 2 2 2 2 2 2 2 2 2 2 2 2 2 2 2 2 2
left_child=1 6 3 4 5 22 -1 11 -9 -4 -7 12 -5 -12 -15 -16 18 -10 -6 -3 -21 -11 -2 -24 25 -18 -26 28 -28 -30
right_child=2 19 9 7 16 10 -8 8 17 21 13 -13 -14 14 15 -17 24 -19 -20 20 -22 -23 23 -25 26 -27 27 -29 29 -31
leaf_value=-0.001982509973162926 -0.0016631001116777459 0.011521798977219739 -0.0050540016750331785 -0.0013536470795126835 0.0058193055583390194 -0.0046618183329195269 0.0050555370670340993 -0.00052480221493781873 0.00078209195748659896 0.010005790487440779 0.0029007155099955088 -0.0027859287185206202 0.001407866708492815 0.0070385494641959662 -0.0052937982938064173 -0.00018011072762936443 0.0024981793236507305 -0.0052503627622201886 -0.00047073315867191711 -0.0046093192350651537 0.009567184664911646 -0.00047765720311714256 -0.0071172462576921556 0.0026114161312580106 0.0016829008192843109 -0.0021188586788991703 -0.0027546347499342767 0.0075321518680651015 0.012616720123646352 -0.0012252888122671528
leaf_weight=409 1567 302 61 8927 173 322 338 71094 230 258 952 3308 1156 140 287 2455 1168 734 2150 56 68 69 426 79 1018 627 168 561 78 57
leaf_count=409 1567 302 61 8927 173 322 338 71094 230 258 952 3308 1156 140 287 2455 1168 734 2150 56 68 69 426 79 1018 627 168 561 78 57
internal_value=-0.000512098 0.00406646 -0.000566864 -0.000592051 0.000231173 -0.0008265 0.00120204 -0.000709857 -0.000568766 0.00577382 6.84025e-05 -0.00146907 -0.00103704 0.000465672 -0.000338687 -0.000715351 0.00132904 -0.00381108 -2.29721e-06 0.00908927 0.00316489 0.00779369 -0.00262149 -0.00559534 0.00217013 0.000885431 0.00339544 0.00541322 0.00149005 0.00677232
internal_weight=99238 1173 98065 97677 12228 6228 747 85449 72058 388 4156 13391 10083 3834 2882 2742 6000 964 2323 426 124 327 2072 505 3677 1795 1882 864 303 135
internal_count=99238 1173 98065 97677 12228 6228 747 85449 72058 388 4156 13391 10083 3834 2882 2742 6000 964 2323 426 124 327 2072 505 3677 1795 1882 864 303 135
is_linear=0
shrinkage=0.03


Tree=61
num_leaves=31
num_cat=0
split_feature=3 8 15 12 11 16 15 3 15 17 7 18 15 8 12 9 17 1 9 12 1 16 15 13 17 18 15 10 15 3
split_gain=21.6693 20.444 12.6453 10.7648 10.6695 8.92067 13.0665 9.3041 9.13474 12.647 12.1948 8.80105 8.51221 8.50983 10.437 8.43215 8.32614 10.1324 8.2131 11.3949 7.52281 8.4002 7.47602 7.29939 8.14609 8.99943 7.14435 6.97169 6.84902 6.68689
threshold=-12.076410618679548 3.8336389149423171 0.96105965272177774 0.50330608445074676 0.70574989097083962 0.43648000699418499 0.35554608711020425 -5.9247414392425748 0.75000337760228486 -18.927033020660584 -3.5490193163139834 40.461420416648778 0.13320001603963971 10.087957252637965 1.9707273494138071 5.2542211155698917 -22.118756016933901 -3.1666673398485385 3.4062557191557481 1.6888148325301844 -5.3465881016545858 -0.10451794298758806 0.4096074842062965 0.98577453378045876 -17.313863379987733 32.614433366481009 0.83519649746399549 6.9048077284979366 0.50923187977326745 -2.0046214430971703
decision_type=2 2 2 2 2 2 2 2 2 2 2 2 2 2 2 2 2 2 2 2 2 2 2 2 2 2 2 2 2 2
left_child=1 28 3 16 -3 6 13 15 9 -7 11 -10 -11 23 -15 20 17 -2 -4 -20 22 -22 -8 -5 25 -25 -19 -14 -1 -18
right_child=2 4 18 5 -6 8 7 -9 10 12 -12 -13 27 14 -16 -17 29 26 19 -21 21 -23 -24 24 -26 -27 -28 -29 -30 -31
leaf_value=-0.0027677411320590978 -0.0058321910270671866 -0.0089969070084393032 -0.0036542871229064008 -0.00018271851613023662 0.0051126998755041137 -0.0025452259088532543 -0.011330650758160195 0.00015747697056736371 0.0067612936052336243 0.0040328695545361537 -0.00041692415831282535 -0.005882473950884465 -0.00082267985965842603 0.012459492912008003 -0.0011815930837855754 0.0081027962243062756 0.00010887737781172846 -0.0020815667920414888 0.011648917893568676 -0.00087367963604629032 0.0038720863839007439 -0.00066416622346858033 -0.00018554861413403636 0.0016248410503366883 -0.00061463573086527877 -0.0026468138923065178 0.0028156723720037771 -0.0098254957795143125 0.0028484018829403267 -0.0012653771145659403
leaf_weight=658 629 50 78 13185 1366 5185 69 19224 340 326 12290 58 10317 99 103 199 4510 4072 189 100 1154 539 252 497 8093 4153 287 78 278 10860
leaf_count=658 629 50 78 13185 1366 5185 69 19224 340 326 12290 58 10317 99 103 199 4510 4072 189 100 1154 539 252 497 8093 4153 287 78 278 10860
internal_value=-0.000504753 0.00234047 -0.000573823 -0.000594957 0.00461448 -0.000431156 -0.000179424 0.00036953 -0.00084992 -0.00132882 -0.000249554 0.00491873 -0.000740534 -0.000629785 0.00550389 0.00221161 -0.00120775 -0.00227275 0.00498431 0.00731584 0.00162951 0.00242788 -0.00258122 -0.000677571 -0.00118959 -0.00219025 -0.00175913 -0.000890233 -0.0010997 -0.000862131
internal_weight=99238 2352 96886 96519 1416 76161 47567 21437 28594 15906 12688 398 10721 26130 202 2213 20358 4988 367 289 2014 1693 321 25928 12743 4650 4359 10395 936 15370
internal_count=99238 2352 96886 96519 1416 76161 47567 21437 28594 15906 12688 398 10721 26130 202 2213 20358 4988 367 289 2014 1693 321 25928 12743 4650 4359 10395 936 15370
is_linear=0
shrinkage=0.03


Tree=62
num_leaves=31
num_cat=0
split_feature=3 8 12 17 1 3 8 4 5 3 9 16 8 5 17 9 18 1 16 16 17 10 13 12 1 6 13 9 8 10
split_gain=21.3715 20.149 10.3481 7.75494 9.96486 7.4612 11.5153 9.22534 8.72942 7.01971 6.70845 6.56145 7.83708 6.99162 9.53871 7.1391 7.10649 6.49273 6.46448 8.04731 6.58811 6.35093 6.43456 6.32293 6.26711 6.23132 6.03346 6.01586 5.82107 6.96655
threshold=-12.076410618679548 3.8336389149423171 0.50330608445074676 -22.118756016933901 -3.1666673398485385 -5.9247414392425748 7.7421944792098456 -4.8445869045655057 -1.3882917031081423 -9.9403093620571514 2.2709163592363688 0.80703059329665205 10.087957252637965 9.2339233666492539 -8.5661437112104775 6.5277307888950622 50.895096390142854 -3.979371450893137 2.5111757616569252 0.11874696176417208 -49.07469848051128 6.9048077284979366 0.41378457702592891 2.0174339484476449 -3.979371450893137 4.3077925988970458 1.2696887936577552 2.0411429933561132 6.0915099136413504 5.525100435651038
decision_type=2 2 2 2 2 2 2 2 2 2 2 2 2 2 2 2 2 2 2 2 2 2 2 2 2 2 2 2 2 2
left_child=1 10 3 4 25 6 18 8 -7 -6 -1 12 13 15 -15 -9 -17 -5 19 -4 -21 -19 -23 -14 26 -2 -3 -22 29 -26
right_child=2 24 5 17 9 7 -8 11 -10 -11 -12 -13 23 14 -16 16 -18 21 -20 20 27 22 -24 -25 28 -27 -28 -29 -30 -31
leaf_value=-0.011667314745924053 -0.0068334117735724276 0.0077012943692816296 0.00067992285732593996 0.0015105807796005398 0.0057292322693060019 -0.00084532785365164047 0.0054981573739383421 -0.0001166599681272543 -0.002877289459910449 -0.0018793405771898113 -0.00047774007039783929 -0.00083188801126844942 0.0099781873810195158 -0.0050105300378100485 -0.0006241663211068231 0.013956128747335502 0.0023204174027192273 -0.00092751101772372722 0.0045595777114824758 -0.011142437596057281 -0.0077582161901203006 -0.015710330828887356 -0.0028728982901810546 -7.8704762227326921e-05 0.0064282263869730131 0.0022756527233626935 0.0029454632710580152 -0.00080803044826647835 -0.0044551655067638918 -0.0039352215081453323
leaf_weight=51 553 617 5313 995 112 8017 386 36465 2495 4263 885 18215 124 606 1692 56 302 14239 294 61 118 51 113 103 216 77 393 2236 110 80
leaf_count=51 553 617 5313 995 112 8017 386 36465 2495 4263 885 18215 124 606 1692 56 302 14239 294 61 118 51 113 103 216 77 393 2236 110 80
internal_value=-0.000497779 0.00232782 -0.000566373 -0.00116666 -0.00219253 -0.000406238 0.000436884 -0.000510373 -0.00132761 -0.00168456 -0.00108743 -0.000361132 -0.000143209 -0.00017546 -0.00178088 -7.52708e-05 0.00414053 -0.000833203 0.000193347 2.72407e-05 -0.00140866 -0.000995119 -0.00686503 0.00541493 0.00458536 -0.00572008 0.00585076 -0.00115643 0.00143747 0.00362729
internal_weight=99238 2352 96886 20403 5005 76483 8408 68075 10512 4375 936 57563 39348 39121 2298 36823 358 15398 8022 7728 2415 14403 164 227 1416 630 1010 2354 406 296
internal_count=99238 2352 96886 20403 5005 76483 8408 68075 10512 4375 936 57563 39348 39121 2298 36823 358 15398 8022 7728 2415 14403 164 227 1416 630 1010 2354 406 296
is_linear=0
shrinkage=0.03


Tree=63
num_leaves=31
num_cat=0
split_feature=0 16 0 16 0 0 3 17 6 8 1 16 16 11 17 9 18 6 0 9 10 16 2 14 3 16 0 5 17 8
split_gain=26.8694 18.5425 11.8856 16.4059 25.7454 15.3611 13.1746 12.4472 10.797 9.28713 9.28069 9.26739 8.67634 8.25323 7.58592 7.9199 7.8024 7.92669 7.5508 7.39138 7.23865 6.99754 6.69755 7.10993 6.68011 6.5722 7.74475 7.07042 6.49746 6.47853
threshold=-5.231183314645901 -2.0949169381335211 2.1300850817886423 0.80703059329665205 -2.6488122334759505 0.28437139088094193 -6.551174147138938 -20.278877044621989 -7.9148360138065916 8.3825030702243719 -6.0962069837679307 0.61588187304159359 -0.54437695448444823 1.5421317382769348 -51.640766791552799 4.9335327434826555 32.614433366481009 -19.084800283809027 -3.8524770464041218 3.8018018498707398 2.5874226360729398 -2.0949169381335211 -1.2003832648797783 141.74778717000004 14.124081249575573 -1.0148654895603897 -1.3269454661681446 10.048445791125017 -30.890602197217792 3.324867940072084
decision_type=2 2 2 2 2 2 2 2 2 2 2 2 2 2 2 2 2 2 2 2 2 2 2 2 2 2 2 2 2 2
left_child=1 9 3 5 -5 7 -4 11 12 -1 13 14 -7 29 15 18 21 -18 -2 28 -12 -16 23 -11 -10 26 -22 -28 -14 -9
right_child=2 -3 6 4 -6 8 -8 10 24 22 20 -13 19 -15 16 -17 17 -19 -20 -21 25 -23 -24 -25 -26 -27 27 -29 -30 -31
leaf_value=-0.00071051831500147254 -0.015352325637359172 0.01082259357643678 0.0036003888732031612 0.010093151664104825 -0.0017569155004920716 0.006616527417985101 1.7034999896134505e-05 -0.0026393453007183551 0.00013792835808996802 0.0036825336563940112 9.7540991397788751e-05 -0.0058253389067823248 -0.0036944530802123297 0.010805669286696427 0.0052868635225612887 0.0018196521930830792 -0.012789480336687781 -0.0013762165518920128 -0.0045215644022532156 0.005004510242129178 -0.00096194966190599771 -8.015421561221125e-05 -0.0029325490977082933 0.012917409971611754 -0.0031038449786806388 -0.0012956564992203218 0.00096559858682493534 -0.0046027454663999379 0.0019578316759636988 0.0024966808666737608
leaf_weight=513 64 276 997 167 13820 378 12513 284 17006 190 10778 426 304 89 261 163 55 12897 611 344 6265 1347 70 124 592 12916 4115 216 460 997
leaf_count=513 64 276 997 167 13820 378 12513 284 17006 190 10778 426 304 89 261 163 55 12897 611 344 6265 1347 70 124 592 12916 4115 216 460 997
internal_value=-0.000490796 0.00402276 -0.000544785 -0.000676803 -0.00161543 -0.000490761 0.000281476 -0.000760241 0.00023623 0.00193051 -0.000449508 -0.00146049 0.00269185 0.00197177 -0.00133973 -0.0041153 -0.00117999 -0.00142468 -0.00554848 0.00135292 -0.000546246 0.000790985 0.00545875 0.00732943 2.88745e-05 -0.000841361 -0.000287596 0.000687889 -0.000291245 0.00135801
internal_weight=99238 1173 98065 84555 13987 70568 13510 51484 19084 897 35660 15824 1486 1370 15398 838 14560 12952 675 1108 34290 1608 384 314 17598 23512 10596 4331 764 1281
internal_count=99238 1173 98065 84555 13987 70568 13510 51484 19084 897 35660 15824 1486 1370 15398 838 14560 12952 675 1108 34290 1608 384 314 17598 23512 10596 4331 764 1281
is_linear=0
shrinkage=0.03


Tree=64
num_leaves=31
num_cat=0
split_feature=3 8 15 11 12 2 3 8 4 9 12 6 1 15 7 2 6 15 11 8 4 8 1 17 7 1 1 15 13 15
split_gain=20.8828 19.812 12.5008 10.5091 10.1614 8.59595 8.17324 10.9727 8.40215 8.12411 11.303 7.79096 8.30343 7.71804 7.44596 6.97757 6.22838 7.94872 6.18807 9.59881 6.53487 5.90545 5.86121 5.77295 5.80924 6.65723 5.63131 8.20921 7.65936 8.27366
threshold=-12.076410618679548 3.8336389149423171 0.96105965272177774 0.70574989097083962 0.44308313216911765 20.953804024279613 -6.1663739750924975 7.7421944792098456 -4.8445869045655057 3.4062557191557481 1.6888148325301844 0.72017631703280405 -1.0765320551349098 0.12408723353026289 -3.5490193163139834 -14.484028047423328 -15.746440968775449 0.20857340305933442 1.254889239161596 3.324867940072084 -14.646336614202026 3.2898637780218363 -2.2394629430862785 -13.625660871406259 0.2286148787461251 -4.2526462144461528 -3.979371450893137 0.16807856704785656 1.2696887936577552 0.6756119531307766
decision_type=2 2 2 2 2 2 2 2 2 2 2 2 2 2 2 2 2 2 2 2 2 2 2 2 2 2 2 2 2 2
left_child=1 15 4 -3 11 6 7 13 23 -4 -11 12 21 14 -6 -1 17 -15 -18 -20 -21 -2 -23 -8 25 -25 28 -28 -5 -30
right_child=2 3 9 26 5 -7 8 -9 -10 10 -12 -13 -14 16 -16 -17 18 -19 19 20 -22 22 -24 24 -26 -27 27 -29 29 -31
leaf_value=-0.0099180672262367351 -0.0041141551224842541 -0.0089611269213259216 -0.0036173651019970957 0.0083908240856448869 -0.0096002308384049682 -0.0052605549006369415 -0.0015973739748592691 0.0055537676897046652 -0.00038428703512829749 0.011608743135418211 -0.00086325916685163972 -0.00070734370326345586 -0.0012127961454476705 -0.004507654824604591 -0.0012429897054065599 -0.00031871557999305045 -3.738313796588287e-05 0.0075310198381837255 -0.0009585513541445946 -0.0031298015722514769 0.0052374218888234436 -0.0021854610036623778 0.0061766162198601347 0.0046482383058466708 -0.0090140252356087011 -0.00029639848212842281 -0.0057497333529147694 0.0044650582363017759 0.001225470607127519 0.013774689918214624
leaf_weight=74 2060 50 78 593 105 332 9342 365 61530 189 100 8399 3713 63 1113 862 5110 228 514 95 726 317 99 278 62 2068 94 287 337 55
leaf_count=74 2060 50 78 593 105 332 9342 365 61530 189 100 8399 3713 63 1113 862 5110 228 514 95 726 317 99 278 62 2068 94 287 337 55
internal_value=-0.000484172 0.00230894 -0.000551978 0.00454752 -0.00057299 -0.000443103 -0.000423503 0.000467611 -0.000524665 0.00497431 0.00729317 -0.00130248 -0.00211013 0.000234213 -0.00196344 -0.00107764 0.000631592 0.00492471 0.000437752 0.00225644 0.00426923 -0.00345576 -0.000195447 -0.00125977 4.99953e-05 0.000289539 0.00504198 0.00194487 0.00623995 0.0029862
internal_weight=99238 2352 96886 1416 96519 81931 81599 8319 73280 367 289 14588 6189 7954 1218 936 6736 291 6445 1335 821 2476 416 11750 2408 2346 1366 381 985 392
internal_count=99238 2352 96886 1416 96519 81931 81599 8319 73280 367 289 14588 6189 7954 1218 936 6736 291 6445 1335 821 2476 416 11750 2408 2346 1366 381 985 392
is_linear=0
shrinkage=0.03


Tree=65
num_leaves=31
num_cat=0
split_feature=0 16 15 12 3 15 9 16 16 0 12 15 7 6 14 18 18 10 3 12 7 15 16 11 17 12 11 17 12 1
split_gain=26.311 18.2947 16.9986 10.5158 9.91343 14.894 10.8559 13.0042 10.0171 9.25878 10.3263 8.95606 8.85786 8.593 8.51274 8.4676 8.21787 7.95715 7.29647 7.27881 7.15863 7.12317 12.2183 9.17159 8.59474 7.05893 6.96616 6.9041 7.84871 7.88397
threshold=-5.231183314645901 -3.5373262929677258 0.96105965272177774 0.21787184922764716 -5.9247414392425748 0.39786276383361935 4.6428852631513902 0.14482394832878429 2.0512323758192244 4.2652221638901482 1.6888148325301844 0.10460245703410839 -1.2880182086840217 -7.7495600425788647 325.98162554704203 31.227826645556174 38.278896135258059 6.2398355768662155 0.47278179795360314 0.84795131162601234 -0.45314279679048436 0.3480234086968465 -0.30082626912369542 0.8640693660996458 -51.640766791552799 1.0039312801268994 0.6502470958842298 -23.072808216617624 0.66059971675781048 1.2031921592395192
decision_type=2 2 2 2 2 2 2 2 2 2 2 2 2 2 2 2 2 2 2 2 2 2 2 2 2 2 2 2 2 2
left_child=1 11 3 15 5 8 7 26 27 -4 -11 -1 -3 19 -13 -2 -15 20 -19 -9 21 24 -23 -24 -6 -18 -7 28 -5 -30
right_child=2 12 9 4 17 6 -8 13 -10 10 -12 14 -14 16 -16 -17 25 18 -20 -21 -22 22 23 -25 -26 -27 -28 -29 29 -31
leaf_value=-0.0040855371541319747 -0.015132478850148618 0.013355730662563261 -0.004993466932754047 -0.0040141718582642014 -0.0067676800553232537 -0.0063112548595995865 0.0039331036063639628 0.0043481325229384601 0.010582996189174517 0.01177029186270934 0.00068969218169941614 0.001499265844229905 0.005240812033925013 -0.0053711347536025741 0.013812712689830085 -0.0025865235763115513 -0.0018917073896235978 0.0011680626238034252 -0.0047539758804001362 -0.0012486834872956231 -0.00041853540837567767 0.00083950162422630507 -0.0022904788148169599 -0.00049121055383644573 -0.0015133160018016665 0.0059788187594676852 0.0029033841149335273 0.00011226803234515023 -0.00023811795168864397 -0.0076928326139484877
leaf_weight=234 50 188 61 984 289 77 1258 393 71 208 119 352 340 530 59 1529 516 249 755 447 58638 3830 3932 7253 9179 128 1798 3757 1877 137
leaf_count=234 50 188 61 984 289 77 1258 393 71 208 119 352 340 530 59 1529 516 249 755 447 58638 3830 3932 7253 9179 128 1798 3757 1877 137
internal_value=-0.000477129 0.00398928 -0.000530554 -0.000555448 -0.000515547 0.000292129 0.00151064 0.000727035 -0.000626667 0.00573632 0.0077379 0.000599498 0.00813021 -0.000946812 0.00326689 -0.0029838 -0.00260437 -0.000630499 -0.00328526 0.00136983 -0.000598432 -0.00102929 -0.000622952 -0.00112373 -0.0016737 -0.000327379 0.00252497 -0.000744488 -0.00181815 -0.000745216
internal_weight=99238 1173 98065 97677 96098 11973 5147 3889 6826 388 327 645 528 2014 411 1579 1174 84125 1004 840 83121 24483 15015 11185 9468 644 1875 6755 2998 2014
internal_count=99238 1173 98065 97677 96098 11973 5147 3889 6826 388 327 645 528 2014 411 1579 1174 84125 1004 840 83121 24483 15015 11185 9468 644 1875 6755 2998 2014
is_linear=0
shrinkage=0.03


Tree=66
num_leaves=31
num_cat=0
split_feature=0 13 0 6 17 8 3 11 8 5 6 11 14 3 9 3 7 0 4 11 13 7 8 0 17 8 1 2 2 11
split_gain=25.9191 12.127 11.5229 14.5683 12.1745 9.18095 12.3885 10.0055 8.29545 8.19208 8.09784 7.841 7.28773 7.26786 7.13866 7.00812 6.91127 6.90186 7.9528 6.65709 12.8057 6.58249 6.52108 6.24361 7.80022 10.7723 6.65946 6.34769 6.99933 6.23924
threshold=-5.231183314645901 0.99749005878481767 1.2809263576664927 -7.9148360138065916 -54.7886904489635 4.3256966461926556 -10.674196920478028 0.76350213937043721 8.3825030702243719 10.720218325355413 14.315332430533186 0.83437932003746729 193.95517703377567 -7.629625026883085 3.8973229068305986 -13.557131357595241 9.6283230085399545 -4.2634728820993866 -19.034912486072951 1.3379151743954081 0.98187705248221302 -2.4450087679492523 5.7180142636106321 -0.49730636990654503 -12.511344381877764 2.5544363649996544 -5.0622753343161007 0.70751511423117208 3.4407746982704661 1.192223056305401
decision_type=2 2 2 2 2 2 2 2 2 2 2 2 2 2 2 2 2 2 2 2 2 2 2 2 2 2 2 2 2 2
left_child=1 11 4 -4 17 23 7 -7 21 19 -11 -1 22 -5 -13 -16 -15 -2 -19 20 -8 -3 -9 24 25 27 -25 -6 -29 -10
right_child=2 8 3 13 5 6 9 12 29 10 -12 14 -14 16 15 -17 -18 18 -20 -21 -22 -23 -24 26 -26 -27 -28 28 -30 -31
leaf_value=-0.0025705817492248919 -0.013952556137115725 0.006027663356771594 0.0027339793671320011 0.0032193923903190915 -0.002964907828159957 -0.0090974498357412944 0.00099388128722454195 0.0054225269642735555 -0.0043161012533192451 -0.012235323121771216 -0.0020859759216489012 0.017292804062916813 0.0098355146867863692 -0.00019693414900544436 0.016115016685310568 0.0044916443049257239 -0.0070320281024966657 0.0062473746257669781 -0.0045016452434406499 0.002187864266129858 -0.0017584870244874995 -0.0029045651304289042 -0.00051296654600207201 -0.0036900916594307547 -0.00057918793011438622 -0.00084773445802772149 -0.00047976960723961494 0.00030659257469320829 -0.0038849693939680911 0.0069542981938822031
leaf_weight=52 62 95 1701 561 5276 53 3378 399 52 80 612 88 173 20764 62 189 134 68 696 1211 2768 340 286 591 12856 8277 36357 1261 501 295
leaf_count=52 62 95 1701 561 5276 53 3378 399 52 80 612 88 173 20764 62 189 134 68 696 1211 2768 340 286 591 12856 8277 36357 1261 501 295
internal_value=-0.000470273 0.00396275 -0.000523298 6.15348e-05 -0.000704124 -0.000663738 0.000236625 0.00355242 0.00180583 -0.000138663 -0.00325931 0.00827659 0.00433383 -0.000150303 0.00994047 0.00736276 -0.000240761 -0.00432613 -0.00354493 0.000154865 -0.000245714 -0.000953849 0.00294435 -0.000787622 -0.00112404 -0.00158141 -0.00053112 -0.00244425 -0.000885219 0.00526536
internal_weight=99238 1173 98065 23160 74905 74079 8960 911 782 8049 692 391 858 21459 339 251 20898 826 764 7357 6146 435 685 65119 28171 15315 36948 7038 1762 347
internal_count=99238 1173 98065 23160 74905 74079 8960 911 782 8049 692 391 858 21459 339 251 20898 826 764 7357 6146 435 685 65119 28171 15315 36948 7038 1762 347
is_linear=0
shrinkage=0.03


Tree=67
num_leaves=31
num_cat=0
split_feature=3 8 15 11 12 5 11 10 2 8 17 15 9 12 12 11 16 15 3 1 8 2 3 15 12 16 18 12 11 1
split_gain=20.1482 19.2862 12.2722 10.3345 9.75887 9.14839 14.7563 10.8207 9.55677 10.6021 8.7598 8.81091 8.00292 11.1592 7.53191 7.41504 7.35477 13.5261 9.34695 7.76226 7.33156 6.91588 6.85221 6.30733 6.06159 6.35793 7.00249 5.8581 5.66838 5.55585
threshold=-12.076410618679548 3.8336389149423171 0.96105965272177774 0.70574989097083962 0.21787184922764716 10.720218325355413 1.2775432648576743 6.9048077284979366 1.0206107468742844 8.8599832140698567 -51.640766791552799 0.35554608711020425 3.4062557191557481 1.6888148325301844 2.2274192080771198 0.72395345696480484 -0.30082626912369542 0.35554608711020425 -5.6938300151277756 2.3956471367888592 9.3969282438620461 -14.484028047423328 3.5165065167487191 0.88863331402236889 0.92122241073102229 1.8113408829560698 36.093324329275688 0.56434165667550407 1.2718399475406585 -3.979371450893137
decision_type=2 2 2 2 2 2 2 2 2 2 2 2 2 2 2 2 2 2 2 2 2 2 2 2 2 2 2 2 2 2
left_child=1 21 4 -3 -2 6 10 15 9 22 11 -6 -4 -14 -11 -7 17 20 -19 24 -12 -1 -8 -10 25 -18 -27 -13 -21 -5
right_child=2 3 12 29 5 7 8 -9 23 14 16 27 13 -15 -16 -17 19 18 -20 28 -22 -23 -24 -25 -26 26 -28 -29 -30 -31
leaf_value=-0.0098623894414285544 -0.0029276427225393524 -0.0089071399681270123 -0.0035817820585977568 0.0061691261116216707 -0.0058742857880258398 0.0058331192518044413 0.00081870425059564305 -0.0085313310612525253 -0.00067187299534852279 0.0098456246917756896 -0.00069616918495380819 0.0047417727441643369 0.011535104726633381 -0.00085732215978205205 0.00073044915305217725 -0.0017726646574976774 -0.0011823519344732242 0.0028781623375706282 0.00027856920989455356 -0.00011606812458756019 0.0083459093425146957 -0.00030557035393488587 0.0048747373307192086 0.0032652175851952052 -0.00043930006878092524 0.0024967762155072956 -0.0038907024958918846 -0.0025479955269975536 -0.0087385603623545676 0.0019029260960620217
leaf_weight=74 1530 50 78 985 560 119 4491 210 4336 225 22183 144 189 100 128 3775 20915 1403 11040 12384 81 862 409 400 10248 174 1376 319 69 381
leaf_count=74 1530 50 78 985 560 119 4491 210 4336 225 22183 144 189 100 128 3775 20915 1403 11040 12384 81 862 409 400 10248 174 1376 319 69 381
internal_value=-0.00046335 0.0022802 -0.000529952 0.00448888 -0.000550772 -0.000512487 -0.000449925 -0.00189796 0.000637919 0.001519 -0.000584251 -0.00334271 0.00494557 0.00724707 0.00654041 -0.00154023 -0.000548921 -0.000220521 0.000571684 -0.000801274 -0.000663273 -0.00106113 0.00115726 -0.000339348 -0.00104393 -0.00131974 -0.00317366 -0.000280767 -0.000163844 0.00497921
internal_weight=99238 2352 96886 1416 96519 94989 90885 4104 9989 5253 80896 1023 367 289 353 3894 79873 34707 12443 45166 22264 936 4900 4736 32713 22465 1550 463 12453 1366
internal_count=99238 2352 96886 1416 96519 94989 90885 4104 9989 5253 80896 1023 367 289 353 3894 79873 34707 12443 45166 22264 936 4900 4736 32713 22465 1550 463 12453 1366
is_linear=0
shrinkage=0.03


Tree=68
num_leaves=31
num_cat=0
split_feature=3 11 15 12 5 11 10 6 17 9 12 14 14 6 1 16 15 15 15 6 1 15 11 18 9 17 11 3 16 1
split_gain=19.8501 15.3479 12.1751 9.56474 8.80891 13.0925 10.0782 11.2525 8.11104 7.91608 11.0724 7.45609 8.20509 7.43947 8.07825 7.21211 9.83154 9.11237 7.47972 10.7064 7.04879 7.92989 6.67393 6.57477 7.06573 6.53963 6.4293 6.36985 7.96294 7.95346
threshold=-12.076410618679548 0.60930071895147475 0.96105965272177774 0.44308313216911765 10.720218325355413 1.3615336023080198 6.9048077284979366 14.044638087596129 -51.640766791552799 3.4062557191557481 1.6888148325301844 50.673555072315452 57.426181542274023 0.72017631703280405 -1.0765320551349098 0.58113094309636992 0.31647210248683716 0.096608652233403966 0.75000337760228486 -9.2687921931911301 0.94833319495514223 0.76543819168554872 0.72040526757494483 64.736415736516747 4.2084082227674111 -22.463521665175591 1.3910846363888127 -5.9247414392425748 -0.13059126226639098 -5.3465881016545858
decision_type=2 2 2 2 2 2 2 2 2 2 2 2 2 2 2 2 2 2 2 2 2 2 2 2 2 2 2 2 2 2
left_child=1 -1 3 13 5 8 7 23 -5 -4 -11 26 -13 14 -2 16 -10 -17 25 -20 21 -14 -9 -6 -25 -19 -7 28 29 -18
right_child=2 -3 9 4 6 11 -8 22 15 10 -12 12 20 -15 -16 17 27 18 19 -21 -22 -23 -24 24 -26 -27 -28 -29 -30 -31
leaf_value=-0.01081870715205486 -0.0033679169575133406 0.0027151546851311558 -0.0035500971184900172 -0.0033489131287313878 -0.00088638871786776176 0.0033498142732777329 -0.0088509025595017842 0.0082653878603691916 -0.00066353852654748799 0.011491161470138837 -0.00085294987410306931 0.0078485886879382325 0.0017510422114784972 -0.00066987968434935069 -0.0011555745661037781 0.0067333518576986606 -0.0016459288779878988 -0.0026305715950380834 0.0045920443527170682 -0.00050881103418684429 3.3614471604081145e-05 0.0065490919224612297 -0.00091770549704070438 -0.0032253920110071311 -0.010780131334853744 -0.0010190527792242907 -0.00131204145693821 3.104384009367323e-05 -0.00066720160804657281 0.0038524849066441874
leaf_weight=78 2476 2274 78 863 233 321 175 73 23438 189 100 191 1609 8399 3713 141 288 3015 385 9726 1671 384 2933 217 229 9127 1561 23137 883 1331
leaf_count=78 2476 2274 78 863 233 321 175 73 23438 189 100 191 1609 8399 3713 141 288 3015 385 9726 1671 384 2933 217 229 9127 1561 23137 883 1331
internal_value=-0.000456843 0.00226633 -0.000522951 -0.000543688 -0.000417673 -0.000348504 -0.00181665 -0.00148259 -0.000457915 0.00493086 0.00721984 0.00103098 0.00178665 -0.00125143 -0.00204065 -0.000423006 -0.000219436 -0.000869136 -0.000917307 -0.000314584 0.00147065 0.0026755 -0.000694696 -0.00497068 -0.00710439 -0.00141921 -0.0005169 0.000186542 0.0016245 0.00287439
internal_weight=99238 2352 96886 96519 81931 78071 3860 3685 72334 367 289 5737 3855 14588 6189 71471 49077 22394 22253 10111 3664 1993 3006 679 446 12142 1882 25639 2502 1619
internal_count=99238 2352 96886 96519 81931 78071 3860 3685 72334 367 289 5737 3855 14588 6189 71471 49077 22394 22253 10111 3664 1993 3006 679 446 12142 1882 25639 2502 1619
is_linear=0
shrinkage=0.03


Tree=69
num_leaves=31
num_cat=0
split_feature=3 8 15 11 5 11 10 6 17 13 8 15 16 13 11 15 15 6 15 7 17 10 9 13 6 16 18 18 5 7
split_gain=19.498 19.0749 12.0801 10.1925 8.77142 14.9098 10.2988 10.3768 9.79187 8.96807 10.5793 8.11008 7.86934 9.88824 8.94881 8.48283 7.84631 10.9908 11.7991 8.93509 8.32332 7.93935 7.83015 9.00964 7.80222 7.6099 12.6512 7.5418 7.31803 7.18535
threshold=-12.076410618679548 3.8336389149423171 0.96105965272177774 0.70574989097083962 10.720218325355413 1.2775432648576743 6.9048077284979366 14.044638087596129 -51.640766791552799 1.4557749656106633 3.136669521160949 0.35554608711020425 -1.2001096125166415 0.99332120628919973 1.089124949113742 0.15393033814400012 0.34034875320394969 -7.9148360138065916 0.74739417300938571 -2.2348718409898933 -13.263655465617335 3.1131986057540959 3.4062557191557481 1.0093052878552078 8.7818850902545247 0.78839346484745032 40.066132216648576 64.177630897637712 -7.0339513626406855 -0.34430015195408553
decision_type=2 2 2 2 2 2 2 2 2 2 2 2 2 2 2 2 2 2 2 2 2 2 2 2 2 2 2 2 2 2
left_child=1 -1 4 -3 5 8 7 27 11 10 -7 -2 13 14 15 -10 20 18 -18 -19 -14 -22 -4 -24 -17 -21 29 -6 -15 -27
right_child=2 3 22 -5 6 9 -8 -9 12 -11 -12 -13 16 28 -16 24 17 19 -20 25 21 -23 23 -25 -26 26 -28 -29 -30 -31
leaf_value=-0.0010748480018884993 -0.0058341622605535227 -0.0088589940838515752 -0.0035186063799147421 0.0049316277334092952 -0.00033291337585787434 -0.00029462787155933289 -0.0082028304208070051 -0.00081048613141414792 -0.0010685337475316646 -0.00033793477875381167 0.0024799310979202881 -0.00055641345659129414 -0.001750454158996147 -0.0050852069391597371 0.0030574550199891455 0.0014710374836836497 -2.1607932427661132e-05 -0.0026162163128065001 0.0040153577434440283 -0.00018832172941698927 0.00018725523184139859 -0.0015415285239319338 0.013523787608479752 0.0027609716145431291 -0.0013657318021345255 -0.0029150848908441242 -0.0007742972928299625 -0.0069616890742612647 -0.00066984781249194427 -0.0091520170273604925
leaf_weight=936 586 50 78 1366 228 1956 220 3222 2817 4707 3364 474 11244 360 1189 4672 2051 1920 955 24213 5582 4182 119 170 1073 1162 14182 479 5487 194
leaf_count=936 586 50 78 1366 228 1956 220 3222 2817 4707 3364 474 11244 360 1189 4672 2051 1920 955 24213 5582 4182 119 170 1073 1162 14182 479 5487 194
internal_value=-0.000450789 0.00224813 -0.000516308 0.00444467 -0.000536964 -0.000476353 -0.00188637 -0.00153269 -0.000609356 0.000615891 0.00145981 -0.00347411 -0.000571997 3.37468e-05 0.000618656 0.000279981 -0.000715841 -0.000491003 0.00126093 -0.000617381 -0.001194 -0.000553197 0.0049162 0.00719272 0.000941211 -0.000520836 -0.00103899 -0.00482398 -0.000941702 -0.00380739
internal_weight=99238 2352 96886 1416 96519 92370 4149 3929 82343 10027 5320 1060 81283 15598 9751 8562 65685 44677 3006 41671 21008 9764 367 289 5745 39751 15538 707 5847 1356
internal_count=99238 2352 96886 1416 96519 92370 4149 3929 82343 10027 5320 1060 81283 15598 9751 8562 65685 44677 3006 41671 21008 9764 367 289 5745 39751 15538 707 5847 1356
is_linear=0
shrinkage=0.03


Tree=70
num_leaves=31
num_cat=0
split_feature=0 15 12 12 2 15 6 17 3 1 17 0 12 10 12 13 5 18 2 6 12 5 4 3 3 15 1 11 13 5
split_gain=25.1969 16.517 13.4122 9.96012 9.89873 9.52043 22.0079 14.1129 9.51462 9.28485 9.22503 9.07144 10.1027 8.52808 8.43834 10.9105 8.62068 8.37177 7.98274 8.03431 9.44826 9.38177 7.78593 10.1229 8.31288 7.78059 7.46933 7.12799 7.54333 7.10619
threshold=-5.231183314645901 0.96105965272177774 2.8681418094803672 0.21787184922764716 20.953804024279613 0.34034875320394969 -7.9148360138065916 -20.278877044621989 -2.201883536686005 -5.6916707712982841 -51.640766791552799 4.2652221638901482 1.6888148325301844 2.6888749207199392 1.0440219745159462 1.2767374763358206 6.0908496357946307 31.227826645556174 -1.0000000180025095e-35 2.2564956375292633 0.66059971675781048 -5.2269834463402995 -7.5350716741144508 0.88076246119456203 -5.9247414392425748 0.74336444509260613 4.6383822691858159 1.3303688990503815 0.5063889665439244 -5.841142428362768
decision_type=2 2 2 2 2 2 2 2 2 2 2 2 2 2 2 2 2 2 2 2 2 2 2 2 2 2 2 2 2 2
left_child=2 3 8 17 5 7 25 10 -1 27 -5 -3 -13 -11 15 18 -16 -2 19 20 -12 -22 23 -8 -24 26 -7 28 -9 -19
right_child=1 11 -4 4 -6 6 22 9 -10 13 14 12 -14 -15 16 -17 -18 29 -20 -21 21 -23 24 -25 -26 -27 -28 -29 -30 -31
leaf_value=0.0078218309224017055 -0.014964430695399641 -0.0049400516929196522 -0.0020117393668811273 -0.0050240577642102413 -0.0056304362332952251 0.0012383407494262831 -0.0010761413315196978 0.010400853867996747 0.0012983049014180998 0.00020142482951022577 -0.0039002423680184282 0.011650333725254033 0.00069040395789036232 -0.00098399506771957939 0.00025893488560438019 -0.0049988301009301246 -0.007241789775418824 0.0077189860492944719 -6.067064262172548e-05 0.0011062509314749434 0.0014186334757651325 -0.0027435842925177625 0.0014069249777574669 -0.0056283694727802076 -0.00039720473681842324 0.0035286261162245512 -0.0053084475386210462 0.0065703709741369879 0.00028803901726345328 -0.0028994061529638761
leaf_weight=607 50 61 265 703 335 3173 2510 71 301 8343 2479 208 119 15817 2818 950 145 59 2180 577 789 1275 2414 533 48072 1479 165 249 1021 1470
leaf_count=607 50 61 265 703 335 3173 2510 71 301 8343 2479 208 119 15817 2818 950 145 59 2180 577 789 1275 2414 533 48072 1479 165 249 1021 1470
internal_value=-0.000444546 -0.000496827 0.00392628 -0.000521366 -0.000482534 -0.000464525 -0.000224984 -0.000838052 0.0056593 -0.000439779 -0.00169038 0.00568063 0.00766186 -0.000574642 -0.00148138 -0.00197458 -0.000108127 -0.00288469 -0.00158102 -0.00222835 -0.00265188 -0.0011525 -0.000399767 -0.00187349 -0.00031094 0.00171729 0.000914728 0.00198999 0.000945557 -0.00248967
internal_weight=99238 98065 1173 97677 96098 95763 58346 37417 908 25501 11916 388 327 24160 11213 8250 2963 1579 7300 5120 4543 2064 53529 3043 50486 4817 3338 1341 1092 1529
internal_count=99238 98065 1173 97677 96098 95763 58346 37417 908 25501 11916 388 327 24160 11213 8250 2963 1579 7300 5120 4543 2064 53529 3043 50486 4817 3338 1341 1092 1529
is_linear=0
shrinkage=0.03


Tree=71
num_leaves=31
num_cat=0
split_feature=0 15 12 12 2 8 15 6 17 1 17 5 0 12 10 12 13 5 0 10 2 6 12 5 15 4 1 8 11 13
split_gain=24.8285 16.3923 13.2124 9.72318 9.80237 9.7142 9.30366 21.5052 13.7344 9.08093 9.03212 9.02049 8.62151 8.91005 8.31999 8.20344 10.6626 8.45943 7.84361 11.0877 7.76114 7.82209 9.21454 9.1478 7.61778 7.59581 7.32881 8.02108 6.95324 7.39712
threshold=-5.231183314645901 0.96105965272177774 2.8681418094803672 0.21787184922764716 20.953804024279613 4.8509222948214861 0.34034875320394969 -7.9148360138065916 -20.278877044621989 -5.6916707712982841 -51.640766791552799 -4.1427723089219652 4.2652221638901482 1.6888148325301844 2.6888749207199392 1.0440219745159462 1.2767374763358206 6.0908496357946307 -7.2304653093313531 4.0908175824168387 -1.0000000180025095e-35 2.2564956375292633 0.66059971675781048 -5.2269834463402995 0.74336444509260613 -7.5350716741144508 4.6383822691858159 3.6656361456322588 1.3303688990503815 0.5063889665439244
decision_type=2 2 2 2 2 2 2 2 2 2 2 2 2 2 2 2 2 2 2 2 2 2 2 2 2 2 2 2 2 2
left_child=2 3 5 -2 6 -1 8 24 10 28 -5 -3 -13 -14 -11 16 20 -17 -7 -20 21 22 -12 -24 26 -9 27 -8 29 -10
right_child=1 11 -4 4 -6 18 7 25 9 14 15 12 13 -15 -16 17 -18 -19 19 -21 -22 -23 23 -25 -26 -27 -28 -29 -30 -31
leaf_value=-0.0049531000635276235 -0.0028498039671934743 0.017556845393031838 -0.0019932920766888925 -0.0049671768798800189 -0.0055991746992248093 0.011083656486647189 0.00024534617888494594 -0.00185006839951653 0.010299775153398513 0.00019834134958935442 -0.0038479680828489029 -0.0067338003629916592 0.010251536320670154 -0.00074986405670642855 -0.00097252668286788467 0.00025588058671658775 -0.0049377127111583062 -0.0071743662058544374 0.0088445799392073941 0.00064596845122325594 -5.9863275708150069e-05 0.0010930219411436771 0.0014044471595351345 -0.0027055435318390237 0.0034905742336032463 -0.00030671134240971314 -0.0052601889165287668 0.0035477552138441283 0.0064920014954250619 0.00028544922584593008
leaf_weight=72 1579 50 265 703 335 242 2232 3043 71 8343 2479 57 174 107 15817 2818 950 145 292 302 2180 577 789 1275 1479 50486 165 941 249 1021
leaf_count=72 1579 50 265 703 335 242 2232 3043 71 8343 2479 57 174 107 15817 2818 950 145 292 302 2180 577 789 1275 1479 50486 165 941 249 1021
internal_value=-0.000438415 -0.000490313 0.00390034 -0.000514759 -0.000476391 0.0056204 -0.000458471 -0.000221673 -0.000827721 -0.000434824 -0.00166854 0.00566378 0.00390445 0.00606239 -0.000568199 -0.00146174 -0.00194803 -0.000107733 0.00653103 0.00467626 -0.00155896 -0.00219725 -0.00261514 -0.00113443 0.00169829 -0.000394448 0.00090417 0.00122472 0.00196811 0.000936564
internal_weight=99238 98065 1173 97677 96098 908 95763 58346 37417 25501 11916 388 338 281 24160 11213 8250 2963 836 594 7300 5120 4543 2064 4817 53529 3338 3173 1341 1092
internal_count=99238 98065 1173 97677 96098 908 95763 58346 37417 25501 11916 388 338 281 24160 11213 8250 2963 836 594 7300 5120 4543 2064 4817 53529 3338 3173 1341 1092
is_linear=0
shrinkage=0.03


Tree=72
num_leaves=31
num_cat=0
split_feature=0 15 12 8 12 5 10 9 1 6 5 3 15 6 17 12 0 12 18 17 18 17 15 9 1 12 10 8 0 12
split_gain=24.512 16.2861 13.0341 9.57772 9.4931 9.54762 11.7353 11.228 12.6721 10.2521 8.96117 8.93317 8.78307 20.1615 13.4897 9.97292 8.4946 8.83788 8.2747 7.69907 7.67951 7.47231 7.5763 7.35952 7.26793 8.09815 7.80959 7.23165 7.87452 7.08545
threshold=-5.231183314645901 0.96105965272177774 2.8681418094803672 4.8509222948214861 0.21787184922764716 10.720218325355413 6.9048077284979366 7.0387950819912755 -5.8918489897903035 14.044638087596129 -4.1427723089219652 -2.201883536686005 0.34034875320394969 -7.9148360138065916 -51.640766791552799 4.4208572847359964 4.2652221638901482 1.6888148325301844 31.227826645556174 -20.278877044621989 64.177630897637712 -20.278877044621989 0.74739417300938571 3.9769063100200044 -5.6916707712982841 1.4489317930731327 2.6888749207199392 3.0252605331945439 -0.61302517544315716 1.0440219745159462
decision_type=2 2 2 2 2 2 2 2 2 2 2 2 2 2 2 2 2 2 2 2 2 2 2 2 2 2 2 2 2 2
left_child=2 4 3 -1 18 7 9 12 -9 20 -3 -5 14 21 -6 19 -12 -18 -2 29 -7 22 27 -22 25 -21 -26 28 -14 -16
right_child=1 10 -4 11 5 6 -8 8 -10 -11 16 -13 13 -15 15 -17 17 -19 -20 24 23 -23 -24 -25 26 -27 -28 -29 -30 -31
leaf_value=-0.004911824225758513 -0.01482497694455087 0.017504174855723975 -0.0019750139908689371 0.0087038916321673064 -0.0050283370853928377 -0.00027028234552444337 -0.0091147840004703849 0.0094467196814880215 0.0010338755532634119 -0.0008046727922678984 -0.0066629182743398758 0.0021447377083228625 -0.005086070459245382 -0.00037841966952582748 -0.0018675027223061802 0.0067950685027857085 0.010210883692228074 -0.00074586949546203427 -0.0024227514701962872 0.0029617644217381674 -0.0024981203361486011 0.0048161990430296633 0.0031581150276785768 -0.010083531932872173 0.00015381197634595624 -0.0029935293648186206 -0.00099613784312206242 0.0019737390169920323 0.0001070315571483129 -0.00012910636465718529
leaf_weight=72 50 50 265 554 668 227 193 204 767 3156 57 282 339 50203 8153 158 174 107 1529 1010 195 596 1259 281 8298 258 14786 1331 1169 2847
leaf_count=72 50 50 265 554 668 227 193 204 767 3156 57 282 339 50203 8153 158 174 107 1529 1010 195 596 1259 281 8298 258 14786 1331 1169 2847
internal_value=-0.00043229 -0.000483856 0.00387872 0.00558714 -0.000508222 -0.000470311 -0.00189552 -0.000407571 0.00280135 -0.00153447 0.00565028 0.00649135 -0.000441783 -0.000202621 -0.000804692 -0.000725238 0.00389674 0.00603874 -0.00281548 -0.000758849 -0.00481075 0.00167757 0.0012211 -0.00697606 -0.000461297 0.00175004 -0.000582766 0.000362095 -0.00106038 -0.00141757
internal_weight=99238 98065 1173 908 97677 96098 4052 92046 971 3859 388 836 91075 54897 36178 35510 338 281 1579 35352 703 4694 4098 476 24352 1268 23084 2839 1508 11000
internal_count=99238 98065 1173 908 97677 96098 4052 92046 971 3859 388 836 91075 54897 36178 35510 338 281 1579 35352 703 4694 4098 476 24352 1268 23084 2839 1508 11000
is_linear=0
shrinkage=0.03


Tree=73
num_leaves=31
num_cat=0
split_feature=2 8 12 1 11 14 10 16 1 12 6 18 6 8 13 6 10 8 12 7 12 1 18 9 5 5 6 12 11 18
split_gain=17.2044 19.1581 9.65778 13.6129 10.5022 10.5559 8.76279 8.84873 10.5569 12.0241 9.49971 8.40191 8.36338 8.3018 6.78719 6.7423 8.56374 6.80348 7.08924 6.19824 5.93247 7.34129 6.23805 7.11974 7.04539 6.30136 5.87993 5.81135 5.62821 5.45247
threshold=-5.8329061870982626 4.3586451453638819 1.9707273494138071 -7.2765077015031867 0.99352067137503697 61.402320029698345 6.9048077284979366 -1.2001096125166415 -0.26864953927163698 0.70616051658936341 -14.116205093474663 38.052221602078973 -12.966942522659711 1.0527934087180069 0.98577453378045876 1.2201493529668368 3.575103206866832 3.2898637780218363 0.54510446221309128 1.0823935163065348 0.53797891433985423 -3.1056848928291907 66.591471922611746 4.9335327434826555 0.54634359654732767 -3.8172023715393029 11.773438265181278 1.0962165354236661 1.2389160314745389 21.622303992098171
decision_type=2 2 2 2 2 2 2 2 2 2 2 2 2 2 2 2 2 2 2 2 2 2 2 2 2 2 2 2 2 2
left_child=1 13 3 -3 -5 28 7 11 9 15 27 -2 -13 -1 20 17 -17 19 -19 -9 -14 -22 23 24 25 -23 -26 -11 -6 -4
right_child=6 2 29 4 5 -7 -8 8 -10 10 -12 12 14 -15 -16 16 -18 18 -20 -21 21 22 -24 -25 26 -27 -28 -29 -30 -31
leaf_value=-0.011958889392289248 0.0024757220671815148 0.0062118567540886491 0.0086032271485489142 -0.0017939220767533768 -0.0032054093690192988 0.0054104781274365472 -0.0042664703897785693 -0.0024391765191037278 -0.00039243898906128746 0.0020601931043892183 -0.00057481340740225405 -0.0075482872019368985 -0.00043926278604955698 -0.00023062221523989702 -0.00070111473297748814 -0.0002037222971318419 -0.0024931602910825417 0.0023844653746535214 -0.0024769851260928698 -0.0060198445725015912 -0.0011086895856560464 0.0048824311985831278 -0.0012581672950424184 0.009267860328555106 0.0042933120814080145 0.00027093329260489458 -0.0047835009101339998 0.011696091240600627 0.0033835351753150112 -0.0015323317508344908
leaf_weight=55 1245 986 52 515 261 790 565 6188 47640 167 12073 134 3224 4383 7093 4138 2281 523 558 468 987 312 529 125 1159 1836 68 85 211 587
leaf_count=55 1245 986 52 515 261 790 565 6188 47640 167 12073 134 3224 4383 7093 4138 2281 523 558 468 987 312 529 125 1159 1836 68 85 211 587
internal_value=-0.000426249 0.000922442 0.00261626 0.00338495 0.00181639 0.00328969 -0.000541938 -0.000518771 -0.00065937 -0.00113959 -0.000454483 0.000104815 -8.60285e-05 -0.00037597 -2.08134e-05 -0.00173608 -0.00101728 -0.00233243 -0.000124961 -0.00269094 0.000564791 0.00121014 0.00177819 0.00223712 0.00197672 0.00094076 0.00379028 0.0053104 -0.000259928 -0.000707529
internal_weight=99238 7840 3402 2763 1777 1262 91398 90833 74121 26481 12325 16712 15467 4438 15333 14156 6419 7737 1081 6656 8240 5016 4029 3500 3375 2148 1227 252 472 639
internal_count=99238 7840 3402 2763 1777 1262 91398 90833 74121 26481 12325 16712 15467 4438 15333 14156 6419 7737 1081 6656 8240 5016 4029 3500 3375 2148 1227 252 472 639
is_linear=0
shrinkage=0.03


Tree=74
num_leaves=31
num_cat=0
split_feature=0 15 12 8 7 5 3 0 6 12 8 4 3 10 0 12 10 13 0 15 3 11 5 5 0 0 2 18 8 6
split_gain=24.0288 16.1622 12.766 9.41998 9.24937 8.89745 8.76469 8.64225 11.5936 8.90788 10.3755 11.0319 8.93139 8.82762 8.36421 8.76435 7.29738 7.18107 7.16196 9.81585 6.98159 6.91602 6.63602 8.53165 13.9052 8.47701 6.60162 9.02739 6.57707 6.44908
threshold=-5.231183314645901 0.96105965272177774 2.8681418094803672 4.8509222948214861 9.6283230085399545 -4.1427723089219652 -2.201883536686005 1.0605179265985272 -7.9148360138065916 0.93309955698510105 4.2936167039222024 -14.646336614202026 -14.636261045844348 4.0142852074444528 4.2652221638901482 1.6888148325301844 3.0855562590727961 0.99332120628919973 -5.8962458316841024 0.10181149490881376 16.530690302907484 1.1568680393835771 -0.2837216541439655 -5.713273024996699 -0.37928461253955287 -2.2779600129042836 5.0264453973415177 67.292035775827756 5.8919118823120336 -5.5945663480908729
decision_type=2 2 2 2 2 2 2 2 2 2 2 2 2 2 2 2 2 2 2 2 2 2 2 2 2 2 2 2 2 2
left_child=2 4 3 -1 7 -3 18 9 13 10 11 -2 -11 -9 -7 -16 22 -14 19 -5 21 29 23 24 -13 -24 27 -23 -20 -18
right_child=1 5 -4 6 -6 14 -8 8 -10 12 -12 16 17 -15 15 -17 20 -19 28 -21 -22 26 25 -25 -26 -27 -28 -29 -30 -31
leaf_value=-0.0048733688301096359 -0.0040404864533576182 0.01745107642795192 -0.00194517800775093 0.0042557524598669256 -0.0054497362590965283 -0.006586189066108904 0.0021300812168641293 0.003810153252950275 -0.00018874942707503166 0.0043459886032016113 0.0006347224514366179 0.0048199560133223201 0.00053798314307168093 -0.0004265001621176926 0.010172359028124604 -0.00073871943229269761 -0.0028436932387714735 -0.00061919894213778083 0.012830638710190268 0.014499256483778901 -0.0051767685641490695 0.00074854236118214121 -0.005923972783475619 -0.0013285233864349408 -0.0034084632394236294 -3.8641443578916191e-05 -0.0025261783448666487 0.010158471360729001 0.00010458118247063181 -0.0012299595964727454
leaf_weight=72 1049 50 265 128 338 57 282 1198 24235 391 3787 516 7282 702 174 107 2652 14313 51 246 424 1440 224 11033 288 13206 533 98 129 13968
leaf_count=72 1049 50 265 128 338 57 282 1198 24235 391 3787 516 7282 702 174 107 2652 14313 51 246 424 1440 224 11033 288 13206 533 98 129 13968
internal_value=-0.000420291 -0.000471346 0.00384803 0.00553877 -0.000495619 0.0056394 0.00643551 -0.000478417 -1.18302e-05 -0.000649675 -0.000873943 -0.000999701 -0.000147627 0.00224482 0.00389211 0.00601761 -0.00092783 -0.000228988 0.00862709 0.0109935 -0.0013701 -0.00128375 -0.00059324 -0.0011111 0.00187246 -0.000136803 0.000351028 0.00134813 0.0037103 -0.00148746
internal_weight=99238 98065 1173 908 97677 388 836 97339 26135 71204 49218 45431 21986 1900 338 281 44382 21595 554 374 19115 18691 25267 11837 804 13430 2071 1538 180 16620
internal_count=99238 98065 1173 908 97677 388 836 97339 26135 71204 49218 45431 21986 1900 338 281 44382 21595 554 374 19115 18691 25267 11837 804 13430 2071 1538 180 16620
is_linear=0
shrinkage=0.03


Tree=75
num_leaves=31
num_cat=0
split_feature=0 16 15 12 5 11 10 6 8 8 17 6 14 18 12 15 16 17 3 0 0 16 3 12 3 16 12 18 10 12
split_gain=23.7738 17.8997 16.0566 9.17885 9.40411 14.9446 11.5016 10.0523 9.57263 9.17787 8.88283 9.60647 8.76151 8.15744 8.13935 8.02372 17.0972 13.9063 10.7889 9.98631 11.0436 9.19042 8.77641 8.56799 8.2768 7.78808 7.52776 7.5208 7.50922 8.0408
threshold=-5.231183314645901 -2.0949169381335211 0.96105965272177774 0.21787184922764716 10.720218325355413 1.3615336023080198 6.9048077284979366 14.044638087596129 3.7852222451976281 8.3825030702243719 -23.705788625857085 19.633566365581895 30.270366035000006 31.227826645556174 1.2528976408840291 0.34034875320394969 -0.30082626912369542 -51.640766791552799 -3.8307605511067817 -1.8817716080673745 1.5033796568553977 0.78839346484745032 -14.636261045844348 4.4208572847359964 -0.11626352948718165 2.8719756832287633 1.113063952692001 64.177630897637712 3.0760711967543446 1.7716225271966579
decision_type=2 2 2 2 2 2 2 2 2 2 2 2 2 2 2 2 2 2 2 2 2 2 2 2 2 2 2 2 2 2
left_child=1 9 3 13 5 15 7 27 12 -1 -4 -12 -7 -2 26 17 18 -5 -17 24 21 22 -21 -19 -18 -22 -10 -6 29 -24
right_child=2 -3 10 4 6 8 -8 -9 14 -11 11 -13 -14 -15 -16 16 19 23 -20 20 25 -23 28 -25 -26 -27 -28 -29 -30 -31
leaf_value=-0.00084964452382879684 -0.014681964625418186 0.010512387122675451 0.011839884017904598 -0.0052360445465987433 -0.00025975164639381978 -0.0032701435399026826 -0.0090133157117687976 -0.00078620740986407457 0.0028773229332699672 0.005283230783193176 -0.0029418782261865476 0.0088168437528399236 0.00066976432822674742 -0.0023679287525989385 0.0009596455098937563 0.0022107239653396675 0.007321589617077187 -0.00079447226360820444 0.00019765641575057589 0.011791847109904182 0.00035357440495609936 -0.0019196722314221446 -0.00036298727428642945 0.0070432843199177151 -0.0032394795948741855 -0.0014398218317204325 0.0086343701383830972 -0.0068958771347651304 -0.0015801825561442082 0.0039878029909555862
leaf_weight=513 50 276 135 638 227 650 193 3156 999 384 140 113 2325 1529 1953 3056 251 33456 11096 51 11590 7365 9692 126 91 2684 257 476 5368 398
leaf_count=513 50 276 135 638 227 650 193 3156 999 384 140 113 2325 1529 1953 3056 251 33456 11096 51 11590 7365 9692 126 91 2684 257 476 5368 398
internal_value=-0.000414139 0.00383147 -0.000464922 -0.000489117 -0.000451839 -0.000389572 -0.0018663 -0.00150886 0.00103481 0.0017758 0.00562584 0.00231004 -0.000191056 -0.00275786 0.00217129 -0.00049216 -0.000256086 -0.000848422 0.000632361 -0.000591464 -0.000638444 -0.00104706 -0.000632663 -0.000765065 0.00451148 1.63546e-05 0.00405532 -0.00475306 -0.000673654 -0.00019137
internal_weight=99238 1173 98065 97677 96098 92046 4052 3859 6184 897 388 253 2975 1579 3209 85862 51642 34220 14152 37490 37148 22874 15509 33582 342 14274 1256 703 15458 10090
internal_count=99238 1173 98065 97677 96098 92046 4052 3859 6184 897 388 253 2975 1579 3209 85862 51642 34220 14152 37490 37148 22874 15509 33582 342 14274 1256 703 15458 10090
is_linear=0
shrinkage=0.03


Tree=76
num_leaves=31
num_cat=0
split_feature=3 8 15 12 2 1 12 2 16 15 15 6 17 15 1 3 10 15 3 8 12 8 10 12 8 13 2 6 10 8
split_gain=18.3769 18.3177 11.4871 8.50681 8.7651 7.17815 12.6464 6.91168 6.88283 14.5728 9.8678 19.3689 12.6878 14.0776 11.4241 8.72481 8.48254 6.91403 6.87449 6.60305 9.76542 6.57518 7.01155 6.85292 8.51157 6.46057 8.10892 6.48495 6.00029 5.96013
threshold=-12.076410618679548 3.8336389149423171 0.96105965272177774 0.21787184922764716 20.953804024279613 4.8382553901968786 1.6888148325301844 -14.484028047423328 -0.35432406745127348 0.35554608711020425 0.75421778795110328 -9.0342409650070614 -19.944445028727724 0.13320001603963971 -4.926647245238307 2.8335331838409088 3.349753327375848 1.0000000180025095e-35 -7.9842685654234566 10.087957252637965 1.9707273494138071 2.3956806286633241 4.3365052061469234 3.3916768619870576 7.2653198086616007 0.98577453378045876 1.0967515612533065 8.3846658596208385 7.4760600735255709 3.576451304230337
decision_type=2 2 2 2 2 2 2 2 2 2 2 2 2 2 2 2 2 2 2 2 2 2 2 2 2 2 2 2 2 2
left_child=1 7 3 -2 8 -4 -7 -1 9 17 12 -12 16 14 -14 21 -10 -5 29 25 -21 22 -11 24 -23 26 -19 -28 -20 -15
right_child=2 -3 5 4 -6 6 -8 -9 10 15 11 -13 13 18 -16 -17 -18 19 28 20 -22 23 -24 -25 -26 -27 27 -29 -30 -31
leaf_value=-0.0098430759990839542 -0.002711224604398012 0.0043643712964263085 -0.00036587566484151213 -0.0084300511345267309 -0.0052503760839943169 0.014352388415209133 -0.00013909438743870306 -0.00028915963770271755 -0.0011752978532475163 0.00062016827636922247 0.0046083781724218353 -0.00027877730260724912 0.010307213780470191 0.0003112093568009132 0.0014158326520446523 -0.00039580006107340428 -0.0028833854536748876 -0.00052060806437207612 -0.00078470733331292212 0.011757388178375549 -0.0020376174622790868 0.0020065739653200468 -0.0063185630486243295 -0.0047145052564877823 0.0096358867559362855 -0.0011231899281835109 0.0021176687472276505 -0.00090406058800846824 -0.0099827996862586581 0.0065812771438461979
leaf_weight=74 1530 1416 145 100 342 128 94 862 7862 4500 763 16801 144 408 1343 4662 3922 11442 23916 96 89 4075 135 131 136 10795 2148 910 64 205
leaf_count=74 1530 1416 145 100 342 128 94 862 7862 4500 763 16801 144 408 1343 4662 3922 11442 23916 96 89 4075 135 131 136 10795 2148 910 64 205
internal_value=-0.000408312 0.00221187 -0.000471919 -0.000492062 -0.000456318 0.00482556 0.00821636 -0.00104449 -0.000438995 -0.000134859 -0.000654191 -6.64737e-05 -0.000926816 -0.000557673 0.00227687 0.000657101 -0.00174379 -0.000557124 -0.000729062 -0.000526225 0.00512087 0.0012039 0.000418069 0.00204276 0.00225297 -0.000567526 -0.000153844 0.00121846 -0.000809256 0.00240805
internal_weight=99238 2352 96886 96519 94989 367 222 936 94647 39219 55428 17564 37864 26080 1487 13639 11784 25580 24593 25480 185 8977 4635 4342 4211 25295 14500 3058 23980 613
internal_count=99238 2352 96886 96519 94989 367 222 936 94647 39219 55428 17564 37864 26080 1487 13639 11784 25580 24593 25480 185 8977 4635 4342 4211 25295 14500 3058 23980 613
is_linear=0
shrinkage=0.03


Tree=77
num_leaves=31
num_cat=0
split_feature=0 16 0 16 0 0 3 16 16 0 10 0 7 7 8 16 3 8 12 1 12 4 10 5 8 2 14 0 3 4
split_gain=23.3304 17.6087 10.2865 15.6641 24.7923 14.333 11.7089 9.35954 9.19573 24.0422 16.0832 12.1788 10.6282 10.6268 9.03349 8.81103 8.80645 8.18992 9.44398 7.42694 7.39958 6.78334 6.56877 6.53133 7.26945 6.50574 6.91798 6.28537 6.24188 6.14313
threshold=-5.231183314645901 -2.0949169381335211 2.1300850817886423 0.80703059329665205 -2.6488122334759505 0.28437139088094193 -6.551174147138938 -0.3403719317094685 -1.1807863381137882 -3.8524770464041218 3.1222571623563184 -1.4317046157092495 -2.0513477639368722 0.58506711309069825 8.3825030702243719 -0.50456948092349085 -10.674196920478028 2.0389086135140282 0.59062640383819109 1.6256151358091777 0.2460846441471998 -12.003940885075069 4.2416201128650188 -5.2269834463402995 3.7609285410184086 -1.2003832648797783 141.74778717000004 2.2259623525608645 4.6817339712435748 -2.669456171096662
decision_type=2 2 2 2 2 2 2 2 2 2 2 2 2 2 2 2 2 2 2 2 2 2 2 2 2 2 2 2 2 2
left_child=1 14 3 5 -5 8 -4 28 11 15 13 17 16 20 -1 22 -12 18 -2 29 -11 -21 -10 24 -13 26 -16 -8 -7 -19
right_child=2 -3 6 4 -6 7 27 -9 9 10 12 23 -14 -15 25 -17 -18 19 -20 21 -22 -23 -24 -25 -26 -27 -28 -29 -30 -31
leaf_value=-0.00084041948243703327 -0.012329330650659708 0.010429591379411842 0.0034445781283614896 0.0099968886969912206 -0.0016317653486780444 0.0019441016817309275 0.002777598790040818 -0.00011453310937731234 0.0049969342658866423 -0.0065630146184573988 0.00024677111881856736 0.0017048525441847047 -0.0014874562872090051 0.00035637332937786146 0.0034903894047203818 0.010290807869645653 -0.0047495267102391232 -0.0012518493604218675 -0.0013320993120644494 -0.012078397681259297 -0.00096091849853491707 -0.0022186619202286353 -0.007000334276940281 0.00051360715652905536 0.0085095979402103686 -0.0030262441283890177 0.012599753161306463 -0.00010031846605669036 -0.00037319499321196567 0.00036131854242363732
leaf_weight=513 117 276 997 167 13820 4096 725 13583 147 216 390 535 10808 7802 190 221 1708 3655 176 66 12067 1295 57 6958 192 70 124 11788 1405 5074
leaf_count=513 117 276 997 167 13820 4096 725 13583 147 216 390 535 10808 7802 190 221 1708 3655 176 66 12067 1295 57 6958 192 70 124 11788 1405 5074
internal_value=-0.000402638 0.00380319 -0.000452946 -0.000575762 -0.00149292 -0.000393975 0.000315725 0.000308269 -0.000654282 -0.000949101 -0.00104043 -0.000109026 -0.00186676 -0.000509464 0.00176429 0.0061407 -0.00382076 -0.00077911 -0.00572349 -0.000635532 -0.00105943 -0.0026968 0.00164476 0.000796307 0.00350198 0.00524403 0.00708772 6.64273e-05 0.00135225 -0.000314146
internal_weight=99238 1173 98065 84555 13987 70568 13510 19084 51484 33416 32991 18068 12906 20085 897 425 2098 10383 293 10090 12283 1361 204 7685 727 384 314 12513 5501 8729
internal_count=99238 1173 98065 84555 13987 70568 13510 19084 51484 33416 32991 18068 12906 20085 897 425 2098 10383 293 10090 12283 1361 204 7685 727 384 314 12513 5501 8729
is_linear=0
shrinkage=0.03


Tree=78
num_leaves=31
num_cat=0
split_feature=2 8 15 8 12 1 11 16 15 17 6 16 5 12 8 13 18 15 6 1 12 11 13 8 15 17 4 2 5 17
split_gain=16.2711 18.3925 11.6014 10.0306 8.99098 11.2563 8.54868 8.30197 11.41 13.8761 12.2282 10.7171 8.63484 9.11924 10.055 8.58809 8.38205 8.07428 8.05928 7.86098 13.1323 7.85058 7.78506 7.75444 7.23163 7.27457 6.99307 9.767 6.84314 6.81415
threshold=-5.8329061870982626 7.7421944792098456 0.96105965272177774 3.8078240160900854 1.46435124339929 -6.0962069837679307 1.215023714351499 -1.2001096125166415 0.34034875320394969 -19.608626284958039 -7.9148360138065916 0.78839346484745032 1.1605200719118989 0.4025612777853283 3.5342724353551849 2.0738463301978851 38.052221602078973 0.13320001603963971 -12.966942522659711 4.8382553901968786 1.6888148325301844 1.0949385051031675 2.1374058726648961 1.0527934087180069 0.74739417300938571 -19.095385597450178 -9.8453793752189203 -10.359376960445209 9.2339233666492539 -49.07469848051128
decision_type=2 2 2 2 2 2 2 2 2 2 2 2 2 2 2 2 2 2 2 2 2 2 2 2 2 2 2 2 2 2
left_child=1 3 7 23 5 29 -7 16 9 -9 24 21 13 14 -13 -14 -2 -11 -18 -4 -21 -12 -19 -1 25 -10 27 -3 -20 -5
right_child=2 26 19 4 -6 6 -8 8 10 17 11 12 15 -15 -16 -17 18 22 28 20 -22 -23 -24 -25 -26 -27 -28 -29 -30 -31
leaf_value=-0.011844159250909632 0.0024340025255550892 0.0060205799644356787 -0.00080653090718323767 -0.0041313905733293046 -0.0010442571545724846 -0.00062771295201956225 0.004298861639469527 -0.002296749771267678 -0.00020754409150483904 0.00068347711764298079 -0.00043846594764666532 -0.0072248813186134037 -0.00046729987360062919 -0.0016076913472473032 0.0040733709644122295 -0.0038831371032159207 -0.0073641757149738767 -0.0011692282973940977 0.00010294910198807546 0.014494823228753654 -0.00013499954598955808 0.00075305514931572719 0.0043006260659950923 -0.00049191195104181544 0.0032587938161180697 0.0059184065369489308 0.0080720285250643637 -0.0052832188140952367 -0.0025566181990812828 0.0053466977773829923
leaf_weight=55 1249 196 138 73 881 1102 445 7407 2015 2999 21225 486 13359 6172 83 697 137 11616 14584 130 96 6501 239 3520 1148 191 409 106 926 1053
leaf_count=55 1249 196 138 73 881 1102 445 7407 2015 2999 21225 486 13359 6172 83 697 137 11616 14584 130 96 6501 239 3520 1148 191 409 106 926 1053
internal_value=-0.00039728 0.000914319 -0.000509787 0.000455434 0.00158406 0.00245033 0.000789434 -0.00053116 -0.000667927 -0.00123607 -0.00042413 -0.000545224 -0.00106001 -0.00194272 -0.00557681 -0.000636682 6.89606e-05 -0.00070716 -0.000119826 0.00483535 0.00828039 -0.000159086 -0.00105895 -0.000666562 0.00132776 0.000322853 0.00551543 0.00205302 -5.58362e-05 0.00473222
internal_weight=99238 7840 91398 7129 3554 2673 1547 91034 74138 22261 51877 48523 20797 6741 569 14056 16896 14854 15647 364 226 27726 11855 3575 3354 2206 711 302 15510 1126
internal_count=99238 7840 91398 7129 3554 2673 1547 91034 74138 22261 51877 48523 20797 6741 569 14056 16896 14854 15647 364 226 27726 11855 3575 3354 2206 711 302 15510 1126
is_linear=0
shrinkage=0.03


Tree=79
num_leaves=31
num_cat=0
split_feature=1 8 12 15 10 15 8 13 17 6 12 6 16 1 8 2 4 15 4 17 18 18 18 6 2 1 9 6 15 6
split_gain=16.0231 22.8134 15.1141 14.1138 11.6602 11.46 8.26969 8.24384 7.968 9.19613 7.86049 10.4458 9.86898 9.78787 11.9044 7.648 7.52204 7.41175 7.01824 8.29281 8.35964 6.98705 6.96715 7.94965 7.16887 7.14942 6.8063 6.73568 7.72507 6.71733
threshold=-7.2765077015031867 3.8078240160900854 1.8989757847384667 0.96105965272177774 6.9048077284979366 0.77660992968077924 1.9493245936979036 1.2629064802187315 -23.705788625857085 19.633566365581895 0.92122241073102229 -10.594267967794545 -2.498223433635101 -0.1772808014320448 4.2936167039222024 0.084872408824765447 2.5376631759790218 0.24291515983476034 -5.0766279781227208 -19.267361437390921 40.259495455913644 72.532740798868346 34.999235688764841 1.0555982320409221 -5.9764974451857622 -3.7351739225005671 3.3928954799963189 -5.8396540760387259 0.74336444509260613 8.0496306178498216
decision_type=2 2 2 2 2 2 2 2 2 2 2 2 2 2 2 2 2 2 2 2 2 2 2 2 2 2 2 2 2 2
left_child=1 6 5 4 10 7 -1 16 -5 -10 12 15 -2 14 21 26 -3 -18 19 20 27 22 -14 -24 25 -25 -12 28 -15 -20
right_child=3 2 -4 8 -6 -7 -8 -9 9 -11 11 -13 13 18 -16 -17 17 -19 29 -21 -22 -23 23 24 -26 -27 -28 -29 -30 -31
leaf_value=-0.013613026473791368 0.00136332588236387 0.00751756605575323 -0.0010794872014889582 0.011298408257910087 -0.0044564758319876547 0.018103243763558565 -0.0019786771114363713 0.00053412404139121258 -0.0029488266778311557 0.0085844044240989854 0.00036477753481359721 -0.00022476138863698341 0.00016112859640438011 -0.0015974340389863541 0.00083970199741092869 -0.002072331976939869 -0.0026305067641157155 0.0091603028721792597 0.00017999663939221447 8.7927808781610817e-05 -0.0043107323758020183 0.002480986384571181 -0.0021025689420060278 0.0072526801989617994 -0.0011228980939426308 -0.00069302879065097443 0.0043727860296528566 -0.0056884346504675895 0.0035040774995310081 -0.00089794806749669148
leaf_weight=62 2085 744 447 131 657 60 486 322 140 112 609 35435 2293 961 2466 340 148 71 16911 1953 1230 422 11890 187 9712 224 1020 235 370 7515
leaf_count=62 2085 744 447 131 657 60 486 322 140 112 609 35435 2293 961 2466 340 148 71 16911 1953 1230 422 11890 187 9712 224 1020 235 370 7515
internal_value=-0.000391444 0.0020616 0.00369966 -0.000450683 -0.000473491 0.00528797 -0.00329497 0.00468959 0.00529689 0.00217705 -0.000446192 -0.000106583 -0.000663504 -0.000738473 -0.00114794 0.00202021 0.00607906 0.00119208 -0.000356814 -0.00141206 -0.0024598 -0.00134615 -0.0014126 -0.00157653 -0.000958666 0.00292217 0.0028744 -0.00100601 -0.000179283 -0.000151648
internal_weight=99238 2340 1792 96898 96515 1345 548 1285 383 252 95858 37404 58454 56369 27194 1969 963 219 29175 4749 2796 24728 24306 22013 10123 411 1629 1566 1331 24426
internal_count=99238 2340 1792 96898 96515 1345 548 1285 383 252 95858 37404 58454 56369 27194 1969 963 219 29175 4749 2796 24728 24306 22013 10123 411 1629 1566 1331 24426
is_linear=0
shrinkage=0.03


Tree=80
num_leaves=31
num_cat=0
split_feature=0 16 0 16 0 0 16 16 3 6 8 8 12 0 12 8 1 0 16 12 6 9 0 16 11 18 14 10 10 10
split_gain=22.6521 17.3103 9.95715 13.8137 34.3008 14.9203 13.3142 11.6141 12.4615 9.13204 8.89627 8.53476 9.19342 9.0181 9.99254 9.78353 8.42966 8.32209 9.07068 8.05646 7.79699 8.44779 7.59868 8.43047 7.5273 7.89783 8.3797 7.13351 7.03192 6.96805
threshold=-5.231183314645901 -2.0949169381335211 1.2809263576664927 0.066742163327878121 -3.5218086645601172 -0.49730636990654503 0.50102589751302407 -1.1407275452921521 -6.2906858732824249 -9.2687921931911301 8.3825030702243719 3.5342724353551849 1.3875570747254391 -2.2779600129042836 1.7443246058426569 2.4420267258605861 -6.0962069837679307 3.146731484279083 1.692728419262522 0.56434165667550407 10.184224523321914 7.3839281616548353 -2.3898113623304087 0.21110606275025168 1.5206558573594704 63.4632781631665 372.12698679428291 6.9048077284979366 5.8959224165278892 3.0666023355501095
decision_type=2 2 2 2 2 2 2 2 2 2 2 2 2 2 2 2 2 2 2 2 2 2 2 2 2 2 2 2 2 2
left_child=1 10 3 5 -5 11 20 8 -7 -8 -1 13 16 15 -15 -2 24 18 -11 -19 21 -4 23 -6 25 26 29 -18 -10 -13
right_child=2 -3 6 4 22 7 9 -9 28 17 -12 12 -14 14 -16 -17 27 19 -20 -21 -22 -23 -24 -25 -26 -27 -28 -29 -30 -31
leaf_value=-0.00084764568151481318 -0.0088794576378482988 0.010328760151143954 0.0019855933023458167 0.012113306822680539 -0.0063733623893215104 0.0063819794401590397 0.0025958155689150462 -4.2905900921102894e-05 0.0013228701697957019 -0.00021666362684196375 0.0051904107358132024 0.0087552468832887594 -0.0015938607153619321 -0.0010425580094080855 0.0029678004751727952 -0.0022878173621474285 0.00019729149940049911 0.0054455011762325183 -0.0019731728422387523 0.0002258815488413753 -0.0010446515670814937 0.014400694484263657 -0.0013674405168392469 0.004484477744649073 0.013364540576164064 -0.0069878877312332006 0.011458692036961255 -0.0059711268525388939 -0.0096905176437741027 0.0010432598218915114
leaf_weight=513 232 276 3665 173 78 466 964 16635 3358 6786 384 122 2678 17174 578 1602 6840 278 4337 6238 842 50 23368 368 58 77 95 173 53 777
leaf_count=513 232 276 3665 173 78 466 964 16635 3358 6786 384 122 2678 17174 578 1602 6840 278 4337 6238 842 50 23368 368 58 77 95 173 53 777
internal_value=-0.000385486 0.00375875 -0.000435057 -0.000603148 -0.00119671 -0.000323525 0.000108591 0.000301719 0.0017804 -0.000247415 0.00173721 -0.000745317 -6.90837e-05 -0.00111889 -0.000911982 -0.00312166 0.000432434 -0.000402802 -0.000901549 0.000448573 0.00156191 0.00215269 -0.00129341 0.00258557 0.00283827 0.00226822 0.00298524 4.5126e-05 0.00115174 0.00208983
internal_weight=99238 1173 98065 74905 23987 50918 23160 20512 3877 18603 897 30406 10820 19586 17752 1834 8142 17639 11123 6516 4557 3715 23814 446 1129 1071 994 7013 3411 899
internal_count=99238 1173 98065 74905 23987 50918 23160 20512 3877 18603 897 30406 10820 19586 17752 1834 8142 17639 11123 6516 4557 3715 23814 446 1129 1071 994 7013 3411 899
is_linear=0
shrinkage=0.03


Tree=81
num_leaves=31
num_cat=0
split_feature=3 8 15 5 9 12 9 12 17 15 2 15 16 17 18 1 17 12 2 1 15 13 15 15 12 16 15 8 12 5
split_gain=17.4706 17.7848 11.1273 8.44722 11.8116 8.34158 7.53695 10.5866 7.47018 8.41402 6.83842 6.54158 15.8826 12.4789 9.07948 8.92233 8.02836 7.34001 6.28562 5.9181 6.81201 5.8359 8.42691 6.18242 8.69397 5.51742 7.62529 6.47316 6.38222 8.20726
threshold=-12.076410618679548 3.8336389149423171 0.96105965272177774 10.720218325355413 6.76901777243613 0.21787184922764716 3.4062557191557481 1.6888148325301844 -6.2194903386966525 0.77272698739282297 -14.484028047423328 0.34034875320394969 -0.30082626912369542 -19.776567892540559 38.278896135258059 -5.6916707712982841 -51.640766791552799 1.5161898599744819 15.216048403382223 -3.979371450893137 0.16807856704785656 1.2696887936577552 0.6756119531307766 0.44722040702988491 0.68672474797106431 -1.0868287878185208 0.18261291004526412 0.93475996843735587 0.73432525770709589 -6.1344443028957327
decision_type=2 2 2 2 2 2 2 2 2 2 2 2 2 2 2 2 2 2 2 2 2 2 2 2 2 2 2 2 2 2
left_child=1 10 3 4 5 -2 -4 -8 9 -5 -1 13 14 16 -13 17 -7 -15 -6 21 -21 23 -23 24 -3 26 -18 -27 -29 -30
right_child=2 19 6 8 18 11 7 -9 -10 -11 -12 12 -14 15 -16 -17 25 -19 -20 20 -22 22 -24 -25 -26 27 -28 28 29 -31
leaf_value=-0.0097854478027973625 -0.0026826702852792389 0.00026717639443549245 -0.0035032552380401352 -0.0051799437870712652 0.0030799704786029776 -0.0049262277344376965 0.011182186066335628 -0.00088812396638095377 -0.00085425066735309941 -0.00036249270507132621 -0.00028229515959580023 0.0026389378267046093 -0.00051012754920752199 0.0031789049813978586 0.00036683801769748993 -0.00047477679464589222 -0.0015166452557855556 -0.0018965709074317213 -0.0077943771877326063 -0.0054716094224439822 0.0034879150456828558 0.00089624025613708775 0.013558519857427613 0.0012341693187627244 0.010661723562684206 0.0074294150766478712 0.0011767933137127066 -0.0028099555328553443 0.0025782560776525104 -0.001613511271638669
leaf_weight=74 1469 88 78 950 1107 594 189 100 2702 497 862 1804 39284 1083 12914 22766 2387 336 50 102 304 338 55 120 409 67 1567 3627 494 2821
leaf_count=74 1469 88 78 950 1107 594 189 100 2702 497 862 1804 39284 1083 12914 22766 2387 336 50 102 304 338 55 120 409 67 1567 3627 494 2821
internal_value=-0.000379721 0.00217503 -0.00044174 -0.000461565 -0.000402084 -0.000440292 0.00477212 0.00700561 -0.0017858 -0.0035253 -0.00103361 -0.000403587 -0.000195212 -0.000718416 0.000645332 -0.000330918 -0.00152932 0.0019771 0.00261003 0.00429599 0.001237 0.00552565 0.00266832 0.00734563 0.00882124 -0.00134527 -0.000449215 -0.00185076 -0.00194033 -0.000988856
internal_weight=99238 2352 96886 96519 92370 91213 367 289 4149 1447 936 89744 54002 35742 14718 24185 11557 1419 1157 1416 406 1010 393 617 497 10963 3954 7009 6942 3315
internal_count=99238 2352 96886 96519 92370 91213 367 289 4149 1447 936 89744 54002 35742 14718 24185 11557 1419 1157 1416 406 1010 393 617 497 10963 3954 7009 6942 3315
is_linear=0
shrinkage=0.03


Tree=82
num_leaves=31
num_cat=0
split_feature=0 16 0 16 0 0 3 17 16 8 16 11 13 12 13 5 3 1 11 18 4 8 3 7 13 2 14 16 1 2
split_gain=22.216 17.0353 9.73407 14.7587 23.9944 13.7106 11.2647 10.3674 8.86943 8.77807 8.71764 8.11355 13.2066 7.61503 8.6094 9.88166 8.68715 7.6904 7.4851 7.31904 7.23364 7.15226 6.86919 6.6746 6.55543 6.37326 6.78434 6.31856 6.25472 6.16466
threshold=-5.231183314645901 -2.0949169381335211 2.1300850817886423 0.80703059329665205 -2.6488122334759505 0.28437139088094193 -6.551174147138938 -20.278877044621989 0.61588187304159359 8.3825030702243719 -0.3403719317094685 1.092091903337324 0.93382473075835482 0.52305798015142968 1.0055601990486858 -0.63736355259065436 -14.636261045844348 -4.5743163200282924 0.73120554338334742 57.570134857312347 3.5183681989858222 2.371264574301486 9.0581666602738817 9.6283230085399545 0.89594310318605352 -1.2003832648797783 141.74778717000004 -3.1878554450756753 -2.7526053544574878 13.847800163817682
decision_type=2 2 2 2 2 2 2 2 2 2 2 2 2 2 2 2 2 2 2 2 2 2 2 2 2 2 2 2 2 2
left_child=1 9 3 5 -5 7 -4 8 13 -1 19 23 22 17 15 18 -16 24 -15 21 27 -7 -13 -9 -2 26 -11 -20 -23 -6
right_child=2 -3 6 4 29 10 -8 11 -10 25 -12 12 -14 14 16 -17 -18 -19 20 -21 -22 28 -24 -25 -26 -27 -28 -29 -30 -31
leaf_value=-0.00084316803817773424 -0.0043226859787856 0.010247497935576931 0.0033933109049932839 0.009870302700130883 -0.0015049030632444541 0.00093617319512039109 7.9853929544706326e-05 -0.0005906134915491044 -0.0055301547200340305 0.0034170488307350556 -8.7603871343032701e-05 0.0030082699955088026 -0.0001460889734899731 -0.0037887525180112661 0.0032457339836211947 0.0018593114484366201 -0.0019476328175265477 -0.0018751763494171136 0.0069713976738595331 -0.00033440954766058228 -0.0074381500134458305 0.0073681032018492014 -0.0054796346264580882 -0.0084750645907269301 -0.014324390379159769 -0.0030309889609260216 0.012438000444653293 -0.00023705197599336876 0.0026498020263372828 -0.0077662302094505175
leaf_weight=513 252 276 997 167 13677 2209 12513 25534 426 190 13583 1844 8095 631 308 1832 4928 3661 113 1663 122 313 90 97 77 70 124 3474 1316 143
leaf_count=513 252 276 997 167 13677 2209 12513 25534 426 190 13583 1844 8095 631 308 1832 4928 3661 113 1663 122 313 90 97 77 70 124 3474 1316 143
internal_value=-0.000374276 0.00372988 -0.000423367 -0.00054284 -0.0014331 -0.000366385 0.000324378 -0.000620977 -0.00126005 0.00172446 0.000320442 -0.00033739 0.00038603 -0.00114192 -0.000747361 1.17224e-05 -0.00164214 -0.00227 -0.000768182 0.00132798 -0.000254302 0.0020483 0.00261328 -0.000620452 -0.00666351 0.00515464 0.00697946 -9.96672e-06 0.00355639 -0.00156969
internal_weight=99238 1173 98065 84555 13987 70568 13510 51484 15824 897 19084 35660 10029 15398 11408 6172 5236 3990 4340 5501 3709 3838 1934 25631 329 384 314 3587 1629 13820
internal_count=99238 1173 98065 84555 13987 70568 13510 51484 15824 897 19084 35660 10029 15398 11408 6172 5236 3990 4340 5501 3709 3838 1934 25631 329 384 314 3587 1629 13820
is_linear=0
shrinkage=0.03


Tree=83
num_leaves=31
num_cat=0
split_feature=0 16 0 16 0 0 16 16 3 17 7 8 9 17 0 16 12 8 9 2 1 0 8 12 1 0 12 3 14 5
split_gain=21.9031 16.8121 9.55191 13.0908 33.5525 14.339 12.7905 11.1716 12.1231 9.2126 8.94656 8.90767 8.45109 8.41882 8.28712 9.95319 9.13539 8.77454 8.16048 7.8758 7.57541 7.43818 7.33175 8.60621 8.87114 7.87575 10.1885 7.3582 7.0429 6.80664
threshold=-5.231183314645901 -3.5373262929677258 1.2809263576664927 0.066742163327878121 -3.5218086645601172 -0.49730636990654503 0.50102589751302407 -1.1407275452921521 -6.2906858732824249 -49.07469848051128 -1.2880182086840217 8.3825030702243719 4.9335327434826555 -23.705788625857085 3.146731484279083 1.692728419262522 1.8006408681774244 2.5412606932976538 5.319852808131186 -0.19823345298206616 1.476326815901208 -3.8524770464041218 3.5342724353551849 1.3875570747254391 -6.0962069837679307 -2.2779600129042836 1.7443246058426569 -4.1545357506306049 141.74778717000004 -5.2269834463402995
decision_type=2 2 2 2 2 2 2 2 2 2 2 2 2 2 2 2 2 2 2 2 2 2 2 2 2 2 2 2 2 2
left_child=1 11 3 5 -5 9 29 8 -7 12 -3 -1 21 19 15 -8 17 -16 -18 20 -6 -2 25 24 27 -11 -27 -24 -21 -4
right_child=2 10 6 4 13 7 14 -9 -10 22 -12 -13 -14 -15 16 -17 18 -19 -20 28 -22 -23 23 -25 -26 26 -28 -29 -30 -31
leaf_value=-0.0029032863566332313 -0.015015835774981457 0.012927414868423278 0.0054921054801390281 0.012003877995094295 -0.0028749313115488226 0.0062917323393723223 -2.1903629358901227e-05 -3.5163218430398662e-05 0.0011330136314925225 -0.0028992408476607853 0.0047719678745111998 0.0041559146334044028 0.0021623037643411069 -0.00094406811687439357 0.011977409277897094 -0.0018166980965275254 0.00026074340436621718 0.0014009537270408541 -0.0032988239448929848 -0.00024632408258461256 -0.0086043845800447463 -0.0044992529812531495 0.0050241808460227081 -0.0014985211387221523 9.4302938546715842e-05 -0.0009310071678882637 0.0031367072564761852 -0.00012991103580962672 -0.0042933881948147906 0.0011991566272095792
leaf_weight=338 69 188 361 173 2853 466 7142 16635 3411 1767 340 307 153 18243 72 4554 2453 3623 759 2015 224 493 651 2606 6817 16873 573 404 479 4196
leaf_count=338 69 188 361 173 2853 466 7142 16635 3411 1767 340 307 153 18243 72 4554 2453 3623 759 2015 224 493 651 2606 6817 16873 573 404 479 4196
internal_value=-0.000368939 0.0037062 -0.000417684 -0.000582319 -0.00116015 -0.000310111 0.000114787 0.000302833 0.00175307 -0.000723605 0.0076758 0.000456674 -0.00408866 -0.00125578 -0.000234148 -0.000720732 0.000589811 0.00160704 -0.000580387 -0.00227651 -0.00329203 -0.00579043 -0.00064257 -4.20169e-06 0.000490488 -0.00099071 -0.000797406 0.00305048 -0.00102361 0.00153924
internal_weight=99238 1173 98065 74905 23987 50918 23160 20512 3877 30406 528 645 715 23814 18603 11696 6907 3695 3212 5571 3077 562 29691 10478 7872 19213 17446 1055 2494 4557
internal_count=99238 1173 98065 74905 23987 50918 23160 20512 3877 30406 528 645 715 23814 18603 11696 6907 3695 3212 5571 3077 562 29691 10478 7872 19213 17446 1055 2494 4557
is_linear=0
shrinkage=0.03


Tree=84
num_leaves=31
num_cat=0
split_feature=3 8 15 11 5 11 10 6 8 13 1 8 9 13 18 4 11 9 9 3 11 5 13 11 4 18 11 1 6 16
split_gain=16.9803 17.4369 10.9581 9.83941 8.3838 13.0004 9.78459 9.66576 8.61412 9.27647 7.88196 9.83935 7.45487 8.70504 7.0276 6.97307 7.90875 6.94829 6.49888 6.48262 6.16502 6.14048 6.41253 5.86525 5.77259 8.0408 5.38284 5.80274 7.324 7.15806
threshold=-12.076410618679548 3.8336389149423171 0.96105965272177774 0.70574989097083962 10.720218325355413 1.2775432648576743 6.9048077284979366 14.044638087596129 1.4960872366734632 1.4557749656106633 1.0726601310811825 8.8599832140698567 3.4062557191557481 1.0093052878552078 64.177630897637712 -1.074445206040475 0.542834091525915 3.9769063100200044 2.2709163592363688 -5.9247414392425748 0.76350213937043721 -4.8995648109044261 2.0225170520343876 0.72395345696480484 -9.8453793752189203 29.518223167229902 1.2609695702459691 2.3956471367888592 5.4076389462120158 -0.063719049528781393
decision_type=2 2 2 2 2 2 2 2 2 2 2 2 2 2 2 2 2 2 2 2 2 2 2 2 2 2 2 2 2 2
left_child=1 18 4 -3 5 15 7 14 -7 10 11 24 -4 -14 -6 20 -17 -16 -1 21 -2 22 -11 -9 25 -10 27 29 -29 -18
right_child=2 3 12 -5 6 8 -8 23 9 19 -12 -13 13 -15 17 16 26 -19 -20 -21 -22 -23 -24 -25 -26 -27 -28 28 -30 -31
leaf_value=-0.011435357262106503 -0.0017039008144188411 -0.0088159940924495452 -0.0034808594561540162 0.0047336250359102496 -0.0002601715754472503 -0.0047976220070268024 -0.0079203914288240897 0.0063216419749468266 0.0044589482453769782 -0.00081499126375595614 0.00020562661662113448 0.008853456863727403 0.013193757270126283 0.0026144377705367172 -0.0022985029708809004 -0.0044642895982122156 -3.1178723122110773e-05 -0.0096529744787167901 -0.00042195243593621054 -0.00064012397005005204 -0.00065119057505793742 0.0089728386809828833 0.0070542305033831371 -0.00095449820656675992 0.0026715661267283195 -0.0044802734439074992 -0.0030083180325715169 0.0012237870963440738 -0.00024754554353669531 -0.00087548608260474517
leaf_weight=51 6210 50 78 1366 228 256 220 103 142 358 2056 211 119 170 195 405 20018 284 885 3996 25841 114 126 3119 2518 250 631 5017 7746 16475
leaf_count=51 6210 50 78 1366 228 256 220 103 142 358 2056 211 119 170 195 405 20018 284 885 3996 25841 114 126 3119 2518 250 631 5017 7746 16475
internal_value=-0.000363584 0.00215506 -0.000424726 0.00425518 -0.0004444 -0.000385143 -0.00176366 -0.00141892 0.000634766 0.000777094 0.00164786 0.00259794 0.00474933 0.00697063 -0.00459543 -0.000509338 -0.000288949 -0.00665898 -0.00102204 -0.000204172 -0.000855157 0.00270898 0.00123361 -0.000721897 0.00214437 -0.00124209 -0.000255052 -0.000219781 0.00033082 -0.000412347
internal_weight=99238 2352 96886 1416 96519 92370 4149 3929 10027 9771 5177 3121 367 289 707 82343 50292 479 936 4594 32051 598 484 3222 2910 392 49887 49256 12763 36493
internal_count=99238 2352 96886 1416 96519 92370 4149 3929 10027 9771 5177 3121 367 289 707 82343 50292 479 936 4594 32051 598 484 3222 2910 392 49887 49256 12763 36493
is_linear=0
shrinkage=0.03


Tree=85
num_leaves=31
num_cat=0
split_feature=0 16 15 17 6 8 2 11 2 17 0 16 15 8 10 3 8 16 0 0 14 0 16 0 10 13 11 6 15 10
split_gain=21.4752 16.6315 15.2003 8.72405 9.39344 8.57722 8.49208 8.23409 15.9149 9.5218 8.64048 8.28309 8.82369 7.84659 7.16702 8.18509 8.026 7.40911 19.5127 14.3245 10.859 10.6179 9.58131 13.7008 9.15907 11.0647 7.75742 7.52171 7.12992 7.07504
threshold=-5.231183314645901 -2.0949169381335211 0.96105965272177774 -23.705788625857085 19.633566365581895 8.3825030702243719 20.953804024279613 1.2775432648576743 1.0206107468742844 -51.640766791552799 -2.9583396898284291 -2.1425678013390255 0.35554608711020425 1.9719165952835722 6.9048077284979366 10.678780832318049 7.7421944792098456 -1.2001096125166415 -3.8524770464041218 -0.08157051040774381 6.7379461098311237 -1.4317046157092495 0.77165217354732762 2.5509693497209849 3.1222571623563184 0.59553536335647306 0.542834091525915 8.5340365284775928 0.18261291004526412 4.2416201128650188
decision_type=2 2 2 2 2 2 2 2 2 2 2 2 2 2 2 2 2 2 2 2 2 2 2 2 2 2 2 2 2 2
left_child=1 5 6 -4 -5 -1 7 9 13 10 -2 -12 -13 -9 17 16 -16 21 29 20 -20 -11 -21 -24 27 26 -26 -22 -3 -19
right_child=2 28 3 4 -6 -7 -8 8 -10 14 11 12 -14 -15 15 -17 -18 18 19 22 24 -23 23 -25 25 -27 -28 -29 -30 -31
leaf_value=-0.00084268427722507331 -0.010504088737070561 0.014041927554812955 0.011677883935471376 -0.0029597614321059413 0.0086678506222973885 0.0050861117730528352 -0.0051770204268175466 -0.0020341420031707875 -0.00074153058461217942 -0.00062742250864259103 0.0066697333873314566 -0.0059755886599467782 -0.00040906221856578035 0.001833316877630011 -0.0032893628240869698 -0.0098556021152569947 0.0095984198327176279 0.0092529599797889234 -0.0044447585316695366 0.0001166301694050752 -0.00080004714254384881 0.00092731317858669982 -0.0013697306522191123 0.00033758172168520454 -0.0064779666079530151 -0.0022995808270819119 0.00061630179293221325 0.0016452888166814251 0.00419348179938441 -0.00038607531923212499
leaf_weight=513 128 166 135 140 113 384 338 520 5997 8116 86 483 546 5130 334 151 50 246 890 23433 13349 7708 12489 6397 149 7794 2011 1237 110 95
leaf_count=513 128 166 135 140 113 384 338 520 5997 8116 86 483 546 5130 334 151 50 246 890 23433 13349 7708 12489 6397 149 7794 2011 1237 110 95
internal_value=-0.000358235 0.00367691 -0.000406502 0.00551963 0.0022336 0.0016954 -0.000430042 -0.000413558 0.000334868 -0.000515282 -0.00312187 -0.0022744 -0.00302192 0.00147737 -0.000476916 -0.00393817 -0.00161127 -0.000454848 -0.000590743 -0.000626773 -0.00118951 0.000129902 -0.000288619 -0.000791436 -0.00107145 -0.00177303 0.000126929 -0.000592665 0.0101168 0.0065676
internal_weight=99238 1173 98065 388 253 897 97677 97339 11647 85692 1243 1115 1029 5650 84449 535 384 83914 68090 67749 25430 15824 42319 18886 24540 9954 2160 14586 276 341
internal_count=99238 1173 98065 388 253 897 97677 97339 11647 85692 1243 1115 1029 5650 84449 535 384 83914 68090 67749 25430 15824 42319 18886 24540 9954 2160 14586 276 341
is_linear=0
shrinkage=0.03


Tree=86
num_leaves=31
num_cat=0
split_feature=0 16 0 16 0 0 16 16 3 17 6 8 6 9 17 6 0 16 12 3 9 8 8 13 6 9 0 8 12 1
split_gain=21.1885 16.4513 9.16896 12.4513 32.724 13.8978 12.3929 10.6823 11.8389 8.90609 8.75812 8.67175 8.31491 8.238 8.19312 11.5473 7.65293 8.71768 7.8931 7.58657 15.9745 8.81878 7.51991 7.74646 7.50596 8.31745 7.35612 7.05719 8.49714 8.66806
threshold=-5.231183314645901 -3.5373262929677258 1.2809263576664927 0.066742163327878121 -3.5218086645601172 -0.49730636990654503 0.50102589751302407 -1.1407275452921521 -6.2906858732824249 -49.07469848051128 -9.2687921931911301 8.3825030702243719 1.7807442079320037 4.9335327434826555 -23.705788625857085 -7.9148360138065916 3.146731484279083 1.692728419262522 0.56434165667550407 1.4151981498254032 3.1769450231010548 4.1970958308414543 9.3969282438620461 0.95925643546436234 10.184224523321914 7.3839281616548353 -3.8524770464041218 3.5342724353551849 1.3875570747254391 -6.0962069837679307
decision_type=2 2 2 2 2 2 2 2 2 2 2 2 2 2 2 2 2 2 2 2 2 2 2 2 2 2 2 2 2 2
left_child=1 11 3 5 -5 9 24 8 -7 13 -8 -1 22 26 19 -16 17 -12 -18 21 -21 -6 23 -3 25 -4 -2 -11 29 -29
right_child=2 12 6 4 14 7 10 -9 -10 27 16 -13 -14 -15 15 -17 18 -19 -20 20 -22 -23 -24 -25 -26 -27 -28 28 -30 -31
leaf_value=-0.0028749423489503605 -0.014867429299199063 0.013165603539742091 0.0019363088360290382 0.011874301743591366 -0.0034376881067422686 0.006209518764679651 0.0025612743030141855 -2.4254589735978447e-05 0.0011116284863500693 -0.00096615006713371226 -0.00018215934890534425 0.0040901525004339145 0.0015772080126424763 0.002158786401097827 0.0031311577812839428 -0.0010539946345840905 0.0053871258649231344 -0.0019041513089256576 0.00022069632226289621 0.0015167839206108684 -0.0046166795224779535 0.0013639759288793575 0.018449720898270607 0.0035342858605352896 -0.0010349916837940263 0.014255259051918982 -0.0044090124078493562 0.0030237768515458956 -0.0014831095631024391 0.00010163094459512231
leaf_weight=338 69 136 3665 173 3483 466 964 16635 3411 19213 6786 307 149 153 614 17629 278 4337 6238 1128 578 382 75 168 842 50 493 1055 2606 6817
leaf_count=338 69 136 3665 173 3483 466 964 16635 3411 19213 6786 307 149 153 614 17629 278 4337 6238 1128 578 382 75 168 842 50 493 1055 2606 6817
internal_value=-0.000353415 0.0036547 -0.000401358 -0.00056266 -0.00112619 -0.000297184 0.000120329 0.000306256 0.00172437 -0.000704266 -0.000223138 0.000440227 0.00758147 -0.00401287 -0.00122064 -0.000913136 -0.000375311 -0.000853586 0.000441118 -0.0022276 -0.000561259 -0.00296311 0.00994198 0.00784303 0.00152246 0.00210211 -0.00569305 -0.000624591 1.71017e-06 0.000493255
internal_weight=99238 1173 98065 74905 23987 50918 23160 20512 3877 30406 18603 645 528 715 23814 18243 17639 11123 6516 5571 1706 3865 379 304 4557 3715 562 29691 10478 7872
internal_count=99238 1173 98065 74905 23987 50918 23160 20512 3877 30406 18603 645 528 715 23814 18243 17639 11123 6516 5571 1706 3865 379 304 4557 3715 562 29691 10478 7872
is_linear=0
shrinkage=0.03


Tree=87
num_leaves=31
num_cat=0
split_feature=0 16 12 0 16 0 0 3 17 18 16 0 10 13 4 12 18 12 0 10 7 18 7 1 5 14 17 2 3 4
split_gain=20.9259 16.3049 9.33268 8.99933 13.6667 23.235 12.9015 10.8241 9.91878 8.53126 8.08691 8.04772 7.98257 7.48799 8.76016 8.24848 7.07364 6.56737 6.22008 6.20792 6.99531 6.73538 6.91443 6.14134 7.13609 6.43294 6.97579 6.13463 6.11676 7.5314
threshold=-5.231183314645901 -1.3281317642954742 1.8006408681774244 2.1300850817886423 0.80703059329665205 -2.6488122334759505 0.28437139088094193 -6.551174147138938 -18.294549674460335 32.614433366481009 -0.3403719317094685 -7.2304653093313531 4.2194036362802168 1.2629064802187315 -12.734739292349621 0.52696213921671442 57.570134857312347 2.526730449748634 2.2259623525608645 2.5701348567164466 0.68925380075027809 67.549573166410866 2.1618072333631559 -7.2765077015031867 -0.63736355259065436 145.06176329592287 -23.497598420981845 13.847800163817682 -7.4577509361860406 -10.048080851980304
decision_type=2 2 2 2 2 2 2 2 2 2 2 2 2 2 2 2 2 2 2 2 2 2 2 2 2 2 2 2 2 2
left_child=1 2 11 4 6 -6 8 -5 9 -2 16 -1 -13 15 -15 -11 -8 -16 -9 20 -10 -22 -23 -17 -25 26 -26 -7 29 -21
right_child=3 -3 -4 7 5 27 10 18 19 13 -12 12 -14 14 17 23 -18 -19 -20 28 21 22 -24 24 25 -27 -28 -29 -30 -31
leaf_value=0.010741064025461673 0.00070025610101944944 0.012167860061230766 -0.0009850364283752102 0.0033316478242143921 0.0097558913486981823 -0.0014369847752556256 0.0020040865503630099 0.0027806953775728572 -0.00032007739277960549 -0.0021795447604562096 -6.7464003881520095e-05 0.0071298699944948212 -0.0014386700330810112 -0.0092222946005035694 -0.0028118383091005252 0.0039721108375757241 -0.00033833473840073452 0.0027123782641896577 -8.2235305632476156e-05 -0.0023719397640324996 0.002163837591419381 -0.0028145724682897538 0.0014931263709076451 -0.0013506608221164451 0.0022309967226769663 -0.0022860001569856513 -0.0010280843777785839 -0.0076830408684734315 -0.00067594454364770806 0.0024335039823228824
leaf_weight=150 1995 172 458 997 167 13677 3838 725 5771 4254 13583 184 209 179 2360 259 1663 211 11788 389 2722 604 754 5714 1673 637 914 143 21852 1196
leaf_count=150 1995 172 458 997 167 13677 3838 725 5771 4254 13583 184 209 179 2360 259 1663 211 11788 389 2722 604 754 5714 1673 637 914 143 21852 1196
internal_value=-0.00034799 0.00363521 0.00216906 -0.000395635 -0.000510511 -0.0013672 -0.000340709 0.000323336 -0.000587674 -0.00115088 0.000325543 0.00482942 0.00257306 -0.00137883 -0.00280524 -0.00108721 0.00129595 -0.00235847 8.36422e-05 -0.000279811 0.000352108 0.00130289 -0.000422816 -0.000581961 -0.000713926 0.00041458 0.00107955 -0.00150161 -0.000545418 0.00125412
internal_weight=99238 1173 1001 98065 84555 13987 70568 13510 51484 18196 19084 543 393 16201 2750 13451 5501 2571 12513 33288 9851 4080 1358 9197 8938 3224 2587 13820 23437 1585
internal_count=99238 1173 1001 98065 84555 13987 70568 13510 51484 18196 19084 543 393 16201 2750 13451 5501 2571 12513 33288 9851 4080 1358 9197 8938 3224 2587 13820 23437 1585
is_linear=0
shrinkage=0.03


Tree=88
num_leaves=31
num_cat=0
split_feature=0 16 15 5 11 10 1 9 5 15 13 17 0 0 13 16 15 13 11 16 0 0 0 16 0 17 16 16 2 4
split_gain=20.6571 16.1306 15.0166 8.79824 13.6947 10.3039 9.44361 11.1543 8.72931 8.68938 8.59916 8.38896 9.81491 8.07529 8.00111 7.83243 9.04939 7.76108 8.08332 7.22258 19.2818 12.2263 11.3974 11.3073 10.6505 9.75075 8.70075 7.81973 6.99857 8.05271
threshold=-5.231183314645901 -1.3281317642954742 0.96105965272177774 10.720218325355413 1.2775432648576743 6.9048077284979366 1.1036623498636768 7.0387950819912755 -4.1427723089219652 0.69642735500804498 1.6139500144458172 -51.640766791552799 -2.9583396898284291 4.2652221638901482 1.0093052878552078 -2.1425678013390255 0.35554608711020425 0.95216451158160209 1.1678851530285097 -1.2001096125166415 -3.8524770464041218 -0.08157051040774381 -1.4317046157092495 0.77165217354732762 2.5509693497209849 -13.751292604320026 2.4323951718981061 -0.65618475726160852 1.7677207342385539 -2.669456171096662
decision_type=2 2 2 2 2 2 2 2 2 2 2 2 2 2 2 2 2 2 2 2 2 2 2 2 2 2 2 2 2 2
left_child=1 17 3 4 11 -5 7 10 -4 -9 -6 12 -2 -10 -15 -14 -17 -1 -19 22 27 25 28 -23 -25 26 -22 -21 29 -13
right_child=2 -3 8 5 6 -7 -8 9 13 -11 -12 19 15 14 -16 16 -18 18 -20 20 21 23 -24 24 -26 -27 -28 -29 -30 -31
leaf_value=0.0063532395727119179 -0.01093581747829914 0.012101187014053468 0.01719913884624839 -0.0014323193132168479 0.0018815482573930225 -0.0083814705826231444 -0.00036905301335766756 0.0032299949487285882 -0.0065268472621315401 0.012467339729695623 -0.00070623394883252959 -0.0014523002599568405 0.0067995722634515846 0.01155351710385613 0.0013584796268089562 -0.0057730515237894757 -1.0220438142764498e-05 -0.0048497818608550314 0.0023923917542720504 0.0005672562610180605 -0.0017752532762460109 0.00014021374922997378 0.00096725695402144604 -0.0013699996228475793 0.00020514919555779984 -0.00053268028892214814 0.0078545640522942831 0.0099633873820525881 -0.00262960592143982 0.0006471595473330411
leaf_weight=284 125 172 50 3893 3820 202 4448 290 57 134 1657 2888 83 124 157 475 507 188 529 126 12884 23029 7596 12098 5676 12283 85 217 1343 3818
leaf_count=284 125 172 50 3893 3820 202 4448 290 57 134 1657 2888 83 124 157 475 507 188 529 126 12884 23029 7596 12098 5676 12283 85 217 1343 3818
internal_value=-0.000343268 0.00361427 -0.000390606 -0.000414004 -0.000354444 -0.00177511 0.000674757 0.00146155 0.0054996 0.00614934 0.00109865 -0.000482412 -0.00298319 0.0037689 0.00585736 -0.00204978 -0.00279774 0.00215598 0.000493468 -0.000446139 -0.000582773 -0.000619612 0.000133738 -0.000298528 -0.000866987 -0.00113843 -0.00171214 0.00651175 -0.00065287 -0.000256992
internal_weight=99238 1173 98065 97677 93582 4095 10349 5901 388 424 5477 83233 1190 338 281 1065 982 1001 717 82043 66398 66055 15645 40803 17774 25252 12969 343 8049 6706
internal_count=99238 1173 98065 97677 93582 4095 10349 5901 388 424 5477 83233 1190 338 281 1065 982 1001 717 82043 66398 66055 15645 40803 17774 25252 12969 343 8049 6706
is_linear=0
shrinkage=0.03


Tree=89
num_leaves=31
num_cat=0
split_feature=0 16 15 7 5 8 0 12 12 18 15 6 16 0 0 7 18 16 11 10 3 6 9 4 16 3 15 7 0 9
split_gain=20.3916 15.9693 14.9034 8.81568 8.66271 8.4106 7.9514 8.5242 7.45221 8.35892 7.2249 18.9192 12.5182 12.7873 10.2116 9.18425 8.6881 8.73826 8.25062 8.22705 8.08697 8.02973 7.75463 8.41813 7.59728 7.13935 7.08852 8.01762 7.03307 6.88615
threshold=-5.231183314645901 -2.0949169381335211 0.96105965272177774 9.6283230085399545 -4.1427723089219652 8.3825030702243719 4.2652221638901482 1.6888148325301844 0.21787184922764716 31.227826645556174 0.34034875320394969 -7.9148360138065916 0.78839346484745032 1.3077311181828624 -0.88438789969095988 -1.4561776240623767 38.052221602078973 -1.8240860090873827 1.0949385051031675 4.3365052061469234 7.9442621551811818 -1.5029193967106604 7.0387950819912755 1.3722490091114594 1.8113408829560698 -7.9842685654234566 0.18261291004526412 0.2286148787461251 -4.0488156616650324 3.7489014888522285
decision_type=2 2 2 2 2 2 2 2 2 2 2 2 2 2 2 2 2 2 2 2 2 2 2 2 2 2 2 2 2 2
left_child=1 5 3 8 -4 -1 -6 -8 9 -2 15 -12 18 14 -14 16 17 -10 -13 -18 22 -16 23 -20 -23 29 -3 -28 -19 -11
right_child=2 26 4 -5 6 -7 7 -9 10 25 11 12 13 -15 21 -17 19 28 20 -21 -22 24 -24 -25 -26 -27 27 -29 -30 -31
leaf_value=-0.00086147259377563983 -0.014527327506244183 0.013817577259839477 0.017137221923028117 -0.0052454467632493673 -0.0064581436340353984 0.0050094535503012591 0.0099281297187352995 -0.00083242496997814317 0.0025725314304630717 -0.002288064023479819 0.0016502843492196561 -0.00022486003916725279 0.0030507629728320764 -0.00039955064177950777 -0.0040839073375967547 -0.00045227267288836355 -0.0019566250556381417 0.0073830859871899211 0.00010739332541273798 -0.0055242998407128412 -0.0011184049402186531 -0.0010950229184317462 0.0075940138356879261 0.0022344348146192527 -0.0046348105313600042 -0.0026740535251801767 0.011807712259653366 -0.0044016095120811239 -0.0015334662783257293 0.012025959092329759
leaf_weight=513 50 166 50 338 57 384 174 107 655 60 4818 24154 339 14782 1647 30031 3140 82 3440 714 1513 3670 172 3263 641 1370 57 53 2737 61
leaf_count=513 50 166 50 338 57 384 174 107 655 60 4818 24154 339 14782 1647 30031 3140 82 3440 714 1513 3670 172 3263 641 1370 57 53 2737 61
internal_value=-0.000338527 0.00359349 -0.00038556 -0.000408869 0.0054824 0.00165183 0.00375832 0.00583069 -0.000392074 -0.00246173 -0.000358782 -0.000150474 -0.000312278 -0.000881816 -0.00201392 -0.000684628 -0.00163685 -0.000548842 5.66391e-05 -0.00261758 0.000867241 -0.00230209 0.00130423 0.00114283 -0.00162135 -0.00205711 0.00990388 0.00399777 -0.0012741 0.0049281
internal_weight=99238 1173 98065 97677 388 897 338 281 97339 1541 95798 58439 53621 21079 6297 37359 7328 3474 32542 3854 8388 5958 6875 6703 4311 1491 276 110 2819 121
internal_count=99238 1173 98065 97677 388 897 338 281 97339 1541 95798 58439 53621 21079 6297 37359 7328 3474 32542 3854 8388 5958 6875 6703 4311 1491 276 110 2819 121
is_linear=0
shrinkage=0.03


Tree=90
num_leaves=31
num_cat=0
split_feature=3 8 15 11 10 5 8 9 12 12 9 17 15 6 3 15 6 4 9 4 5 9 12 7 4 14 8 1 11 6
split_gain=16.2422 16.9126 10.5283 9.7053 8.23628 7.93453 8.0912 7.31598 10.3363 6.67307 6.39115 5.84458 5.58778 6.42021 5.73814 8.72505 9.54473 7.78873 10.343 6.5892 6.40964 5.62682 5.49469 7.70171 6.39361 5.65607 5.41274 7.56525 5.89051 5.52942
threshold=-12.076410618679548 3.8336389149423171 0.96105965272177774 0.70574989097083962 5.630293180069855 14.155959574842568 10.087957252637965 3.4062557191557481 1.6888148325301844 0.4073434312354921 2.2709163592363688 -10.377274167485838 0.88178596766246986 -22.994028992528083 -5.9247414392425748 0.14931645014197301 -15.746440968775449 -9.4118614233647175 4.4640716191556207 -15.98268055872129 -5.1102188294012221 4.0417847369618238 0.98499871374385362 -2.5621218731352475 -5.857201659526722 175.68512292830511 3.1209675665733339 -1.0765320551349098 1.068836879567314 -6.587959742541412
decision_type=2 2 2 2 2 2 2 2 2 2 2 2 2 2 2 2 2 2 2 2 2 2 2 2 2 2 2 2 2 2
left_child=1 10 4 -3 9 6 -6 -4 -9 26 -1 -7 13 -11 15 19 -17 -18 22 -15 -21 -22 23 -19 25 -24 27 28 -2 -28
right_child=2 3 7 -5 5 11 -8 8 -10 12 -12 -13 -14 14 -16 16 17 18 -20 20 21 -23 24 -25 -26 -27 29 -29 -30 -31
leaf_value=-0.011325953076867496 -0.0030980962267996089 -0.008783822719752787 -0.0034750061254733454 0.0046731389402023251 -0.0017408703777695362 -0.011448565515614038 0.005300559554060425 0.011005562542982045 -0.0009211671352386474 -0.0089409909927501124 -0.00040420686840316502 -0.0037043724336514347 0.00066108747375658093 -0.007517076638106206 -0.00042126940235887787 0.0068066155020550618 -0.00073061833730127235 0.0082072317853037809 0.0049373267195618672 0.00029309572725294786 -0.0051286585393224976 0.0029404978087466012 -0.00070785094022610855 -0.00038297282519928003 0.0045351541188176515 0.009745611018117736 -0.0045174304634864838 -0.00074398648606704325 0.00074433189563793479 0.0011245227494128722
leaf_weight=51 2624 50 78 1366 2085 111 158 189 100 78 885 418 5384 146 68787 238 2264 98 648 1237 429 95 538 2264 636 51 175 6173 416 1466
leaf_count=51 2624 50 78 1366 2085 111 158 189 100 78 885 418 5384 146 68787 238 2264 98 648 1237 429 95 538 2264 636 51 175 6173 416 1466
internal_value=-0.000333629 0.00212966 -0.000393428 0.00419796 -0.000412712 -0.00202433 -0.00124486 0.00467816 0.00687867 -0.000365058 -0.000999302 -0.00532934 -0.000273469 -0.000338386 -0.00032972 0.000398806 0.000905902 0.000689812 0.00144916 -0.00139265 -0.000884888 -0.00366574 0.000819018 -2.6563e-05 0.00244944 0.000197288 -0.00106453 -0.00134727 -0.00257229 0.000522852
internal_weight=99238 2352 96886 1416 96519 2772 2243 367 289 93747 936 529 82893 77509 77431 8644 6737 6499 4235 1907 1761 524 3587 2362 1225 589 10854 9213 3040 1641
internal_count=99238 2352 96886 1416 96519 2772 2243 367 289 93747 936 529 82893 77509 77431 8644 6737 6499 4235 1907 1761 524 3587 2362 1225 589 10854 9213 3040 1641
is_linear=0
shrinkage=0.03


Tree=91
num_leaves=31
num_cat=0
split_feature=0 12 15 16 15 5 5 5 11 10 1 9 15 9 1 12 17 0 10 8 16 15 16 0 0 0 16 14 0 12
split_gain=20.0838 17.5921 14.6692 12.141 11.6871 8.59188 8.57215 8.54944 13.5346 9.97534 9.76885 10.205 9.00879 8.18678 7.92684 11.1903 7.89731 7.92239 7.81554 7.96316 7.65754 8.74583 6.7397 23.9461 11.8083 11.2581 10.8755 10.8407 10.1832 9.06643
threshold=-5.8962458316841024 2.8681418094803672 0.96105965272177774 -4.5699658095966527 0.11702343520226267 -4.1427723089219652 -8.3375294161170892 10.720218325355413 1.2775432648576743 6.9048077284979366 1.1036623498636768 7.0387950819912755 0.69642735500804498 6.073615599337562 4.8382553901968786 1.6888148325301844 -51.640766791552799 -2.9583396898284291 4.4209610352166093 8.039765275224811 -2.1425678013390255 0.35554608711020425 -1.2001096125166415 -3.8524770464041218 -0.08157051040774381 -1.4317046157092495 0.77165217354732762 6.7379461098311237 2.5509693497209849 0.13072999160381657
decision_type=2 2 2 2 2 2 2 2 2 2 2 2 2 2 2 2 2 2 2 2 2 2 2 2 2 2 2 2 2 2
left_child=1 3 7 4 -1 -4 -5 8 16 -9 11 -10 -13 -3 -7 -16 17 -2 19 -8 -19 -22 25 -24 27 -18 29 -25 -28 -26
right_child=2 13 5 6 -6 14 18 9 10 -11 -12 12 -14 -15 15 -17 22 20 -20 -21 21 -23 23 24 26 -27 28 -29 -30 -31
leaf_value=-0.0061698154542519116 -0.0097213521169291599 -0.0064070547172194641 0.01706197294034064 0.015449538899775215 0.0081701183192014141 -0.0021839076273971031 0.0036632701135022217 -0.0013876492493791431 0.0011302365300936399 -0.0081301699050415604 -0.00037852173218181674 0.0030175552528351546 0.012373472383218025 0.0074277962108745292 0.013435566632424369 -0.00047999242380742106 -0.00063467818196600765 0.006742970165908785 -0.0011000206668071355 0.018942471102385196 -0.005671566286351298 -6.2159397611780275e-06 0.0068846268048833705 -0.0043711502057168696 -0.0065982689258244848 0.00096582547300396121 -0.001333484448106888 -0.00099109040721763355 0.0002067191458450449 0.00019868660547934724
leaf_weight=98 135 157 50 167 107 127 64 3905 5574 208 4456 300 134 51 118 93 8253 83 79 59 475 507 387 885 178 7596 12098 24367 5676 22851
leaf_count=98 135 157 50 167 107 127 64 3905 5574 208 4456 300 134 51 118 93 8253 83 79 59 475 507 387 885 178 7596 12098 24367 5676 22851
internal_value=-0.000328786 0.00445997 -0.000366821 0.00716862 0.00131493 0.0054549 0.0104207 -0.000389854 -0.000331248 -0.00172863 0.000685833 0.00147524 0.00590625 -0.00301486 0.00373787 0.00730217 -0.000458719 -0.00287488 0.00626314 0.0109923 -0.00200702 -0.00274658 -0.000423486 -0.000556086 -0.000599679 0.0001324 -0.000284133 -0.00110955 -0.000841631 0.00014615
internal_weight=99238 782 98456 574 205 388 369 98068 93955 4113 10464 6008 434 208 338 211 83491 1200 202 123 1065 982 82291 66442 66055 15849 40803 25252 17774 23029
internal_count=99238 782 98456 574 205 388 369 98068 93955 4113 10464 6008 434 208 338 211 83491 1200 202 123 1065 982 82291 66442 66055 15849 40803 25252 17774 23029
is_linear=0
shrinkage=0.03


Tree=92
num_leaves=31
num_cat=0
split_feature=0 12 15 16 15 6 5 5 11 10 6 1 9 13 15 9 1 12 12 18 9 14 11 6 15 16 3 7 10 0
split_gain=19.9094 17.3553 14.5666 12.0524 11.5758 10.6143 8.52432 8.43539 13.2278 9.85443 9.66057 9.56021 10.0843 9.27502 8.91729 8.07176 7.86058 11.115 7.16749 7.05581 7.19447 6.48356 6.80954 6.24106 6.19259 13.1801 10.4295 7.70619 8.19727 7.59583
threshold=-5.8962458316841024 2.8681418094803672 0.96105965272177774 -4.5699658095966527 0.11702343520226267 1.7807442079320037 -4.1427723089219652 10.720218325355413 1.2775432648576743 6.9048077284979366 14.044638087596129 1.1036623498636768 7.0387950819912755 1.6139500144458172 0.69642735500804498 6.073615599337562 4.8382553901968786 1.6888148325301844 0.21787184922764716 64.177630897637712 3.9769063100200044 54.346600610470588 1.5421317382769348 13.529434052484204 0.34034875320394969 -0.30082626912369542 -5.5778677131040668 -1.4561776240623767 6.5369096556467978 1.5033796568553977
decision_type=2 2 2 2 2 2 2 2 2 2 2 2 2 2 2 2 2 2 2 2 2 2 2 2 2 2 2 2 2 2
left_child=1 3 7 4 -1 -5 -4 8 18 10 19 12 13 21 -14 -3 -8 -18 -2 -9 -21 -10 -23 -13 27 26 -26 28 -20 -27
right_child=2 15 6 5 -6 -7 16 9 11 -11 -12 23 14 -15 -16 -17 17 -19 24 20 -22 22 -24 -25 25 29 -28 -29 -30 -31
leaf_value=-0.0061471508336918695 -0.0025099112046964162 -0.0063488542688061381 0.017000676210969685 0.013561785139653058 0.0081243045629811623 0.0022523486546169105 -0.0021679152350957088 -0.00021809125784784554 0.00036536481601199292 -0.0080774019731996716 -0.00067609809640286115 -0.00075925679904237679 0.0029903972309082744 -0.00073533968886968309 0.012298677502783821 0.0073884725811726899 0.013391160974436897 -0.00047751503966508369 -0.0015511997710734447 -0.0022088006107279889 -0.0097086678760862008 0.0023928378988504512 0.0080362174705761128 0.0028993297408747946 0.0027332728208831142 -0.00084254609091855058 0.0002706928575628609 -0.00050404236637249735 -0.012783908616688291 6.3241797991020444e-05
leaf_weight=98 1497 157 50 265 107 104 127 228 1482 208 3201 3987 300 1694 134 51 118 93 6525 195 281 2187 211 469 1783 22339 11736 26263 59 13289
leaf_count=98 1497 157 50 265 107 104 127 228 1482 208 3201 3987 300 1694 134 51 118 93 6525 195 281 2187 211 469 1783 22339 11736 26263 59 13289
internal_value=-0.000324138 0.00444378 -0.000362008 0.00713414 0.00130185 0.0103743 0.00543932 -0.00038496 -0.000326746 -0.00171477 -0.00137587 0.000678742 0.00145967 0.00111672 0.00586438 -0.00298057 0.00372906 0.00727843 -0.000452765 -0.00455764 -0.00663624 0.00192532 0.0028894 -0.000374186 -0.000415206 -0.000202066 0.000595479 -0.000734116 -0.00165186 -0.000504693
internal_weight=99238 782 98456 574 205 369 388 98068 93955 4113 3905 10464 6008 5574 434 208 338 211 83491 704 476 3880 2398 4456 81994 49147 13519 32847 6584 35628
internal_count=99238 782 98456 574 205 369 388 98068 93955 4113 3905 10464 6008 5574 434 208 338 211 83491 704 476 3880 2398 4456 81994 49147 13519 32847 6584 35628
is_linear=0
shrinkage=0.03


Tree=93
num_leaves=31
num_cat=0
split_feature=0 12 15 16 15 6 17 6 5 11 10 6 1 13 11 14 17 0 16 15 18 16 0 0 0 16 14 0 12 10
split_gain=19.7116 17.1113 14.4701 11.9497 11.4655 10.5082 8.56063 9.25505 8.31587 12.9314 9.73744 9.46979 9.34861 9.46309 8.82398 11.3887 7.73052 7.85546 7.47507 8.48573 6.91876 6.50354 23.5299 11.4355 10.9318 10.6277 10.495 9.82719 8.81601 8.52573
threshold=-5.8962458316841024 2.8681418094803672 0.96105965272177774 -4.5699658095966527 0.11702343520226267 1.7807442079320037 -23.705788625857085 19.633566365581895 10.720218325355413 1.2775432648576743 6.9048077284979366 14.044638087596129 1.1036623498636768 1.6139500144458172 1.5421317382769348 19.920155967500005 -51.640766791552799 -2.9583396898284291 -2.1425678013390255 0.35554608711020425 64.177630897637712 -1.2001096125166415 -3.8524770464041218 -0.08157051040774381 -1.4317046157092495 0.77165217354732762 6.7379461098311237 2.5509693497209849 0.13072999160381657 3.1222571623563184
decision_type=2 2 2 2 2 2 2 2 2 2 2 2 2 2 2 2 2 2 2 2 2 2 2 2 2 2 2 2 2 2
left_child=1 3 8 4 -1 -5 -4 -8 9 16 11 20 13 14 -11 -16 17 -2 -19 -20 -10 24 -23 26 -18 28 -24 -27 -25 -28
right_child=2 -3 6 5 -6 -7 7 -9 10 12 -12 -13 -14 -15 15 -17 21 18 19 -21 -22 22 23 25 -26 27 29 -29 -30 -31
leaf_value=-0.0061245694756507868 -0.009654671937227249 -0.002947120284236287 0.01152538080099556 0.013494064273901353 0.0080787477171196474 0.002241303467263396 -0.0029849915488822654 0.0085566529974473258 -0.00021634078854204793 0.0017735258335034784 -0.0080249765173245509 -0.00067051568921112513 -0.00036912430808992301 -0.00030704493718794663 -0.0052062227221375164 0.0083161129710272019 -0.00062162787646343571 0.0066721209142278559 -0.0055848503057066021 -4.3792919580929377e-06 -0.0065718566613397053 0.0068337106467188562 -0.004296218884747743 -0.0065000234027340837 0.00095550725953245626 -0.0013090430597967567 -0.00051032665388119677 0.00020399745707526897 0.00020240528599662692 -0.0016548157985075444
leaf_weight=98 135 208 135 265 107 104 140 113 228 3671 208 3201 4456 1899 66 372 8253 83 475 507 476 387 885 178 7596 12098 14570 5676 22851 9797
leaf_count=98 135 208 135 265 107 104 140 113 228 3671 208 3201 4456 1899 66 372 8253 83 475 507 476 387 885 178 7596 12098 14570 5676 22851 9797
internal_value=-0.000319313 0.00442486 -0.000356994 0.00709624 0.00128887 0.0103226 0.00542508 0.00216997 -0.000379871 -0.00032207 -0.00170023 -0.00136334 0.000672085 0.00144433 0.00225373 0.0062785 -0.000446669 -0.00283718 -0.00197299 -0.00270369 -0.00451354 -0.000411809 -0.000542066 -0.000585279 0.000134251 -0.000274753 -0.00108704 -0.000825864 0.0001506 -0.00097048
internal_weight=99238 782 98456 574 205 369 388 253 98068 93955 4113 3905 10464 6008 4109 438 83491 1200 1065 982 704 82291 66442 66055 15849 40803 25252 17774 23029 24367
internal_count=99238 782 98456 574 205 369 388 253 98068 93955 4113 3905 10464 6008 4109 438 83491 1200 1065 982 704 82291 66442 66055 15849 40803 25252 17774 23029 24367
is_linear=0
shrinkage=0.03


Tree=94
num_leaves=31
num_cat=0
split_feature=0 12 16 6 3 9 2 10 9 16 0 16 16 0 0 10 0 3 3 6 14 14 11 16 3 16 0 6 12 7
split_gain=19.5011 16.9031 11.8471 10.4035 8.99506 14.0732 9.09257 8.05767 7.94651 7.52265 7.34485 11.1198 9.56155 26.77 13.277 11.7608 8.08263 7.9007 7.58483 7.44459 7.13573 6.89475 6.7145 6.64747 7.77509 6.42529 6.38955 6.24726 6.19145 6.12013
threshold=-5.8962458316841024 2.8681418094803672 -4.5699658095966527 1.7807442079320037 -8.8307100176081548 3.1054595106588794 -7.5112405861542539 5.630293180069855 6.073615599337562 0.4679854968145199 1.0605179265985272 0.34811823774228917 -0.063719049528781393 -2.511839161527373 -0.49730636990654503 2.9969121273110724 -3.8524770464041218 -6.838412312167141 -3.8307605511067817 -12.966942522659711 31.448848193054204 29.748991715203555 0.58347271338207396 -1.1407275452921521 -6.2906858732824249 -0.62843460306998833 0.12501780118897424 -17.094740615883264 0.13072999160381657 9.6283230085399545
decision_type=2 2 2 2 2 2 2 2 2 2 2 2 2 2 2 2 2 2 2 2 2 2 2 2 2 2 2 2 2 2
left_child=1 2 -1 -4 5 6 25 10 -3 21 12 17 14 16 19 20 -14 -12 -18 -6 -15 -8 -21 24 -16 -2 -11 -13 -25 -9
right_child=4 8 3 -5 7 -7 9 29 -10 26 11 27 13 15 23 -17 18 -19 -20 22 -22 -23 -24 28 -26 -27 -28 -29 -30 -31
leaf_value=0.0012763530667516312 -0.011762818222363981 -0.006265368094122049 0.013426848536849303 0.0022303124726749954 -0.0042538906705549542 0.0016533147448993945 -0.0059540994911185408 -0.001579261583608708 0.0073649595557328529 0.00076023100575964362 0.0071670576697445958 0.0089664178070696914 0.012378392093814909 -0.0018718101837281113 0.0068328643506550685 -0.0019828248310772671 0.0082386134638160954 0.0011054632372748112 0.00022087938003168393 -0.0050271762481129178 -0.00023799838017063218 0.0016029613060968694 -0.000563386276166279 -0.0070959816026614506 0.0011900247091285125 -0.00082739230100210609 -0.0097485541848017117 -0.00027886104425244138 0.00015105721112028506 -0.006348570738248939
leaf_weight=205 130 157 265 104 517 4248 128 2275 51 84 202 66 120 3119 236 9583 183 4612 253 307 10523 719 25051 107 3194 77 137 19706 12608 271
leaf_count=205 130 157 265 104 517 4248 128 2275 51 84 202 66 120 3119 236 9583 183 4612 253 307 10523 719 25051 107 3194 77 137 19706 12608 271
internal_value=-0.000315102 0.00440367 0.00705875 0.0102712 -0.000352582 0.000823668 -0.00194052 -0.000422486 -0.00292332 -0.000825176 -0.000375603 6.6814e-05 -0.000540909 -0.00102162 -0.000268854 -0.00117735 0.00548373 0.00135981 0.00358612 -0.000690087 -0.00061154 0.000460926 -0.000617428 0.000406241 0.00157828 -0.00769505 -0.00575426 -0.000248 9.00715e-05 -0.00208691
internal_weight=99238 782 574 369 98456 5523 1275 92933 208 1068 90387 24586 65801 23781 42020 23225 556 4814 436 25875 13642 847 25358 16145 3430 207 221 19772 12715 2546
internal_count=99238 782 574 369 98456 5523 1275 92933 208 1068 90387 24586 65801 23781 42020 23225 556 4814 436 25875 13642 847 25358 16145 3430 207 221 19772 12715 2546
is_linear=0
shrinkage=0.03


Tree=95
num_leaves=31
num_cat=0
split_feature=0 12 15 3 15 17 7 10 7 9 3 9 4 9 0 1 1 1 4 6 1 6 1 15 1 13 15 17 12 14
split_gain=19.3235 16.6721 14.3552 9.53105 9.6266 8.47042 13.261 8.21163 8.2549 7.83583 7.24393 12.6111 8.83539 9.52485 8.75522 8.28257 6.92139 7.20539 5.97368 11.2119 7.88756 8.9329 6.97315 6.78221 6.12243 7.1891 7.67707 6.08418 5.97152 5.73625
threshold=-5.8962458316841024 2.8681418094803672 0.96105965272177774 -0.97739535544243961 0.10181149490881376 -23.705788625857085 3.3777271842468486 5.630293180069855 9.6283230085399545 6.073615599337562 -5.9247414392425748 3.3665163191589906 -1.1588564519157849 7.0387950819912755 0.44272066194646792 -10.033386477835352 2.0143485061177029 -2.4327779113175567 -8.1389138483049273 -10.897490599220065 -2.2394629430862785 -12.475685997939442 -7.6980212725611166 0.73194622106679152 -5.5087163230906784 0.95216451158160209 0.16807856704785656 -54.7886904489635 0.9442753266447903 300.11196189140094
decision_type=2 2 2 2 2 2 2 2 2 2 2 2 2 2 2 2 2 2 2 2 2 2 2 2 2 2 2 2 2 2
left_child=1 3 7 4 -1 -4 -7 10 -9 -3 11 15 13 -12 18 -2 17 -16 19 20 27 -22 28 -20 -24 26 -26 -13 -21 -29
right_child=2 9 5 -5 -6 6 -8 8 -10 -11 12 14 -14 -15 16 -17 -18 -19 23 22 21 -23 24 -25 25 -27 -28 29 -30 -31
leaf_value=0.0029856089069305552 -0.012704763684202642 -0.0062090995474154967 0.011478952049795123 0.0008583023138689222 0.012701698756193822 -0.0034257450158762174 0.01059874447855619 -0.0014303035803629061 -0.0069626644527895397 0.007325968581306584 -0.00090829803389315508 -0.005834525938364951 -0.00021008772726415287 0.0083220500004763647 0.0015068285594907562 -0.00055867054647690164 -0.00024232396556738209 0.005687564241416981 0.0014354708406669749 0.011627050597965717 -0.0053263020167295914 0.0057647382205521513 -0.0084365882262641169 0.010166563065722585 -0.0054009753865573336 -0.0047236552705297178 0.0047835788811789823 0.0028580649183344658 -0.00059893019730225202 0.012769777302497199
leaf_weight=138 51 157 135 162 274 152 101 2671 267 51 26425 68 56848 101 642 5463 470 879 1712 50 254 88 191 84 102 473 192 853 128 56
leaf_count=138 51 157 135 162 274 152 101 2671 267 51 26425 68 56848 101 642 5463 470 879 1712 50 254 88 191 84 102 473 192 853 128 56
internal_value=-0.000310894 0.00438634 -0.000348202 0.00702321 0.00944728 0.00541087 0.00217296 -0.000370988 -0.00193307 -0.0028904 -0.000322744 0.00037442 -0.000421046 -0.000873153 0.00129792 -0.000671012 0.00293966 0.00392291 0.000529001 -0.000432886 0.0014486 -0.00247247 -0.00261746 0.00184383 -0.00363062 -0.00243382 0.00125016 0.00282118 0.00283533 0.00346869
internal_weight=99238 782 98456 574 412 388 253 98068 2938 208 95130 11756 83374 26526 6242 5514 1991 1521 4251 2455 1319 342 1136 1796 958 767 294 977 178 909
internal_count=99238 782 98456 574 412 388 253 98068 2938 208 95130 11756 83374 26526 6242 5514 1991 1521 4251 2455 1319 342 1136 1796 958 767 294 977 178 909
is_linear=0
shrinkage=0.03


Tree=96
num_leaves=31
num_cat=0
split_feature=0 16 15 12 5 2 12 0 1 12 15 6 17 16 0 0 11 6 3 16 4 1 1 16 0 15 8 1 16 5
split_gain=19.1515 15.6759 14.2909 8.71736 8.42966 8.30581 8.26781 8.032 7.76998 11.0667 7.11307 18.0111 11.2593 11.024 12.1878 9.84665 8.05081 7.82218 7.55015 7.52736 7.52702 7.49967 7.36108 7.31412 11.1874 9.02847 8.98281 7.53621 7.28001 7.25797
threshold=-5.231183314645901 -1.3281317642954742 0.96105965272177774 1.8006408681774244 -4.1427723089219652 20.953804024279613 0.21787184922764716 -7.2304653093313531 4.8382553901968786 1.6888148325301844 0.34034875320394969 -7.9148360138065916 -20.278877044621989 0.78839346484745032 1.3077311181828624 -0.88438789969095988 1.0949385051031675 -1.5029193967106604 7.9442621551811818 1.8113408829560698 1.3722490091114594 4.6383822691858159 -5.6916707712982841 -1.0868287878185208 -4.0488156616650324 0.18261291004526412 6.3319890495139708 -8.94460775392856 -1.0000000180025095e-35 -12.89569149678773
decision_type=2 2 2 2 2 2 2 2 2 2 2 2 2 2 2 2 2 2 2 2 2 2 2 2 2 2 2 2 2 2
left_child=1 3 5 7 -4 6 -2 -1 -6 -10 12 21 23 16 15 -15 -13 -17 20 -19 -18 -12 28 25 -25 29 -27 -26 -14 -8
right_child=2 -3 4 -5 8 -7 10 -9 9 -11 11 13 22 14 -16 17 18 19 -20 -21 -22 -23 -24 24 27 26 -28 -29 -30 -31
leaf_value=0.010543823807686566 -0.002513540888323877 0.011870823711898654 0.016891311252862216 -0.00098155134522221886 -0.0021693001585044551 -0.0050692397753911963 0.0056585185109870508 0.0023838049506782802 0.013321886213527897 -0.00051662033604037377 0.0019602187410609636 -0.00020560320793678376 0.00093179285848853772 0.0030595589550088398 -0.00033634836965365045 -0.0039555381645794887 0.00032367351479044911 -0.0010009954584776909 -0.0010677627318299297 -0.0045196457072356668 0.0023095336605539972 -0.0027522693713555577 -0.00041005224788899405 0.0070644396931425595 -0.013298603486683633 0.0016613269668068252 -0.0085027530862063893 -0.0020497475738947041 0.0070619284757639017 -0.0018906126745818204
leaf_weight=150 1576 172 50 458 127 338 120 393 118 93 4491 24202 1135 339 14669 1647 3519 3672 1482 643 3356 326 24160 121 54 1714 82 7268 206 2557
leaf_count=150 1576 172 50 458 127 338 120 393 118 93 4491 24202 1135 339 14669 1647 3519 3672 1482 643 3356 326 24160 121 54 1714 82 7268 206 2557
internal_value=-0.000306206 0.00350438 -0.000351786 0.00206679 0.00539433 -0.000374612 -0.00035831 0.00463795 0.0036936 0.00722245 -0.000322841 -0.000115788 -0.000645706 -0.000273906 -0.000810361 -0.00191388 7.16044e-05 -0.00219667 0.000874402 -0.00152533 0.00129306 0.00164129 -0.00028997 -0.00140701 -0.00198319 -0.000448242 0.00119727 -0.00213271 0.00187348 -0.00155221
internal_weight=99238 1173 98065 1001 388 97677 97339 543 338 211 95763 58346 37417 53529 20970 6301 32559 5962 8357 4315 6875 4817 25501 11916 7443 4473 1796 7322 1341 2677
internal_count=99238 1173 98065 1001 388 97677 97339 543 338 211 95763 58346 37417 53529 20970 6301 32559 5962 8357 4315 6875 4817 25501 11916 7443 4473 1796 7322 1341 2677
is_linear=0
shrinkage=0.03


Tree=97
num_leaves=31
num_cat=0
split_feature=0 16 15 15 17 7 5 11 10 1 9 15 17 0 5 8 16 15 10 17 14 10 4 3 16 0 0 0 16 14
split_gain=18.9902 15.874 14.155 11.7294 8.38054 13.1303 8.1435 12.3188 9.47147 9.06834 9.92983 8.78393 7.54269 7.79326 7.408 7.65567 7.29635 8.15603 7.09907 6.46679 8.80276 7.601 6.52446 6.99063 6.17465 22.7028 10.983 10.5192 10.0981 10.0678
threshold=-5.8962458316841024 -4.5699658095966527 0.96105965272177774 0.11702343520226267 -23.705788625857085 3.3777271842468486 10.720218325355413 1.2775432648576743 6.9048077284979366 1.1036623498636768 7.0387950819912755 0.69642735500804498 -51.640766791552799 -2.9583396898284291 -8.3375294161170892 9.3969282438620461 -2.1425678013390255 0.35554608711020425 3.8404469132400592 -17.313863379987733 145.06176329592287 2.6552746282934341 16.910344725133225 -2.201883536686005 -1.2001096125166415 -3.8524770464041218 -0.08157051040774381 -1.4317046157092495 0.77165217354732762 6.7379461098311237
decision_type=2 2 2 2 2 2 2 2 2 2 2 2 2 2 2 2 2 2 2 2 2 2 2 2 2 2 2 2 2 2
left_child=1 3 6 -1 -4 -6 7 12 -8 10 -9 -12 13 -2 -3 -16 -15 -18 -5 20 -11 -22 23 -21 27 -26 29 -14 -28 -27
right_child=2 14 4 18 5 -7 8 9 -10 19 11 -13 24 16 15 -17 17 -19 -20 22 21 -23 -24 -25 25 26 28 -29 -30 -31
leaf_value=-0.0063349462602779547 -0.0095773056174317996 0.012745666119550901 0.011416049380165834 -0.0020021590115181331 -0.0034114851177927397 0.010543728653747255 -0.0013355030131940824 0.0010866236601472107 -0.0079055300003920605 -0.00072916052942813476 0.0029453787854290567 0.012183796751743822 -0.00060053826552928374 0.0066150414443249443 0.00027391206675573534 0.011520463552325964 -0.0054726440073187025 -1.6572168262223521e-06 0.009272997526984128 0.0042059715600962838 -0.016275718629892383 -0.0041824722174689513 0.0060537944292241514 -0.00044964885811982523 0.0067269212296851887 -0.0041954169117034631 0.00015843833022209907 0.00094654820514634584 -0.00079338719488817103 -0.00093807158163657241
leaf_weight=159 135 189 135 87 152 101 3905 5574 208 1248 300 134 8253 83 138 90 475 507 119 331 56 284 178 2359 387 885 23029 7596 17774 24367
leaf_count=159 135 189 135 87 152 101 3905 5574 208 1248 300 134 8253 83 138 90 475 507 119 331 56 284 178 2359 387 885 23029 7596 17774 24367
internal_value=-0.000301544 0.00435501 -0.000338529 -0.000213582 0.00538025 0.00215957 -0.000361155 -0.000303957 -0.00166776 0.000666366 0.00142694 0.00579779 -0.000425568 -0.00278686 0.00835389 0.00471334 -0.0019261 -0.00264801 0.00451116 -0.000359117 -0.001895 -0.0061743 0.000491294 0.000123217 -0.000391135 -0.000518055 -0.000560501 0.000140939 -0.000256182 -0.00105223
internal_weight=99238 782 98456 365 388 253 98068 93955 4113 10464 6008 434 83491 1200 417 228 1065 982 206 4456 1588 340 2868 2690 82291 66442 66055 15849 40803 25252
internal_count=99238 782 98456 365 388 253 98068 93955 4113 10464 6008 434 83491 1200 417 228 1065 982 206 4456 1588 340 2868 2690 82291 66442 66055 15849 40803 25252
is_linear=0
shrinkage=0.03


Tree=98
num_leaves=31
num_cat=0
split_feature=0 13 15 5 10 5 0 1 13 15 16 2 8 0 14 0 16 16 0 10 0 3 14 5 8 9 14 8 15 14
split_gain=18.8144 16.2806 14.0523 8.36306 8.10194 8.36903 8.08588 7.69001 9.03744 7.34163 9.90895 7.23289 11.3589 14.0768 9.30155 7.50734 12.2815 11.0227 17.4575 14.1292 13.2636 9.56484 8.51958 8.31876 7.10147 6.30504 6.24682 6.21661 6.02251 7.23148
threshold=-5.8962458316841024 1.2979300033407661 0.96105965272177774 -4.1427723089219652 5.630293180069855 14.155959574842568 7.3776006052357053 4.8382553901968786 1.0093052878552078 0.10181149490881376 -4.096811923891992 -5.8329061870982626 3.8078240160900854 -4.5446248900611561 4.9895715749455274 1.0373493140868522 0.50102589751302407 -0.35432406745127348 -3.1534909473492072 2.9969121273110724 -0.49730636990654503 -6.838412312167141 30.270366035000006 -0.2837216541439655 6.8950907584183208 6.073615599337562 31.448848193054204 3.8833292383896736 0.75421778795110328 145.06176329592287
decision_type=2 2 2 2 2 2 2 2 2 2 2 2 2 2 2 2 2 2 2 2 2 2 2 2 2 2 2 2 2 2
left_child=1 9 4 -4 11 6 -6 -5 -9 10 -1 12 13 -2 -14 17 21 20 -19 23 -13 -17 -23 26 -3 28 -20 -16 -24 -30
right_child=2 24 3 7 5 -7 -8 8 -10 -11 -12 15 14 -15 27 16 -18 18 19 -21 -22 22 25 -25 -26 -27 -28 -29 29 -31
leaf_value=-0.0066834241254576316 -0.012920982523096933 -0.0077780109598975756 0.016815285683423279 -0.0021628404752622675 -0.0014771630818411472 -0.0054019321373198186 0.0087288323091343038 0.015287846576135891 0.0024257412768508256 0.011274519095859782 0.0093248878817619955 -0.00061296187519745973 -0.0079482922729636925 -0.00026485592254004602 0.0091730517058379261 0.0060618943785308282 -0.00031077426227325248 0.0066091428818421715 -0.0026829906413261676 -0.0018266553931642116 0.00063959871115141522 0.0034029640475331953 -0.00086326305204835149 7.4510431696635284e-05 0.0020473076291516799 0.007482359149027615 -0.00073169568474961051 0.0019149311768689888 0.00013010256985357104 0.0038615610998444191
leaf_weight=58 81 87 50 127 2356 510 72 78 133 273 87 22019 84 3362 110 351 18838 271 1997 12153 11626 1039 2268 9963 277 110 5666 3079 1415 698
leaf_count=58 81 87 50 127 2356 510 72 78 133 273 87 22019 84 3362 110 351 18838 271 1997 12153 11626 1039 2268 9963 277 110 5666 3079 1415 698
internal_value=-0.000297365 0.00433758 -0.000334179 0.00536381 -0.000356723 -0.00190834 -0.00117451 0.00366981 0.00718045 0.00837696 0.00292156 -0.000308802 0.000640323 -0.000562604 0.00190573 -0.000380899 6.28538e-05 -0.000553112 -0.000970703 -0.00103968 -0.000180141 0.00125966 0.000954851 -0.000497071 -0.000301051 0.000388476 -0.00124021 0.00216529 0.000210359 0.00136274
internal_weight=99238 782 98456 388 98068 2938 2428 338 211 418 145 95130 6716 3443 3273 88414 24719 63695 30050 29779 33645 5881 5530 17626 364 4491 7663 3189 4381 2113
internal_count=99238 782 98456 388 98068 2938 2428 338 211 418 145 95130 6716 3443 3273 88414 24719 63695 30050 29779 33645 5881 5530 17626 364 4491 7663 3189 4381 2113
is_linear=0
shrinkage=0.03


Tree=99
num_leaves=31
num_cat=0
split_feature=3 8 15 11 5 11 8 13 17 14 11 9 11 9 13 4 2 3 5 13 15 1 8 9 14 14 17 14 1 18
split_gain=15.1259 16.2808 9.83437 9.51727 7.61488 10.4128 8.23718 8.38773 7.36134 7.31656 8.08429 7.24009 9.55198 7.12396 8.31895 6.91856 6.88765 5.95585 5.91255 6.33358 5.78453 5.60725 7.74714 6.51982 9.38839 5.45147 5.39661 5.25931 5.24747 7.09367
threshold=-12.076410618679548 3.8336389149423171 0.96105965272177774 0.70574989097083962 10.720218325355413 1.2775432648576743 1.4960872366734632 1.4557749656106633 -51.640766791552799 50.673555072315452 1.5206558573594704 6.073615599337562 1.0291303700508412 3.4062557191557481 1.0093052878552078 -5.857201659526722 -14.484028047423328 -5.9247414392425748 -4.8995648109044261 2.0225170520343876 0.35554608711020425 1.0726601310811825 8.039765275224811 4.182080450536394 143.5437952517087 175.68512292830511 -22.118756016933901 41.556108615158699 1.4043310072834438 44.366251645113799
decision_type=2 2 2 2 2 2 2 2 2 2 2 2 2 2 2 2 2 2 2 2 2 2 2 2 2 2 2 2 2 2
left_child=1 16 4 -3 5 8 27 9 20 -8 21 -6 -13 -4 -15 25 -1 18 19 -9 -2 22 -11 24 -23 -12 -16 -7 29 -5
right_child=2 3 13 28 11 6 7 17 -10 10 15 12 -14 14 26 -17 -18 -19 -20 -21 -22 23 -24 -25 -26 -27 -28 -29 -30 -31
leaf_value=-0.0097694175602314453 -0.0049013784617891231 -0.0087422772087156764 -0.0034948707461500395 0.0043325921695079829 -0.00078893408872333969 -0.01158657194348052 3.702770063916177e-05 -0.00088568177898856683 -0.00039192874123721851 0.0022591338444165653 0.0051457740957053695 -0.01286930578341196 -0.0027852469295443923 0.012805580766010684 0.010628336641718359 0.0083365673474823775 -0.00023212000008768633 -0.00061215168472229819 0.0087445054777383225 0.00693494874097052 -0.00044409503315905507 0.00045254659204295385 0.0094537249899336265 0.002508714669589501 -0.0078463615944863035 -0.0071994863408463916 -0.0010356655216016688 -0.0020227708568310611 -0.0019967566508025227 0.011608644449462493
leaf_weight=74 586 50 78 1130 2867 72 1823 358 81283 1610 82 91 1191 119 51 337 862 3996 114 126 474 405 147 544 176 53 119 184 101 135
leaf_count=74 586 50 78 1130 2867 72 1823 358 81283 1610 82 91 1191 119 51 337 862 3996 114 126 474 405 147 544 176 53 119 184 101 135
internal_value=-0.0002933 0.00208384 -0.000351007 0.00411314 -0.000369645 -0.000313171 0.00059961 0.00073879 -0.000424321 0.00156679 0.00239826 -0.00162695 -0.00350104 0.00455059 0.00672202 0.00603772 -0.000986137 -0.000194287 0.002598 0.00115027 -0.00290822 0.00180221 0.00286107 0.0001485 -0.00206141 0.000299116 0.00246354 -0.00471259 0.00458369 0.00510909
internal_weight=99238 2352 96886 1416 96519 92370 10027 9771 82343 5177 3354 4149 1282 367 289 472 936 4594 598 484 1060 2882 1757 1125 581 135 170 256 1366 1265
internal_count=99238 2352 96886 1416 96519 92370 10027 9771 82343 5177 3354 4149 1282 367 289 472 936 4594 598 484 1060 2882 1757 1125 581 135 170 256 1366 1265
is_linear=0
shrinkage=0.03


Tree=100
num_leaves=31
num_cat=0
split_feature=3 8 15 10 5 8 9 12 2 12 16 1 1 15 13 15 15 12 2 15 16 15 15 3 8 10 12 13 2 14
split_gain=14.8959 16.0597 9.75687 7.80446 7.35316 7.84247 7.0435 10.0373 6.80577 6.10564 8.13615 5.91288 5.65792 6.63346 5.82264 8.50383 6.03725 8.46616 5.48712 5.28133 7.77015 8.85727 7.63811 7.41506 7.37413 8.1642 8.48066 7.91219 8.13454 6.84915
threshold=-12.076410618679548 3.8336389149423171 0.96105965272177774 5.630293180069855 14.155959574842568 10.087957252637965 3.4062557191557481 1.6888148325301844 -14.484028047423328 0.4073434312354921 -2.3025744277261415 -1.0765320551349098 -3.979371450893137 0.16807856704785656 1.2696887936577552 0.68420826659961731 0.44722040702988491 0.68672474797106431 6.2150838266543005 0.88178596766246986 0.58113094309636992 0.35554608711020425 0.096608652233403966 -6.0401242612263752 8.8599832140698567 4.8948596858888811 2.7473694856488069 0.98577453378045876 1.0595718030541159 21.858329098769534
decision_type=2 2 2 2 2 2 2 2 2 2 2 2 2 2 2 2 2 2 2 2 2 2 2 2 2 2 2 2 2 2
left_child=1 8 3 9 5 -5 -4 -8 -1 10 -2 -12 14 -14 16 -16 17 -3 -13 20 21 24 -22 -23 27 26 -26 28 -11 -24
right_child=2 12 6 4 -6 -7 7 -9 -10 19 11 18 13 -15 15 -17 -18 -19 -20 -21 22 23 29 -25 25 -27 -28 -29 -30 -31
leaf_value=-0.0097100089065025787 0.0031319134548385011 0.00012260119655614041 -0.0034639545777407385 -0.0016716302865814657 -0.0051152952681870773 0.0052607244479984244 0.010761844120801441 -0.00099111754037439835 -0.00022957530735236679 -0.00039967194432164588 -0.0021293965330726676 -0.00043041073139212264 -0.0055256720555617528 0.0033156541320127678 0.000672381466030003 0.013490615586439769 0.0010663785663200542 0.010380056908739558 -0.0042613470266100904 0.00067769247330524529 0.0057515901287797811 0.0019044399540696321 -0.002070842835568978 0.00014839104633500495 0.012441137403068018 -0.004534526480667626 -0.00030572370969151198 -0.0010341764027395209 0.0012386598223092229 -0.00059047747813245795
leaf_weight=74 415 88 78 2085 529 158 189 100 862 12694 3629 6455 102 304 339 54 120 409 355 5384 161 2394 3292 22539 123 67 76 13365 3474 19324
leaf_count=74 415 88 78 2085 529 158 189 100 862 12694 3629 6455 102 304 339 54 120 409 355 5384 161 2394 3292 22539 123 67 76 13365 3474 19324
internal_value=-0.000289041 0.00206995 -0.000346307 -0.000364872 -0.00193367 -0.00118331 0.00453594 0.00669508 -0.000979097 -0.000318484 -0.000987554 -0.00115132 0.00408543 0.00109443 0.00528775 0.00243367 0.00710567 0.00856385 -0.000630114 -0.000230876 -0.000293987 -0.000100217 -0.000759608 0.000317002 -0.000449307 0.00452335 0.00757299 -0.000494095 -4.76454e-05 -0.00080596
internal_weight=99238 2352 96886 96519 2772 2243 367 289 936 93747 10854 10439 1416 406 1010 393 617 497 6810 82893 77509 54732 22777 24933 29799 266 199 29533 16168 22616
internal_count=99238 2352 96886 96519 2772 2243 367 289 936 93747 10854 10439 1416 406 1010 393 617 497 6810 82893 77509 54732 22777 24933 29799 266 199 29533 16168 22616
is_linear=0
shrinkage=0.03


Tree=101
num_leaves=31
num_cat=0
split_feature=0 13 15 5 10 5 0 1 13 15 16 8 8 3 0 16 0 0 17 14 15 16 18 10 16 14 17 14 0 16
split_gain=18.402 16.0775 13.7794 8.30429 7.90952 8.09293 7.96246 7.59616 8.90459 7.26589 9.79869 6.96071 6.94998 16.348 14.1971 17.0253 9.87124 9.75963 9.47192 8.03891 7.73444 7.48015 8.12145 7.1758 7.94949 8.1887 7.77391 7.90689 7.51923 7.1145
threshold=-5.8962458316841024 1.2979300033407661 0.96105965272177774 -4.1427723089219652 5.630293180069855 14.155959574842568 7.3776006052357053 4.8382553901968786 1.0093052878552078 0.10181149490881376 -4.096811923891992 6.8950907584183208 3.576451304230337 -3.9899709385374069 -0.54852171796453442 -0.36688908640818069 2.4936975534629471 -4.9320255012881757 -12.511344381877764 199.03909848263973 0.88863331402236889 0.80703059329665205 48.529542077438677 3.7614263421292935 -0.57137656033129625 37.741128344999517 -26.297130680492153 51.395074650382547 -0.96625024713610597 -1.7571674171096079
decision_type=2 2 2 2 2 2 2 2 2 2 2 2 2 2 2 2 2 2 2 2 2 2 2 2 2 2 2 2 2 2
left_child=1 9 4 -4 12 6 -6 -5 -9 10 -1 -3 14 19 17 -16 21 -2 23 -14 -15 -17 -23 24 28 -26 27 -25 -19 -28
right_child=2 11 3 7 5 -7 -8 8 -10 -11 -12 -13 13 20 15 16 -18 18 -20 -21 -22 22 -24 26 25 -27 29 -29 -30 -31
leaf_value=-0.0066656628456609 -0.011285765644362462 -0.0077132993544740923 0.016732075412571431 -0.0021640806456507131 -0.001455596880433869 -0.0053123677211594491 0.0086722076823934919 0.015169608802176439 0.0024023873476605668 0.011195492340932386 0.0092533293790344542 0.0020141524066711485 0.00095290234241743386 -0.0005099604588645779 0.00077530341682355308 -0.00030708942247091093 0.0016978285715709915 -0.0012711430298231862 -0.00034995581192805961 0.0038109467244091619 0.0014294421569952696 -0.0023178054276677385 -0.00061494168030993852 -0.00092091983095941388 -0.004178744821520467 -0.0013697396541768525 0.0023977276660663341 -0.0078544066367589212 0.0010409417401759775 -0.0030891604239007206
leaf_weight=58 84 87 50 127 2356 510 72 78 133 273 87 277 5548 18060 12763 21110 1724 4318 9894 1054 2062 4156 6406 211 1383 2877 277 496 1791 916
leaf_count=58 84 87 50 127 2356 510 72 78 133 273 87 277 5548 18060 12763 21110 1724 4318 9894 1054 2062 4156 6406 211 1383 2877 277 496 1791 916
internal_value=-0.000285073 0.0042988 -0.000321481 0.00532091 -0.000343805 -0.00187689 -0.00115527 0.00363287 0.00712202 0.00831292 0.00288573 -0.000310815 -0.000296457 0.000113795 -0.000456729 -0.000156687 -0.000512867 -0.00107927 -0.00104058 0.00140919 -0.00031122 -0.000633202 -0.00128499 -0.00159752 -0.00128695 -0.00228168 -0.00329242 -0.00578515 -0.0005933 -0.00181517
internal_weight=99238 782 98456 388 98068 2938 2428 338 211 418 145 364 95130 26724 68406 46159 33396 22247 22163 6602 20122 31672 10562 12269 10369 4260 1900 707 6109 1193
internal_count=99238 782 98456 388 98068 2938 2428 338 211 418 145 364 95130 26724 68406 46159 33396 22247 22163 6602 20122 31672 10562 12269 10369 4260 1900 707 6109 1193
is_linear=0
shrinkage=0.03


Tree=102
num_leaves=31
num_cat=0
split_feature=0 12 15 3 15 17 7 10 7 9 2 8 0 12 0 10 3 15 1 12 1 15 0 0 3 18 8 14 7 0
split_gain=18.2149 16.0223 13.6835 9.27211 9.41737 8.26128 12.9102 7.80656 7.88744 7.5872 6.86959 10.8331 13.9057 10.659 7.21934 8.22471 8.88702 8.42222 7.64817 6.45333 6.44845 7.50098 9.08941 8.43474 6.33145 6.26927 6.26323 6.24355 5.68717 9.8696
threshold=-5.8962458316841024 2.8681418094803672 0.96105965272177774 -0.97739535544243961 0.10181149490881376 -23.705788625857085 3.3777271842468486 5.630293180069855 9.6283230085399545 6.073615599337562 -5.8329061870982626 3.8078240160900854 -4.5446248900611561 1.46435124339929 1.0373493140868522 2.918297218665828 -8.1684391372766267 0.49999805232996347 1.2031921592395192 0.21787184922764716 -6.0962069837679307 0.12408723353026289 -3.6772395971225742 -2.6488122334759505 -7.2989429771560967 41.663354399474322 3.3789098730734946 292.30198140812655 -2.0962730251380672 0.42715462589948522
decision_type=2 2 2 2 2 2 2 2 2 2 2 2 2 2 2 2 2 2 2 2 2 2 2 2 2 2 2 2 2 2
left_child=1 3 7 4 -1 -4 -7 10 -9 -3 11 12 -2 20 15 19 17 18 26 -12 -13 23 -23 25 -16 -22 27 -17 29 -18
right_child=2 9 5 -5 -6 6 -8 8 -10 -11 14 13 -14 -15 24 16 28 -19 -20 -21 21 22 -24 -25 -26 -27 -28 -29 -30 -31
leaf_value=0.0028641854963548808 -0.012825392310818036 -0.0061197907583206692 0.011298056109911867 0.00078375089465192074 0.01247410800879019 -0.0034165009871541864 0.010421273897189904 -0.0013712259692165519 -0.0067790504827509425 0.007198812768465894 -0.0044813183311242077 0.0048005400636072582 -0.00024640857106085636 -0.00090325021706274254 0.0024673816492895018 6.8300340706721333e-05 -0.0029874789811894569 0.0049338708722464521 -0.0056055598431867699 -0.00015257799685102581 -0.011621168944984673 0.01070039684537989 0.0018462598128612226 0.0051748259634832325 -2.3923543750008593e-05 -0.0013872787457389327 0.0034448419352407864 -0.0090718467788476684 -0.0008573516268748641 0.0014563918744957228
leaf_weight=138 81 157 135 162 274 152 101 2671 267 51 313 973 3362 904 955 585 2575 414 186 31895 92 117 965 92 23764 130 509 76 26597 545
leaf_count=138 81 157 135 162 274 152 101 2671 267 51 313 973 3362 904 955 585 2575 414 186 31895 92 117 965 92 23764 130 509 76 26597 545
internal_value=-0.00028114 0.00427936 -0.000317362 0.00686434 0.00925525 0.00530536 0.00210767 -0.000339608 -0.00186268 -0.00285417 -0.000292569 0.000632412 -0.000542342 0.00186818 -0.000362832 -0.000531709 -0.000876492 0.00118865 4.5196e-05 -0.000194645 0.00292575 0.00161904 0.00280368 -0.00246309 7.23262e-05 -0.00562835 0.000943521 -0.000982609 -0.000999495 -0.00221123
internal_weight=99238 782 98456 574 412 388 253 98068 2938 208 95130 6716 3443 3273 88414 63695 31487 1770 1356 32208 2369 1396 1082 314 24719 222 1170 661 29717 3120
internal_count=99238 782 98456 574 412 388 253 98068 2938 208 95130 6716 3443 3273 88414 63695 31487 1770 1356 32208 2369 1396 1082 314 24719 222 1170 661 29717 3120
is_linear=0
shrinkage=0.03


Tree=103
num_leaves=31
num_cat=0
split_feature=3 8 15 11 10 5 8 1 12 2 12 16 1 11 17 2 1 14 13 17 14 15 12 15 16 15 17 1 14 15
split_gain=14.4993 15.712 9.51771 9.35907 7.52757 7.14775 7.68567 6.76929 11.8521 6.71416 5.82551 7.92866 5.7362 7.09261 5.69265 5.38274 5.15071 6.82801 6.79371 5.78591 5.34924 5.20072 5.17763 5.00571 7.52018 8.52825 8.10406 8.20091 9.31185 7.44782
threshold=-12.076410618679548 3.8336389149423171 0.96105965272177774 0.70574989097083962 5.630293180069855 14.155959574842568 10.087957252637965 4.8382553901968786 1.6888148325301844 -14.484028047423328 0.4073434312354921 -2.3025744277261415 -1.0765320551349098 1.0659325965952624 -10.377274167485838 6.2150838266543005 1.4043310072834438 193.95517703377567 1.2696887936577552 -38.47359993289875 151.41153458346562 0.44722040702988491 1.0299349743151647 0.88178596766246986 0.58113094309636992 0.35554608711020425 -20.278877044621989 -4.5743163200282924 20.461871968848577 0.096608652233403966
decision_type=2 2 2 2 2 2 2 2 2 2 2 2 2 2 2 2 2 2 2 2 2 2 2 2 2 2 2 2 2 2
left_child=1 9 4 -3 10 6 -6 -4 -9 -1 11 -2 13 -13 -7 -14 17 18 21 -19 -18 22 -5 24 25 26 -12 28 -28 -26
right_child=2 3 7 16 5 14 -8 8 -10 -11 23 12 15 -15 -16 -17 20 19 -20 -21 -22 -23 -24 -25 29 -27 27 -29 -30 -31
leaf_value=-0.0096376495508829485 0.0031065648216866402 -0.0087044215142726891 -0.00055309472281228882 0.004030264037709807 -0.0016363793627439374 -0.011068815392114826 0.0052263240422464052 0.013721334582078271 -0.00030765182794408594 -0.0002212386515562524 -0.0011723039586785035 -0.00265815335639201 -0.00041054654685188135 0.00098419029054422759 -0.0034259387246940482 -0.0042048703316913943 0.0049636233374476431 0.0018325303404315098 0.00073540859292936869 0.011552463615403716 -0.0088452421698500122 0.00085451311379356278 0.010497868198080587 0.00066362236192085494 0.0056891446225113751 0.00031766135088016098 -0.0046376004489138718 -0.00031397644685228764 0.0021869512759690813 -0.0007862043233156106
leaf_weight=74 415 50 145 211 2085 111 158 128 94 862 9239 3058 6455 571 418 355 50 74 386 216 51 142 236 5384 161 24933 197 18285 2078 22616
leaf_count=74 415 50 145 211 2085 111 158 128 94 862 9239 3058 6455 571 418 355 50 74 386 216 51 142 236 5384 161 24933 197 18285 2078 22616
internal_value=-0.000277218 0.00205017 -0.000333717 0.0040437 -0.000352053 -0.00189278 -0.00115296 0.00448832 0.00778113 -0.000965698 -0.000306495 -0.000960037 -0.0011217 -0.00208505 -0.00502964 -0.000608342 0.00451033 0.00503085 0.00382881 0.0090722 -0.00200917 0.00585607 0.00744493 -0.00022092 -0.000282363 -9.17351e-05 -0.00043428 -0.000102635 0.00159599 -0.000740433
internal_weight=99238 2352 96886 1416 96519 2772 2243 367 222 936 93747 10854 10439 3629 529 6810 1366 1265 975 290 101 589 447 82893 77509 54732 29799 20560 2275 22777
internal_count=99238 2352 96886 1416 96519 2772 2243 367 222 936 93747 10854 10439 3629 529 6810 1366 1265 975 290 101 589 447 82893 77509 54732 29799 20560 2275 22777
is_linear=0
shrinkage=0.03


Tree=104
num_leaves=31
num_cat=0
split_feature=0 12 15 16 15 4 0 13 10 9 0 17 2 8 12 0 1 15 4 0 0 16 0 0 17 0 15 16 0 0
split_gain=17.9353 15.8118 13.5017 11.5549 10.8836 8.24635 10.7763 8.90665 7.62182 7.4797 7.09981 6.84413 7.85308 11.1437 9.95083 7.24275 7.08131 7.56518 8.66609 7.35504 7.01981 6.54142 12.4661 11.9974 10.5936 9.169 13.834 7.9422 8.86393 7.70647
threshold=-5.8962458316841024 2.8681418094803672 0.96105965272177774 -4.5699658095966527 0.11702343520226267 -4.7487959506574802 4.2652221638901482 1.0093052878552078 5.630293180069855 6.073615599337562 -7.2304653093313531 -54.7886904489635 -5.8329061870982626 3.8078240160900854 1.46435124339929 -3.8524770464041218 -6.0962069837679307 0.12408723353026289 -17.799580817619297 -2.6488122334759505 -3.6772395971225742 -1.2001096125166415 -3.8524770464041218 -0.08157051040774381 -10.936108134654509 -0.33140624237770722 0.11928498282898224 0.77165217354732762 1.2567552883327804 1.0832552625671674
decision_type=2 2 2 2 2 2 2 2 2 2 2 2 2 2 2 2 2 2 2 2 2 2 2 2 2 2 2 2 2 2
left_child=1 3 8 4 -1 -4 -7 -8 11 -3 -5 15 13 -13 16 -2 -15 19 -19 -18 -20 25 -23 24 -24 -14 -27 29 -29 -25
right_child=2 9 5 10 -6 6 7 -9 -10 -11 -12 12 21 14 -16 -17 17 18 20 -21 -22 22 23 27 -26 26 -28 28 -30 -31
leaf_value=-0.0061136379412242339 -0.011484479648591598 -0.0060769937476914402 0.014360969979060839 0.015736735352850337 0.0077245486990731461 -0.0093084836160190962 0.011664411990321241 0.00058038166431071878 -0.0018364281193803365 0.0071469220924465096 0.006977863266971732 -0.00046127256238920203 -0.00012650605447196264 0.0050675669738096509 -0.00071631767600989851 -0.0020130961497325066 -0.0053911578542214225 0.012070659485563417 0.0093259465045112868 0.0048709448354996064 0.001177854276825349 0.0065026124328519995 -0.0015177067730729776 -0.00015427278041934954 -0.00027432251856317885 -0.009720443927046447 0.0020991026102133267 -0.0015872210186337814 -0.00023041932258269311 0.0010237792565033293
leaf_weight=98 79 157 73 127 107 52 120 143 2938 51 242 3340 12898 935 866 906 220 85 107 88 860 231 14854 17824 10545 92 2850 6035 15370 6945
leaf_count=98 79 157 73 127 107 52 120 143 2938 51 242 3340 12898 935 866 906 220 85 107 88 860 231 14854 17824 10545 92 2850 6035 15370 6945
internal_value=-0.000273445 0.00425192 -0.000309388 0.00681986 0.00110922 0.00527586 0.00317042 0.00563773 -0.000331486 -0.00283459 0.00999243 -0.000285007 -0.000258979 0.000747057 0.00202381 -0.00277273 0.00305778 0.00167605 0.00288673 -0.00245913 0.00207945 -0.000333602 -0.000455332 -0.000477789 -0.00100149 0.000218213 0.00172949 -0.000189718 -0.000612961 0.000176042
internal_weight=99238 782 98456 574 205 388 315 263 98068 208 369 95130 94145 6501 3161 985 2295 1360 1052 308 967 87644 71804 71573 25399 15840 2942 46174 21405 24769
internal_count=99238 782 98456 574 205 388 315 263 98068 208 369 95130 94145 6501 3161 985 2295 1360 1052 308 967 87644 71804 71573 25399 15840 2942 46174 21405 24769
is_linear=0
shrinkage=0.03


Tree=105
num_leaves=31
num_cat=0
split_feature=0 13 15 5 5 11 8 13 6 9 2 7 15 16 8 18 9 11 15 4 8 16 0 0 0 18 16 3 8 0
split_gain=17.7766 15.6063 13.4096 8.22131 7.80339 11.4607 8.86806 8.78627 7.68746 8.14972 7.77278 7.48803 7.13499 9.58817 6.80278 6.72499 7.25718 6.51299 6.11938 5.96803 5.90625 5.79029 25.7555 14.2399 10.2123 10.1553 8.79891 9.39853 7.41315 10.5652
threshold=-5.8962458316841024 1.2979300033407661 0.96105965272177774 -4.1427723089219652 10.720218325355413 1.3615336023080198 3.7852222451976281 1.6694099036888268 14.044638087596129 5.391244355236215 2.8092627356539173 4.0045794838016189 0.10181149490881376 -4.096811923891992 6.8950907584183208 64.177630897637712 4.2084082227674111 0.542834091525915 1.0000000180025095e-35 16.141455250126175 5.2139872027011176 0.066742163327878121 -3.2730761314484855 -0.54852171796453442 1.5033796568553977 53.98070530091254 -1.1407275452921521 -6.1663739750924975 2.8444006296102438 -3.6772395971225742
decision_type=2 2 2 2 2 2 2 2 2 2 2 2 2 2 2 2 2 2 2 2 2 2 2 2 2 2 2 2 2 2
left_child=1 12 4 -4 5 17 19 -8 15 -10 20 -5 13 -1 -3 -6 -17 -2 -19 -7 -11 23 -23 28 -24 26 27 -25 29 -20
right_child=2 14 3 11 8 6 7 -9 9 10 -12 -13 -14 -15 -16 16 -18 18 21 -21 -22 22 24 25 -26 -27 -28 -29 -30 -31
leaf_value=-0.0066354534800710345 -0.0031014414237002523 -0.0076235701837416344 0.016615093790763057 0.00083040555467715066 -0.00026806059321428572 -0.00045399687073505212 0.0032997998834012423 0.00013589448452734239 0.0003546831369643787 -0.014956335140098082 -0.0019057399486469796 0.01082899954049818 0.01104734966439287 0.0091116050344185306 0.0019928993609152224 -0.0027310958206257286 -0.010132645254508276 -0.0064512211804715345 -0.014882682192593345 0.0073069639967592512 -0.0030896802127361295 0.010108937419561752 -0.0010331046143850576 0.0065089380363539794 -1.2458566002720814e-05 -0.00029566358548311939 0.00063380158277748493 0.0017309924614852144 -0.00011635735714996954 -0.0010638213266220742
leaf_weight=58 773 87 50 245 233 2904 1983 1313 1821 76 1431 93 273 87 277 235 242 147 50 92 75 201 24027 461 13943 9262 10291 1888 14536 12084
leaf_count=58 773 87 50 245 233 2904 1983 1313 1821 76 1431 93 273 87 277 235 242 147 50 92 75 201 24027 461 13943 9262 10291 1888 14536 12084
internal_value=-0.000269295 0.00423601 -0.000305079 0.00526109 -0.000327101 -0.00027111 0.000965634 0.00203942 -0.00160613 -0.00101371 -0.00258883 0.0035815 0.00819086 0.00281278 -0.000305543 -0.00444559 -0.00648618 -0.000359877 -0.000335488 -0.000215676 -0.0090623 -0.000325124 -0.000601614 -0.000107839 -0.000658312 0.000458988 0.00101196 0.00266868 -0.00057333 -0.00112076
internal_weight=99238 782 98456 388 98068 93955 6292 3296 4113 3403 1582 338 418 145 364 710 477 87663 86890 2996 151 86743 38171 48572 37970 21902 12640 2349 26670 12134
internal_count=99238 782 98456 388 98068 93955 6292 3296 4113 3403 1582 338 418 145 364 710 477 87663 86890 2996 151 86743 38171 48572 37970 21902 12640 2349 26670 12134
is_linear=0
shrinkage=0.03


Tree=106
num_leaves=31
num_cat=0
split_feature=3 8 15 11 10 5 8 9 12 2 17 12 1 8 1 2 11 1 18 18 13 15 1 8 9 14 15 17 9 14
split_gain=14.1028 15.3644 9.27623 9.24293 7.34523 7.02714 7.5587 6.87786 9.86895 6.63096 5.62874 5.59175 5.10279 5.06557 6.96677 5.63455 5.41977 5.05908 6.89257 5.37444 5.93266 5.91778 5.46635 6.06014 6.85739 5.266 4.81128 5.45853 6.53378 12.5426
threshold=-12.076410618679548 3.8336389149423171 0.96105965272177774 0.70574989097083962 5.630293180069855 14.155959574842568 10.087957252637965 3.4062557191557481 1.6888148325301844 -14.484028047423328 -13.866195970687064 0.4073434312354921 4.8382553901968786 3.1209675665733339 -1.0765320551349098 6.2150838266543005 1.068836879567314 1.4043310072834438 44.366251645113799 40.615842127257658 1.2629064802187315 0.65988771562493809 -7.2765077015031867 5.7180142636106321 4.9811536404407972 151.41153458346562 0.88178596766246986 -45.432431373365922 4.8440257337997856 56.646719462120785
decision_type=2 2 2 2 2 2 2 2 2 2 2 2 2 2 2 2 2 2 2 2 2 2 2 2 2 2 2 2 2 2
left_child=1 9 4 -3 11 6 -6 -4 12 -1 -7 13 -9 14 16 -16 -2 18 19 20 22 -22 -5 24 -24 -19 27 28 -13 -30
right_child=2 3 7 17 5 10 -8 8 -10 -11 -12 26 -14 -15 15 -17 -18 25 -20 -21 21 -23 23 -25 -26 -27 -28 -29 29 -31
leaf_value=-0.0095702405581313717 -0.0028877670958520939 -0.0086672727495431898 -0.0034657194959716157 0.010246525925663318 -0.0016068339783592792 -0.013623126700520514 0.00519894705790602 0.0047252509914911707 -0.0010483182549476625 -0.00021235174991313601 -0.003864410993204251 -0.002699769952488966 0.014737863268803905 0.00060131422181867425 -0.00043282721105098159 -0.0048184279228925056 0.00079793228069320317 0.0049223069116473197 0.011387868784057596 -0.0026133092696545646 0.00061087984773443966 0.0091152856685221186 0.0037096494511900347 -0.0023449659297305543 0.015138680477554982 -0.008778694425435626 0.00065701246968152436 -0.00023144530946868174 0.014163551399063678 -0.00097915480262112786
leaf_weight=74 2624 50 78 247 2085 60 158 78 100 862 469 1513 111 1641 5897 276 416 50 135 95 369 92 173 89 65 51 5384 75695 62 239
leaf_count=74 2624 50 78 247 2085 60 158 78 100 862 469 1513 111 1641 5897 276 416 50 135 95 369 92 173 89 65 51 5384 75695 62 239
internal_value=-0.000265201 0.00203014 -0.000320922 0.0040015 -0.000339024 -0.00186097 -0.00112743 0.00443955 0.00657315 -0.000952185 -0.00497126 -0.000294021 0.0106057 -0.000934317 -0.00120784 -0.000628911 -0.00238341 0.00446522 0.0049811 0.00421569 0.00484251 0.00230807 0.006878 0.00433358 0.00683102 -0.00199602 -0.000210181 -0.000270419 -0.00189671 0.00213994
internal_weight=99238 2352 96886 1416 96519 2772 2243 367 289 936 529 93747 189 10854 9213 6173 3040 1366 1265 1130 1035 461 574 327 238 101 82893 77509 1814 301
internal_count=99238 2352 96886 1416 96519 2772 2243 367 289 936 529 93747 189 10854 9213 6173 3040 1366 1265 1130 1035 461 574 327 238 101 82893 77509 1814 301
is_linear=0
shrinkage=0.03


Tree=107
num_leaves=31
num_cat=0
split_feature=0 12 15 16 15 5 17 7 5 11 10 1 13 0 10 8 17 0 16 15 17 4 11 11 5 16 2 15 17 8
split_gain=17.5102 15.4777 13.2234 11.4102 10.6864 8.38422 8.18384 12.6942 7.68116 11.2081 8.8205 8.65691 8.98481 8.53057 7.51049 8.41072 6.99441 7.88992 7.12874 7.63716 6.31907 6.31841 6.05644 5.9621 5.89826 5.70988 6.80858 5.68557 6.45312 5.88948
threshold=-5.8962458316841024 2.8681418094803672 0.96105965272177774 -4.5699658095966527 0.11702343520226267 -8.3375294161170892 -23.705788625857085 3.3777271842468486 10.720218325355413 1.2775432648576743 6.9048077284979366 1.1036623498636768 1.6139500144458172 1.995401315110966 4.4209610352166093 8.3825030702243719 -51.640766791552799 -2.9583396898284291 -2.1425678013390255 0.35554608711020425 -17.313863379987733 16.910344725133225 1.5206558573594704 1.0445490420045844 9.2339233666492539 -3.0547893189091115 -3.8354877726736123 0.76543819168554872 -21.350301124282591 5.0424149627036927
decision_type=2 2 2 2 2 2 2 2 2 2 2 2 2 2 2 2 2 2 2 2 2 2 2 2 2 2 2 2 2 2
left_child=1 3 8 4 -1 -5 -4 -8 9 16 23 12 13 -11 15 -7 17 -2 -19 -20 27 25 -15 -10 -14 -22 -27 -13 -29 -30
right_child=2 -3 6 5 -6 14 7 -9 10 11 -12 20 24 22 -16 -17 -18 18 19 -21 21 -23 -24 -25 -26 26 -28 28 29 -31
leaf_value=-0.0060812306138021601 -0.0094855395580331486 -0.0028012512927839102 0.011194987553896175 0.01487674984057618 0.0076310088760524154 0.0039351212391502237 -0.0034299671154861388 0.010291519229955012 0.00047186269657686349 0.0016399427338079863 -0.00760737811251042 -0.0031338144168213573 -1.7398934540561522e-06 0.0038936363056227062 -0.0014264276345508009 0.019906554633378981 -0.00034610246035258585 0.0066554362463394209 -0.0052339091600752188 6.0190129033207179e-05 -0.0077559093686286355 0.0059749391048445535 0.0111859363422526 -0.0020573145939991938 -0.0096380531229078772 0.007360465838457458 4.4367860802638632e-05 0.0026187028572953576 0.0009309748173627543 -0.011485013981493047
leaf_weight=98 135 208 135 167 107 73 152 101 1220 3529 208 1055 1840 447 79 50 82291 83 475 507 80 178 133 2685 59 120 2490 395 73 65
leaf_count=98 135 208 135 167 107 73 152 101 1220 3529 208 1055 1840 447 79 50 82291 83 475 507 80 178 133 2685 59 120 2490 395 73 65
internal_value=-0.000261428 0.00421 -0.000296943 0.00675066 0.00107589 0.00990331 0.00523044 0.00204778 -0.000318812 -0.000263261 -0.00158778 0.000662284 0.00140541 0.0021941 0.0057916 0.0104276 -0.000379261 -0.00265311 -0.00178703 -0.0025006 -0.000339666 0.000500976 0.00556584 -0.00126715 -0.00030113 0.000138758 0.00038074 -0.0018579 0.000667585 -0.00491714
internal_weight=99238 782 98456 574 205 369 388 253 98068 93955 4113 10464 6008 4109 202 123 83491 1200 1065 982 4456 2868 580 3905 1899 2690 2610 1588 533 138
internal_count=99238 782 98456 574 205 369 388 253 98068 93955 4113 10464 6008 4109 202 123 83491 1200 1065 982 4456 2868 580 3905 1899 2690 2610 1588 533 138
is_linear=0
shrinkage=0.03


Tree=108
num_leaves=31
num_cat=0
split_feature=0 12 15 16 15 5 5 5 11 10 8 13 1 14 10 8 7 9 12 8 0 11 0 16 3 13 11 8 0 9
split_gain=17.3519 15.3069 13.1211 11.3304 10.5822 8.29034 8.13779 7.57987 11.0049 8.69945 8.64675 8.51113 8.73332 8.27649 7.45835 8.40875 7.38999 7.33374 6.29261 6.77017 9.77825 5.90259 5.4769 14.6842 11.4356 10.2142 15.7335 9.86401 8.90711 8.90321
threshold=-5.8962458316841024 2.8681418094803672 0.96105965272177774 -4.5699658095966527 0.11702343520226267 -8.3375294161170892 -4.1427723089219652 10.720218325355413 1.3615336023080198 6.9048077284979366 3.7852222451976281 1.6694099036888268 4.9489676335200086 30.270366035000006 4.4209610352166093 8.3825030702243719 4.0045794838016189 6.073615599337562 0.21787184922764716 2.300571788213865 -1.254370640645788 0.72395345696480484 -0.08157051040774381 -0.51829275617401682 -6.1663739750924975 0.98577453378045876 1.092091903337324 3.8589504581826017 -2.6488122334759505 3.1415912270153954
decision_type=2 2 2 2 2 2 2 2 2 2 2 2 2 2 2 2 2 2 2 2 2 2 2 2 2 2 2 2 2 2
left_child=1 3 7 4 -1 -5 -4 8 18 21 13 12 -12 -10 15 -7 -8 -3 19 20 -2 -9 25 24 -24 26 27 29 -28 -20
right_child=2 17 6 5 -6 14 16 9 10 -11 11 -13 -14 -15 -16 -17 -18 -19 22 -21 -22 -23 23 -25 -26 -27 28 -29 -30 -31
leaf_value=-0.0060570297876791079 -0.016114398901096796 -0.0059896397289292067 0.016509054182656108 0.01480714205022299 0.0075882181835091001 0.0039011606318901659 0.00080880790226617631 0.005104485440588607 -0.0031981358938175468 -0.0075536144223923869 0.0041762893346616262 0.00013901739583584082 -0.0010399632109727105 0.00061895812974246879 -0.0014199274099325832 0.019870722824335101 0.010741727332915028 0.0071046125784735466 -0.0004342423453278085 0.00028532825568401368 -0.0030756801248578332 -0.0014708867631079503 0.0048976462103307479 -0.00031071117522011384 0.00079562973124991377 -0.0011756738234069476 0.0048753664073482566 0.00093645325756007891 0.00096247011435246282 -0.0020971762103884229
leaf_weight=98 55 157 50 167 107 73 245 127 654 208 1632 1313 351 2342 79 50 93 51 15650 579 880 3778 681 38128 6007 15349 675 3769 2334 3556
leaf_count=98 55 157 50 167 107 73 245 127 654 208 1632 1313 351 2342 79 50 93 51 15650 579 880 3778 681 38128 6007 15349 675 3769 2334 3556
internal_value=-0.000257752 0.00419342 -0.000293106 0.00672002 0.00106512 0.00986162 0.00521286 -0.00031489 -0.000259706 -0.00157547 0.000952197 0.0020125 0.00325299 -0.000214279 0.005773 0.0103929 0.00354183 -0.00277903 -0.000346691 -0.00226399 -0.00384266 -0.00125704 -0.000312996 -8.32772e-05 0.00121331 -0.000562071 -0.000199611 -0.000466766 0.00184024 -0.000742135
internal_weight=99238 782 98456 574 205 369 388 98068 93955 4113 6292 3296 1983 2996 202 123 338 208 87663 1514 935 3905 86149 44816 6688 41333 25984 22975 3009 19206
internal_count=99238 782 98456 574 205 369 388 98068 93955 4113 6292 3296 1983 2996 202 123 338 208 87663 1514 935 3905 86149 44816 6688 41333 25984 22975 3009 19206
is_linear=0
shrinkage=0.03


Tree=109
num_leaves=31
num_cat=0
split_feature=0 13 0 16 0 0 7 5 8 8 2 16 0 0 16 18 10 8 13 0 5 6 8 7 0 0 10 9 16 5
split_gain=17.2124 15.1442 7.18118 10.2399 15.0927 11.5851 9.51343 8.6741 8.1941 7.90237 7.49627 7.18839 22.1243 10.5515 8.67623 8.68022 7.92631 6.75743 8.71553 6.8335 6.75592 6.91201 6.65355 6.64272 7.57099 8.37469 7.17509 6.81703 6.48942 8.59147
threshold=-5.8962458316841024 1.2979300033407661 3.2441262373557129 1.3617742139382991 -2.7203481394753983 1.2809263576664927 6.647556879505002 -5.347433981352899 1.0000000180025095e-35 2.5412606932976538 13.847800163817682 0.066742163327878121 -3.8524770464041218 -0.49730636990654503 -1.1407275452921521 53.98070530091254 3.131120429357376 3.576451304230337 1.0014855665784426 -2.2779600129042836 -1.3391049355254114 1.0555982320409221 6.8950907584183208 -0.58750418249366432 -2.1302500965107054 0.42715462589948522 3.1222571623563184 3.8018018498707398 -4.096811923891992 -8.0035876913319051
decision_type=2 2 2 2 2 2 2 2 2 2 2 2 2 2 2 2 2 2 2 2 2 2 2 2 2 2 2 2 2 2
left_child=1 28 3 5 -5 8 7 -7 -2 -4 -6 13 -13 17 15 16 -15 19 -19 -10 -18 -22 -3 24 -14 26 -26 -27 -1 -30
right_child=2 22 9 4 10 6 -8 -9 11 -11 -12 12 23 14 -16 -17 20 18 -20 -21 21 -23 -24 -25 25 27 -28 -29 29 -31
leaf_value=0.003670494849341256 -0.011458751490339637 -0.007531779709047285 0.0096781842133333521 0.011408211342724307 -0.0012449066564214413 0.0045203614749800445 -0.0078710933688929986 0.00061954268818575648 -0.0025637347224773109 0.00052746628051091623 -0.0071112214436754584 0.01245653349008145 0.0035148834020249575 0.0013932296306906973 5.2153135888081082e-05 2.5675957195405197e-06 0.0070171390340936831 0.00091913781945139768 -0.00077983363083784449 -0.0006763099829688072 -0.0017981383411575162 0.0075019845238421109 0.0019786314559690249 -0.00053960113209189744 -0.0017655998317847458 -0.0011742461002967875 -0.004425360889105689 0.003304085886788734 0.016728092955797913 0.0054415215223522504
leaf_weight=175 60 87 86 84 9915 545 114 8750 1910 6862 200 112 242 1314 16621 1675 569 5454 5416 17962 201 112 277 13856 2444 2138 1457 357 125 118
leaf_count=175 60 87 86 84 9915 545 114 8750 1910 6862 200 112 242 1314 16621 1675 569 5454 5416 17962 201 112 277 13856 2444 2138 1457 357 125 118
internal_value=-0.000253875 0.00417937 -0.000289087 -0.000359685 -0.00125573 -0.00024729 0.000742618 0.000848262 -0.000376832 0.000640731 -0.0013609 -0.000367576 -0.000840767 -0.000177262 0.000350058 0.00162918 0.00286988 -0.000528762 7.26218e-05 -0.00085772 0.00506978 0.0015297 -0.000294461 -0.000913437 -0.00169377 -0.00189085 -0.002759 -0.000533459 0.00807523 0.0112474
internal_weight=99238 782 98456 91508 10199 81309 9409 9295 71900 6948 10115 71840 20606 51234 20492 3871 2196 30742 10870 19872 882 313 364 20494 6638 6396 3901 2495 418 243
internal_count=99238 782 98456 91508 10199 81309 9409 9295 71900 6948 10115 71840 20606 51234 20492 3871 2196 30742 10870 19872 882 313 364 20494 6638 6396 3901 2495 418 243
is_linear=0
shrinkage=0.03


Tree=110
num_leaves=31
num_cat=0
split_feature=0 12 15 16 15 6 4 0 13 10 3 9 0 2 0 16 16 0 10 0 3 14 4 11 2 6 18 9 15 13
split_gain=17.0471 15.0104 12.9725 11.1744 10.4699 9.99584 8.07756 10.5241 8.84445 7.43267 7.35745 7.20907 6.62771 6.19567 6.42611 11.2364 9.85201 16.3798 13.9678 11.6438 9.08086 8.32025 7.28602 6.77596 6.3502 6.1285 7.73299 6.15566 5.94884 7.39031
threshold=-5.8962458316841024 2.8681418094803672 0.96105965272177774 -4.5699658095966527 0.11702343520226267 1.7807442079320037 -4.7487959506574802 4.2652221638901482 1.0093052878552078 5.630293180069855 13.214507313405889 6.073615599337562 7.3776006052357053 -5.8329061870982626 1.0373493140868522 0.50102589751302407 -0.35432406745127348 -3.1534909473492072 3.0855562590727961 -0.49730636990654503 -6.838412312167141 30.270366035000006 2.7139308242525422 1.5206558573594704 3.903806680328215 3.6863784676602909 58.992801630611318 2.7373105290997062 0.75421778795110328 1.5614723748941739
decision_type=2 2 2 2 2 2 2 2 2 2 2 2 2 2 2 2 2 2 2 2 2 2 2 2 2 2 2 2 2 2
left_child=1 3 9 4 -1 -5 -4 -8 -9 13 12 -3 -11 25 16 20 19 -18 22 -15 -16 -22 -19 28 -25 27 -27 -2 29 -23
right_child=2 11 6 5 -6 -7 7 8 -10 10 -12 -13 -14 14 15 -17 17 18 -20 -21 21 23 -24 24 -26 26 -28 -29 -30 -31
leaf_value=-0.0060362087114124883 -0.0023812300657018032 -0.0059259539503295705 0.014181271589373889 0.012877005353183396 0.0075364051132558651 0.0019020063211568274 -0.0092262029483054682 0.011549721207935362 0.00050445904186763963 -0.0011946646673406693 -0.0043365935509377474 0.0070565248792991038 0.0086044438253156837 -0.00053982010144518102 0.0059069020761391864 -0.00027438795268810149 0.0064604748780169004 -0.00092244183886772536 -0.0018001319929734298 0.00063376821124120253 0.003350047850509083 -0.0013785082059635917 0.00028899127417233484 0.014064172219424959 0.00078912098700290208 0.0048532905664918045 -0.0029172752823937555 0.00064974571433302607 0.0013200691943044956 0.0052156235799193373
leaf_weight=98 680 157 73 265 107 104 52 120 143 2115 759 51 64 22019 351 18838 271 11526 10956 11626 1039 2097 7297 62 68 562 145 5329 2099 165
leaf_count=98 680 157 73 265 107 104 52 120 143 2115 759 51 64 22019 351 18838 271 11526 10956 11626 1039 2097 7297 62 68 562 145 5329 2099 165
internal_value=-0.000250035 0.00416185 -0.000285077 0.00666387 0.00104803 0.00978378 0.00518962 0.00310585 0.00554412 -0.000306738 -0.00179289 -0.00274275 -0.000906852 -0.000260839 -0.000327566 8.29893e-05 -0.000486896 -0.000881689 -0.000948505 -0.000134288 0.00122774 0.000930743 -0.000452813 0.000371033 0.0071203 0.0006176 0.00325961 0.00030675 0.00016984 -0.000897504
internal_weight=99238 782 98456 574 205 369 388 315 263 98068 2938 208 2179 95130 88414 24719 63695 30050 29779 33645 5881 5530 18823 4491 130 6716 707 6009 4361 2262
internal_count=99238 782 98456 574 205 369 388 315 263 98068 2938 208 2179 95130 88414 24719 63695 30050 29779 33645 5881 5530 18823 4491 130 6716 707 6009 4361 2262
is_linear=0
shrinkage=0.03


Tree=111
num_leaves=31
num_cat=0
split_feature=0 12 15 16 15 6 17 7 2 12 9 3 11 9 6 6 4 2 16 17 4 3 0 1 1 15 2 9 0 0
split_gain=16.8813 14.8018 12.8772 11.076 10.3675 9.8935 8.05016 12.5402 7.34538 7.79153 7.11007 6.25518 9.9702 6.19083 8.21625 8.16785 8.91471 6.81361 6.70463 6.13727 6.13137 6.69968 7.23616 7.00731 6.31442 5.97137 6.04834 10.0646 7.12687 5.92624
threshold=-5.8962458316841024 2.8681418094803672 0.96105965272177774 -4.5699658095966527 0.11702343520226267 1.7807442079320037 -23.705788625857085 3.3777271842468486 20.953804024279613 0.21787184922764716 6.073615599337562 -8.8307100176081548 0.86637818400732824 3.3665163191589906 -3.458692178936396 -10.594267967794545 -15.280559898866306 -9.7479329537958108 -3.1878554450756753 -47.202009479057701 -4.8445869045655057 -2.3918391100787857 -2.3334730098029719 0.91681387508316681 -6.6328981983414295 0.38950115213294195 -8.0526308544424818 4.2620716366485771 -0.49730636990654503 -7.2304653093313531
decision_type=2 2 2 2 2 2 2 2 2 2 2 2 2 2 2 2 2 2 2 2 2 2 2 2 2 2 2 2 2 2
left_child=1 3 8 4 -1 29 -4 -8 9 19 -3 12 -11 -14 15 16 -15 -18 -16 -2 21 -13 23 -23 -22 -17 27 -27 -28 -5
right_child=2 10 6 5 -6 -7 7 -9 -10 11 -12 20 13 14 18 25 17 -19 -20 -21 24 22 -24 -25 -26 26 28 -29 -30 -31
leaf_value=-0.0060121870436230483 -0.011788637440651655 -0.00587386595239495 0.011088766131963993 0.018668334549482989 0.0074939509299714289 0.0018932278336097413 -0.0034278493894166068 0.010210157145958135 -0.0047048377263880165 -0.0018422076665206458 0.0070191668038366035 -0.00032934476171846166 -0.00075946659986714075 0.00088574271434925143 -0.0045382079841061072 -0.0025670615976726768 0.00011730424800315446 0.0071337375678271345 0.0065152697472001834 -0.0020062398798337639 0.0023906906083408152 -0.0034975585659848345 -0.0012388173584824069 -0.013541636109666924 -0.00022228819726843394 -0.01359535733444823 0.011803818543752034 0.0020623098409328702 0.0016873324963697887 0.0093751917863097375
leaf_weight=98 60 157 135 98 107 104 152 101 340 1074 51 10258 941 984 55 628 166 499 484 1519 842 523 6494 71 72601 54 81 117 277 167
leaf_count=98 60 157 135 98 107 104 152 101 340 1074 51 10258 941 984 55 628 166 499 484 1519 842 523 6494 71 72601 54 81 117 277 167
internal_value=-0.000246541 0.00414385 -0.000281412 0.00662841 0.00103736 0.00973455 0.00517313 0.00201657 -0.000302993 -0.000287679 -0.00271259 -0.000253351 0.00074252 0.00139021 0.00199495 0.0013433 0.00269908 0.00538227 0.00538736 -0.00237796 -0.000312145 -0.000819438 -0.00152872 -0.00469811 -0.000192331 -0.000589 0.00175925 -0.00288222 0.00397626 0.0128119
internal_weight=99238 782 98456 574 205 369 388 253 98068 97728 208 96149 5360 4286 3345 2806 1649 665 539 1579 90789 17346 7088 594 73443 1157 529 171 358 265
internal_count=99238 782 98456 574 205 369 388 253 98068 97728 208 96149 5360 4286 3345 2806 1649 665 539 1579 90789 17346 7088 594 73443 1157 529 171 358 265
is_linear=0
shrinkage=0.03


Tree=112
num_leaves=31
num_cat=0
split_feature=0 13 15 5 5 11 10 8 13 1 14 17 7 0 15 16 8 11 16 0 0 0 14 16 16 15 14 12 10 0
split_gain=16.7413 14.6983 12.7764 7.988 7.44068 10.5934 8.51667 8.43375 8.33449 8.54843 8.04448 7.5521 7.32516 7.0943 7.06406 9.20376 6.48792 5.84237 5.52586 23.7521 13.7167 10.9413 10.8007 10.484 9.35231 8.85413 8.70951 8.50578 8.22352 8.20203
threshold=-5.8962458316841024 1.2979300033407661 0.96105965272177774 -4.1427723089219652 10.720218325355413 1.3615336023080198 6.9048077284979366 3.7852222451976281 1.6694099036888268 4.9489676335200086 30.270366035000006 -54.7886904489635 4.0045794838016189 -2.9583396898284291 0.10460245703410839 -4.096811923891992 6.8950907584183208 1.0445490420045844 -0.9979280286639346 -3.389535497145638 -1.378399270088895 -0.08157051040774381 30.801139269662478 -0.50456948092349085 0.77165217354732762 1.0000000180025095e-35 27.70236945051926 0.44308313216911765 4.0142852074444528 2.0863043635840115
decision_type=2 2 2 2 2 2 2 2 2 2 2 2 2 2 2 2 2 2 2 2 2 2 2 2 2 2 2 2 2 2
left_child=1 14 4 -4 5 11 17 10 9 -9 -7 13 -5 -2 15 -1 -3 -6 20 23 25 22 -21 -20 -23 -13 28 -24 -22 -26
right_child=2 16 3 12 6 7 -8 8 -10 -11 -12 18 -14 -15 -16 -17 -18 -19 19 21 26 24 27 -25 29 -27 -28 -29 -30 -31
leaf_value=-0.0063398026153445239 -0.01020591669228919 -0.0074246925578035153 0.016347465875744819 0.00077912971590246474 0.00048864903807884353 -0.0031489810913186006 -0.0074628898659900109 0.0041329629234033907 0.00013799835200388176 -0.0010277799295627663 0.00061423261751732757 -0.011060172356665133 0.010668388066753264 -0.0020624517561232841 0.010900385506010321 0.0087956710448386238 0.0019665988204187112 -0.0020150049486452474 9.435301975292317e-05 -0.0021984507689502128 0.0018458318491208193 0.00020534344892251361 -0.0019731125612960682 0.0085215750171648945 -0.0012505575166456052 -0.00057512044725129506 0.0004408181328871312 -0.00033499432280304159 0.0072383205703246715 5.111724028633341e-06
leaf_weight=60 109 87 50 245 1220 654 208 1632 1313 351 2342 73 93 825 267 91 277 2685 204 5318 1938 23082 3557 381 10558 10272 8232 14409 293 8412
leaf_count=60 109 87 50 245 1220 654 208 1632 1313 351 2342 73 93 825 267 91 277 2685 204 5318 1938 23082 3557 381 10558 10272 8232 14409 293 8412
internal_value=-0.000242707 0.00412944 -0.000277433 0.00515572 -0.000298929 -0.000244255 -0.00154788 0.000944777 0.00199194 0.00321949 -0.000207243 -0.000329597 0.00350014 -0.00301281 0.00796751 0.00278158 -0.000278023 -0.00123281 -0.000300701 -0.000435238 0.000125521 -0.000489122 -0.00101085 0.00558285 -0.000200244 -0.000649109 0.000891414 -0.000659317 0.00255403 -0.000693747
internal_weight=99238 782 98456 388 98068 93955 4113 6292 3296 1983 2996 87663 338 934 418 151 364 3905 86729 65921 20808 65336 23284 585 42052 10345 10463 17966 2231 18970
internal_count=99238 782 98456 388 98068 93955 4113 6292 3296 1983 2996 87663 338 934 418 151 364 3905 86729 65921 20808 65336 23284 585 42052 10345 10463 17966 2231 18970
is_linear=0
shrinkage=0.03


Tree=113
num_leaves=31
num_cat=0
split_feature=0 16 15 17 7 12 0 5 11 17 0 6 9 12 12 0 4 1 15 12 4 13 16 6 0 17 9 12 4 16
split_gain=16.5728 15.2084 12.706 7.93739 12.4033 7.73248 7.82838 7.44024 10.4441 7.55812 8.14597 7.46553 7.90891 7.64684 8.59008 8.4701 6.98494 7.05028 9.17013 6.35942 6.3154 6.29195 9.28336 7.12176 7.0394 7.27299 5.85463 5.81856 5.64876 5.25974
threshold=-5.231183314645901 -1.3281317642954742 0.96105965272177774 -23.705788625857085 3.3777271842468486 1.8006408681774244 -7.2304653093313531 10.720218325355413 1.3615336023080198 -54.7886904489635 -2.9583396898284291 14.044638087596129 5.391244355236215 0.67906302917787309 1.7716225271966579 -1.8101346572772632 16.910344725133225 0.85717155040693227 0.89176761872120935 0.96695414277254954 12.623364048534571 1.691174003412464 -0.94647276743779885 10.354302594672534 -3.2730761314484855 -13.625660871406259 5.391244355236215 1.113063952692001 -19.034912486072951 -0.9979280286639346
decision_type=2 2 2 2 2 2 2 2 2 2 2 2 2 2 2 2 2 2 2 2 2 2 2 2 2 2 2 2 2 2
left_child=1 5 7 -4 -5 6 -1 8 9 10 -2 20 -13 15 19 -14 17 18 21 -15 -9 23 24 -10 -23 -26 -20 -21 -12 -11
right_child=2 -3 3 4 -6 -7 -8 11 16 29 28 12 13 14 -16 -17 -18 -19 26 27 -22 22 -24 -25 25 -27 -28 -29 -30 -31
leaf_value=0.010141533394157886 -0.011025389993891997 0.011546176599208698 0.011010427204271157 -0.003412624981352373 0.010150752359687692 -0.00098154598690455537 0.0020856120354204458 -0.00053742041506449735 0.0019029583229657615 0.00011472149990029838 0.0063110647761999671 0.00037640986427572647 0.0018734134461831401 -0.0033009425184431194 -0.0042702721229395304 -0.0098664041526921806 0.0064137077505420428 -0.00037442191099249986 0.0043498445628004853 0.0088668508563086255 -0.0064505556091975303 -0.0048964771283242633 -0.0028927884577064993 0.010487742495651427 0.0086950079007222063 -7.2178132967242305e-05 0.015882825030655155 0.00089639799922320749 -0.0027766108404126849 -0.0004348203325816837
leaf_weight=150 102 172 135 152 101 458 393 252 1964 20569 67 1820 74 238 568 219 203 2719 113 107 458 85 627 91 189 155 61 359 758 65879
leaf_count=150 102 172 135 152 101 458 393 252 1964 20569 67 1820 74 238 568 219 203 2719 113 107 458 85 627 91 189 155 61 359 758 65879
internal_value=-0.000239335 0.00330543 -0.000281736 0.00513638 0.002002 0.00188944 0.004311 -0.000303258 -0.000248487 -0.000332958 -0.00302742 -0.00155492 -0.000968279 -0.00253207 -0.00152561 -0.0069014 0.000940599 0.000755549 0.00169083 0.000688829 -0.00435181 0.00131597 -0.000566108 0.00228311 0.00283443 0.00474468 0.00839302 0.00272652 -0.00203858 -0.000304065
internal_weight=99238 1173 98065 388 253 1001 543 97677 93582 87375 927 4095 3385 1565 1272 293 6207 6004 3285 704 710 3111 1056 2055 429 344 174 466 825 86448
internal_count=99238 1173 98065 388 253 1001 543 97677 93582 87375 927 4095 3385 1565 1272 293 6207 6004 3285 704 710 3111 1056 2055 429 344 174 466 825 86448
is_linear=0
shrinkage=0.03


Tree=114
num_leaves=31
num_cat=0
split_feature=0 13 15 4 0 13 5 11 8 13 6 9 2 15 16 18 9 8 12 8 0 8 11 14 12 12 12 0 2 8
split_gain=16.437 14.467 12.5663 7.91282 10.2907 8.77343 7.23905 10.1956 8.35754 7.99108 7.40558 7.69383 7.49767 7.00886 9.09481 6.51642 7.12331 6.38244 6.0658 6.10171 9.7171 5.81907 5.81619 10.2339 5.63179 9.11085 6.58413 5.81948 5.51535 8.91408
threshold=-5.8962458316841024 1.2979300033407661 0.96105965272177774 -4.7487959506574802 4.2652221638901482 1.0093052878552078 10.720218325355413 1.2775432648576743 1.4960872366734632 1.4557749656106633 14.044638087596129 5.391244355236215 2.8092627356539173 0.10460245703410839 -4.096811923891992 64.177630897637712 4.2084082227674111 6.8950907584183208 0.21787184922764716 2.300571788213865 -1.254370640645788 5.2139872027011176 1.5206558573594704 20.461871968848577 1.7716225271966579 0.96695414277254954 1.1209535930512311 -1.8464617479504828 1.0967515612533065 3.576451304230337
decision_type=2 2 2 2 2 2 2 2 2 2 2 2 2 2 2 2 2 2 2 2 2 2 2 2 2 2 2 2 2 2
left_child=1 13 6 -4 -5 -6 7 18 -9 22 15 -12 21 14 -1 -8 -17 -3 19 20 -2 -13 -10 -24 25 27 -27 -14 29 -20
right_child=2 17 3 4 5 -7 10 8 9 -11 11 12 24 -15 -16 16 -18 -19 28 -21 -22 -23 23 -25 -26 26 -28 -29 -30 -31
leaf_value=-0.0063287354372441769 -0.016095851932962733 -0.0073646109628266298 0.014017508433085598 -0.0091389339682287889 0.011448131247423589 0.00044730587647511411 -0.00019816856151806436 -0.0046351603982339789 0.0011776930630016998 -0.00010681867561915256 0.00038753272556658387 -0.014680713604841578 0.0031677150053362694 0.010825525609922877 0.0087168899692267512 -0.0025988158137002521 -0.0099317823209287975 0.0019500259925621401 -0.00073727474187697695 0.00019487158286261497 -0.0029812685721879984 -0.0029019671648740767 -0.0035653374640440398 0.0056329318064159218 -0.0041247930990719293 0.0093200576821198828 0.0006970921818500171 -0.0053401435010043755 -1.0590466975976295e-05 0.00021164746999902194
leaf_weight=60 54 87 73 52 120 143 233 263 4633 4815 1821 76 93 267 91 235 242 277 37771 572 871 75 132 621 567 104 341 326 32563 11660
leaf_count=60 54 87 73 52 120 143 233 263 4633 4815 1821 76 93 267 91 235 242 277 37771 572 871 75 132 621 567 104 341 326 32563 11660
internal_value=-0.000235854 0.00409637 -0.000270264 0.00511803 0.00305561 0.00546669 -0.000291582 -0.000237654 0.000645097 0.000781232 -0.00152349 -0.000942033 -0.00247246 0.00790413 0.0027385 -0.0043104 -0.0063191 -0.000276275 -0.00034829 -0.00224074 -0.00374688 -0.00883034 0.00157514 0.00402049 -0.00180157 -0.000276962 0.00271235 -0.00345176 -0.000313738 -0.000513439
internal_weight=99238 782 98456 388 315 263 98068 93955 10464 10201 4113 3403 1582 418 151 710 477 364 83491 1497 925 151 5386 753 1431 864 445 419 81994 49431
internal_count=99238 782 98456 388 315 263 98068 93955 10464 10201 4113 3403 1582 418 151 710 477 364 83491 1497 925 151 5386 753 1431 864 445 419 81994 49431
is_linear=0
shrinkage=0.03


Tree=115
num_leaves=31
num_cat=0
split_feature=0 12 16 5 10 8 3 9 1 10 9 0 16 10 16 0 0 7 8 0 5 17 7 12 17 5 13 13 7 11
split_gain=16.2663 14.3136 10.8863 8.08263 7.31009 8.72206 7.18964 12.763 11.0377 7.05579 6.96404 5.7315 9.53754 8.75055 10.4081 13.9638 12.906 8.60509 7.96303 11.6334 7.57181 7.13816 6.12174 5.90889 5.82878 7.88084 5.79867 7.19802 5.78105 5.81009
threshold=-5.8962458316841024 2.8681418094803672 -4.5699658095966527 -8.3375294161170892 4.4209610352166093 8.3825030702243719 -8.8307100176081548 2.9113777050881651 -7.6980212725611166 5.630293180069855 6.073615599337562 1.0605179265985272 0.34811823774228917 2.918297218665828 -0.49133310230059718 -3.8524770464041218 -0.48037190934029145 0.73169043814022017 2.2433748817789474 -1.5780483551414346 -4.7981576706607418 -37.90400326655579 -2.0513477639368722 0.26724947267187632 -9.6116484079000042 -1.7801337274615874 1.0171363500753186 1.4441311740617555 4.0045794838016189 1.2609695702459691
decision_type=2 2 2 2 2 2 2 2 2 2 2 2 2 2 2 2 2 2 2 2 2 2 2 2 2 2 2 2 2 2
left_child=1 2 -1 -4 5 -5 7 8 -2 11 -3 13 20 -8 16 -16 18 23 19 -15 -13 -19 26 -18 -17 -26 -20 -28 -14 -30
right_child=6 10 3 4 -6 -7 9 -9 -10 -11 -12 12 28 14 15 24 17 21 22 -21 -22 -23 -24 -25 25 -27 27 -29 29 -31
leaf_value=0.00097788439518431327 -0.015133127310484842 -0.0057934721898595994 0.014483426993902392 0.0035253563206898023 -0.0015578996347664277 0.019789715623855588 -8.5880775719882613e-05 0.001454686296078698 -0.0015296590368740954 -0.0018863240940786129 0.006966467836104771 0.0063133987213633514 -0.00033407855939922456 -0.0093608268850383543 0.0082249382672735533 -0.0018940344037408378 -0.0035949654985613522 0.0086101571358740327 -0.00094395657153198127 -0.0017491025088028161 0.0010208112389030741 -0.00051427481237407069 -0.00022389643181372663 0.0028371284969797845 0.003716193323299765 -0.00096354175148863678 -0.0077387221442104751 0.00080103086046874519 0.0026526332540180186 -0.0016275151899746176
leaf_weight=205 57 157 167 73 79 50 32984 4544 922 2546 51 257 18245 206 136 9400 137 80 789 1472 4557 2177 10027 2082 344 5535 307 125 1147 380
leaf_count=205 57 157 167 73 79 50 32984 4544 922 2546 51 257 18245 206 136 9400 137 80 789 1472 4557 2177 10027 2082 344 5535 307 125 1147 380
internal_value=-0.00023208 0.00407759 0.00652084 0.00960026 0.00556318 0.0101369 -0.000266311 0.000785291 -0.00232169 -0.000328807 -0.00266483 -0.000284935 0.000105883 -0.000430961 -0.000777798 -0.00134545 -0.000274959 0.00111341 -0.000755722 -0.00268356 0.00130336 -0.000190857 -0.000468123 0.00244001 -0.00143064 -0.000689715 -0.00247374 -0.00526773 -0.000185674 0.0015875
internal_weight=99238 782 574 369 202 123 98456 5523 979 92933 208 90387 24586 65801 32817 15415 17402 4476 12926 1678 4814 2257 11248 2219 15279 5879 1221 432 19772 1527
internal_count=99238 782 574 369 202 123 98456 5523 979 92933 208 90387 24586 65801 32817 15415 17402 4476 12926 1678 4814 2257 11248 2219 15279 5879 1221 432 19772 1527
is_linear=0
shrinkage=0.03


Tree=116
num_leaves=31
num_cat=0
split_feature=0 13 15 5 1 12 10 7 15 16 17 0 2 16 0 0 17 16 0 15 16 0 5 0 1 12 16 16 6 1
split_gain=16.1658 14.1869 12.4523 7.84534 7.25718 10.7445 7.22185 7.30055 6.98012 8.937 6.34412 7.19679 6.85831 5.85542 11.5197 10.73 9.73833 8.53292 8.00343 13.4054 7.70015 8.29887 8.2074 8.00442 7.9538 7.06697 6.59744 6.58056 13.053 6.19266
threshold=-5.8962458316841024 1.2979300033407661 0.96105965272177774 -4.1427723089219652 4.8382553901968786 1.6888148325301844 5.630293180069855 9.6283230085399545 0.10460245703410839 -4.096811923891992 -54.7886904489635 -3.8524770464041218 -5.8329061870982626 -1.2001096125166415 -3.8524770464041218 -0.54852171796453442 -12.633735550361509 2.0512323758192244 -0.33140624237770722 0.11928498282898224 0.42027857601513824 1.0832552625671674 -5.347433981352899 1.4752033208636031 -5.2011724225373808 0.17298693974488258 -1.0000000180025095e-35 1.8113408829560698 -7.5913974440282797 7.9672298202314149
decision_type=2 2 2 2 2 2 2 2 2 2 2 2 2 2 2 2 2 2 2 2 2 2 2 2 2 2 2 2 2 2
left_child=1 8 6 -4 -5 -6 10 -8 9 -1 11 -2 -12 18 26 16 17 -16 -14 -20 21 24 -23 27 -17 -26 -15 -22 -29 -25
right_child=2 -3 3 4 5 -7 7 -9 -10 -11 12 -13 13 14 15 20 -18 -19 19 -21 23 22 -24 29 25 -27 -28 28 -30 -31
leaf_value=-0.0063052200675010675 -0.011318326267071917 -0.00026279703404845232 0.016192000749707221 -0.0022062157851269865 0.01288032998567668 -0.00075526256955439045 -0.0012764803257455108 -0.0064792219671326572 0.010753428952956803 0.0086092971091332668 0.0007260889505596843 -0.001877039112331845 -8.3793216894589259e-05 0.002385113387489049 -0.001869258612611537 -0.0068438191059976812 -0.0003092958050363167 0.0075196595849807962 -0.0096209278433462189 0.0020140683371500157 -0.00087271910541057295 0.0071903501208597682 0.0010353767639451287 0.00012902050323255411 -0.0047127862965013869 1.8568487208778251e-05 0.012872848463526298 0.0062709245627817186 -0.0040740864945887348 -0.0017436502972465544
leaf_weight=60 79 364 50 127 118 93 2671 267 267 91 6501 906 12898 145 8694 156 7616 88 92 2850 12281 204 4411 13632 288 21100 86 121 1183 1799
leaf_count=60 79 364 50 127 118 93 2671 267 267 91 6501 906 12898 145 8694 156 7616 88 92 2850 12281 204 4411 13632 288 21100 86 121 1183 1799
internal_value=-0.000229028 0.00406731 -0.000263152 0.00510064 0.00345991 0.00687033 -0.000284374 -0.0017493 0.00783803 0.002683 -0.000239131 -0.00263426 -0.000214072 -0.000283808 -0.000398979 -0.000420566 -0.00109435 -0.00177518 0.00023827 0.00165023 -0.000220317 0.00015294 0.00130745 -0.000556822 -9.43707e-05 -4.51415e-05 0.00628964 -0.00108787 -0.00311416 -8.9302e-05
internal_weight=99238 782 98456 388 338 211 98068 2938 418 151 95130 985 94145 87644 71804 71573 16398 8782 15840 2942 55175 26159 4615 29016 21544 21388 231 13585 1304 15431
internal_count=99238 782 98456 388 338 211 98068 2938 418 151 95130 985 94145 87644 71804 71573 16398 8782 15840 2942 55175 26159 4615 29016 21544 21388 231 13585 1304 15431
is_linear=0
shrinkage=0.03


Tree=117
num_leaves=31
num_cat=0
split_feature=3 12 13 11 1 10 12 8 11 4 7 3 6 12 13 11 16 7 12 16 14 17 12 7 11 12 13 8 1 16
split_gain=12.9906 12.3681 8.84128 12.125 6.88702 9.43437 9.07115 13.3159 7.23134 6.25912 7.77953 6.13172 7.28271 5.80678 5.76802 6.37 5.69271 5.28669 5.09857 7.46142 4.61729 11.8097 4.41243 5.27266 4.37969 4.36389 4.27676 4.21417 4.19329 5.36792
threshold=-14.636261045844348 0.79087283824485 0.86913376706778178 0.66322991322388536 -7.2765077015031867 6.9048077284979366 1.6421630334721689 3.8078240160900854 1.5206558573594704 -9.8453793752189203 -1.8499257256914479 9.4259406543535729 4.2115156706844372 0.27802954640900474 1.3216101667078803 0.94745985706574276 -1.6924454372175071 0.81767086812631906 0.4073434312354921 -2.3025744277261415 136.95104223512593 -38.47359993289875 0.61618216303822426 1.6168890674731375 0.98472077993604945 1.1292780618094473 0.93712123095031064 9.3969282438620461 -0.1772808014320448 -1.0000000180025095e-35
decision_type=2 2 2 2 2 2 2 2 2 2 2 2 2 2 2 2 2 2 2 2 2 2 2 2 2 2 2 2 2 2
left_child=1 2 3 -1 6 18 7 -2 14 10 20 12 -7 -14 15 -9 17 -17 19 26 -3 -22 -18 -24 -4 -23 -6 -8 29 -21
right_child=4 9 24 -5 5 11 27 8 -10 -11 -12 -13 13 -15 -16 16 22 -19 -20 28 21 25 23 -25 -26 -27 -28 -29 -30 -31
leaf_value=-0.010274643890846234 -0.0019864944754199999 0.0071303423392258935 -0.014330721786618232 0.006350513167293151 0.0042940378116453192 -0.010798404900401475 -0.0034148452715349518 -0.00037624516663255919 0.012159474141320542 0.012656536147778117 -0.0050510706782341003 -0.0075795184183459026 -0.0071788926470492563 0.0026647499630901407 -0.0020365136282000326 0.0070909884807563595 0.0013415907426840728 -0.00090712201501522865 -0.000194053823758747 -0.00090611890828411461 -0.0067988184243022052 4.3467151809413472e-05 0.0083997379178329112 0.018809365971308004 -0.0035914512185586823 0.010728981922931816 -0.0030641225386749613 0.0035531430263832514 -0.00040930700587037865 -0.0028242611723212903
leaf_weight=52 383 401 50 164 370 63 385 171 102 86 75 253 70 235 133 155 54 143 84204 3698 89 53 189 57 108 98 88 98 5175 2036
leaf_count=52 383 401 50 164 370 63 385 171 102 86 75 253 70 235 133 155 54 143 84204 3698 89 53 189 57 108 98 88 98 5175 2036
internal_value=-0.000225869 0.00290845 -0.00159682 0.00234816 -0.000263457 -0.000298511 0.00153971 0.00277272 0.00458823 0.00500941 0.0040909 -0.00398426 -0.00151252 0.000405553 0.00373206 0.00472975 0.00618982 0.00325297 -0.000274562 -0.000870945 0.00516056 0.00186937 0.0091071 0.0108117 -0.00698995 0.00697844 0.00288024 -0.00200105 -0.00102843 -0.0015872
internal_weight=99238 1176 374 216 98062 96192 1870 1387 1004 802 716 621 368 305 902 769 598 298 95571 11367 641 240 300 246 158 151 458 483 10909 5734
internal_count=99238 1176 374 216 98062 96192 1870 1387 1004 802 716 621 368 305 902 769 598 298 95571 11367 641 240 300 246 158 151 458 483 10909 5734
is_linear=0
shrinkage=0.03


Tree=118
num_leaves=31
num_cat=0
split_feature=0 12 15 16 15 5 17 7 10 5 11 10 17 0 9 4 1 15 13 16 0 17 10 11 4 9 0 16 0 0
split_gain=15.9196 14.034 12.3536 10.7501 10.0124 7.96842 7.79004 12.2515 7.24317 7.11269 9.80734 8.15796 7.16211 7.00105 6.86124 6.79777 6.83286 9.33676 6.76862 8.29289 7.90271 7.07617 6.76611 5.73511 5.54082 5.46735 5.16492 5.01145 22.8067 13.2956
threshold=-5.8962458316841024 2.8681418094803672 0.96105965272177774 -4.5699658095966527 0.11702343520226267 -8.3375294161170892 -23.705788625857085 3.3777271842468486 4.4209610352166093 10.720218325355413 1.3615336023080198 6.9048077284979366 -54.7886904489635 -2.9583396898284291 6.073615599337562 16.910344725133225 0.85717155040693227 0.89176761872120935 1.691174003412464 -0.94647276743779885 -3.2730761314484855 -13.625660871406259 3.2085530438683487 0.72395345696480484 -19.034912486072951 4.064003132175384 4.4607547113147747 -0.9979280286639346 -3.389535497145638 -1.378399270088895
decision_type=2 2 2 2 2 2 2 2 2 2 2 2 2 2 2 2 2 2 2 2 2 2 2 2 2 2 2 2 2 2
left_child=1 3 9 4 -1 -5 -4 -8 -7 10 12 23 13 25 -3 16 17 18 -12 20 -20 -22 -19 -11 -15 -2 -18 29 -29 -14
right_child=2 14 6 5 -6 8 7 -9 -10 11 15 -13 27 24 -16 -17 26 22 19 -21 21 -23 -24 -25 -26 -27 -28 28 -30 -31
leaf_value=-0.005975698783081405 -0.016845703416814406 -0.0057407681409056017 0.010905359347661337 0.01436887545978182 0.0072970651782979477 0.010064593870647068 -0.003400440762726296 0.010079654292895063 -0.0015765359759613681 0.005080316075835172 0.0022667483148573996 -0.0072877676334554475 -0.00063481759397009043 0.0062943504189154993 0.0069246452016865504 0.0062931934774103681 -0.00090881127582569587 0.002525336926972324 -0.0044595556396298704 -0.0028882579929358472 0.0085812268619026456 -6.651644249476732e-05 0.01432335057472489 -0.0014010963129053948 -0.0027060763893242295 -0.0034073865217241375 0.0028327995318515125 0.0054909087676578792 -0.00045899353698559324 0.00088187253217356478
leaf_weight=98 54 157 135 167 107 123 152 101 79 127 2102 208 10345 67 51 205 2338 88 113 628 189 155 87 3778 758 55 387 585 65336 10463
leaf_count=98 54 157 135 167 107 123 152 101 79 127 2102 208 10345 67 51 205 2338 88 113 628 189 155 87 3778 758 55 387 585 65336 10463
internal_value=-0.00022255 0.00404095 -0.000256414 0.00646022 0.000952037 0.00952033 0.00508609 0.00198094 0.00551187 -0.000277551 -0.000224095 -0.00149866 -0.000306211 -0.00291923 -0.00263531 0.00091997 0.000739009 0.00164392 0.00127345 -0.000650888 0.00242366 0.00468471 0.00839064 -0.00119031 -0.00197513 -0.0100649 -0.000377434 -0.00027807 -0.000406193 0.000127828
internal_weight=99238 782 98456 574 205 369 388 253 202 98068 93955 4113 87663 934 208 6292 6087 3362 3187 1085 457 344 175 3905 825 109 2725 86729 65921 20808
internal_count=99238 782 98456 574 205 369 388 253 202 98068 93955 4113 87663 934 208 6292 6087 3362 3187 1085 457 344 175 3905 825 109 2725 86729 65921 20808
is_linear=0
shrinkage=0.03


Tree=119
num_leaves=31
num_cat=0
split_feature=0 16 15 4 0 2 12 0 10 12 12 17 15 3 10 17 1 9 10 1 7 10 16 5 0 3 8 16 0 4
split_gain=15.7752 14.885 12.284 7.76288 10.0484 7.6353 7.3801 7.72916 7.29568 6.92826 6.90203 6.08265 6.02956 11.5901 10.5481 10.355 9.61969 7.3655 7.47175 8.26033 7.1857 7.06891 7.26056 9.41796 7.56769 7.67851 7.67247 7.05899 9.72668 7.18466
threshold=-5.231183314645901 -1.3281317642954742 0.96105965272177774 -4.7487959506574802 4.2652221638901482 20.953804024279613 1.8006408681774244 -7.2304653093313531 4.2194036362802168 0.21787184922764716 1.5161898599744819 -47.202009479057701 0.34034875320394969 -5.9247414392425748 3.2477451559561583 -20.278877044621989 -7.6980212725611166 7.8015585651198336 2.6888749207199392 -4.5743163200282924 -3.1000838188096229 3.7614263421292935 -1.2841554083249354 6.1986648402129552 -2.0845970900660458 -14.636261045844348 2.5285305151222661 0.066742163327878121 -1.5460150767692269 9.5980416971860461
decision_type=2 2 2 2 2 2 2 2 2 2 2 2 2 2 2 2 2 2 2 2 2 2 2 2 2 2 2 2 2 2
left_child=1 6 5 -4 -5 9 7 -1 -9 11 -6 -2 15 14 16 21 -14 18 -17 -20 -18 -11 24 -24 25 -23 -26 -16 -29 -30
right_child=2 -3 3 4 10 -7 -8 8 -10 12 -12 -13 13 -15 27 17 20 -19 19 -21 -22 22 23 -25 26 -27 -28 28 29 -31
leaf_value=0.0099973884597420702 -0.011607570865657181 0.011391690891929145 0.013881387900918314 -0.0090262593300296703 0.0097235706250886518 -0.0047830628477844288 -0.00096662312565070436 0.0063490256219191233 -0.0018425691493176388 -0.00085772048094701363 -6.4563844834679155e-05 -0.0018684329751840658 -0.0095878040873503788 -0.00018445454129984343 0.0038351094045766055 0.00048382319799751973 0.0041624968379619532 0.005119547052228975 0.0012186514173823169 -0.00085038014211729132 -0.00057587194269608638 0.0048834009719148424 -0.003318096675806707 -0.012744959716904251 -0.0058805761452960332 -0.0042312707601107934 0.0035281541042666404 0.01044284831203128 0.00098529540586773782 -0.0085599760142331185
leaf_weight=150 60 172 73 52 147 338 458 184 209 9132 116 1516 96 52487 1507 8529 336 233 1968 14771 2018 97 1470 102 95 584 436 95 1733 74
leaf_count=150 60 172 73 52 147 338 458 184 209 9132 116 1516 96 52487 1507 8529 336 233 1968 14771 2018 97 1470 102 95 584 436 95 1733 74
internal_value=-0.000219387 0.00323904 -0.000260754 0.00506663 0.00302384 -0.000281916 0.00183818 0.00420393 0.00199268 -0.000266287 0.00540637 -0.00223921 -0.000233818 -4.31863e-05 0.00122234 -0.000531077 -0.000279159 -0.000189925 -0.000238884 -0.000607125 0.000100463 -0.00126117 -0.00258453 -0.00392976 -0.000839729 -0.002933 0.00184486 0.00230145 0.0010863 0.000594399
internal_weight=99238 1173 98065 388 315 97677 1001 543 393 97339 263 1576 95763 58346 5859 37417 2450 25501 25268 16739 2354 11916 2784 1572 1212 681 531 3409 1902 1807
internal_count=99238 1173 98065 388 315 97677 1001 543 393 97339 263 1576 95763 58346 5859 37417 2450 25501 25268 16739 2354 11916 2784 1572 1212 681 531 3409 1902 1807
is_linear=0
shrinkage=0.03


Tree=120
num_leaves=31
num_cat=0
split_feature=3 8 15 10 12 13 12 1 18 2 8 14 12 8 2 8 6 18 2 13 17 15 6 17 16 18 10 9 16 1
split_gain=12.6166 12.236 9.02473 7.51168 7.3358 8.24631 6.66691 10.6257 6.52163 6.05598 8.35056 12.7007 9.04475 8.63373 6.00641 8.60301 6.29832 6.28199 9.32903 5.8218 5.53508 5.22342 12.9127 9.71786 8.74469 9.21457 7.79618 7.62956 7.30889 6.65792
threshold=-14.636261045844348 1.5698239183201397 0.96105965272177774 5.630293180069855 0.79087283824485 0.83901738165336026 1.5161898599744819 4.8382553901968786 38.278896135258059 -5.8329061870982626 3.6202354382575677 6.2231497709096537 1.5983146043783394 7.7421944792098456 20.953804024279613 11.343058566326439 -4.6009143191538078 53.712158808252418 1.727510728135129 0.6376647397904921 -19.776567892540559 0.34034875320394969 -7.7495600425788647 -19.608626284958039 0.78839346484745032 40.066132216648576 2.6470563489698304 6.073615599337562 -2.3025744277261415 5.1901823520728589
decision_type=2 2 2 2 2 2 2 2 2 2 2 2 2 2 2 2 2 2 2 2 2 2 2 2 2 2 2 2 2 2
left_child=1 -1 3 9 5 -3 7 -4 -6 10 19 -12 13 -13 15 16 -5 18 20 -2 -18 23 28 -11 -24 27 -25 -26 -23 -30
right_child=2 4 6 14 8 -7 -8 -9 -10 21 11 12 -14 -15 -16 -17 17 -19 -20 -21 -22 22 24 26 25 -27 -28 -29 29 -31
leaf_value=-0.011213391005711736 0.0026840666652450961 0.0039610081716767833 0.00095761723409999494 -0.0056392881598981929 0.0040602466194825928 -0.0056127404640816773 -0.00062176118255592879 0.013972154681667171 0.01222009567451654 -0.0013478315009472783 -0.0086225860033716465 0.0023685661691781501 -0.0007992582417745604 0.0092514396320224155 -0.0077092200652249662 0.0052414110923806817 -0.0046727434230983793 -0.0022177436851746799 0.0084298314033499494 -0.0010721474847370134 0.0022693716828842718 0.011131441597236504 7.8855097895944121e-05 0.00054636608963126276 -0.0029172750092211507 -0.00050452385355322083 -0.00062949795189738797 0.0082117848715891964 0.0017349006947534969 -0.0036956956673465254
leaf_weight=53 436 185 110 348 693 144 144 116 101 10382 105 2410 808 176 146 162 181 1669 132 2505 241 71 31332 7571 2026 17903 15391 57 3424 216
leaf_count=53 436 185 110 348 693 144 144 116 101 10382 105 2410 808 176 146 162 181 1669 132 2505 241 71 31332 7571 2026 17903 15391 57 3424 216
internal_value=-0.000216236 0.00287264 -0.000253279 -0.000270991 0.00353743 -0.000229326 0.00442317 0.00763765 0.00509821 -0.00022515 0.00066302 0.00165342 0.00197133 0.00283701 -0.00178063 -0.00146392 -0.00188642 -0.00129893 0.00146912 -0.000515293 -0.000708171 -0.000289874 -0.000110338 -0.00058617 -0.000233917 -0.000724248 -0.000241794 -0.00261274 0.00159859 0.00141265
internal_weight=99238 1176 98062 97692 1123 329 370 226 794 94813 6440 3499 3394 2586 2879 2733 2571 2223 554 2941 422 88373 55029 33344 51318 19986 22962 2083 3711 3640
internal_count=99238 1176 98062 97692 1123 329 370 226 794 94813 6440 3499 3394 2586 2879 2733 2571 2223 554 2941 422 88373 55029 33344 51318 19986 22962 2083 3711 3640
is_linear=0
shrinkage=0.03


Tree=121
num_leaves=31
num_cat=0
split_feature=3 8 15 10 12 1 2 5 8 17 1 15 13 15 15 12 6 2 8 14 13 1 8 16 5 16 8 9 16 1
split_gain=12.4625 14.4448 8.28882 6.81197 6.62611 10.5977 6.58603 6.40657 7.25927 5.60343 5.34757 6.49637 5.45436 8.45791 5.84291 8.21207 5.02801 4.98555 8.25719 8.03286 8.02759 6.57512 7.97825 8.93811 7.33679 5.62635 6.53339 5.93972 5.13179 8.01621
threshold=-12.076410618679548 3.8336389149423171 0.96105965272177774 5.630293180069855 1.5161898599744819 4.8382553901968786 -14.484028047423328 14.155959574842568 10.087957252637965 -13.866195970687064 -3.979371450893137 0.16807856704785656 1.2696887936577552 0.68420826659961731 0.44722040702988491 0.68672474797106431 -22.994028992528083 -5.8329061870982626 9.3969282438620461 6.7379461098311237 1.0171363500753186 -6.6328981983414295 4.3960200074914644 -1.722914513202366 -7.7337718628003467 -1.9288339924852105 1.9493245936979036 4.5684130187541827 -1.2001096125166415 -0.26864953927163698
decision_type=2 2 2 2 2 2 2 2 2 2 2 2 2 2 2 2 2 2 2 2 2 2 2 2 2 2 2 2 2 2
left_child=1 6 3 16 5 -4 -1 8 -5 -9 12 -12 14 -14 15 -3 -2 18 19 -18 21 22 24 -24 -21 27 -27 -22 -19 -30
right_child=2 10 4 7 -6 -7 -8 9 -10 -11 11 -13 13 -15 -16 -17 17 28 -20 20 25 -23 23 -25 -26 26 -28 -29 29 -31
leaf_value=-0.0095360477384481886 -0.0070311462830001366 -9.4820261848243802e-05 0.00075257356765620208 -0.0015178419603369862 -0.0008108251394664907 0.013807933507406193 -0.00020991863492712066 -0.013350599526427686 0.0051517752138308323 -0.0036138540210484313 -0.0056032422393122137 0.0031462462165157039 0.00050591594333537911 0.013289490905072953 0.00084298531059175726 0.01000753904975755 -0.005795552066760138 0.00019783004217979622 0.0075485177972162802 -0.008215023878016578 -0.0053051347782920024 0.00095367351576681233 0.0022979343113079032 0.011586744555740186 0.0033468492434173078 -0.0051406164079784381 0.00080210663430948126 0.0011359494421338534 -0.00082012253115056131 -0.00015962098336147961
leaf_weight=74 98 88 109 2085 143 115 862 60 158 469 102 304 339 54 120 409 180 16000 151 67 396 2391 177 197 188 186 1588 191 25766 46171
leaf_count=74 98 88 109 2085 143 115 862 60 158 469 102 304 339 54 120 409 180 16000 151 67 396 2391 177 197 188 186 1588 191 25766 46171
internal_value=-0.00021328 0.00194445 -0.000265661 -0.000282772 0.00423432 0.0074551 -0.000947241 -0.00174843 -0.00104802 -0.00471821 0.00385591 0.000948099 0.00502479 0.00226244 0.00678427 0.00821879 -0.000239434 -0.000232327 0.000626525 0.000438569 0.000647107 0.00167164 0.00440083 0.0071907 0.000309024 -0.000663395 0.000179025 -0.00320931 -0.000288114 -0.000396196
internal_weight=99238 2352 96886 96519 367 224 936 2772 2243 529 1416 406 1010 393 617 497 93747 93649 5712 5561 5381 3020 629 374 255 2361 1774 587 87937 71937
internal_count=99238 2352 96886 96519 367 224 936 2772 2243 529 1416 406 1010 393 617 497 93747 93649 5712 5561 5381 3020 629 374 255 2361 1774 587 87937 71937
is_linear=0
shrinkage=0.03


Tree=122
num_leaves=31
num_cat=0
split_feature=0 16 15 15 12 17 7 0 10 7 10 17 0 3 9 0 16 1 2 1 2 16 1 0 11 16 1 0 3 9
split_gain=15.4592 13.7742 12.002 10.4164 8.80676 7.66634 12.121 7.54819 6.92281 7.03902 6.14523 6.08253 7.13307 6.41756 11.3653 7.80817 7.28745 6.6298 6.1512 5.89107 5.77025 6.57382 5.72047 5.62688 6.72634 5.67703 5.82135 5.39771 5.43912 5.36937
threshold=-5.8962458316841024 -4.5699658095966527 0.96105965272177774 0.11702343520226267 2.7473694856488069 -23.705788625857085 3.3777271842468486 -7.2304653093313531 5.630293180069855 9.6283230085399545 3.8404469132400592 -54.7886904489635 -3.8524770464041218 -5.9247414392425748 3.3665163191589906 0.44272066194646792 -0.75990024024578162 -8.94460775392856 -8.377688175513347 1.476326815901208 -4.4267744917793941 -0.94647276743779885 3.2447036730049565 -1.0000000180025095e-35 1.3379151743954081 -0.1442399303128202 -2.5863169008805085 -0.066057138820227693 -6.838412312167141 4.6428852631513902
decision_type=2 2 2 2 2 2 2 2 2 2 2 2 2 2 2 2 2 2 2 2 2 2 2 2 2 2 2 2 2 2
left_child=1 3 8 -1 7 -4 -7 -3 11 -10 -5 12 -2 14 20 19 -17 -18 -15 -16 23 -22 -19 24 -13 -25 -27 28 -21 -24
right_child=2 4 5 10 -6 6 -8 -9 9 -11 -12 13 -14 18 15 16 17 22 -20 27 21 -23 29 25 -26 26 -28 -29 -30 -31
leaf_value=-0.0060328190429311881 -0.011210610313765421 0.015275918550434567 0.010795492975248231 -0.001871782682579139 -0.0040951287075877184 -0.0034104401666033815 0.0099977057523066449 0.0062147970439376367 -0.0012341447912502818 -0.0063428479072172193 0.0086185873149573298 -0.0014056292059029191 -0.00181121486920666 0.0032423526694686298 0.000979646326049609 0.0082668002657052403 -0.0084566693186759936 0.0033798942274725326 -0.00030621519684899244 -0.0072874096061081384 0.0024252557206597015 -0.00057370432515126558 -0.0059435803198814386 7.8045877374031326e-05 0.0079629628693995372 -0.011232023992521973 -0.0020951782081808363 0.0036777703164190779 0.0031360895500371329 0.0027978603428709904
leaf_weight=159 79 126 135 87 50 152 101 241 2671 267 119 1640 906 442 3747 207 50 1403 82300 215 910 2374 125 132 72 156 105 82 57 128
leaf_count=159 79 126 135 87 50 152 101 241 2671 267 119 1640 906 442 3747 207 50 1403 82300 215 910 2374 125 132 72 156 105 82 57 128
internal_value=-0.000209937 0.00399146 -0.000243308 -0.00026425 0.00771649 0.00502261 0.00194222 0.0093257 -0.000264142 -0.00169841 0.00418819 -0.000219846 -0.00256508 -0.000195309 0.000471899 0.00136845 0.00295116 0.00230618 -0.000287259 0.000630158 -0.000528628 0.000257311 0.00263114 -0.00175477 -0.00101162 -0.00499208 -0.00755628 -0.00306909 -0.00510307 -0.00152103
internal_weight=99238 782 98456 365 417 388 253 367 98068 2938 206 95130 985 94145 11403 6014 1913 1706 82742 4101 5389 3284 1656 2105 1712 393 261 354 272 253
internal_count=99238 782 98456 365 417 388 253 367 98068 2938 206 95130 985 94145 11403 6014 1913 1706 82742 4101 5389 3284 1656 2105 1712 393 261 354 272 253
is_linear=0
shrinkage=0.03


Tree=123
num_leaves=31
num_cat=0
split_feature=0 13 8 0 5 12 11 13 12 8 17 17 8 1 10 2 3 17 9 12 9 13 0 12 17 1 6 9 6 1
split_gain=15.3014 13.6755 7.57849 6.6335 9.23594 9.81445 8.39135 11.784 8.39507 8.68158 8.40339 8.09206 7.73507 7.01445 8.69907 12.8022 6.13797 7.71224 6.44332 6.0781 6.66829 5.72921 8.62931 8.48853 9.50156 8.4403 7.7003 7.20404 7.56308 7.04848
threshold=-5.8962458316841024 1.2287591064696526 6.8950907584183208 3.2441262373557129 10.720218325355413 3.3916768619870576 1.2239954960521329 1.3928234631574459 3.0073417574568317 1.0000000180025095e-35 -35.646384779427379 -6.2194903386966525 2.5412606932976538 1.1036623498636768 2.4981201737199243 4.1087797998660927 -4.1545357506306049 -18.007645782790682 7.0387950819912755 1.8006408681774244 5.319852808131186 0.98961791433095903 -0.94745570240128363 0.64941177076260692 -22.118756016933901 -4.4595033194281699 -7.9148360138065916 5.1964422994463169 -15.746440968775449 -8.94460775392856
decision_type=2 2 2 2 2 2 2 2 2 2 2 2 2 2 2 2 2 2 2 2 2 2 2 2 2 2 2 2 2 2
left_child=1 -1 -3 4 6 11 8 13 9 -2 -10 -6 -5 -8 15 -15 18 -18 -9 -14 -21 23 -23 24 25 -11 -26 28 -24 -25
right_child=3 2 -4 12 5 -7 7 16 10 21 -12 -13 19 14 -16 -17 17 -19 -20 20 -22 22 27 29 26 -27 -28 -29 -30 -31
leaf_value=0.0080431818435569916 -0.012212831244937012 -0.0072450390015728764 0.0024198996381315052 0.0095949805880961719 -0.0041175956677621355 -0.013448227758265353 0.0020411468836234016 0.0005030753807362552 -0.0086188655333327389 -0.0054603957560519977 0.0034098060096411633 -0.00059917678668691059 0.0013846223024955152 -0.0060894756138110918 0.001050309685174671 0.0042601014111115004 -0.0031579798842160476 -0.000310446900577698 0.0070425407217178295 0.00036722280217471224 -0.0028101592640967883 -0.001693837121611921 0.007403805435890645 0.0074463502457365388 0.0033606047768665191 -0.0012443244854892963 -0.00033836023930147328 -0.0043368140347571906 -0.0003832723515830392 0.00015740837075223793
leaf_weight=381 56 96 305 86 870 66 4350 1257 56 456 785 1817 3628 401 1647 147 1166 3220 152 2449 785 6687 113 120 520 6802 19527 414 16945 23934
leaf_count=381 56 96 305 86 870 66 4350 1257 56 456 785 1817 3628 401 1647 147 1166 3220 152 2449 785 6687 113 120 520 6802 19527 414 16945 23934
internal_value=-0.000206755 0.00397314 0.000106099 -0.000239954 -0.000307807 -0.0020191 -0.000254726 0.000471166 -0.000371948 -0.000405119 0.00260885 -0.00173837 0.000653703 0.0013435 -3.90819e-05 -0.00331322 -0.000514066 -0.00106745 0.00120854 0.000541644 -0.000404034 -0.000396363 -0.000777352 -0.000217148 -0.000579142 -0.00150921 -0.000242413 -0.000426589 -0.000331687 0.000193771
internal_weight=99238 782 401 98456 91508 2753 88755 12340 76415 75574 841 2687 6948 6545 2195 548 5795 4386 1409 6862 3234 75518 24159 51359 27305 7258 20047 17472 17058 24054
internal_count=99238 782 401 98456 91508 2753 88755 12340 76415 75574 841 2687 6948 6545 2195 548 5795 4386 1409 6862 3234 75518 24159 51359 27305 7258 20047 17472 17058 24054
is_linear=0
shrinkage=0.03


Tree=124
num_leaves=31
num_cat=0
split_feature=0 13 15 5 15 8 7 2 11 17 3 11 15 4 5 2 14 9 2 1 6 2 17 1 17 0 5 8 9 9
split_gain=15.1524 13.5259 11.8663 7.67833 7.5164 7.46068 7.16007 6.86889 5.9182 6.32575 6.10064 8.33147 8.05301 7.92203 8.29859 8.26358 7.35704 6.68366 7.52544 6.5687 5.78892 6.76405 6.1446 5.72714 5.58921 6.61001 10.3914 7.5007 9.22899 7.26696
threshold=-5.8962458316841024 1.2287591064696526 0.96105965272177774 -4.1427723089219652 0.10460245703410839 6.8950907584183208 4.0045794838016189 20.953804024279613 0.542834091525915 -33.186754094491242 -5.9247414392425748 1.243885662219973 0.19849180489652907 -4.8445869045655057 -1.3882917031081423 1.8157647202650009 140.19097710899294 3.2016329830356098 -8.377688175513347 2.1381388037107434 -15.746440968775449 -8.0526308544424818 -44.058325472366484 5.8958940689116233 -12.633735550361509 -0.63024169692858001 -2.7450643815560891 3.8833292383896736 2.6586064230795192 4.0417847369618238
decision_type=2 2 2 2 2 2 2 2 2 2 2 2 2 2 2 2 2 2 2 2 2 2 2 2 2 2 2 2 2 2
left_child=1 4 7 -4 -1 -3 -5 8 9 -2 11 12 -10 14 15 24 -16 18 -14 20 21 -19 -22 -17 25 26 27 28 -12 -29
right_child=2 5 3 6 -6 -7 -8 -9 10 -11 13 -13 17 -15 16 23 -18 19 -20 -21 22 -23 -24 -25 -26 -27 -28 29 -30 -31
leaf_value=0.002474909052119723 -0.008944748068606713 -0.0071839089400600638 0.015971908535063268 0.00068589775651997447 0.011215003259959186 0.0024056182724774863 0.01046308361714886 -0.0045142231640570305 -0.0012853785910322839 -0.0016484048140906872 -0.00033763086182622964 0.0018591179430920755 -0.0089988930243998771 -0.00018738875429989861 -0.0014635893968684105 0.0025224726499890006 -0.0047259270255845878 0.00023523138642311096 -0.0001907461444692799 -0.0017076241262518391 -0.0041937415725757854 0.0090732231006478425 0.0019073763921573516 -0.0047055598469707399 0.00078791692373373452 -0.00041912976060371192 -0.005644634912620787 0.0035028497990106391 -0.0045457047929890462 -0.0031923498310321985
leaf_weight=140 128 96 50 245 241 305 93 340 3057 650 982 2746 90 71410 2432 1040 836 125 2908 499 158 207 2488 109 1520 4133 643 454 898 215
leaf_count=140 128 96 50 245 241 305 93 340 3057 650 982 2746 90 71410 2432 1040 836 125 2908 499 158 207 2488 109 1520 4133 643 454 898 215
internal_value=-0.00020379 0.00395571 -0.000236827 0.00499925 0.00800342 0.000109871 0.00337607 -0.000257543 -0.000242734 -0.00284883 -0.000221821 0.000403123 -1.63234e-05 -0.000312442 -0.000985798 -0.000556666 -0.00229814 0.000582827 -0.000455167 0.00147783 0.00201159 0.00574567 0.00154306 0.00183678 -0.000867585 -0.00121112 -0.00223658 -0.00137688 -0.00234766 0.00135118
internal_weight=99238 782 98456 388 381 401 338 98068 97728 778 96950 12278 9532 84672 13262 9994 3268 6475 2998 3477 2978 332 2646 1149 8845 7325 3192 2549 1880 669
internal_count=99238 782 98456 388 381 401 338 98068 97728 778 96950 12278 9532 84672 13262 9994 3268 6475 2998 3477 2978 332 2646 1149 8845 7325 3192 2549 1880 669
is_linear=0
shrinkage=0.03


Tree=125
num_leaves=31
num_cat=0
split_feature=0 16 15 15 12 6 5 7 5 11 10 6 13 6 1 6 7 14 18 9 0 15 14 14 9 7 0 10 11 10
split_gain=15.0126 13.5509 11.7587 10.2291 8.65508 9.36646 7.61322 7.11254 6.83382 9.23179 7.89297 8.72357 6.48247 11.154 9.1834 6.53398 7.10668 7.16067 6.3863 6.89781 6.34685 6.07726 6.01986 6.58083 7.45066 6.01046 6.64057 5.99261 5.77518 5.83324
threshold=-5.8962458316841024 -4.5699658095966527 0.96105965272177774 0.11702343520226267 2.7473694856488069 1.7807442079320037 -4.1427723089219652 4.0045794838016189 10.720218325355413 1.3615336023080198 6.9048077284979366 14.044638087596129 1.6694099036888268 13.289684290897709 2.0965827080017823 4.6728671772505139 1.1052885521561697 26.188211308112795 64.177630897637712 3.9769063100200044 -7.2304653093313531 1.0000000180025095e-35 8.8954970452015711 100.82060650424894 6.76901777243613 -1.7764103556688613 4.2652221638901482 3.8404469132400592 0.56726919424535016 2.7299616573705197
decision_type=2 2 2 2 2 2 2 2 2 2 2 2 2 2 2 2 2 2 2 2 2 2 2 2 2 2 2 2 2 2
left_child=1 3 8 -1 5 20 -4 -8 9 21 11 18 13 14 15 16 17 -11 -10 -20 -3 -2 -16 24 25 -24 -27 -5 29 -23
right_child=2 4 6 27 -6 -7 7 -9 10 12 -12 -13 -14 -15 22 -17 -18 -19 19 -21 -22 28 23 -25 -26 26 -28 -29 -30 -31
leaf_value=-0.0059979138853696158 -0.0062946804117762932 0.018340101421801085 0.015904826518893241 -0.0018534395047302902 -0.0040750909745693202 0.0016082139957087258 0.00068127839126605157 0.010425956532839805 -4.2741409944076287e-05 -0.0012799760310001219 -0.0071453596107200531 -0.00048277493417427781 -0.0003020267510015705 0.0078686410355172584 -0.010682822425595737 0.0058394342386774278 -0.0031194819521763186 0.0032379787481505952 -0.0018136050740185264 -0.0091572190167256411 0.0086809665164405327 0.0029772273672721053 -0.0071454061925984346 -0.003120517108483978 0.01224305537270589 0.00049458928251409115 0.011444713634095693 0.0085058415399379087 -0.00024282917013918265 -0.0032270454924316363
leaf_weight=159 151 97 50 87 50 104 245 93 228 404 208 3201 2439 245 55 389 252 1445 195 281 166 158 78 477 54 397 57 119 86357 997
leaf_count=159 151 97 50 87 50 104 245 93 228 404 208 3201 2439 245 55 389 252 1445 195 281 166 158 78 477 54 397 57 119 86357 997
internal_value=-0.000200611 0.00393965 -0.000233496 -0.000281431 0.00763436 0.00922966 0.00497878 0.00336251 -0.000254118 -0.00020172 -0.00145105 -0.00114774 0.000908267 0.0016744 0.00125378 0.00226795 0.00160669 0.00225082 -0.00417127 -0.00614881 0.0122435 -0.00028139 -0.00100497 -0.000504236 0.0016254 0.000547667 0.00186938 0.00413081 -0.000271014 -0.00237832
internal_weight=99238 782 98456 365 417 367 388 338 98068 93955 4113 3905 6292 3853 3608 2490 2101 1849 704 476 263 87663 1118 1063 586 532 454 206 87512 1155
internal_count=99238 782 98456 365 417 367 388 338 98068 93955 4113 3905 6292 3853 3608 2490 2101 1849 704 476 263 87663 1118 1063 586 532 454 206 87512 1155
is_linear=0
shrinkage=0.03


Tree=126
num_leaves=31
num_cat=0
split_feature=3 8 15 15 1 10 9 3 12 8 12 13 12 1 8 6 11 4 7 9 12 11 13 9 6 7 12 13 14 8
split_gain=12.0572 12.0081 8.5729 7.26138 7.34128 9.31132 8.28366 7.71135 7.66183 9.61361 7.14312 8.13228 6.57098 10.5131 6.42739 6.38123 6.21864 5.86557 7.9616 5.93482 5.72562 5.27665 5.70597 5.02271 5.01934 7.57046 4.73316 4.51323 5.30305 4.26828
threshold=-14.636261045844348 1.5698239183201397 0.96105965272177774 1.0000000180025095e-35 -7.2765077015031867 6.9048077284979366 6.3473120202005022 10.011090343746478 1.6421630334721689 3.8078240160900854 0.79087283824485 0.83901738165336026 1.5161898599744819 4.8382553901968786 3.2020704643031008 4.2115156706844372 0.99575677758626269 -9.8453793752189203 -1.8499257256914479 7.8015585651198336 0.27802954640900474 1.205117917113246 1.202959052939101 5.0848097665451268 4.4957237550981679 5.7952304057708135 0.4073434312354921 2.0225170520343876 64.472217737493295 3.7852222451976281
decision_type=2 2 2 2 2 2 2 2 2 2 2 2 2 2 2 2 2 2 2 2 2 2 2 2 2 2 2 2 2 2
left_child=1 -1 3 14 6 26 8 15 9 -5 11 16 13 -4 -2 -7 -3 18 19 29 -17 -11 -23 -13 -8 -26 -6 28 -10 -12
right_child=2 10 12 4 5 7 24 -9 27 21 17 23 -14 -15 -16 20 -18 -19 -20 -21 -22 22 -24 -25 25 -27 -28 -29 -30 -31
leaf_value=-0.011132347288559068 -0.00042696063212208346 0.0003471725697700794 0.00087067773464051155 -0.0020502796048219776 -0.00082928532236057782 -0.010094684501346506 0.010330460323216198 -0.0081478980138146272 0.00094015142937168108 0.0021346993105624931 0.0015521311125827623 -0.010385788615164628 -0.00068455217677789424 0.013816075625444024 -0.01281260021801035 -0.0069967750813812015 0.012380945071578026 0.012418955446675766 -0.0052607917203886861 -0.0033151292589239096 0.0027778356020992739 0.010801328783627691 0.001844682120851108 0.00095302603650288507 -0.0050869206095544191 0.0092315644518855735 -0.00017563680693312447 0.0045431551818664248 -0.0068067828290164466 0.0076445607527096783
leaf_weight=53 73 130 110 355 11317 61 143 241 123 523 136 83 144 116 78 70 55 86 73 66 235 164 105 61 65 68 83781 65 225 433
leaf_count=53 73 130 110 355 11317 61 143 241 123 523 136 83 144 116 78 70 55 86 73 66 235 164 105 61 65 68 83781 65 225 433
internal_value=-0.000197718 0.00282191 -0.00023393 -0.000251193 -0.000241016 -0.000277064 0.00163806 -0.00398089 0.000790465 0.00205206 0.00348048 -0.000236479 0.00432396 0.00751522 -0.00682484 -0.00123705 0.00392478 0.00502063 0.00412196 0.00520061 0.000534482 0.00389086 0.00730524 -0.00558254 0.00642881 0.00223381 -0.000253423 -0.00271327 -0.00406864 0.00618837
internal_weight=99238 1176 98062 97692 97541 95705 1836 607 1560 1147 1123 329 370 226 151 366 185 794 708 635 305 792 269 144 276 133 95098 413 348 569
internal_count=99238 1176 98062 97692 97541 95705 1836 607 1560 1147 1123 329 370 226 151 366 185 794 708 635 305 792 269 144 276 133 95098 413 348 569
is_linear=0
shrinkage=0.03


Tree=127
num_leaves=31
num_cat=0
split_feature=0 16 3 8 0 16 0 0 6 17 6 8 16 0 0 18 16 17 3 9 3 2 1 1 6 4 8 0 1 8
split_gain=14.7943 13.4047 7.01636 6.99398 6.39002 10.0056 13.7586 9.39498 9.04449 8.58412 8.57156 7.6424 7.58152 22.9928 8.89794 8.25409 8.31687 7.58699 7.93982 9.64305 7.1966 7.12901 7.10137 7.39173 6.50005 7.19541 6.3712 8.00363 6.81006 6.67869
threshold=-5.8962458316841024 -4.5699658095966527 -14.636261045844348 8.3825030702243719 3.2441262373557129 1.7704397563265215 -1.254370640645788 1.2809263576664927 -9.0342409650070614 -54.7886904489635 -3.1006844702136411 2.5412606932976538 0.066742163327878121 -3.5218086645601172 -0.49730636990654503 56.107950183115769 -1.1407275452921521 -25.153198925366677 1.3522187284174205 3.1533320699762837 -6.2906858732824249 13.847800163817682 0.88785445944755692 -3.8952207259439926 -8.0884195253702078 6.7434876665608003 3.5342724353551849 -2.2779600129042836 3.8486055750903141 2.4420267258605861
decision_type=2 2 2 2 2 2 2 2 2 2 2 2 2 2 2 2 2 2 2 2 2 2 2 2 2 2 2 2 2 2
left_child=1 3 -3 -1 5 7 10 9 22 -2 -7 -6 14 -14 26 16 20 18 -15 -20 -16 24 23 -9 -8 -26 27 29 -28 -11
right_child=4 2 -4 -5 11 6 21 8 -10 12 -12 -13 13 17 15 -17 -18 -19 19 -21 -22 -23 -24 -25 25 -27 28 -29 -30 -31
leaf_value=-0.0051988279230059369 -0.0033913227048491027 0.015280830681324005 0.0056210622608753522 0.0032251733714635938 0.0095373207581944241 0.013455460062033906 0.0019884993242866851 -0.00045525182528715382 0.0003642862143918797 -0.0076595972818410329 0.00070870184576806599 0.00053837776111347903 0.010496467055097498 -0.0028312724335551992 0.0058709626921959815 -0.00038318613798012568 0.00048284850029174442 -0.0005717115956012579 0.0017308240311488263 -0.0036427871926280847 0.0016610110003966838 -0.0084322052861763429 -9.4678756964310248e-05 0.0083886229792999017 -0.0027465778432308645 -0.00045060143515342525 0.0003738383477963987 -0.00055745913815169847 -0.0023766765260337416 -0.0019903430431410679
leaf_weight=152 819 85 332 213 86 86 425 114 11127 212 106 6862 162 2996 448 7765 10128 17736 901 451 1983 140 259 335 3218 1987 10074 17568 881 1587
leaf_count=152 819 85 332 213 86 86 425 114 11127 212 106 6862 162 2996 448 7765 10128 17736 901 451 1983 140 259 335 3218 1987 10074 17568 881 1587
internal_value=-0.000194695 0.00391535 0.00759008 -0.000282904 -0.00022734 -0.000293937 -0.00148221 -0.000211122 0.000573484 -0.000337097 0.00641819 0.000649764 -0.000302781 -0.000764424 -0.000100007 0.000385693 0.000861077 -0.000847029 -0.00197008 -6.17046e-05 0.00243685 -0.0017451 0.00386125 0.00614318 -0.00157881 -0.00187009 -0.000425558 -0.000752618 0.000152642 -0.00265843
internal_weight=99238 782 417 365 98456 91508 5962 85546 11835 73711 192 6948 72892 22246 50646 20324 12559 22084 4348 1352 2431 5770 708 449 5630 5205 30322 19367 10955 1799
internal_count=99238 782 417 365 98456 91508 5962 85546 11835 73711 192 6948 72892 22246 50646 20324 12559 22084 4348 1352 2431 5770 708 449 5630 5205 30322 19367 10955 1799
is_linear=0
shrinkage=0.03


Tree=128
num_leaves=31
num_cat=0
split_feature=0 13 8 0 5 12 11 13 12 8 10 17 17 8 1 10 2 12 9 3 17 9 10 13 0 12 17 1 6 9
split_gain=14.6573 13.268 7.24826 6.26252 8.96213 9.64177 7.91819 11.4536 8.17849 8.64564 8.36382 9.11456 7.8886 7.57212 6.6761 8.4012 12.3901 5.93103 6.56541 5.84936 7.44794 6.31294 5.69123 5.64347 8.40179 8.15083 9.15952 8.37366 7.5024 7.11383
threshold=-5.8962458316841024 1.2287591064696526 6.8950907584183208 3.2441262373557129 10.720218325355413 3.3916768619870576 1.2239954960521329 1.3928234631574459 3.0073417574568317 1.0000000180025095e-35 2.2820489210000887 -32.328068111912835 -6.2194903386966525 2.5412606932976538 1.1036623498636768 2.4981201737199243 4.1087797998660927 1.8006408681774244 5.319852808131186 -4.1545357506306049 -18.007645782790682 7.0387950819912755 5.4284627053287098 0.98961791433095903 -0.94745570240128363 0.64941177076260692 -22.118756016933901 -4.4595033194281699 -7.9148360138065916 5.1964422994463169
decision_type=2 2 2 2 2 2 2 2 2 2 2 2 2 2 2 2 2 2 2 2 2 2 2 2 2 2 2 2 2 2
left_child=1 -1 -3 4 6 12 8 14 9 -2 -10 -12 -6 -5 22 16 -16 -15 -19 21 -21 -9 -8 25 -25 26 27 -11 -28 -26
right_child=3 2 -4 13 5 -7 7 19 10 23 11 -13 -14 17 15 -17 -18 18 -20 20 -22 -23 -24 24 29 -27 28 -29 -30 -31
leaf_value=0.0079082440678396922 -0.012167660685788307 -0.0070988921052776276 0.0023531289331645503 0.0094907431590349183 -0.0040467053269806859 -0.013303971514105796 0.0018671784141661141 0.00047933311377227451 0.0090642491880193899 -0.0054012579675212407 -0.0091385798885122577 0.0023519171877929832 -0.00057279921014102278 0.0013659877102634543 -0.005970282074391489 0.0010490938895937557 0.0042113551136334334 0.00036438802714677218 -0.0027883862414320184 -0.0030986079864740103 -0.00030029459753665226 0.0069522979269784528 0.010372335160888421 -0.0016581268237336312 -0.00031339039756128867 0.00020485443691163876 0.0033345031955171948 -0.0012018647313768315 -0.00031662207322615996 -0.0042933626398039253
leaf_weight=381 56 96 305 86 870 66 4278 1257 148 456 69 624 1817 3628 401 1647 147 2449 785 1166 3220 152 72 6687 17058 24054 520 6802 19527 414
leaf_count=381 56 96 305 86 870 66 4278 1257 148 456 69 624 1817 3628 401 1647 147 2449 785 1166 3220 152 72 6687 17058 24054 520 6802 19527 414
internal_value=-0.000191672 0.0038993 9.0301e-05 -0.000224165 -0.000290094 -0.00197583 -0.000237806 0.000467325 -0.000351675 -0.000384415 0.00259042 0.00120784 -0.00169758 0.000644144 0.00132734 -2.14835e-05 -0.00323908 0.000533271 -0.000400896 -0.000503996 -0.00104421 0.00117762 0.00200795 -0.000375677 -0.000753804 -0.000197808 -0.000552529 -0.0014657 -0.000221915 -0.000407696
internal_weight=99238 782 401 98456 91508 2753 88755 12340 76415 75574 841 693 2687 6948 6545 2195 548 6862 3234 5795 4386 1409 4350 75518 24159 51359 27305 7258 20047 17472
internal_count=99238 782 401 98456 91508 2753 88755 12340 76415 75574 841 693 2687 6948 6545 2195 548 6862 3234 5795 4386 1409 4350 75518 24159 51359 27305 7258 20047 17472
is_linear=0
shrinkage=0.03


Tree=129
num_leaves=31
num_cat=0
split_feature=0 16 12 6 8 0 3 9 1 16 14 0 12 5 2 0 16 3 14 0 0 16 3 8 6 1 14 0 16 9
split_gain=14.5168 13.2062 8.50528 9.24502 6.83928 6.43965 6.168 11.8567 10.8578 5.59291 8.16827 5.80918 5.54612 5.29037 5.12406 5.69133 10.1211 14.0499 9.5986 7.94206 7.04361 13.2621 6.75013 7.85291 6.48276 8.21762 6.42052 6.39764 6.10821 9.23862
threshold=-5.8962458316841024 -4.5699658095966527 2.7473694856488069 1.7807442079320037 8.3825030702243719 -7.2304653093313531 -8.8307100176081548 2.9113777050881651 -7.6980212725611166 0.53143576910670565 29.748991715203555 0.12501780118897424 0.21787184922764716 -5.2269834463402995 20.953804024279613 2.974540098839149 1.7704397563265215 -5.4658037396712311 191.15097208840359 0.68183884562303454 -0.49730636990654503 -0.3403719317094685 -6.1663739750924975 3.2898637780218363 -12.966942522659711 -6.0962069837679307 125.00223219231951 1.3894104209301816 -0.94647276743779885 3.8202187279097175
decision_type=2 2 2 2 2 2 2 2 2 2 2 2 2 2 2 2 2 2 2 2 2 2 2 2 2 2 2 2 2 2
left_child=1 4 3 5 -1 -3 7 8 -2 10 -10 -11 -8 -12 15 16 20 18 19 -18 24 22 23 28 -14 26 -26 -23 -22 -30
right_child=6 2 -4 -5 -6 -7 12 -9 9 11 13 -13 14 -15 -16 -17 17 -19 -20 -21 21 27 -24 -25 25 -27 -28 -29 29 -31
leaf_value=-0.0051459569848559209 -0.014948529518748584 0.018246423811027684 -0.0040779390111565592 0.0015393030381976411 0.00318435411847813 0.0085169311606112016 -0.0021142824086553638 0.0013978862452716987 -0.0075683261108411065 0.00025368642838050922 0.0022929446546454879 -0.010853723439623066 -0.0035234480713485575 -0.0049760524400535525 -0.0037309715729010214 0.00055465191277901662 0.0082744806935079393 -0.0020634836197966199 0.01498970942897722 -0.0017124583457020959 0.0051699167049200452 -0.00055302775390925196 0.00063855411633476761 0.0094977076034281089 4.9554487640196533e-05 -0.00061117081824617586 0.0041771971407177678 0.00040016521981152788 0.0014132364433708377 -0.012101519171976381
leaf_weight=152 57 97 50 104 213 166 1459 4544 118 72 520 103 654 109 379 7527 112 4638 60 199 296 24804 12616 157 829 29773 574 8512 290 54
leaf_count=152 57 97 50 104 213 166 1459 4544 118 72 520 103 654 109 379 7527 112 4638 60 199 296 24804 12616 157 829 29773 574 8512 290 54
internal_value=-0.000188991 0.00388234 0.00752975 0.00911117 -0.000284707 0.0121054 -0.000221328 0.000752696 -0.00224194 -0.00145639 -0.000325463 -0.00628382 -0.000279214 0.00103329 -0.000249945 -0.000235463 -0.000306628 -0.00161411 0.00400363 0.00188412 -0.000223262 1.11857e-05 0.000807708 0.00348531 -0.00056745 -0.00050544 0.00173827 -0.000309494 0.00201039 -0.000708266
internal_weight=99238 782 417 367 365 263 98456 5523 979 922 747 175 92933 629 91474 91095 83568 5009 371 311 78559 46729 13413 797 31830 31176 1403 33316 640 344
internal_count=99238 782 417 367 365 263 98456 5523 979 922 747 175 92933 629 91474 91095 83568 5009 371 311 78559 46729 13413 797 31830 31176 1403 33316 640 344
is_linear=0
shrinkage=0.03


Tree=130
num_leaves=31
num_cat=0
split_feature=0 16 15 4 0 13 5 11 8 10 6 13 1 17 0 7 1 13 11 10 4 8 11 10 3 13 17 11 4 17
split_gain=14.3968 14.5983 11.5245 7.55612 9.75218 8.66173 6.73957 8.89747 7.87685 7.69374 8.37688 7.17329 8.05892 6.72764 8.12235 6.2399 6.39185 6.11813 7.74442 6.00155 5.96761 7.81915 5.95755 5.99914 5.91411 5.81668 5.59386 5.54239 5.37942 5.05818
threshold=-5.231183314645901 -1.3281317642954742 0.96105965272177774 -4.7487959506574802 4.2652221638901482 1.0093052878552078 10.720218325355413 1.3615336023080198 3.7852222451976281 6.9048077284979366 14.044638087596129 1.6694099036888268 4.9489676335200086 -54.7886904489635 -2.9583396898284291 1.9480466584021141 4.8382553901968786 0.95216451158160209 1.1678851530285097 4.0715870548064252 -5.6240962207306673 1.4158571799806481 1.0147680720764669 3.5378572133751653 -0.517126578946142 0.81909875408891475 -42.974406016040568 0.72395345696480484 -19.034912486072951 -12.051994175849709
decision_type=2 2 2 2 2 2 2 2 2 2 2 2 2 2 2 2 2 2 2 2 2 2 2 2 2 2 2 2 2 2
left_child=1 17 6 -4 -5 29 7 13 20 10 15 12 25 14 19 -8 22 -1 24 -2 26 -22 -17 -24 -19 -10 -9 -12 -16 -6
right_child=2 -3 3 4 5 -7 9 8 11 -11 27 -13 -14 -15 28 16 -18 18 -20 -21 21 -23 23 -25 -26 -27 -28 -29 -30 -31
leaf_value=0.0054571302541741497 -0.01822151614129543 0.011191592990355782 0.013631083136807158 -0.008952058949149572 0.005823378055424923 0.0002789157472707175 -0.00094621861172012808 0.006890198631102548 -0.0038338453567552341 -0.0071459376898428224 0.0063584861922466639 0.00018986427789928134 -0.0010266302574951295 -0.00024464712967474074 0.0063215286615513153 0.0048956680442056354 -0.010455897359548098 -0.0014657611324530066 0.0021131176668587217 -0.0036647044476838062 -0.0097330824738511672 0.00082146353239967614 0.00035147505235813911 -0.012409163721704057 -0.013042110800743103 0.0044190649048211151 -0.0034384528507443164 -0.00071576765486845956 -0.002546844992032826 0.018252857321730025
leaf_weight=284 50 172 73 52 68 143 313 51 81 202 103 1277 351 86448 67 62 196 131 529 52 65 2246 63 70 57 1504 632 3086 758 52
leaf_count=284 50 172 73 52 68 143 313 51 81 202 103 1277 351 86448 67 62 196 131 529 52 65 2246 63 70 57 1504 632 3086 758 52
internal_value=-0.000186053 0.00311782 -0.000225572 0.0049345 0.0029191 0.00526625 -0.000246069 -0.000193941 0.000903576 -0.00143734 -0.00114113 0.00193521 0.00308646 -0.000271907 -0.00281403 -0.00410297 -0.00662998 0.00173052 0.000254427 -0.0108004 -0.000203522 0.000524603 -0.00278445 -0.00636465 -0.00497561 0.00399731 -0.00266721 -0.00048728 -0.00182663 0.0112095
internal_weight=99238 1173 98065 388 315 263 97677 93582 6207 4095 3893 3213 1936 87375 927 704 391 1001 717 102 2994 2311 195 133 188 1585 683 3189 825 120
internal_count=99238 1173 98065 388 315 263 97677 93582 6207 4095 3893 3213 1936 87375 927 704 391 1001 717 102 2994 2311 195 133 188 1585 683 3189 825 120
is_linear=0
shrinkage=0.03


Tree=131
num_leaves=31
num_cat=0
split_feature=0 13 8 3 11 5 16 5 4 5 2 1 6 18 3 0 16 5 2 8 11 1 7 12 1 12 16 18 6 2
split_gain=14.253 13.0217 7.07502 6.02388 10.6797 7.2163 5.77527 8.2036 5.56468 8.82375 6.68617 6.9463 5.94845 7.62094 5.78122 8.17999 9.02455 7.17202 6.63818 6.44418 5.69152 6.51902 8.19294 5.55725 5.2724 10.2801 11.2654 12.2537 8.09819 7.94463
threshold=-5.8962458316841024 1.2287591064696526 6.8950907584183208 -8.8307100176081548 0.86637818400732824 -3.8963366324731799 -4.5699658095966527 -8.0035876913319051 -4.8445869045655057 -1.3882917031081423 1.0000000180025095e-35 0.79787493321182856 -13.495696990005712 38.894002034064435 16.530690302907484 4.2652221638901482 3.1131644938638594 -1.1044077410253046 10.969817502105352 4.5454511244887987 1.4134337795279042 -3.8134665183799261 0.16581863960083434 1.619747122012231 -0.85620923632208623 0.91571187513226227 -2.4267112677332245 72.532740798868346 -3.8192237260622699 1.908196843840049
decision_type=2 2 2 2 2 2 2 2 2 2 2 2 2 2 2 2 2 2 2 2 2 2 2 2 2 2 2 2 2 2
left_child=1 6 -3 4 -2 -6 23 -8 9 10 11 -5 13 -12 15 16 20 -17 -18 -19 24 22 -22 -1 25 26 -10 -28 -26 -27
right_child=3 2 -4 8 5 -7 7 -9 14 -11 12 -13 -14 -15 -16 17 18 19 -20 -21 21 -23 -24 -25 28 29 27 -29 -30 -31
leaf_value=0.0081801082538579817 -0.0017862886300050384 -0.0070253244369814635 0.0023130575324423978 -0.00052229175260197188 0.0012038003254057688 0.0079221476545719895 0.015671076774310608 0.0050132974843279665 0.0021862033034915165 -0.0021397203725529068 -0.0010637237432407822 -0.0029382227262287892 0.0010831631992071385 -0.014249139270186425 -0.0015346259767050553 0.0083171699379563785 -0.0022263208496702928 0.0058761629155730903 -0.011359339864416555 0.00067788949323278089 0.015199852664066791 0.00061619543228221842 0.0029597544868118488 -0.0047531977958149381 0.001463463547566419 0.00076996603155237331 -0.0013390619265567789 0.0058143765020681774 -0.00011461830732678297 -0.0035002380155327055
leaf_weight=67 1178 96 305 9703 4196 149 130 130 930 3343 187 1204 3145 50 2657 133 1026 237 77 2274 58 2554 325 54 3145 5538 13551 219 42155 422
leaf_count=67 1178 96 305 9703 4196 149 130 130 930 3343 187 1204 3145 50 2657 133 1026 237 77 2274 58 2554 325 54 3145 5538 13551 219 42155 422
internal_value=-0.000183243 0.00385091 7.74349e-05 -0.000215285 0.000747293 0.00143419 0.00782248 0.0103422 -0.00027249 -0.00075223 -0.000427619 -0.000788981 0.000737781 -0.00384546 -0.000160158 -0.000109886 -0.000171755 0.00152812 -0.00286389 0.00116853 -0.000128656 0.00116353 0.00481335 0.00240822 -0.000186193 -0.000583356 -0.00100946 -0.00122529 -5.05832e-06 0.000467613
internal_weight=99238 782 401 98456 5523 4345 381 260 92933 17632 14289 10907 3382 237 75301 72644 70000 2644 1103 2511 68897 2937 383 121 65960 20660 14700 13770 45300 5960
internal_count=99238 782 401 98456 5523 4345 381 260 92933 17632 14289 10907 3382 237 75301 72644 70000 2644 1103 2511 68897 2937 383 121 65960 20660 14700 13770 45300 5960
is_linear=0
shrinkage=0.03


Tree=132
num_leaves=31
num_cat=0
split_feature=0 13 8 0 5 12 17 11 13 12 8 10 17 8 12 9 3 8 3 17 9 13 0 12 17 6 10 5 5 10
split_gain=14.1155 12.8813 6.9646 5.94362 8.68604 9.46199 7.70385 7.5008 11.2163 7.96487 8.60191 8.13236 8.90425 7.49744 5.78848 6.43674 5.68523 6.32328 5.67728 7.24645 6.19477 5.56217 8.19496 7.83729 8.89843 7.27041 7.03184 6.72821 6.33553 5.53469
threshold=-5.8962458316841024 1.2287591064696526 6.8950907584183208 3.2441262373557129 10.720218325355413 3.3916768619870576 -6.2194903386966525 1.2239954960521329 1.3928234631574459 3.0073417574568317 1.0000000180025095e-35 2.2820489210000887 -32.328068111912835 2.5412606932976538 1.8006408681774244 5.319852808131186 -12.076410618679548 9.3969282438620461 -4.1545357506306049 -18.007645782790682 7.0387950819912755 0.98961791433095903 -0.94745570240128363 0.64941177076260692 -22.118756016933901 -7.9148360138065916 5.7605423068383379 8.0518345571577026 4.3171271288086395 3.4401315799924581
decision_type=2 2 2 2 2 2 2 2 2 2 2 2 2 2 2 2 2 2 2 2 2 2 2 2 2 2 2 2 2 2
left_child=1 16 -3 4 7 6 -6 9 -9 10 -2 -11 -13 -5 -15 -16 -1 -18 20 -20 -10 23 -23 24 27 -26 -24 29 -28 -12
right_child=3 2 -4 13 5 -7 -8 8 18 11 21 12 -14 14 15 -17 17 -19 19 -21 -22 22 26 -25 25 -27 28 -29 -30 -31
leaf_value=0.013028672622442245 -0.012121686318090984 -0.0069660482622020932 0.0022991791892124978 0.009436379452777463 -0.0039819993480582367 -0.013158217301031319 -0.00054901385274021199 0.001312210257279326 0.00046491598372563252 0.0089510694638247016 -0.00087415713334504375 -0.00902222819945208 0.0023349296126406651 0.0013458428964486151 0.00035806895828293045 -0.0027636597747825514 0.0018993194335908221 0.011910949393230326 -0.0030586869141732312 -0.00029848406970166432 0.0068770120141255723 -0.0016280826905725196 -0.0003384670486730335 0.0002118581234196232 0.0032960516969861389 -0.00029817880693796205 -0.0018022622906548136 0.0084095075257843536 -0.014662742160485479 -0.0025947192969005902
leaf_weight=125 56 96 305 86 870 66 1817 6545 1257 148 4513 69 624 3628 2449 785 171 85 1166 3220 152 6687 17329 24054 520 19527 85 62 58 2683
leaf_count=125 56 96 305 86 870 66 1817 6545 1257 148 4513 69 624 3628 2449 785 171 85 1166 3220 152 6687 17329 24054 520 19527 85 62 58 2683
internal_value=-0.000180507 0.00383415 8.10699e-05 -0.000212394 -0.000276622 -0.00193619 -0.00166055 -0.000225146 0.000461149 -0.000335973 -0.000368283 0.00256744 0.00120413 0.000633518 0.000523194 -0.000399679 0.00778425 0.00522349 -0.000500059 -0.00103227 0.00115664 -0.000359567 -0.000734961 -0.000182984 -0.000530815 -0.000204948 -0.000393139 -0.00143088 -0.0070184 -0.00151566
internal_weight=99238 782 401 98456 91508 2753 2687 88755 12340 76415 75574 841 693 6948 6862 3234 381 256 5795 4386 1409 75518 24159 51359 27305 20047 17472 7258 143 7196
internal_count=99238 782 401 98456 91508 2753 2687 88755 12340 76415 75574 841 693 6948 6862 3234 381 256 5795 4386 1409 75518 24159 51359 27305 20047 17472 7258 143 7196
is_linear=0
shrinkage=0.03


Tree=133
num_leaves=31
num_cat=0
split_feature=0 16 15 15 12 0 4 0 13 10 7 10 12 18 2 8 12 0 1 15 0 0 18 4 16 18 18 15 16 18
split_gain=14.01 12.8965 11.3387 10.0121 8.34543 7.7073 7.47653 9.55694 8.58692 6.73593 6.69887 5.70345 4.80943 8.57905 4.92492 7.97381 10.2425 7.16889 6.03484 7.04472 8.46576 7.56825 6.43265 5.91464 5.72291 8.06737 6.17268 5.51631 10.6079 10.2796
threshold=-5.8962458316841024 -4.5699658095966527 0.96105965272177774 0.11702343520226267 2.7473694856488069 -7.2304653093313531 -4.7487959506574802 4.2652221638901482 1.0093052878552078 5.630293180069855 9.6283230085399545 3.8404469132400592 0.21787184922764716 31.227826645556174 -5.8329061870982626 3.8078240160900854 1.46435124339929 -4.5446248900611561 -6.0962069837679307 0.12408723353026289 -3.6772395971225742 -2.6488122334759505 41.663354399474322 -17.799580817619297 -1.6308755386118829 26.864553586630354 31.740086473886389 0.34034875320394969 -0.30082626912369542 38.694459622459028
decision_type=2 2 2 2 2 2 2 2 2 2 2 2 2 2 2 2 2 2 2 2 2 2 2 2 2 2 2 2 2 2
left_child=1 3 9 -1 5 -3 -4 -8 -9 12 -11 -5 13 -2 15 17 18 -14 24 21 -21 22 -20 -22 26 -26 -17 -16 29 -29
right_child=2 4 6 11 -6 -7 7 8 -10 10 -12 -13 14 -15 27 16 -18 -19 19 20 23 -23 -24 -25 25 -27 -28 28 -30 -31
leaf_value=-0.0059519012129145132 -0.014135526848584413 0.015005005101362864 0.013559107705950736 -0.0017693069838950861 -0.0040721809431910512 0.0058488810406340849 -0.0088480348111345218 0.011144742802236578 0.00026147533025774926 -0.0011920061094069399 -0.0061757459183840934 0.0083369579454179582 -0.010584941470965009 -0.0014804550306456998 -0.00052815924234599326 0.0092938051315722969 -0.0010289395642641981 -0.00020641125436946298 -0.011568550669547656 0.010260534559673597 0.0092320668723653333 0.0048121745119957867 -0.0011855339549676795 0.00094127938996339648 -0.0040106452625813119 0.0077103772380295588 -3.0572720752054944e-06 0.002942053403932489 -0.00028349109970364451 0.00038356068043696883
leaf_weight=159 50 126 73 87 50 241 52 120 143 2671 267 119 61 1348 32728 80 904 3320 92 116 85 90 129 871 59 507 327 1593 40237 12533
leaf_count=159 50 126 73 87 50 241 52 120 143 2671 267 119 61 1348 32728 80 904 3320 92 116 85 90 129 871 59 507 327 1593 40237 12533
internal_value=-0.00017812 0.00382151 -0.000209888 -0.000296395 0.0074259 0.0089924 0.00490845 0.00290369 0.00522722 -0.000230138 -0.00164492 0.00406878 -0.000186444 -0.00193307 -0.000160393 0.000627099 0.00168575 -0.000393661 0.00272737 0.00145384 0.00260709 -0.00252137 -0.00550788 0.00167843 0.00453755 0.00648857 0.00182434 -0.000220443 -3.51889e-05 0.000672084
internal_weight=99238 782 98456 365 417 367 388 315 263 98068 2938 206 95130 1398 93732 6641 3260 3381 2356 1383 1072 311 221 956 973 566 407 87091 54363 14126
internal_count=99238 782 98456 365 417 367 388 315 263 98068 2938 206 95130 1398 93732 6641 3260 3381 2356 1383 1072 311 221 956 973 566 407 87091 54363 14126
is_linear=0
shrinkage=0.03


Tree=134
num_leaves=31
num_cat=0
split_feature=0 16 15 15 12 6 17 7 0 2 12 18 5 17 18 4 18 1 14 18 6 15 16 14 7 1 0 7 7 6
split_gain=13.8644 12.7783 11.2533 9.89538 8.2702 9.11688 7.46479 11.9109 7.05478 6.58832 6.53388 8.13372 6.48957 5.4088 5.05269 7.22036 8.38353 6.44446 7.64222 6.13533 6.10808 7.88791 5.98896 7.33817 7.06657 6.27918 7.35951 5.91175 5.80102 5.55922
threshold=-5.8962458316841024 -4.5699658095966527 0.96105965272177774 0.11702343520226267 2.7473694856488069 1.5289266850263397 -23.705788625857085 3.3777271842468486 -7.2304653093313531 20.953804024279613 0.21787184922764716 31.227826645556174 -5.841142428362768 -22.118756016933901 32.614433366481009 -5.9705367154326217 38.694459622459028 -6.6328981983414295 347.28070801576013 64.177630897637712 -12.966942522659711 0.12599853515625004 -0.84985301702363347 75.051937719101574 -2.0962730251380672 -1.3814719783138638 -2.3334730098029719 -3.4210306978100733 4.3155514604709468 -8.6369466929298753
decision_type=2 2 2 2 2 2 2 2 2 2 2 2 2 2 2 2 2 2 2 2 2 2 2 2 2 2 2 2 2 2
left_child=1 3 9 -1 5 8 -4 -8 -3 10 11 -2 -13 -14 22 16 -16 18 19 28 21 -18 23 -12 27 26 -24 -25 -17 -27
right_child=2 4 6 -5 -6 -7 7 -9 -10 -11 14 12 13 -15 15 17 20 -19 -20 -21 -22 -23 25 24 -26 29 -28 -29 -30 -31
leaf_value=-0.0059182112261582662 -0.014033751110360027 0.01842999664135277 0.010588361708654298 0.0040439102836224497 -0.004055077761411667 0.0015309174777061309 -0.0034538255130629344 0.0098376032931379743 0.0082016484579918048 -0.0043961694412864745 0.0045698858131443497 0.0079331350061111142 -0.0055145587767051023 -0.0011527781566986004 3.5431841144735122e-05 0.0012131352516598947 -0.016427587155112115 -0.00015391736241455209 0.0077961178049445147 0.01087491942776574 -0.0013448846006854061 -0.0033005403472563702 0.0054439406782727353 -0.00078938842786905857 -0.0057611218190581443 0.0029073398430876714 -0.0016395779001151184 0.0057979198875041712 -0.0073002610751722423 -0.00058110398504365713
leaf_weight=159 50 96 135 206 50 106 152 101 165 340 706 60 330 1139 5446 817 53 76641 180 54 7787 185 143 312 142 973 1717 202 79 712
leaf_count=159 50 96 135 206 50 106 152 101 165 340 706 60 330 1139 5446 817 53 76641 180 54 7787 185 143 312 142 973 1717 202 79 712
internal_value=-0.000175556 0.00380323 -0.000207158 -0.000295754 0.00739107 0.00895049 0.00489187 0.00185224 0.0119638 -0.000227332 -0.000212828 -0.00212699 -0.00173763 -0.00213262 -0.000181393 -0.000231827 -0.000873054 -0.000120757 0.00212828 0.00105438 -0.00148958 -0.00622379 0.000756384 0.00244725 0.000162822 0.000106749 -0.00109498 0.0017994 0.000462512 0.00143329
internal_weight=99238 782 98456 365 417 367 388 253 261 98068 97728 1579 1529 1469 96149 91242 13471 77771 1130 950 8025 238 4907 1362 656 3545 1860 514 896 1685
internal_count=99238 782 98456 365 417 367 388 253 261 98068 97728 1579 1529 1469 96149 91242 13471 77771 1130 950 8025 238 4907 1362 656 3545 1860 514 896 1685
is_linear=0
shrinkage=0.03


Tree=135
num_leaves=31
num_cat=0
split_feature=3 8 15 15 12 13 12 9 2 18 8 11 12 16 3 3 8 2 6 18 12 17 14 16 11 11 15 6 16 2
split_gain=11.3818 11.7485 8.14558 7.14466 6.90135 8.05876 6.5084 6.81346 6.45397 6.42234 6.39011 6.04956 5.47499 10.8838 10.6747 7.99865 6.66756 9.32296 8.65183 8.83994 7.96723 7.87748 6.92861 6.73713 6.69273 6.60421 6.25435 7.82025 10.6907 6.16015
threshold=-14.636261045844348 1.5698239183201397 0.96105965272177774 1.0000000180025095e-35 0.79087283824485 0.83901738165336026 1.5161898599744819 3.4610850799333686 20.953804024279613 38.278896135258059 3.2020704643031008 0.99575677758626269 0.92122241073102229 -2.498223433635101 20.055109574488533 5.7544147345994903 4.6242722010550326 -0.2796273437024987 0.63644855744940509 44.794999644797947 0.89464987150721753 -13.625660871406259 336.13958111954128 1.2808555046986569 0.91229133895445291 0.75761156655969109 0.34428781937972958 -8.2814259311699967 0.1710921077105366 0.47495589003874189
decision_type=2 2 2 2 2 2 2 2 2 2 2 2 2 2 2 2 2 2 2 2 2 2 2 2 2 2 2 2 2 2
left_child=1 -1 3 10 5 11 7 -4 12 -6 -2 -3 13 15 16 -5 17 18 19 21 25 22 26 -21 -23 -18 -15 -28 -29 -22
right_child=2 4 6 8 9 -7 -8 -9 -10 -11 -12 -13 -14 14 -16 -17 20 -19 -20 23 29 24 -24 -25 -26 -27 27 28 -30 -31
leaf_value=-0.011041738656964502 -0.00036626610027830277 0.00037254443850654823 -0.0023621432483196259 0.0026465856796063203 0.0038961139254602584 -0.0055630684682788948 -0.00074989863404577284 0.010187116942569529 -0.0043227935276121858 0.011993611311853522 -0.01271592792481757 0.012241595807400616 7.9988053191323274e-05 -0.0019655922622785786 -0.0051600412508317579 -0.0016000643258677484 -0.0031773622510033652 -0.00013809843438881798 -0.00025287694241178318 -0.0022584709371738731 -0.00093154172675731853 -0.001380778379440365 -0.0057886667001392621 -0.0082114105442476076 0.0025349947837661601 0.0017149052926718311 0.0016651687284585043 0.00065187642493371649 -0.0029987621216068664 -0.012233560853030371
leaf_weight=53 73 130 50 1729 693 144 144 176 343 101 78 55 38110 3933 432 519 273 28610 9964 4415 117 647 295 178 1000 2749 1270 1455 1433 69
leaf_count=53 73 130 50 1729 693 144 144 176 343 101 78 55 38110 3933 432 519 273 28610 9964 4415 117 647 295 178 1000 2749 1270 1455 1433 69
internal_value=-0.000172951 0.00276087 -0.000208135 -0.000224962 0.00341229 -0.000241226 0.0042347 0.00741073 -0.000214867 0.00492615 -0.00674556 0.00390118 -0.000200371 -0.000381194 -0.000462166 0.00166615 -0.000426187 -0.000506281 -0.000934653 -0.00139912 0.000902041 -0.000900098 -0.00127263 -0.00248917 0.00099674 0.00127295 -0.00110798 -0.000296773 -0.00115954 -0.00512423
internal_weight=99238 1176 98062 97692 1123 329 370 226 97541 794 151 185 97198 59088 56840 2248 56408 53200 24590 14626 3208 10033 8386 4593 1647 3022 8091 4158 2888 186
internal_count=99238 1176 98062 97692 1123 329 370 226 97541 794 151 185 97198 59088 56840 2248 56408 53200 24590 14626 3208 10033 8386 4593 1647 3022 8091 4158 2888 186
is_linear=0
shrinkage=0.03


Tree=136
num_leaves=31
num_cat=0
split_feature=0 16 12 6 0 8 0 8 16 0 8 10 0 16 0 0 16 6 12 0 8 12 17 12 1 16 14 9 2 10
split_gain=13.6622 12.67 8.19313 9.03569 7.06468 6.54798 5.75784 15.502 9.05943 16.0547 8.15879 7.34352 7.10881 9.96186 24.0024 8.53622 9.21129 7.8689 7.2161 7.10414 6.86407 10.6404 7.32776 8.07098 7.08301 6.75266 7.02285 6.54999 6.53881 6.30522
threshold=-5.8962458316841024 -4.5699658095966527 2.7473694856488069 1.5289266850263397 -7.2304653093313531 8.3825030702243719 4.2652221638901482 4.5454511244887987 3.1131644938638594 -0.77256345985248609 1.0000000180025095e-35 6.9048077284979366 2.1300850817886423 0.58113094309636992 -2.4450668674149534 -0.49730636990654503 -0.51829275617401682 -9.2687921931911301 0.54510446221309128 2.2259623525608645 3.5342724353551849 1.3728773288638811 -7.7457644850820104 1.7443246058426569 -6.6328981983414295 1.4184827688459449 403.7915029219559 3.9988975321566698 10.514904394259219 3.575103206866832
decision_type=2 2 2 2 2 2 2 2 2 2 2 2 2 2 2 2 2 2 2 2 2 2 2 2 2 2 2 2 2 2
left_child=1 5 3 4 -3 -1 8 25 10 -10 -2 12 13 15 -15 20 17 18 -17 -14 22 24 23 -12 -22 -8 27 -27 -11 -21
right_child=6 2 -4 -5 -6 -7 7 -9 9 28 11 -13 19 14 -16 16 -18 -19 -20 29 21 -23 -24 -25 -26 26 -28 -29 -30 -31
leaf_value=-0.005058762198988054 -0.011270155236124992 0.018374750157818198 -0.0040406720481812953 0.0015176908576966456 0.0081392220975725332 0.003092216214978359 -0.0034907642930746079 0.00031414431915798653 0.013952784715905128 -0.0024227623208454181 -0.001236497329293113 -0.003534588058952264 0.0034230999270313607 0.0077971545532543917 -0.0010237932482789612 -0.0013211552839240302 -0.00011461597051146072 0.00075173587907165131 0.0060183726699979158 -0.00032737118298923343 0.0030939422283738577 -0.0013703005716870895 0.00012754730315956236 0.0022435897969678041 0.00038498811413725207 0.0062329189220984137 -0.0019688965134322645 0.015659006964054024 -0.0086624727359171511 0.0014298338679345694
leaf_weight=152 60 96 50 106 165 213 50 3489 51 1247 14861 592 756 282 17918 161 21329 10575 480 4599 980 3044 6156 625 7647 155 50 116 172 3061
leaf_count=152 60 96 50 106 165 213 50 3489 51 1247 14861 592 756 282 17918 161 21329 10575 480 4599 980 3044 6156 625 7647 155 50 116 172 3061
internal_value=-0.000170256 0.00377941 0.00735201 0.00890415 0.011904 -0.000302164 -0.000201627 0.000934097 -0.00024797 -0.00258472 -0.000211084 -0.000203954 -0.000182632 -0.000265861 -0.000887117 -9.41756e-05 0.000251377 0.000947372 0.0041749 0.000648646 -0.000431762 0.000154646 -0.000747998 -0.00109604 0.000692717 0.00676432 0.00836169 0.0102677 -0.00317909 0.000374823
internal_weight=99238 782 417 367 261 365 98456 3860 94596 1470 93126 93066 92474 84058 18200 65858 32545 11216 641 8416 33313 11671 21642 15486 8627 371 321 271 1419 7660
internal_count=99238 782 417 367 261 365 98456 3860 94596 1470 93126 93066 92474 84058 18200 65858 32545 11216 641 8416 33313 11671 21642 15486 8627 371 321 271 1419 7660
is_linear=0
shrinkage=0.03


Tree=137
num_leaves=31
num_cat=0
split_feature=0 16 15 15 12 6 5 0 1 12 10 5 0 10 6 18 12 6 5 11 15 12 0 16 3 15 8 16 15 0
split_gain=13.536 12.5388 11.0184 9.74057 8.11994 8.95455 7.43505 7.07043 6.85424 10.2836 6.63853 6.60929 7.63392 5.58085 4.85618 6.3037 6.49426 5.5016 5.26004 5.49495 6.76774 4.61617 5.63698 9.15586 4.91747 7.32935 8.37215 7.38151 6.68178 6.64311
threshold=-5.8962458316841024 -4.5699658095966527 0.96105965272177774 0.11702343520226267 2.7473694856488069 1.5289266850263397 -4.1427723089219652 -7.2304653093313531 4.8382553901968786 1.6888148325301844 5.630293180069855 14.155959574842568 7.3776006052357053 3.8404469132400592 -4.6009143191538078 40.615842127257658 0.57974966264343075 -8.2814259311699967 -2.0807263158757165 0.94521394627897959 0.34034875320394969 0.4073434312354921 -4.5446248900611561 -2.3025744277261415 -6.1663739750924975 0.14931645014197301 3.576451304230337 0.4679854968145199 0.60426169572290767 -1.5460150767692269
decision_type=2 2 2 2 2 2 2 2 2 2 2 2 2 2 2 2 2 2 2 2 2 2 2 2 2 2 2 2 2 2
left_child=1 3 10 -1 5 7 -4 -3 -8 -10 21 12 14 -5 15 -12 -17 -18 19 -16 -21 22 -2 -24 25 -23 27 28 -27 -29
right_child=2 4 6 13 -6 -7 8 -9 9 -11 11 -13 -14 -15 18 16 17 -19 -20 20 -22 24 23 -25 -26 26 -28 29 -30 -31
leaf_value=-0.0058747645875193042 -0.010422415708502133 0.018322908864356578 0.015644307973980903 -0.001765874560183749 -0.0040237012244760994 0.001509959255257305 -0.002256959075416167 0.0080832215601747692 0.012443677582995081 -0.00089622206745609151 -0.00094346401316148262 -0.0047277943244861328 0.0086515730409882953 0.0082311798882584615 -0.00025237161414239735 -0.015104674060642717 0.0021916458347723596 -0.011062832385411156 -0.0014093488111403007 -0.00037742819787273482 0.012723205750695911 -0.0010516821702101437 0.0037492685917066408 -0.00087488485827866606 -0.00018309152101503496 0.00016153108318573298 0.0021301007031043948 0.0061550748030936644 0.0034560400231952305 -0.0024962151638615311
leaf_weight=159 54 96 50 87 50 106 127 165 118 93 243 510 72 119 244 75 63 51 1535 62 83 2076 400 10536 74321 2629 3203 86 702 1123
leaf_count=159 54 96 50 87 50 106 127 165 118 93 243 510 72 119 244 75 63 51 1535 62 83 2076 400 10536 74321 2629 3203 86 702 1123
internal_value=-0.000167445 0.00376393 -0.000198671 -0.000296461 0.00731799 0.00886318 0.00484687 0.0118495 0.00324962 0.00656401 -0.000218633 -0.00162315 -0.000971019 0.00400912 -0.00126509 -0.00413945 -0.00824858 -0.00373799 -0.0006197 0.00249626 0.00712156 -0.000175256 -0.000753493 -0.00070575 -9.97294e-05 0.000531247 0.000955651 0.000127069 0.000855841 -0.00188082
internal_weight=99238 782 98456 365 417 367 388 261 338 211 98068 2938 2428 206 2356 432 189 114 1924 389 145 95130 10990 10936 84140 9819 7743 4540 3331 1209
internal_count=99238 782 98456 365 417 367 388 261 338 211 98068 2938 2428 206 2356 432 189 114 1924 389 145 95130 10990 10936 84140 9819 7743 4540 3331 1209
is_linear=0
shrinkage=0.03


Tree=138
num_leaves=31
num_cat=0
split_feature=0 16 15 5 7 2 12 0 12 15 6 16 0 0 7 9 0 16 16 0 0 9 11 1 6 16 1 6 7 1
split_gain=13.4039 14.3504 10.9594 7.36919 7.04037 6.94371 6.47971 7.13222 6.04439 5.22486 15.2065 9.11865 9.31608 9.14232 8.4323 7.8188 7.58376 10.7811 7.53115 13.6176 11.4961 10.4437 8.43717 7.07025 6.97712 7.36964 6.52969 6.41511 6.4141 6.35764
threshold=-5.231183314645901 -1.3281317642954742 0.96105965272177774 -4.1427723089219652 4.0045794838016189 20.953804024279613 1.8006408681774244 -7.2304653093313531 0.21787184922764716 0.34034875320394969 -7.9148360138065916 0.78839346484745032 1.3077311181828624 -0.88438789969095988 -1.4561776240623767 7.0387950819912755 0.62871517557765488 0.48379751955532269 -0.98067900611502157 -1.0056082705869971 -4.0488156616650324 5.638144236774826 0.72040526757494483 4.6383822691858159 -1.5029193967106604 1.8113408829560698 1.2031921592395192 -5.2506612071686618 -1.5504071136847428 -1.1088513874444648
decision_type=2 2 2 2 2 2 2 2 2 2 2 2 2 2 2 2 2 2 2 2 2 2 2 2 2 2 2 2 2 2
left_child=1 6 5 -4 -5 8 7 -1 -2 14 23 15 13 -13 16 -12 18 26 19 22 -20 -22 -10 -11 -15 -26 -18 -14 -24 -17
right_child=2 -3 3 4 -6 -7 -8 -9 9 10 11 12 27 24 -16 29 17 -19 20 -21 21 -23 28 -25 25 -27 -28 -29 -30 -31
leaf_value=0.0094296851322054863 -0.0020507453314214013 0.0110280852357662 0.015578601890802384 0.0005713375160584644 0.010266449638912755 -0.0045153208515612327 -0.00098044724201612715 0.0017402991707230571 -0.0071773971834391218 0.0019239794334870155 0.00012231002881312817 0.0031941135025756284 -0.0029350138268722432 -0.0035317847647510477 -0.00023211088171120315 0.010077960347934138 0.010222884291059272 -0.0028801863284615595 0.0086550868012838893 0.0030732730456017724 -0.0024961714200319746 -0.012095923935728413 -0.00065827017266205877 -0.0026516063621501934 -0.00071778780409235249 -0.004199379526337965 0.00061278705720171748 -7.4025428074570837e-05 -0.0078804128123924899 0.0014405458137554553
leaf_weight=150 1576 172 50 245 93 338 458 393 223 4491 32237 339 743 1647 30090 126 157 202 81 725 3563 105 2047 326 3672 643 107 13926 117 196
leaf_count=150 1576 172 50 245 93 338 458 393 223 4491 32237 339 743 1647 30090 126 157 202 81 725 3563 105 2047 326 3672 643 107 13926 117 196
internal_value=-0.000164744 0.00302317 -0.000202876 0.00482909 0.00323893 -0.000222864 0.0016477 0.00386444 -0.000207959 -0.000177632 -1.76703e-07 -0.000145463 -0.00063336 -0.00159815 -0.000454346 0.000168773 -0.001367 0.0023364 -0.00161854 -0.000527611 -0.0025241 -0.00277097 -0.0016213 0.00161432 -0.00187064 -0.0012366 0.00632788 -0.000218937 -0.00104875 0.0048204
internal_weight=99238 1173 98065 388 338 97677 1001 543 97339 95763 58346 53529 20970 6301 37417 32559 7327 466 6861 3112 3749 3668 2387 4817 5962 4315 264 14669 2164 322
internal_count=99238 1173 98065 388 338 97677 1001 543 97339 95763 58346 53529 20970 6301 37417 32559 7327 466 6861 3112 3749 3668 2387 4817 5962 4315 264 14669 2164 322
is_linear=0
shrinkage=0.03


Tree=139
num_leaves=31
num_cat=0
split_feature=15 1 8 12 10 15 8 17 7 13 11 11 5 5 13 7 17 15 1 8 10 15 4 17 12 13 11 2 15 15
split_gain=10.6947 8.37828 18.0749 12.9108 9.21222 9.05734 8.1356 7.34259 11.7273 7.27779 8.30421 7.06088 6.64151 6.35687 5.64986 5.38601 6.43789 5.73886 6.60526 5.26421 4.818 5.80363 6.20149 4.66752 4.74433 5.94511 12.7479 7.92044 8.20565 7.57569
threshold=0.96105965272177774 -7.2765077015031867 3.8078240160900854 1.8989757847384667 5.630293180069855 0.77660992968077924 1.9493245936979036 -23.705788625857085 3.3777271842468486 1.2629064802187315 0.76350213937043721 1.5206558573594704 -15.18812089508878 -12.89569149678773 0.86273146846938442 9.6283230085399545 -22.868460094610636 0.76923011660109963 -0.35325072590339229 9.3969282438620461 3.2770746835026343 0.27304706750358332 0.85302382853935665 -54.7886904489635 0.92122241073102229 0.94834458098715002 1.1103900113245537 1.0967515612533065 0.25714418579606152 0.50000016228402444
decision_type=2 2 2 2 2 2 2 2 2 2 2 2 2 2 2 2 2 2 2 2 2 2 2 2 2 2 2 2 2 2
left_child=1 2 6 5 12 9 -1 -2 -9 10 -4 -11 -3 14 -12 16 17 18 -6 -5 -15 22 -22 -14 25 26 27 -25 -29 -27
right_child=7 4 3 19 15 -7 -8 8 -10 11 13 -13 23 20 -16 -17 -18 -19 -20 -21 21 -23 -24 24 -26 29 -28 28 -30 -31
leaf_value=-0.013406512292642747 0.010458377260300848 0.007591816447675228 -0.005783074870705604 -0.0034782955855143013 -0.0021957240327369286 0.016450074649669907 -0.0018668673591067395 -0.0034709552037652191 0.0097176408354598693 -0.0029765359406715712 0.019715408487961841 0.0065000991278461049 -0.0023534126440498192 0.010346150351688265 0.007319293022974507 -0.0060582673987157115 -0.00054318074360958112 0.002238361721129521 -0.008493585778177595 0.0036428683486423993 0.0045219425828338169 0.0082144374354291196 -0.0029699675105512142 -0.00060464784634285977 0.00010552052874413141 -0.0013164720539377488 0.0016166403459687004 0.0019957011383495188 -3.9595438919522245e-05 -4.1713065619154186e-05
leaf_weight=62 135 99 57 314 328 55 486 152 101 217 52 105 883 124 91 258 1790 115 276 133 295 194 150 24192 36324 10274 3435 2209 9240 7092
leaf_count=62 135 99 57 314 328 55 486 152 101 217 52 105 883 124 91 258 1790 115 276 133 295 194 150 24192 36324 10274 3435 2209 9240 7092
internal_value=-0.000162251 -0.000181762 0.00159392 0.00305557 -0.000224721 0.00452834 -0.00317245 0.0048087 0.00179406 0.00401807 0.0053236 0.000113671 -0.000174368 0.00602236 0.011827 -0.00193073 -0.0015063 -0.00390406 -0.00507355 -0.00135947 0.00493447 0.00388432 0.00199658 -0.000182578 -0.000161915 -0.000334026 -0.000128771 -0.000296989 0.0003531 -0.000795881
internal_weight=99238 98850 2335 1787 96515 1340 548 388 253 1285 963 322 93748 906 143 2767 2509 719 604 447 763 639 445 93649 92766 56442 39076 35641 11449 17366
internal_count=99238 98850 2335 1787 96515 1340 548 388 253 1285 963 322 93748 906 143 2767 2509 719 604 447 763 639 445 93649 92766 56442 39076 35641 11449 17366
is_linear=0
shrinkage=0.03


Tree=140
num_leaves=31
num_cat=0
split_feature=3 8 10 1 8 11 4 3 6 13 1 8 16 9 13 11 8 7 7 4 16 5 18 13 5 4 4 18 6 16
split_gain=10.9929 11.5358 5.57417 7.72106 4.89657 4.77266 6.13831 4.74355 7.49044 4.89227 4.49264 7.02753 5.59918 8.00499 5.52283 7.15709 5.48308 4.46512 4.37337 4.27587 4.16779 4.07096 8.31723 5.82512 7.18333 5.44211 4.06314 6.60737 6.94257 6.8838
threshold=-14.636261045844348 1.5698239183201397 6.9048077284979366 -6.0962069837679307 3.8336389149423171 0.76350213937043721 -6.4564251271387976 10.011090343746478 4.3077925988970458 0.42617576365062854 -7.2765077015031867 3.4356481201275542 -1.6308755386118829 6.3473120202005022 1.1460859068636209 1.192223056305401 4.4314221807987311 5.5324046943683873 -2.5621218731352475 -15.98268055872129 0.25098016004431895 0.45831482428880671 56.371855440432213 0.78039165502800967 -7.4744123906831641 -14.07199888374821 -1.1588564519157849 38.052221602078973 -8.8303075576802161 -2.0077206001385908
decision_type=2 2 2 2 2 2 2 2 2 2 2 2 2 2 2 2 2 2 2 2 2 2 2 2 2 2 2 2 2 2
left_child=1 -1 10 17 18 -6 -7 8 -5 -10 11 -2 13 21 15 16 -14 -4 19 -3 -9 22 23 24 -13 -25 27 29 -29 -12
right_child=2 4 3 7 5 6 -8 20 9 -11 26 12 14 -15 -16 -17 -18 -19 -20 -21 -22 -23 -24 25 -26 -27 -28 28 -30 -31
leaf_value=-0.010953727958829335 -0.0026970714529993656 0.0004222975786648352 -0.0023040288020121425 -0.01220808890347623 -0.0043217961698770527 0.0044014556828635525 0.01398667872968045 -0.0040037351262880785 -0.0070110950676698074 0.0020261123061001331 0.0032880423517553706 0.012018920774172458 -0.0015341429073702205 0.0082386218458414089 0.0011490766940793643 0.013273305560128306 0.0074168861866500107 0.0090424487383469285 -0.0047900165345233217 0.010287478501524996 -0.011964861357690029 0.0072594828945067198 -0.01063410406344031 -0.0075603150304789845 -0.002621369484179425 0.00021677467728721663 -5.2795799651819274e-05 -0.0026025918372428423 -0.0005913397444714261 -1.7906386477945402e-05
leaf_weight=53 321 176 57 55 50 676 66 134 71 224 601 70 99 105 288 106 163 69 104 51 106 54 76 107 53 333 60169 1655 23166 9980
leaf_count=53 321 176 57 55 50 676 66 134 71 224 601 70 99 105 288 106 163 69 104 51 106 54 76 107 53 333 60169 1655 23166 9980
internal_value=-0.000159885 0.00272338 -0.000194462 -0.00283179 0.00336887 0.00464951 0.00525405 -0.00427146 -0.00204395 -0.000148944 -0.000175064 0.0013204 0.00220734 0.000519423 0.00426064 0.00669577 0.00403463 0.00390952 0.000304604 0.0026387 -0.0075199 -0.000650153 -0.00131857 -6.10584e-05 0.0057105 -0.00167447 -0.000202839 -0.000457851 -0.000725445 0.000169871
internal_weight=99238 1176 98062 716 1123 792 742 590 350 295 97346 1775 1454 798 656 368 262 126 331 227 240 693 639 563 123 440 95571 35402 24821 10581
internal_count=99238 1176 98062 716 1123 792 742 590 350 295 97346 1775 1454 798 656 368 262 126 331 227 240 693 639 563 123 440 95571 35402 24821 10581
is_linear=0
shrinkage=0.03


Tree=141
num_leaves=31
num_cat=0
split_feature=0 16 15 15 12 5 4 0 8 12 10 5 0 1 10 10 7 11 5 11 15 15 8 18 0 16 16 0 8 0
split_gain=13.1879 12.3217 10.7355 9.57374 7.98775 7.63573 7.30261 9.19081 7.00837 6.55396 6.42091 6.4743 7.54563 5.59261 5.42785 5.28776 5.01148 7.34141 7.21229 8.66385 7.64963 6.14713 6.4633 5.15013 4.40409 11.3343 7.70457 29.9834 9.75171 7.72003
threshold=-5.8962458316841024 -4.5699658095966527 0.96105965272177774 0.11702343520226267 2.7473694856488069 -8.3375294161170892 -4.7487959506574802 4.2652221638901482 9.3969282438620461 1.5161898599744819 5.630293180069855 14.155959574842568 7.3776006052357053 4.8382553901968786 3.8404469132400592 3.9070773162449366 -1.6125969910782298 0.66322991322388536 -2.0807263158757165 0.94969743937208928 0.59188934621221712 0.63496235767437759 5.4897802023264246 48.390385892292365 1.0605179265985272 0.50102589751302407 0.066742163327878121 -3.5218086645601172 1.0000000180025095e-35 -0.49730636990654503
decision_type=2 2 2 2 2 2 2 2 2 2 2 2 2 2 2 2 2 2 2 2 2 2 2 2 2 2 2 2 2 2
left_child=1 3 10 -1 5 -3 -4 -8 15 13 24 12 16 -9 -5 -7 17 -12 19 20 -18 22 -19 -21 26 -26 28 -28 -2 -30
right_child=2 4 6 14 -6 8 7 9 -10 -11 11 -13 -14 -15 -16 -17 18 21 -20 23 -22 -23 -24 -25 25 -27 27 -29 29 -31
leaf_value=-0.0058323720164315876 -0.012705637498335405 0.013540384164528853 0.013341492461423351 -0.0017287805939799753 -0.0040028139933943746 0.0071188130881637331 -0.0087136804427091884 0.0022500846013426778 0.011807654217074189 -0.00024186348117052995 -0.013088986377098729 -0.0046620762530604704 0.0086229190327382337 0.014155702239608971 0.0081302839464374946 -0.0054146433147517119 0.0020941025295814629 -0.0013003591771000589 -0.0015519479413048489 0.013391553687638251 -0.010933371913433075 0.0045152577896450836 -0.011289313219466739 0.0021799107473634647 0.0013177819713368901 -0.00017970845512604386 0.011291478548765829 -0.00087178304223298458 -0.00037038677669135473 0.00040230290267937791
leaf_weight=159 55 166 73 87 50 56 52 60 79 116 70 510 72 87 119 66 215 169 1526 87 50 86 89 64 5961 19203 184 20969 29568 19190
leaf_count=159 55 166 73 87 50 56 52 60 79 116 70 510 72 87 119 66 215 169 1526 87 50 86 89 64 5961 19203 184 20969 29568 19190
internal_value=-0.000157473 0.00372303 -0.000188294 -0.000302047 0.00724617 0.00877873 0.00479204 0.00281074 0.00484623 0.00508933 -0.000207999 -0.0015893 -0.000943866 0.00929627 0.0039665 0.000338419 -0.00123623 -0.00423291 -0.000597389 0.00290419 -0.000363912 -0.00243081 -0.00474616 0.0086396 -0.000165338 0.000175026 -0.000287754 -0.000765981 -8.05157e-05 -6.62743e-05
internal_weight=99238 782 98456 365 417 367 388 315 201 263 98068 2938 2428 147 206 122 2356 414 1942 416 265 344 258 151 95130 25164 69966 21153 48813 48758
internal_count=99238 782 98456 365 417 367 388 315 201 263 98068 2938 2428 147 206 122 2356 414 1942 416 265 344 258 151 95130 25164 69966 21153 48813 48758
is_linear=0
shrinkage=0.03


Tree=142
num_leaves=31
num_cat=0
split_feature=0 13 15 15 5 7 8 2 12 13 11 17 8 12 3 3 0 17 2 2 11 14 5 2 15 11 5 15 4 8
split_gain=13.0352 12.288 10.668 7.45224 7.24196 6.93348 6.65531 6.29454 6.16327 7.48021 5.12993 4.97171 4.95812 4.92178 7.65748 6.80292 6.58796 6.02921 6.64228 5.96555 8.7196 6.87958 9.33222 7.46418 7.05885 6.23115 7.25722 11.6587 6.16324 5.82281
threshold=-5.8962458316841024 1.2287591064696526 0.96105965272177774 0.10460245703410839 -4.1427723089219652 4.0045794838016189 6.8950907584183208 20.953804024279613 0.13072999160381657 0.32735517781035922 1.0861553805725508 -23.072808216617624 8.3825030702243719 0.92122241073102229 20.055109574488533 -14.636261045844348 1.4171603671678423 -20.278877044621989 -6.1372487246435785 -2.2138630670887331 0.6502470958842298 141.74778717000004 4.4636156652120169 1.2120213057317699 0.54026016076850258 0.90590616975488059 -3.457264860733027 0.4096074842062965 -9.6268874201113448 1.7003123410292302
decision_type=2 2 2 2 2 2 2 2 2 2 2 2 2 2 2 2 2 2 2 2 2 2 2 2 2 2 2 2 2 2
left_child=1 3 7 10 -4 11 -3 8 9 -2 -1 -6 -5 14 16 -15 17 19 -19 20 29 25 -23 -24 -25 -21 27 -27 -29 -10
right_child=2 6 4 12 5 -7 -8 -9 13 -11 -12 -13 -14 15 -16 -17 -18 18 -20 21 -22 22 23 24 -26 26 -28 28 -30 -31
leaf_value=-0.0053017401568732168 0.0013336264334905604 -0.0068518523033708331 0.015434996598958969 0.006023270557506369 0.0066359857828528785 0.010176278093168813 0.0022053084789973791 -0.0042804405443808606 -0.01431855431423806 -0.0069940608838058513 0.0065380348676237566 -0.0024483458598984812 0.014668733436952937 0.0034050185759068349 -0.0040782373905269139 4.123774509856094e-05 0.00053041441193766919 0.001631065784442484 -0.00031112656946617214 0.0006714665746491036 -0.0014360327424688775 -0.001157353976613433 -0.015162324970976138 -0.00019716245370755831 -0.010229997008792915 -0.0015442696494876213 -0.0015779489032440154 0.0028444008142501113 0.012729292591818823 -0.0044159445028657774
leaf_weight=53 156 96 50 109 81 93 305 340 69 257 87 164 132 549 491 37631 7251 1662 34120 4370 5136 1844 72 156 106 318 3074 125 104 237
leaf_count=53 156 96 50 109 81 93 305 340 69 257 87 164 132 549 491 37631 7251 1662 34120 4370 5136 1844 72 156 106 318 3074 125 104 237
internal_value=-0.000155325 0.00370264 -0.000185968 0.0075607 0.00477869 0.00320231 3.70106e-05 -0.00020561 -0.000191434 -0.00384849 0.00205583 0.000555045 0.0107585 -0.000175913 -0.000347344 8.96064e-05 -0.000316107 -0.000435542 -0.000220916 -0.000927487 -0.00172915 -0.000498473 -0.00199311 -0.00660726 -0.00425625 -9.11009e-05 -0.0010114 0.00217243 0.00733361 -0.00664889
internal_weight=99238 782 98456 381 388 338 401 98068 97728 413 140 245 241 97315 59135 38180 58644 51393 35782 15611 5442 10169 2178 334 262 7991 3621 547 229 306
internal_count=99238 782 98456 381 388 338 401 98068 97728 413 140 245 241 97315 59135 38180 58644 51393 35782 15611 5442 10169 2178 334 262 7991 3621 547 229 306
is_linear=0
shrinkage=0.03


Tree=143
num_leaves=31
num_cat=0
split_feature=3 8 15 15 12 13 12 1 8 5 9 1 17 16 10 6 12 5 11 11 11 3 9 16 6 9 17 8 12 16
split_gain=10.7059 11.3343 7.6431 7.049 6.60501 7.99894 6.37443 10.1325 6.34355 6.29455 8.30151 7.47729 8.42742 12.7957 7.17538 7.91203 5.87547 8.01246 6.14977 5.84398 5.40445 5.38099 4.98884 6.3043 5.48206 4.90859 4.79655 4.79117 8.71108 8.72723
threshold=-14.636261045844348 1.5698239183201397 0.96105965272177774 1.0000000180025095e-35 0.79087283824485 0.83901738165336026 1.5161898599744819 4.8382553901968786 3.2020704643031008 10.720218325355413 6.76901777243613 -5.8918489897903035 -19.095385597450178 3.7888317641275391 6.9048077284979366 14.044638087596129 0.77238897097755332 3.6446700030258774 1.4526985824802765 0.99575677758626269 0.72395345696480484 -7.9842685654234566 4.2620716366485771 2.6759027823429342 10.838667974190463 5.0848097665451268 -54.7886904489635 4.3256966461926556 2.1186790818300998 -2.4267112677332245
decision_type=2 2 2 2 2 2 2 2 2 2 2 2 2 2 2 2 2 2 2 2 2 2 2 2 2 2 2 2 2 2
left_child=1 -1 3 8 5 19 7 -4 -2 10 26 -12 13 21 15 22 17 18 -14 -3 -17 -13 -11 24 -24 -7 -5 28 29 -28
right_child=2 4 6 9 -6 25 -8 -9 -10 14 11 12 16 -15 -16 20 -18 -19 -20 -21 -22 -23 23 -25 -26 -27 27 -29 -30 -31
leaf_value=-0.010864693695099428 -0.00032416250571059955 0.00041688257599106201 0.00073655620555986056 -0.0023669612366334809 0.0048132583308467631 -0.010292379865535052 -0.0008164805799606256 0.013445488641295454 -0.012628749238613705 -0.0011834652293301014 0.0068712737277382982 -0.011714550047966999 0.017042774676841187 0.0087887898164048586 -0.0066752514163422021 0.0063467407175927483 0.00071850321912466167 0.00023327607010464066 0.0050912316766782446 0.012082522718066519 -0.00063812559267903109 -0.0027098444702667772 -0.0045598639781849505 -0.0012339005842690134 -0.013630828415441167 0.00091688411646201958 0.0014835759436994391 0.00034471872384814504 0.0016023768521547721 -0.00036280575425348596
leaf_weight=53 73 130 110 890 794 83 144 116 78 324 256 83 77 73 215 103 341 103 78 55 3108 213 117 142 123 61 2380 14576 2222 72117
leaf_count=53 73 130 110 890 794 83 144 116 78 324 256 83 77 73 215 103 341 103 78 55 3108 213 117 142 123 61 2380 14576 2222 72117
internal_value=-0.000152948 0.00269243 -0.000187071 -0.000203371 0.00333226 -0.000241958 0.00411655 0.00725973 -0.00668017 -0.000193344 -0.000142657 0.00231174 0.00110591 -0.0024605 -0.00133918 -0.00104629 0.00330292 0.00671875 0.0110284 0.00388505 -0.00041407 -0.00523481 -0.00392175 -0.00624427 -0.00920873 -0.00554401 -0.000175246 -0.00015388 -0.000248609 -0.000303818
internal_weight=99238 1176 98062 97692 1123 329 370 226 151 97541 93409 1224 968 369 4132 3917 599 258 155 185 3211 296 706 382 240 144 92185 91295 76719 74497
internal_count=99238 1176 98062 97692 1123 329 370 226 151 97541 93409 1224 968 369 4132 3917 599 258 155 185 3211 296 706 382 240 144 92185 91295 76719 74497
is_linear=0
shrinkage=0.03


Tree=144
num_leaves=31
num_cat=0
split_feature=0 13 15 15 5 7 16 8 10 5 0 8 7 2 11 5 11 15 6 11 9 16 13 3 11 15 10 16 0 15
split_gain=12.8712 12.1967 10.5032 7.38655 7.18607 6.88576 6.64417 6.54936 6.33995 6.29391 7.46611 4.94937 4.93908 7.1924 8.72838 7.08035 8.46683 7.50446 6.02006 5.16747 4.31439 6.83233 5.27497 4.25688 9.46524 8.12945 7.39972 7.81616 11.1823 12.1444
threshold=-5.8962458316841024 1.2287591064696526 0.96105965272177774 0.10460245703410839 -4.1427723089219652 4.0045794838016189 -4.096811923891992 6.8950907584183208 5.630293180069855 14.155959574842568 7.3776006052357053 8.3825030702243719 -1.6125969910782298 -4.4267744917793941 0.66322991322388536 -2.0807263158757165 0.94969743937208928 0.59188934621221712 6.2994945716882151 0.84129135477090322 3.2510649598502512 4.6454240829263362 1.0291094331363488 -5.9247414392425748 0.62824937171646511 0.14931645014197301 3.2477451559561583 -1.0868287878185208 -2.3334730098029719 0.34428781937972958
decision_type=2 2 2 2 2 2 2 2 2 2 2 2 2 2 2 2 2 2 2 2 2 2 2 2 2 2 2 2 2 2
left_child=1 3 8 6 -4 20 -1 -3 23 10 12 -5 13 -10 -15 16 17 -14 -18 -16 -6 22 -22 24 -2 -26 -27 -28 -29 -30
right_child=2 7 4 11 5 -7 -8 -9 9 -11 -12 -13 15 14 19 -17 18 -19 -20 -21 21 -23 -24 -25 25 26 27 28 29 -31
leaf_value=-0.0062013128586113448 -0.0050633282327752728 -0.0068026244145585222 0.015360382586717606 0.0059795120707072241 -0.0072276563554153064 0.010124916073776059 0.0072250895184832941 0.0021821564752303184 -0.0091340953629049995 -0.00460261654584696 0.0085796696347339701 0.014617338634350083 0.002080069210813489 -0.011723066626323594 0.0084374759064189033 -0.0015389670030873631 0.01276065649796683 -0.01082319378107786 3.2525696977972987e-05 -0.0017002090803282497 0.011995281189365286 -0.005636743972859075 -3.3573162604550849e-05 -0.00023334954029654862 -0.0010525403944516868 -2.0359177173319018e-05 0.0036341839204380791 0.0066369186283554886 -0.0026036770759307057 0.0015448120405953507
leaf_weight=54 281 96 50 109 51 93 86 305 162 510 72 132 215 54 70 1526 101 50 50 128 71 62 61 83374 2377 4131 1362 288 856 2461
leaf_count=54 281 96 50 109 51 93 86 305 162 510 72 132 215 54 70 1526 101 50 50 128 71 62 61 83374 2377 4131 1362 288 856 2461
internal_value=-0.000150444 0.00368318 -0.000180893 0.00752688 0.00474527 0.00317499 0.00204633 3.11865e-05 -0.000200383 -0.00157295 -0.00093657 0.0107106 -0.00122739 -0.00420235 -0.00103194 -0.00059318 0.00287622 -0.000354509 0.00854604 0.00188382 0.000536851 0.00257804 0.00643649 -0.000157993 0.000376441 0.00050965 0.000917798 0.00169805 0.000966565 0.000474234
internal_weight=99238 782 98456 381 388 338 140 401 98068 2938 2428 241 2356 414 252 1942 416 265 151 198 245 194 132 95130 11756 11475 9098 4967 3605 3317
internal_count=99238 782 98456 381 388 338 140 401 98068 2938 2428 241 2356 414 252 1942 416 265 151 198 245 194 132 95130 11756 11475 9098 4967 3605 3317
is_linear=0
shrinkage=0.03


Tree=145
num_leaves=31
num_cat=0
split_feature=0 16 15 15 12 6 0 4 0 13 10 7 17 0 10 4 17 3 9 0 16 1 4 9 16 1 4 6 1 16
split_gain=12.7476 12.0942 10.4377 9.32677 7.84029 8.73995 7.16893 7.10224 8.8893 8.42219 6.24471 6.2492 5.40734 7.2689 5.26093 5.1664 5.14609 5.1043 9.73352 7.42111 6.90303 6.66391 6.46132 5.89856 7.20284 5.63678 8.96283 5.99237 5.49602 5.44762
threshold=-5.8962458316841024 -4.5699658095966527 0.96105965272177774 0.11702343520226267 2.7473694856488069 1.5289266850263397 -7.2304653093313531 -4.7487959506574802 4.2652221638901482 1.0093052878552078 5.630293180069855 9.6283230085399545 -54.7886904489635 -3.8524770464041218 3.8404469132400592 -19.034912486072951 -12.051994175849709 -5.9247414392425748 3.3665163191589906 0.44272066194646792 -0.75990024024578162 -8.94460775392856 -1.1588564519157849 7.0387950819912755 4.6454240829263362 1.476326815901208 -8.9989075156094476 -19.084800283809027 3.2447036730049565 1.8975251112893259
decision_type=2 2 2 2 2 2 2 2 2 2 2 2 2 2 2 2 2 2 2 2 2 2 2 2 2 2 2 2 2 2
left_child=1 3 10 -1 5 6 -3 -4 -9 16 12 -12 13 -2 -5 -15 -10 18 -14 25 -21 -22 23 24 -19 27 -27 -20 -23 -29
right_child=2 4 7 14 -6 -7 -8 8 9 -11 11 -13 17 15 -16 -17 -18 22 19 20 21 28 -24 -25 -26 26 -28 29 -30 -31
leaf_value=-0.0057789798129244509 -0.011094235896569075 0.018144779994618148 0.013163948491828082 -0.0017143433412601208 -0.0039869081228971481 0.0014115441934961193 0.0078340111161497496 -0.0085551394952031283 0.0054473509511444715 0.00010169502477962653 -0.0011223790307418738 -0.0059359424552890691 -0.00046328797564655497 0.0054348909979521787 0.0079919412032458444 -0.002334704501621369 0.017984372641747959 -0.00059633385318133482 0.0065949091792863327 0.0080088562893586741 -0.008582920396327973 0.0032672912163983704 -3.4253561274471194e-05 0.0072854878174908018 -0.0079632393717765804 -0.0078737647673913416 0.0016739629428604793 0.00049020543753826697 -0.0015365254112221151 0.0086613428026437768
leaf_weight=159 79 96 73 87 50 106 165 52 68 143 2671 267 5389 85 119 821 52 25934 160 207 50 1403 56603 85 120 175 179 3512 253 75
leaf_count=159 79 96 73 87 50 106 165 52 68 143 2671 267 5389 85 119 821 52 25934 160 207 50 1403 56603 85 120 175 179 3512 253 75
internal_value=-0.000147877 0.00366729 -0.00017818 -0.000320451 0.00715777 0.00867612 0.0116265 0.0047326 0.00277867 0.00501958 -0.000197609 -0.00155983 -0.000155538 -0.00236677 0.00389269 -0.00160577 0.0108801 -0.000132403 0.000462634 0.00129233 0.00283531 0.00220757 -0.000214407 -0.000604524 -0.000630264 0.000572572 -0.00304596 0.000914435 0.00253337 0.000661054
internal_weight=99238 782 98456 365 417 367 261 388 315 263 98068 2938 95130 985 206 906 120 94145 11403 6014 1913 1706 82742 26139 26054 4101 354 3747 1656 3587
internal_count=99238 782 98456 365 417 367 261 388 315 263 98068 2938 95130 985 206 906 120 94145 11403 6014 1913 1706 82742 26139 26054 4101 354 3747 1656 3587
is_linear=0
shrinkage=0.03


Tree=146
num_leaves=31
num_cat=0
split_feature=0 13 15 15 5 7 8 10 5 0 17 17 0 4 11 3 9 0 1 1 4 9 5 0 17 8 10 2 0 5
split_gain=12.613 11.9972 10.3683 7.36493 7.07694 6.81509 6.41308 6.16471 6.19436 7.38697 6.03233 5.2942 7.22049 5.09891 5.03653 5.00269 9.52879 7.26914 6.39463 7.41183 6.33213 7.70098 7.17698 7.09074 7.32792 6.25447 11.2922 9.31563 7.22621 5.95894
threshold=-5.8962458316841024 1.2287591064696526 0.96105965272177774 0.10460245703410839 -4.1427723089219652 4.0045794838016189 6.8950907584183208 5.630293180069855 14.155959574842568 7.3776006052357053 -13.866195970687064 -54.7886904489635 -3.8524770464041218 -19.034912486072951 1.0861553805725508 -5.9247414392425748 3.3665163191589906 0.44272066194646792 2.0143485061177029 -2.4327779113175567 -4.8445869045655057 4.0882582987947336 -2.6803523208120024 -0.88438789969095988 -13.007355393683092 3.9092666493013786 3.6447159805960498 2.0970383981697265 -2.2779600129042836 0.82210338456707499
decision_type=2 2 2 2 2 2 2 2 2 2 2 2 2 2 2 2 2 2 2 2 2 2 2 2 2 2 2 2 2 2
left_child=1 3 7 14 -4 -6 -3 11 9 -9 -10 12 -2 -14 -1 16 -13 -18 19 -19 21 22 25 24 29 26 27 -17 -28 -24
right_child=2 6 4 -5 5 -7 -8 8 10 -11 -12 15 13 -15 -16 20 17 18 -20 -21 -22 -23 23 -25 -26 -27 28 -29 -30 -31
leaf_value=-0.0053011404195765274 -0.011039466867960188 -0.0067347758761752627 0.015253047680854797 0.010640727462888504 0.00053597463095665795 0.010074710211446207 0.0021560293500174263 -0.0012063472183271881 -0.013751945003475013 0.0085485976072959598 -0.0033966555875928036 -0.00045729162510403057 0.0054118726020678876 -0.0023068074707067194 0.0064303562995688662 5.1241952838657489e-06 0.00056741474562337524 0.0012598402986135693 -0.00034806923333530285 0.0055763809331534067 -9.8591449900435244e-05 -0.0028208432715292873 -0.0055735671245701829 -0.0007694724663747821 0.00027114748209312297 0.0025164640255298169 -0.012901880874165465 0.0062445102728819184 -0.0027495292213643549 0.0047288017989032798
leaf_weight=53 79 96 50 241 245 93 305 2356 57 72 453 5389 85 821 87 4201 4101 618 444 851 69833 1529 786 4188 347 867 70 227 640 54
leaf_count=53 79 96 50 241 245 93 305 2356 57 72 453 5389 85 821 87 4201 4101 618 444 851 69833 1529 786 4188 347 867 70 227 640 54
internal_value=-0.00014543 0.00364955 -0.000175572 0.00746167 0.00471885 0.00316054 2.75573e-05 -0.000194936 -0.0015484 -0.000917074 -0.00455401 -0.000153136 -0.00234111 -0.00158265 0.00198915 -0.000130244 0.000458841 0.00127976 0.00280687 0.00376044 -0.000211428 -0.000821832 -0.000553247 -0.00134957 -0.00339628 0.000159529 -0.000238186 0.000324984 -0.00375047 -0.00491127
internal_weight=99238 782 98456 381 388 338 401 98068 2938 2428 510 95130 985 906 140 94145 11403 6014 1913 1469 82742 12909 11380 5375 1187 6005 5138 4428 710 840
internal_count=99238 782 98456 381 388 338 401 98068 2938 2428 510 95130 985 906 140 94145 11403 6014 1913 1469 82742 12909 11380 5375 1187 6005 5138 4428 710 840
is_linear=0
shrinkage=0.03


Tree=147
num_leaves=31
num_cat=0
split_feature=0 16 15 17 7 2 12 0 10 12 7 8 11 0 16 5 17 16 16 0 0 8 4 16 8 9 10 5 4 6
split_gain=12.4987 13.9503 10.3062 7.04938 11.3373 6.65518 6.13911 6.92984 6.80844 5.82395 7.36904 5.1776 4.79826 4.72883 13.1166 10.6296 8.15041 7.39716 8.42555 14.347 8.59235 16.3898 8.17691 7.52695 7.4346 7.32749 7.19554 7.19236 8.23005 7.26346
threshold=-5.231183314645901 -1.3281317642954742 0.96105965272177774 -23.705788625857085 3.3777271842468486 20.953804024279613 1.8006408681774244 -7.2304653093313531 4.2194036362802168 0.13072999160381657 -0.56602266666529444 6.7218986316386982 0.73480494995035539 0.37812105711850974 0.42027857601513824 -3.457264860733027 -20.278877044621989 2.359030494854387 -0.31403267156008335 -3.2730761314484855 -1.4317046157092495 1.9611026580569968 -9.6268874201113448 -1.4654647560844609 6.3319890495139708 7.8015585651198336 2.5791587553737076 -2.3432365990362594 -2.2332272072198394 -3.6278267594741913
decision_type=2 2 2 2 2 2 2 2 2 2 2 2 2 2 2 2 2 2 2 2 2 2 2 2 2 2 2 2 2 2
left_child=1 6 5 -4 -5 9 7 -1 11 10 12 -9 -2 16 15 -15 17 18 20 -20 21 -11 -21 -22 -23 26 -18 28 -28 -30
right_child=2 -3 3 4 -6 -7 -8 8 -10 13 -12 -13 -14 14 -16 -17 25 -19 19 22 23 24 -24 -25 -26 -27 27 -29 29 -31
leaf_value=0.009222377336770296 -0.0026930214688181877 0.010827669016069321 0.010235343032413058 -0.0034309482376901493 0.0095365014956286624 -0.0044017881481803554 -0.00097917435009553045 0.0011369808554193195 -0.0020620965356738016 -0.011304693689421521 -0.00078743613262273623 0.011223284584838291 -0.013773592004086822 0.0029343539485118027 -0.00031330691609236723 0.00050078323677691045 0.00046586764498461256 0.0069475991320278908 0.0076653243173700827 -0.0041119692986190835 0.002250824010810839 -0.00073671407697070105 -0.0014460268295886577 -0.00024811326545955511 -0.0054664276424945327 0.0047486382640945122 -0.00021108795780504041 -0.00069430133334574698 0.0070175613908907671 0.0014153557406416804
leaf_weight=150 60 172 135 152 101 338 458 98 209 146 267 86 85 1871 26082 11823 12189 108 142 1291 1384 4044 5231 5018 323 278 4864 20273 239 1621
leaf_count=150 60 172 135 152 101 338 458 98 209 146 267 86 85 1871 26082 11823 12189 108 142 1291 1384 4044 5231 5018 323 278 4864 20273 239 1621
internal_value=-0.000143254 0.00293513 -0.000180076 0.00469962 0.00174578 -0.000199459 0.00157896 0.00373666 0.00164287 -0.000184867 -0.00374413 0.00585123 -0.00918853 -0.000169738 8.14377e-05 0.00083328 -0.000344551 -0.000879697 -0.000927786 -0.00176834 -0.000414595 -0.00141711 -0.00197374 0.000292113 -0.00108654 -0.000104709 -0.00013914 -0.000412298 0.000437947 0.00213521
internal_weight=99238 1173 98065 388 253 97677 1001 543 393 97339 412 184 145 96927 39776 13694 57151 17687 17579 6664 10915 4513 6522 6402 4367 39464 39186 26997 6724 1860
internal_count=99238 1173 98065 388 253 97677 1001 543 393 97339 412 184 145 96927 39776 13694 57151 17687 17579 6664 10915 4513 6522 6402 4367 39464 39186 26997 6724 1860
is_linear=0
shrinkage=0.03


Tree=148
num_leaves=31
num_cat=0
split_feature=15 1 8 12 15 10 8 13 11 4 10 13 11 6 14 1 13 11 13 6 6 11 18 16 12 8 11 18 16 4
split_gain=10.0684 7.64058 17.3629 12.6143 8.8914 8.64797 8.09337 7.10486 8.05868 6.96032 7.853 7.91485 6.89384 5.95605 6.43977 5.77186 5.62484 5.8837 5.3194 5.9029 6.33135 6.58937 5.68857 5.4951 5.24309 5.0641 4.58536 4.54531 9.06087 6.73656
threshold=0.96105965272177774 -7.2765077015031867 3.8078240160900854 1.8989757847384667 0.77660992968077924 5.630293180069855 1.9493245936979036 1.2629064802187315 0.76350213937043721 -4.7487959506574802 3.2378841538612968 1.2905407085105869 1.5206558573594704 1.5289266850263397 118.16755749809481 4.8382553901968786 0.83586279421705101 1.0171561500180883 1.5957987654960282 -4.7029377188101575 17.356436125343269 0.93438751707458889 40.259495455913644 -2.1901678754755136 0.57974966264343075 9.3969282438620461 1.254889239161596 32.614433366481009 -2.1901678754755136 -5.9705367154326217
decision_type=2 2 2 2 2 2 2 2 2 2 2 2 2 2 2 2 2 2 2 2 2 2 2 2 2 2 2 2 2 2
left_child=1 2 6 4 7 27 -1 8 -4 -2 -11 15 -9 16 -15 -12 -10 -18 19 22 21 -21 -7 -22 -24 -5 -20 28 -3 -29
right_child=9 5 3 25 -6 18 -8 12 13 10 11 -13 -14 14 -16 -17 17 -19 26 20 23 -23 24 -25 -26 -27 -28 29 -30 -31
leaf_value=-0.013343825390742671 0.013028299680923762 0.0063473480682909849 -0.0057333738631323763 -0.0034744611312190342 0.016235546683723276 -0.0011139653065339635 -0.0018341722885537662 -0.0029932224450092164 0.010810920183850062 -0.0080297637730836861 0.0011900996336570151 -0.0028415616054132758 0.0063706485272518225 -0.0041897550027351826 0.0059131735697281439 0.012357007742674763 -0.0028303752321264019 0.0067684451998265586 -0.011026889153217014 -0.00089114586669042145 0.0028416748968167946 0.0041497943095598943 -0.014509854462857429 -0.0032475081739906709 -0.0042825407822068041 0.0035100442841228909 -0.0031510065380496452 -0.0008345314310404812 0.00045527191908638977 -9.2308985450897043e-05
leaf_weight=62 73 249 57 314 55 181 486 217 258 51 65 83 105 96 139 116 69 344 95 641 156 367 78 920 107 133 222 12855 4147 76497
leaf_count=62 73 249 57 314 55 181 486 217 258 51 65 83 105 96 139 116 69 344 95 641 156 367 78 920 107 133 222 12855 4147 76497
internal_value=-0.000141589 -0.000160521 0.00153518 0.00296775 0.00442352 -0.000201545 -0.00313636 0.00391795 0.00520787 0.00468162 0.00274731 0.00482924 6.02137e-05 0.00589623 0.00178602 0.00834679 0.00733572 0.00516477 -0.00185449 -0.00138134 -0.00076423 0.000944196 -0.00489516 -0.00236469 -0.0085946 -0.0013963 -0.00551129 -0.000152758 0.000789013 -0.000199092
internal_weight=99238 98850 2335 1787 1340 96515 548 1285 963 388 315 264 322 906 235 181 671 413 2767 2450 2084 1008 366 1076 185 447 317 93748 4396 89352
internal_count=99238 98850 2335 1787 1340 96515 548 1285 963 388 315 264 322 906 235 181 671 413 2767 2450 2084 1008 366 1076 185 447 317 93748 4396 89352
is_linear=0
shrinkage=0.03


Tree=149
num_leaves=31
num_cat=0
split_feature=3 8 15 15 12 8 12 1 13 5 8 2 12 17 15 15 6 4 7 4 12 16 3 1 11 15 6 11 14 2
split_gain=10.3288 11.1629 7.25945 6.95962 6.41184 6.27221 6.26192 9.94876 6.17888 6.10241 7.49194 12.5273 7.91666 6.69418 7.4134 6.59191 6.27292 5.78665 7.97595 5.31074 5.47286 5.89975 5.35872 5.49513 7.73982 7.628 5.29165 5.23592 5.18979 5.1438
threshold=-14.636261045844348 1.5698239183201397 0.96105965272177774 1.0000000180025095e-35 0.81839912085762878 3.2020704643031008 1.5161898599744819 4.8382553901968786 0.83901738165336026 10.720218325355413 8.8599832140698567 -1.9102901058342334 2.2274192080771198 -6.2194903386966525 0.75794306987335747 0.12843329873800977 13.787198230875118 -9.8453793752189203 -1.8499257256914479 20.557131148017508 0.44308313216911765 -2.3025744277261415 15.17438718140142 -0.79602577769886096 0.89275649649782529 0.23128847484148271 -17.094740615883264 0.99575677758626269 160.9196594133617 10.113048162982297
decision_type=2 2 2 2 2 2 2 2 2 2 2 2 2 2 2 2 2 2 2 2 2 2 2 2 2 2 2 2 2 2
left_child=1 -1 3 5 8 -2 7 -4 27 10 19 12 28 14 -11 -13 -15 18 -6 20 21 -5 23 24 -23 -26 -10 -3 -12 -17
right_child=2 4 6 9 17 -7 -8 -9 26 13 11 15 -14 16 -16 29 -18 -19 -20 -21 -22 22 -24 -25 25 -27 -28 -29 -30 -31
leaf_value=-0.010798967073074067 -0.00030441389642400692 0.00033420803702690385 0.00067269778420979323 0.0022968437215667619 0.0050131613748075751 -0.012539615676953242 -0.00086817239779823766 0.013265856242064259 0.003550197026308845 -0.0045983990495278206 0.0046872611787694045 0.0095972966947234593 1.558929324270256e-05 -0.0051853402460141007 -0.00013069778638468546 -0.0028104195614953096 1.5799740592795131e-05 0.012244279855596167 -0.0054725022972497627 0.0014340215131500211 -9.2465075800028787e-05 -0.0025075682551560954 -0.0083329336642460929 -0.00031347325850041198 -0.002642298956074365 0.0011123219924573388 -0.0081576870553571428 0.011281728388275951 0.011819290291009978 0.0050899017805402921
leaf_weight=53 73 132 110 552 618 78 144 116 51 911 192 52 155 228 528 472 2465 84 73 1846 76649 3166 86 7816 742 1417 109 56 176 88
leaf_count=53 73 132 110 552 618 78 144 116 51 911 192 52 155 228 528 472 2465 84 73 1846 76649 3166 86 7816 742 1417 109 56 176 88
internal_value=-0.000139571 0.00265525 -0.000173088 -0.000188973 0.00329023 -0.00662458 0.00402113 0.00713644 -9.2631e-05 -0.00017901 -0.000129103 0.00229341 0.0057028 -0.00130723 -0.0029591 -0.000620175 -0.000424549 0.00480924 0.00390541 -0.000158901 -0.000191419 -0.000741873 -0.000868687 -0.000819838 -0.00156308 -0.000178057 -0.0044258 0.00359517 0.00809823 -0.00156894
internal_weight=99238 1176 98062 97692 1123 151 370 226 348 97541 93409 1135 523 4132 1439 612 2693 775 691 92274 90428 13779 13227 13141 5325 2159 160 188 368 560
internal_count=99238 1176 98062 97692 1123 151 370 226 348 97541 93409 1135 523 4132 1439 612 2693 775 691 92274 90428 13779 13227 13141 5325 2159 160 188 368 560
is_linear=0
shrinkage=0.03


end of trees

feature_importances:
ret_1d=549
stock_vs_sector=424
range_position=404
true_range_pct=306
vol_surge_t=304
ret_3d=260
ret_10d=239
compression_ratio=233
dist_sma50_feat=225
dist_52w_high=225
atr_20d=182
dist_sma20_feat=176
atr_5d=174
ret_5d=166
vol_accel_feat=164
sma20_trend=139
ret_20d=121
rsi_prev=108
adv_20d_cr=101

parameters:
[boosting: gbdt]
[objective: huber]
[metric: huber]
[tree_learner: serial]
[device_type: cpu]
[data_sample_strategy: bagging]
[data: ]
[valid: ]
[num_iterations: 150]
[learning_rate: 0.03]
[num_leaves: 31]
[num_threads: 6]
[seed: 42]
[deterministic: 0]
[force_col_wise: 0]
[force_row_wise: 0]
[histogram_pool_size: -1]
[max_depth: -1]
[min_data_in_leaf: 50]
[min_sum_hessian_in_leaf: 0.001]
[bagging_fraction: 0.8]
[pos_bagging_fraction: 1]
[neg_bagging_fraction: 1]
[bagging_freq: 0]
[bagging_seed: 400]
[bagging_by_query: 0]
[feature_fraction: 0.8]
[feature_fraction_bynode: 1]
[feature_fraction_seed: 30056]
[extra_trees: 0]
[extra_seed: 12879]
[early_stopping_round: 0]
[early_stopping_min_delta: 0]
[first_metric_only: 0]
[max_delta_step: 0]
[lambda_l1: 0]
[lambda_l2: 0]
[linear_lambda: 0]
[min_gain_to_split: 0]
[drop_rate: 0.1]
[max_drop: 50]
[skip_drop: 0.5]
[xgboost_dart_mode: 0]
[uniform_drop: 0]
[drop_seed: 17869]
[top_rate: 0.2]
[other_rate: 0.1]
[min_data_per_group: 100]
[max_cat_threshold: 32]
[cat_l2: 10]
[cat_smooth: 10]
[max_cat_to_onehot: 4]
[top_k: 20]
[monotone_constraints: ]
[monotone_constraints_method: basic]
[monotone_penalty: 0]
[feature_contri: ]
[forcedsplits_filename: ]
[refit_decay_rate: 0.9]
[cegb_tradeoff: 1]
[cegb_penalty_split: 0]
[cegb_penalty_feature_lazy: ]
[cegb_penalty_feature_coupled: ]
[path_smooth: 0]
[interaction_constraints: ]
[verbosity: 1]
[saved_feature_importance_type: 0]
[use_quantized_grad: 0]
[num_grad_quant_bins: 4]
[quant_train_renew_leaf: 0]
[stochastic_rounding: 1]
[linear_tree: 0]
[max_bin: 255]
[max_bin_by_feature: ]
[min_data_in_bin: 3]
[bin_construct_sample_cnt: 200000]
[data_random_seed: 175]
[is_enable_sparse: 1]
[enable_bundle: 1]
[use_missing: 1]
[zero_as_missing: 0]
[feature_pre_filter: 1]
[pre_partition: 0]
[two_round: 0]
[header: 0]
[label_column: ]
[weight_column: ]
[group_column: ]
[ignore_column: ]
[categorical_feature: ]
[forcedbins_filename: ]
[precise_float_parser: 0]
[parser_config_file: ]
[objective_seed: 16083]
[num_class: 1]
[is_unbalance: 0]
[scale_pos_weight: 1]
[sigmoid: 1]
[boost_from_average: 1]
[reg_sqrt: 0]
[alpha: 0.9]
[fair_c: 1]
[poisson_max_delta_step: 0.7]
[tweedie_variance_power: 1.5]
[lambdarank_truncation_level: 30]
[lambdarank_norm: 1]
[label_gain: ]
[lambdarank_position_bias_regularization: 0]
[eval_at: ]
[multi_error_top_k: 1]
[auc_mu_weights: ]
[num_machines: 1]
[local_listen_port: 12400]
[time_out: 120]
[machine_list_filename: ]
[machines: ]
[gpu_platform_id: -1]
[gpu_device_id: -1]
[gpu_device_id_list: ]
[gpu_use_dp: 0]
[num_gpu: 1]

end of parameters

pandas_categorical:[]
